weight_tumor,start_idx,eval,scalar_loss,tumor_loss,il6_loss,n_failed,doses_mg
0.05,1,1,0.0,0.0,0.0,0,"1.6,10.0,10.0,20.0,20.0,20.0"
0.05,1,2,0.007508876497948073,-0.07983937369729821,0.007900382214241483,0,"2.203701,10.0,10.0,20.0,20.0,20.0"
0.05,1,3,0.016233136177404107,-0.013695698912695356,0.017071161430516582,0,"1.6,15.024932,10.0,20.0,20.0,20.0"
0.05,1,4,0.012382137638036644,-0.005072652554827423,0.01302107499938418,0,"1.6,10.0,15.024932,20.0,20.0,20.0"
0.05,1,5,0.021733095424486162,-0.004242027064179408,0.022854311505167854,0,"1.6,10.0,10.0,30.025,20.0,20.0"
0.05,1,6,0.018779126047170618,-0.0011846293855248373,0.019747815635564325,0,"1.6,10.0,10.0,20.0,30.025,20.0"
0.05,1,7,0.01255849151632702,-0.0003339228118839423,0.01320627605286042,0,"1.6,10.0,10.0,20.0,20.0,30.025"
0.05,1,8,-0.0005880692363757936,-0.033444849014336725,-0.0006166433502550889,0,"1.793809,11.674956,11.674956,9.975047,23.341667,23.341667"
0.05,1,9,0.05925671300267322,-0.03627894175678864,0.06231508170751465,0,"1.826904,11.954119,11.954119,6.634648,23.898611,23.898611"
0.05,1,10,0.006899908072735847,-0.04718784729384918,0.007258286413692139,0,"1.860211,12.233283,12.233283,16.658333,11.088904,24.455556"
0.05,1,11,-0.0017205192949016981,-0.03427408988064634,-0.005369575131945942,0,"1.950019,6.279625,12.977721,15.544445,18.143519,25.940741"
0.05,1,12,0.004023540571760988,-0.02190107927470697,0.004232226327067379,0,"2.010653,4.827921,13.474014,14.801852,17.834105,26.930864"
0.05,1,13,-0.003338692575601721,-0.06657647216068313,-0.006884362062663463,0,"2.071861,10.062034,13.970308,14.05926,17.524691,14.554321"
0.05,1,14,-0.003768053156474188,-0.07502690492139635,-0.013638489640316387,0,"2.154314,10.072373,14.632033,13.069138,17.11214,11.975881"
0.05,1,15,-4.916800517374253e-5,-0.07698744087253778,-4.765616817931084e-5,0,"2.265643,10.086158,8.814512,11.748979,16.562071,21.904612"
0.05,1,16,0.2627566314933595,-0.008854320031804114,0.2763100838207698,0,"1.674494,10.114878,13.444145,8.998752,15.416095,22.539483"
0.05,1,17,0.0020859416578573853,-0.07018115776281962,0.002197224581466456,0,"2.11235,10.019146,10.574012,18.166438,19.236016,20.423247"
0.05,1,18,-0.002491614804204937,-0.049642537696517774,-0.00737451841497061,0,"2.091894,7.144245,10.657746,12.842999,27.042915,16.739825"
0.05,1,19,0.06645969335135256,-0.023771067095319842,0.0698889341234632,0,"1.834039,8.399308,12.344931,9.560482,21.498088,19.544326"
0.05,1,20,-0.001531437216795215,-0.06361185118681292,-0.001607084099306877,0,"2.065116,9.749157,10.869162,16.7321,19.613028,20.27676"
0.05,1,21,0.0764945896290559,-0.09540220800695069,0.08044519663437222,0,"2.536386,8.334851,13.20869,6.638859,20.605113,20.059827"
0.05,1,22,-0.0011517568772856732,-0.022936418813624272,-0.003988542803977167,0,"1.746099,9.722457,10.53477,17.772925,20.100852,20.009971"
0.05,1,23,0.0060241458739172,-0.010544065753986146,0.006335425708191702,0,"1.678376,8.127505,14.96774,16.896563,25.222635,17.523667"
0.05,1,24,-0.00345667838068194,-0.0688099944001506,-0.01340859047831748,0,"2.164044,9.75969,9.839979,12.606906,18.005499,21.174455"
0.05,1,25,0.017000330859942705,-0.06704507449179256,0.017880733070789523,0,"2.26854,5.902677,11.495492,19.547835,16.664318,15.364209"
0.05,1,26,-0.002102001895392631,-0.04195049500247844,-0.002504863703773813,0,"1.870437,10.712468,11.645045,11.570482,22.228775,22.01209"
0.05,1,27,0.002432808960234463,-0.0838564158108043,0.002562702330327571,0,"2.365065,8.182786,13.005785,9.682488,20.61444,19.363278"
0.05,1,28,-0.00180555716141812,-0.03596725560163283,-0.00568001953304921,0,"1.845055,9.465826,10.946601,16.424508,20.18645,19.902189"
0.05,1,29,-0.0020765030094936827,-0.041251174731666895,-0.012507067551320333,0,"1.957952,8.061671,12.6972,10.620744,21.293405,18.971631"
0.05,1,30,-0.0033774019555809034,-0.06736037221545893,-0.006331922312825311,0,"2.075885,12.127246,10.495141,10.167173,23.812876,10.984631"
0.05,1,31,0.00549832186440991,-0.07799478536361165,0.005786026188209781,0,"2.264602,9.826459,12.375764,7.202024,22.978753,14.050642"
0.05,1,32,-0.0022422321503871604,-0.04464748252761441,-0.008026999873746526,0,"1.913098,9.525931,11.184793,14.887304,20.651834,18.926931"
0.05,1,33,-0.003738824537653273,-0.07461978419973453,-0.00432035627006315,0,"2.131089,11.718974,10.121047,14.427262,21.657942,14.966299"
0.05,1,34,-0.004243592940439464,-0.08451058943376207,-0.014566251873339958,0,"2.312208,9.403464,10.665181,14.429773,20.532293,9.577312"
0.05,1,35,0.0014438009195544626,-0.09033456748319671,0.001523021870685759,0,"2.388314,9.185307,10.501872,14.906323,20.249546,7.505318"
0.05,1,36,0.001254386653748391,-0.09457564775055423,0.001324060609007749,0,"2.403899,10.54917,10.952224,10.960449,22.069388,9.545911"
0.05,1,37,-0.002706305772464067,-0.053887055746968324,-0.00974592876663416,0,"1.992587,9.696467,11.146032,14.232825,20.888093,17.363416"
0.05,1,38,0.01072862770110806,-0.0843368927465866,0.011286444656128491,0,"2.183856,13.782531,11.642037,13.468016,13.6267,11.940815"
0.05,1,39,-0.0029503933337063555,-0.058767607726659885,-0.00955217577581935,0,"2.107142,8.250229,10.821794,12.947169,24.806879,15.939989"
0.05,1,40,-0.0005170454759052417,-0.08896456772989828,-0.0005390370130067268,0,"2.32522,10.747455,11.045669,11.649642,21.087783,10.842762"
0.05,1,41,-0.0030273482069435435,-0.06028492560045868,-0.010618611200617523,0,"2.046986,9.871629,11.129305,13.802294,20.921375,16.276637"
0.05,1,42,-0.004130500731836945,-0.08242589762560337,-0.005352163868943438,0,"2.18699,12.734411,11.472412,13.220336,15.873829,12.378389"
0.05,1,43,-0.004523589727447666,-0.09025573135344711,-0.006621445481723831,0,"2.295868,12.067081,11.279269,12.171226,18.076818,10.742341"
0.05,1,44,-0.0047432920243177055,-0.09466514046641535,-0.0055807831301230015,0,"2.338089,12.432996,11.304263,11.899383,17.602726,9.819988"
0.05,1,45,-0.0046368019204065716,-0.09241903749471456,-0.01182009873274531,0,"2.354637,9.913379,12.183149,16.383793,13.115269,15.646116"
0.05,1,46,0.035428332810831194,-0.09683117532961927,0.037260817466320706,0,"2.328212,12.332175,13.619406,15.202988,17.292567,3.640096"
0.05,1,47,-0.003746766361870718,-0.07462824679174966,-0.012234326256471237,0,"2.19118,10.188426,10.469867,13.039586,17.886677,18.247628"
0.05,1,48,0.023275390139999696,-0.09311303954470537,0.024480830529446274,0,"2.382476,9.862697,13.454603,12.920072,12.38304,10.915446"
0.05,1,49,-0.003910678060567899,-0.07800964239280014,-0.006626798745527546,0,"2.172459,11.40959,10.676629,14.176064,20.112124,14.291154"
0.05,1,50,0.009005936010187232,-0.09408404990519384,0.009475409025377246,0,"2.314685,11.800293,13.174693,14.686575,16.896116,6.31708"
0.05,1,51,-0.003929189075130717,-0.07827425898656219,-0.012170960898188601,0,"2.211638,10.457067,10.920666,13.314084,17.721583,16.258903"
0.05,1,52,-0.004741870642687837,-0.09456030967519134,-0.009607519415273491,0,"2.371761,12.044584,7.77579,14.738672,17.873801,14.014704"
0.05,1,53,0.04481749664047248,-0.09760774013058729,0.04713431518742206,0,"2.420466,10.919015,10.763739,13.819281,14.12771,11.607283"
0.05,1,54,-0.0040945855008188104,-0.08163110143689888,-0.009419867265286319,0,"2.213303,11.327827,10.691147,14.1166,19.114721,13.843841"
0.05,1,55,-0.004939228196776684,-0.09852659637037617,-0.00839162993616488,0,"2.380926,12.161802,10.443197,14.948767,16.982629,8.83465"
0.05,1,56,0.030093534875480794,-0.10155858350350079,0.031651099221469026,0,"2.409442,12.445927,10.36362,15.221214,16.85947,7.597606"
0.05,1,57,-0.004648839991964468,-0.10093751295948922,-0.004883319960372778,0,"2.435765,11.569023,10.590065,14.423639,14.878794,9.579857"
0.05,1,58,-0.005233995846654289,-0.10434653742669775,-0.01205436678743832,0,"2.547359,9.774013,9.514715,15.721005,17.788007,10.112418"
0.05,1,59,-5.239246693421731e-5,-0.10691644809162117,-4.947331040500158e-5,0,"2.608642,9.280641,9.188451,16.137784,18.107037,9.734769"
0.05,1,60,0.05172277029438822,-0.10931336179925194,0.05439637831902644,0,"2.497679,13.228509,9.938429,14.941978,12.214786,13.0919"
0.05,1,61,0.010731413955111187,-0.08929716623925299,0.01128963543132988,0,"2.342878,10.040946,10.544054,14.515141,19.146041,10.163057"
0.05,1,62,0.0006951977380635204,-0.09979585738368556,0.0007363032030419103,0,"2.408483,11.763831,10.288448,15.077473,17.116859,9.047601"
0.05,1,63,0.026377135201914665,-0.09665572920323705,0.02774274986947245,0,"2.372671,11.989826,11.005999,12.536318,17.633606,9.868726"
0.05,1,64,-0.0048314302641647554,-0.09639204574977255,-0.007377236198567394,0,"2.400824,11.66615,8.065563,14.902394,17.859502,13.364317"
0.05,1,65,0.027532387846002197,-0.1016639784480381,0.02895785377246396,0,"2.454285,11.26985,10.410837,14.639867,15.363662,9.668616"
0.05,1,66,-0.004744366856195016,-0.09461836193719894,-0.009176674987587369,0,"2.386509,9.890151,11.738402,16.273329,13.894058,14.723826"
0.05,1,67,-0.004419342655453123,-0.08808582963326231,-0.011207244535098637,0,"2.35102,9.465222,10.473433,14.644978,20.074912,9.666495"
0.05,1,68,-0.004620227507532345,-0.09212043611105847,-0.010104926498808509,0,"2.367802,10.246526,9.95127,15.078632,19.425319,12.592487"
0.05,1,69,-0.0047336591616074924,-0.09445803194271353,-0.00635227671018912,0,"2.44774,8.94553,9.004582,18.029623,17.752613,13.3003"
0.05,1,70,-0.004462907038949738,-0.08898579155940145,-0.009650706738627002,0,"2.424863,8.232187,9.294135,16.472514,18.481278,15.539094"
0.05,1,71,-0.005141847689296099,-0.10257982453442234,-0.008134180366590693,0,"2.507613,10.119566,8.716095,17.514187,14.992013,16.8777"
0.05,1,72,-0.005235181124044477,-0.10437942379045963,-0.011569435086286911,0,"2.460712,11.981957,9.70265,16.033876,15.422559,11.45125"
0.05,1,73,-0.005330612777450724,-0.10631770772880515,-0.009906848025290182,0,"2.466699,12.606959,9.770737,15.96077,14.912772,10.769951"
0.05,1,74,-0.00539859477031151,-0.10774511421282622,-0.006265056799534874,0,"2.551608,10.754224,8.985355,17.721804,12.974338,13.790333"
0.05,1,75,0.03764695055486352,-0.11008635847981643,0.03959456845553133,0,"2.582539,10.83884,8.824378,18.162333,11.899179,13.989974"
0.05,1,76,-0.0045799709341293035,-0.10856058495952428,-0.004810497823104609,0,"2.505481,12.658231,9.925631,14.668207,13.054285,13.245864"
0.05,1,77,-0.00488369824129549,-0.09737524229677846,-0.010597225622871631,0,"2.457342,9.564274,9.158085,17.469387,16.969558,13.291227"
0.05,1,78,0.016106902472129363,-0.10969893742644451,0.016943464345129278,0,"2.591333,11.604904,6.333288,16.823187,17.938006,11.344813"
0.05,1,79,-0.004887709072171788,-0.0975549060995633,-0.005353707251205042,0,"2.420377,10.175938,10.837266,16.364972,14.568049,14.160656"
0.05,1,80,0.024323157850387037,-0.10858531123628751,0.02558345561380604,0,"2.583386,9.332195,10.928673,18.681648,12.875412,12.96976"
0.05,1,81,0.001415402913794268,-0.09870051124405323,0.0014935989687748785,0,"2.431038,11.277148,8.542678,15.53227,17.02882,13.298557"
0.05,1,82,-0.003255131128783688,-0.10667083812243984,-0.0034174221429912888,0,"2.480806,12.298168,9.639837,16.254276,14.5897,11.273343"
0.05,1,83,-0.0028867688344012274,-0.10498555366117812,-0.0030301483324235434,0,"2.548067,9.937379,9.426487,16.054472,16.985729,10.725392"
0.05,1,84,-0.004823676141267688,-0.10349905416477144,-0.005067039474798307,0,"2.514934,10.225341,8.760971,17.54879,14.655733,16.363139"
0.05,1,85,-0.004977336766525516,-0.09933664771377275,-0.005828998369673266,0,"2.442138,10.272318,10.528604,16.591111,14.30243,14.098935"
0.05,1,86,0.003413895075465394,-0.09922494581996805,0.0035952009282889663,0,"2.472998,9.762595,9.129297,17.511456,16.303687,13.374411"
0.05,1,87,-0.004938660195918353,-0.09843802786912845,-0.012459895861551051,0,"2.425807,11.514162,8.218848,15.372296,17.045307,13.43532"
0.05,1,88,0.005785951257711057,-0.10759718450421633,0.0060900479698577925,0,"2.514615,11.904615,9.390688,15.66946,13.880725,13.187733"
0.05,1,89,0.01166610535444251,-0.10079666704837449,0.012273142844308249,0,"2.479923,10.119589,9.172861,17.204457,15.89986,13.343298"
0.05,1,90,-0.005056893605854551,-0.1008035681250684,-0.012289495994608268,0,"2.460308,10.352635,10.271387,16.77956,14.081081,14.047502"
0.05,1,91,-0.00010493778721144971,-0.1000075794447115,-0.00010509217965110063,0,"2.446673,11.387505,8.346591,15.76388,16.366812,13.494489"
0.05,1,92,0.003044311957547312,-0.10424226748200309,0.00320681851929272,0,"2.521038,10.313488,8.798368,17.577626,14.375501,15.934337"
0.05,1,93,-0.005361997441672427,-0.10692199157405688,-0.01110711935882086,0,"2.492575,12.040843,9.530754,16.498864,14.320473,11.692839"
0.05,1,94,-0.0009773554663910617,-0.1054964581430423,-0.0010222205620525893,0,"2.548657,10.073518,9.352964,16.332361,16.317163,11.23621"
0.05,1,95,-0.0006640771179515452,-0.1007220856835111,-0.0006930343484592982,0,"2.486061,9.927863,9.105306,17.546514,15.748796,13.443732"
0.05,1,96,-0.004272587951794717,-0.10317981064390254,-0.0044875429425969005,0,"2.474162,11.198701,9.732406,15.970035,15.56072,9.967402"
0.05,1,97,0.03406932030725366,-0.10816542907239157,0.0358323030429647,0,"2.55795,10.061756,10.646231,17.852499,13.300712,11.231508"
0.05,1,98,-0.004039353324445386,-0.10153562671973711,-0.004242364522960618,0,"2.465142,11.166544,8.729824,16.111983,15.855795,13.117324"
0.05,1,99,0.02346237779603828,-0.10763848327234127,0.024678226741891685,0,"2.511311,11.934304,9.762246,15.591688,13.954394,11.173463"
0.05,1,100,0.03900495194168379,-0.10203733911172895,0.04102219234306681,0,"2.490265,10.262263,9.214794,17.22071,15.449729,13.065352"
0.05,1,101,0.01589884906879478,-0.10711294111817986,0.01672454357836972,0,"2.502393,11.826405,9.439852,16.702687,14.096117,12.04242"
0.05,1,102,0.052812216973548,-0.1020217574898598,0.05554163527148903,0,"2.475473,10.419566,10.057042,16.9366,13.896624,14.00464"
0.05,1,103,0.04559174742056859,-0.1039827815474727,0.04794883701524366,0,"2.487033,11.124621,9.607894,16.261997,15.129656,10.604543"
0.05,1,104,-0.005144033705459869,-0.10261005447310627,-0.008842609558841086,0,"2.479506,11.097824,8.772412,16.380287,15.375552,13.229492"
0.05,1,105,-0.0014013811648875456,-0.10590123939997197,-0.001468096222637938,0,"2.549149,10.186968,9.291695,16.563935,15.760025,11.661895"
0.05,1,106,0.00995168031473703,-0.10195028984940643,0.010470348419190811,0,"2.496959,10.065588,9.085314,17.575729,15.286386,13.501498"
0.05,1,107,0.05539344821625581,-0.10778415266108758,0.05825630939995674,0,"2.546784,11.26564,8.337204,16.798879,15.644067,10.938758"
0.05,1,108,-0.005167789023201338,-0.10303033760101829,-0.011705922389865786,0,"2.487326,10.560577,9.770384,16.913647,14.187864,13.493657"
0.05,1,109,-0.0052886881975002025,-0.10553716343285462,-0.006898071248240489,0,"2.535261,10.37257,8.840448,17.6907,14.097105,15.301907"
0.05,1,110,0.05295696599150832,-0.10100652264247166,0.05569379706361055,0,"2.530818,9.186231,8.808683,17.579347,15.130973,14.950509"
0.05,1,111,0.02738679170178679,-0.10622230291223865,0.02880498745142479,0,"2.507126,11.386364,9.334655,16.848797,14.268593,12.5271"
0.05,1,112,0.01480705667476016,-0.10583853048888686,0.015576369526562495,0,"2.537984,10.436179,8.864599,17.695884,13.909977,15.049978"
0.05,1,113,0.05770559659534536,-0.10383765831494576,0.0606875108872823,0,"2.498015,10.592852,9.639542,17.04834,13.98561,13.543103"
0.05,1,114,-0.005188398484240964,-0.10349148870042348,-0.009104710299755958,0,"2.491491,11.040557,8.807902,16.603873,14.975349,13.322965"
0.05,1,115,0.022159206436855913,-0.10622270911334668,0.02330776336538365,0,"2.549559,10.28151,9.240637,16.756913,15.295744,12.016633"
0.05,1,116,-0.005165424390858304,-0.10297170810875919,-0.012305684226216945,0,"2.506049,10.18036,9.068654,17.600075,14.901044,13.549638"
0.05,1,117,-0.005379133526957687,-0.10726314500406203,-0.011171704741455402,0,"2.510581,11.647707,9.364102,16.87254,13.909154,12.333738"
0.05,1,118,0.053038047862897494,-0.10742483780346894,0.05577939860643322,0,"2.551091,10.853989,8.470911,17.36869,14.669592,13.144657"
0.05,1,119,0.05375980258638534,-0.1068479778021748,0.05653835110707761,0,"2.542228,10.810466,8.66567,17.315298,14.555595,13.211065"
0.05,1,120,0.008523859079221882,-0.10732575301876604,0.008969162802326958,0,"2.517409,11.498792,9.300976,17.014084,13.753351,12.576504"
0.05,1,121,-0.0052243355511729555,-0.10421731185354476,-0.008693782003199813,0,"2.501489,10.992835,8.837477,16.790195,14.641847,13.40086"
0.05,1,122,0.050741224456206685,-0.10379654270904434,0.05336391427871301,0,"2.51363,10.276003,9.054771,17.620363,14.579926,13.589754"
0.05,1,123,0.029518128562593435,-0.10627784313907579,0.031046261585520152,0,"2.540253,10.489186,8.884725,17.700204,13.754037,14.840037"
0.05,1,124,0.0457681579770691,-0.10648901343756967,0.04813447860322939,0,"2.5499,10.360295,9.19809,16.917728,14.908843,12.312249"
0.05,1,125,0.005887562703076049,-0.10439307683422265,0.006196732064690846,0,"2.50693,10.619747,9.530508,17.160584,13.817064,13.584308"
0.05,1,126,0.03756993962740029,-0.10836064412478319,0.039513494568175545,0,"2.542215,11.295693,9.190934,16.814503,13.3699,13.245009"
0.05,1,127,0.017176759508036706,-0.10639780567197533,0.018068331035617335,0,"2.503417,11.523201,9.04523,17.48273,12.528005,14.833437"
0.05,1,128,-0.005197736146045894,-0.10374634259407416,-0.005507051802612961,0,"2.498163,10.663635,9.003818,17.808697,13.786313,14.43015"
0.05,1,129,0.011456245920060023,-0.10499507091178344,0.01205267960839751,0,"2.486121,11.528294,9.349731,16.959161,13.412935,12.698494"
0.05,1,130,-0.005240279389689973,-0.10452678356694818,-0.009172497014963199,0,"2.517123,10.495977,9.290721,17.002112,14.933946,11.993449"
0.05,1,131,-0.001206592705264655,-0.10559287971331367,-0.001263276787716483,0,"2.544835,10.146783,8.966553,17.539998,14.556018,13.893374"
0.05,1,132,-0.005132407319646947,-0.10241592270567475,-0.006831987608342971,0,"2.522603,9.725626,8.903834,17.660379,14.483158,14.454321"
0.05,1,133,-0.005259997766411957,-0.10492380589005494,-0.009011875383901802,0,"2.538331,10.306608,8.465445,17.680478,14.641476,13.73652"
0.05,1,134,-0.00519886598752058,-0.103728086581092,-0.007658162249394251,0,"2.498287,10.832849,8.862322,17.347891,13.931008,13.37517"
0.05,1,135,0.0028236465043282822,-0.10691829727395923,0.002974911845198991,0,"2.512362,11.623104,8.911204,17.123347,13.819818,12.454506"
0.05,1,136,-0.005182891303769214,-0.10330653577969379,-0.013051776837409934,0,"2.520896,10.041865,8.905062,17.570874,14.372601,14.121018"
0.05,1,137,0.01714358695168135,-0.10618943459549177,0.018033436482897236,0,"2.514068,11.306852,8.909976,17.212852,13.930375,12.787808"
0.05,1,138,0.026463267621530423,-0.10389477009671223,0.027833705620732174,0,"2.519757,10.252693,8.905881,17.511204,14.298897,13.898817"
0.05,1,139,0.04163282418237905,-0.10548657726857087,0.04378579158866658,0,"2.540543,10.38121,8.552093,17.687366,14.363619,13.745488"
0.05,1,140,0.027392096950501738,-0.10513625907856458,0.028810509241764204,0,"2.522863,10.539018,9.239826,17.122061,14.607345,12.292929"
0.05,1,141,-0.005258882068507511,-0.10482068095288154,-0.01327051243767255,0,"2.509827,10.953066,8.862124,16.945463,14.363929,13.465772"
0.05,1,142,-0.005232291896431221,-0.10429395712281941,-0.013030886772745831,0,"2.507156,10.819745,8.882828,17.41021,13.771563,13.444364"
0.05,1,143,-0.005228062912939225,-0.10432499298115225,-0.0069442255079529835,0,"2.507054,10.678733,9.000741,17.794215,13.650984,14.323514"
0.05,1,144,0.051084515501160756,-0.1040841027038622,0.05372492739502177,0,"2.526009,10.16059,8.918444,17.596029,14.139557,14.065904"
0.05,1,145,0.01796674912701073,-0.10651921930934445,0.018899074702114937,0,"2.520316,11.214747,8.922539,17.297677,13.771035,12.954896"
0.05,1,146,-0.005290389265003278,-0.10545541418901581,-0.012995562992670434,0,"2.499082,11.27197,9.412399,17.076444,13.349445,13.01178"
0.05,1,147,0.003544528595112499,-0.10596500654525756,0.0037329269103946183,0,"2.508796,11.358479,8.782171,17.626544,12.686421,14.703959"
0.05,1,148,0.029754807007082936,-0.10443321213584786,0.03129505091507412,0,"2.507503,10.730658,9.052663,17.56055,13.161191,14.625012"
0.05,1,149,0.02124878705850737,-0.1062367132944514,0.022350385292783104,0,"2.51818,11.134066,8.944226,17.341489,13.669394,13.233248"
0.05,1,150,0.0326908977503129,-0.10585271197998196,0.03438265985163458,0,"2.50782,11.185679,9.341224,17.184004,13.286928,13.141539"
0.05,1,151,-0.005272788610967188,-0.10519651930155141,-0.008108231499515284,0,"2.51678,10.919926,8.882662,17.074853,14.13233,13.519866"
0.05,1,152,0.03292025832674666,-0.10497227739741519,0.03462380455398972,0,"2.514553,10.808825,8.899915,17.462142,13.638692,13.502025"
0.05,1,153,-0.003269851609010165,-0.10499424985500401,-0.003432990058906793,0,"2.514467,10.691315,8.998177,17.782147,13.53821,14.23465"
0.05,1,154,0.02647187049276514,-0.10626559389376823,0.02784287688360043,0,"2.515921,11.25777,8.816035,17.642421,12.734407,14.551688"
0.05,1,155,0.02212979406255501,-0.10673020385748222,0.02327686058441336,0,"2.525526,11.137993,8.933008,17.368365,13.638252,13.094135"
0.05,1,156,0.03681037465904691,-0.1073544480910988,0.038714698334772035,0,"2.529475,11.173477,9.085569,17.462389,13.129463,13.942045"
0.05,1,157,0.032070115755488335,-0.1052913144242833,0.033729828404447715,0,"2.517039,10.8696,8.930857,17.462183,13.55382,13.575362"
0.05,1,158,0.026951793827751137,-0.10624929542086564,0.02834755380674292,0,"2.539301,10.691264,8.507497,17.833254,13.570191,14.447139"
0.05,1,159,-0.005364459540732681,-0.1070018381398732,-0.009492149296870728,0,"2.537488,10.947896,8.776717,17.678765,13.308755,14.303909"
0.05,1,160,0.019553901226984326,-0.10643310729623026,0.02056808757805262,0,"2.514627,11.211778,9.289841,17.256198,13.205239,13.384388"
0.05,1,161,0.05994473085278992,-0.10639469916118713,0.06304227413402175,0,"2.537572,10.629941,9.139219,17.31829,14.197968,12.89074"
0.05,1,162,0.039320248187541186,-0.10635774076088625,0.04135397873135205,0,"2.519526,11.153131,8.869898,17.588399,12.978334,14.274863"
0.05,1,163,0.02123355579436183,-0.10719182446446279,0.022334418618839114,0,"2.53984,10.915617,8.81149,17.685938,13.253019,14.218313"
0.05,1,164,-0.0053041456116072186,-0.10572761674515851,-0.013135151065298833,0,"2.522577,10.892309,8.899777,17.182679,13.939332,13.564944"
0.05,1,165,-0.005285010235164493,-0.10545893344804215,-0.007148016936824042,0,"2.520649,10.701799,8.99604,17.77209,13.444231,14.160598"
0.05,1,166,-0.005350878386731111,-0.1066616462081451,-0.013118941066788709,0,"2.520782,11.135518,9.239093,17.333799,13.166756,13.452045"
0.05,1,167,0.033055480355753786,-0.1069088542173455,0.034766103158383355,0,"2.529869,11.074031,8.941733,17.427272,13.5276,13.210168"
0.05,1,168,-0.005337935050864921,-0.10653092558570665,-0.006381289789792688,0,"2.521861,11.173845,8.844255,17.655651,12.774396,14.424796"
0.05,1,169,-0.005026236460854167,-0.1061965813784804,-0.00527990602217282,0,"2.529225,10.783739,8.983601,17.690049,12.989757,14.660175"
0.05,1,170,0.03618991073494846,-0.10558831848336463,0.0380621380207925,0,"2.515729,10.898194,9.17122,17.432753,13.176583,13.799317"
0.05,1,171,-0.005361135754984385,-0.10692216405805607,-0.010190993556502964,0,"2.535818,10.912713,8.871443,17.64374,13.24028,14.14848"
0.05,1,172,0.020182617115596258,-0.10681976655582137,0.0212292529616952,0,"2.528529,11.073063,8.961718,17.413206,13.523353,13.186891"
0.05,1,173,-0.0053296818116711974,-0.10630003902196172,-0.009857745917908695,0,"2.529109,10.83196,8.979954,17.643908,13.07869,14.414627"
0.05,1,174,-0.005404189229526365,-0.10782199207139745,-0.008103711950444736,0,"2.539934,11.198391,8.943918,17.288438,12.947032,13.771144"
0.05,1,175,0.07057270982254318,-0.1082222676857686,0.07421854033958408,0,"2.543151,11.281156,8.935231,17.207829,12.864166,13.706235"
0.05,1,176,0.019479707160053285,-0.10827768954823776,0.020490163567517428,0,"2.543793,11.109908,9.054894,17.913102,12.121168,14.435532"
0.05,1,177,-0.003153633666185824,-0.1061597956646435,-0.0033107163114807214,0,"2.526111,10.928575,8.92563,17.304416,13.636304,13.710042"
0.05,1,178,0.03176050332794671,-0.10775982856076108,0.03340437596022372,0,"2.549662,10.828251,8.978449,17.649577,12.969787,13.787135"
0.05,1,179,0.058001821071582714,-0.10704619486013518,0.060999183323335315,0,"2.536504,10.960326,8.883522,17.584523,13.191405,14.085591"
0.05,1,180,-0.005353719596381026,-0.10683040860359147,-0.007218574496076546,0,"2.523972,11.145997,9.189896,17.326239,13.130135,13.505228"
0.05,1,181,0.03401663859336342,-0.1067479154453688,0.03577682947487848,0,"2.524871,11.177936,8.860865,17.594449,12.803168,14.315854"
0.05,1,182,0.023327844594273343,-0.10657297803409792,0.02453669829452132,0,"2.530912,10.893032,8.973948,17.584663,13.056747,14.30738"
0.05,1,183,0.05460554890784337,-0.10608108942353614,0.05742768070068305,0,"2.525468,10.943322,8.907134,17.200305,13.773948,13.59931"
0.05,1,184,0.0043063203572805435,-0.10687876512853074,0.004534059935366708,0,"2.528429,11.101983,9.067881,17.2967,13.035534,13.676426"
0.05,1,185,-0.005422410350751028,-0.10813709156377052,-0.010683071562434199,0,"2.540456,11.171874,9.097851,17.71305,12.206854,14.188412"
0.05,1,186,0.01428762760764116,-0.10846052505347169,0.015030286170559792,0,"2.542956,11.209967,9.129638,17.798508,11.945673,14.286596"
0.05,1,187,-4.651937783850429e-5,-0.10793277566115979,-4.324384989268237e-5,0,"2.546254,10.93524,9.223119,17.35844,12.978861,13.429389"
0.05,1,188,0.024866201775745986,-0.10695509980051329,0.026154424029376955,0,"2.520338,11.320589,9.187089,17.206267,12.815267,13.838858"
0.05,1,189,-0.005266632014924601,-0.10709488094287745,-0.005532653946976662,0,"2.52522,11.238532,9.152315,17.280152,12.841021,13.830238"
0.05,1,190,0.030670296843664558,-0.10821766407259513,0.03225796069916209,0,"2.537171,11.370975,9.251046,17.169676,12.656399,13.159566"
0.05,1,191,0.03379057244890863,-0.10679764890628933,0.03553910545386607,0,"2.531955,10.972689,9.02013,17.515499,12.990022,14.116078"
0.05,1,192,-0.005411346658431663,-0.10786848845542985,-0.013188222355157486,0,"2.540021,11.193971,8.969573,17.359207,12.823669,13.840689"
0.05,1,193,0.03697981346779532,-0.10705553329432844,0.03889286108045642,0,"2.526718,11.15031,9.174555,17.390708,12.976255,13.619092"
0.05,1,194,0.02231179226945274,-0.10727507165020994,0.02346827490723513,0,"2.527758,11.227423,9.143238,17.352301,12.735326,13.889933"
0.05,1,195,0.05560547154940576,-0.107968892373222,0.05847927860983693,0,"2.545288,10.974679,9.202241,17.417542,12.850193,13.555892"
0.05,1,196,0.023824828698359626,-0.10707647160664367,0.02505934331136228,0,"2.530433,11.113632,9.072876,17.366092,12.897421,13.761757"
0.05,1,197,0.026862904508365138,-0.10683662468436435,0.02825411045754178,0,"2.532503,10.939505,8.994598,17.606061,12.915098,14.287552"
0.05,1,198,-0.0020545751719950873,-0.1067884647682074,-0.002154935326522611,0,"2.520686,11.290893,8.948658,17.511598,12.668014,14.306586"
0.05,1,199,-0.0009830152148272125,-0.10734038676471871,-0.0010280752883842226,0,"2.531974,11.156216,9.037799,17.484718,12.70773,14.045822"
0.05,2,1,0.15989091457860957,-0.28738301430103436,0.16815319809593,0,"13.6,13.6,13.6,13.6,13.6,13.6"
0.05,2,2,0.20572204685928072,-0.3050979597385919,0.2163492315655583,0,"20.424998,13.6,13.6,13.6,13.6,13.6"
0.05,2,3,0.1719196835874937,-0.2912099085426443,0.1808026122119153,0,"13.6,20.424998,13.6,13.6,13.6,13.6"
0.05,2,4,0.17061434742447082,-0.2898306201306119,0.17942987428937102,0,"13.6,13.6,20.424998,13.6,13.6,13.6"
0.05,2,5,0.1702447197574118,-0.2893497130453257,0.17904115594202014,0,"13.6,13.6,13.6,20.424998,13.6,13.6"
0.05,2,6,0.1699791521530596,-0.2885820354360883,0.17876184999719374,0,"13.6,13.6,13.6,13.6,20.424998,13.6"
0.05,2,7,0.1670735054614646,-0.2879328392940024,0.1757062959182179,0,"13.6,13.6,13.6,13.6,13.6,20.424998"
0.05,2,8,0.09954307936961083,-0.24679270850107232,0.10469048741262516,0,"6.776141,15.874999,15.874999,15.874999,15.874999,15.874999"
0.05,2,9,0.06241349869474298,-0.2077326753449249,0.06564370926811108,0,"4.511047,16.254165,16.254165,16.254165,16.254165,16.254165"
0.05,2,10,0.13714595257973486,-0.2712943389184434,0.14423420505460938,0,"10.566691,7.660193,16.759721,16.759721,16.759721,16.759721"
0.05,2,11,0.1264894303469165,-0.2664642048766074,0.1330277654526109,0,"9.555625,12.504632,8.713127,17.812961,17.812961,17.812961"
0.05,2,12,0.10759569299233544,-0.2559322585475538,0.11315893538594335,0,"8.207679,12.13951,13.90895,10.117323,19.217282,19.217282"
0.05,2,13,0.07891692418299143,-0.2365668550813124,0.08299989749802356,0,"6.41152,11.652683,14.011934,15.781377,11.989717,21.08971"
0.05,2,14,0.036000869923382854,-0.18631413496456228,0.037867590967065656,0,"4.031083,11.003582,14.149245,16.508503,18.277948,14.486282"
0.05,2,15,0.007153665990059028,-0.10985574191107059,0.007528428179351787,0,"2.500931,10.570852,14.240786,16.993254,19.057606,13.496496"
0.05,2,16,0.06405315276002964,0.22597809249836143,0.06734513260992137,0,"0.845741,9.993887,14.36284,17.639588,20.09715,21.276779"
0.05,2,17,0.13468844710393407,0.35733824290115646,0.1416168885764646,0,"0.640157,16.712159,10.404188,14.773156,18.049904,19.622744"
0.05,2,18,0.00516721815021711,-0.050868251903434046,0.005436417858785722,0,"1.84275,15.203419,11.463429,15.10425,17.834874,19.145573"
0.05,2,19,0.7181241876247589,1.4431936099911569,0.7550891507905352,0,"0.163777,12.766852,19.367735,12.817014,17.003968,19.013707"
0.05,2,20,0.10308071532830038,-0.25181163683110835,0.10841085852057619,0,"7.675719,12.548335,10.488785,16.980303,17.678129,18.013086"
0.05,2,21,0.2096435108565605,0.5679817581742781,0.22042705901325177,0,"0.45349,13.268249,13.031686,22.800363,15.086596,17.207987"
0.05,2,22,0.08759207652186313,-0.2413531240089465,0.09212276584264534,0,"6.748099,12.327633,13.762739,12.231135,18.528835,18.8824"
0.05,2,23,0.16740633309420033,0.4606053554792048,0.17601693341019653,0,"0.540539,12.785856,17.543202,14.354286,16.909318,18.701955"
0.05,2,24,0.08276191928212855,-0.23652527973715967,0.08704321525434083,0,"6.342345,12.587922,11.664507,16.542633,17.549994,18.127897"
0.05,2,25,0.04514139129672458,0.16594501791908522,0.0474610589892514,0,"0.949434,13.093322,13.569809,20.540626,15.732332,17.58114"
0.05,2,26,0.4764945948527965,1.0429549615434026,0.5010173480253635,0,"0.28891,13.001499,16.303151,17.561787,16.105285,18.153391"
0.05,2,27,0.06242230548872728,-0.21583832963305805,0.06565339650371621,0,"5.107604,12.656852,12.437611,16.712492,17.309209,18.132146"
0.05,2,28,0.7013745603359055,1.3717676397036414,0.7374793332498242,0,"0.18405,14.271467,13.430943,18.633415,23.438734,14.205724"
0.05,2,29,0.05882890919045374,-0.2146709309817331,0.06187459144750285,0,"5.081276,12.089145,13.915102,16.256717,13.897882,19.942379"
0.05,2,30,0.0774138342852935,-0.2370211870726672,0.08141930211330473,0,"6.124691,16.628731,12.930791,16.314247,13.264874,13.573855"
0.05,2,31,0.0060822220572839415,0.010971151396055,0.006395366212434028,0,"1.50806,11.099672,14.124165,17.418698,18.958437,19.992958"
0.05,2,32,0.10924647034198673,0.3068212379607521,0.1148652708134904,0,"0.705576,13.446662,15.418207,17.476745,16.602556,17.338758"
0.05,2,33,0.04641780803018282,-0.19593933033579705,0.048822340813607035,0,"4.269484,12.788487,12.934376,16.839868,17.191434,17.999915"
0.05,2,34,0.040348584397023914,0.16898648128561794,0.04242087919760201,0,"1.002138,8.694284,10.495079,18.130306,17.970023,19.798655"
0.05,2,35,0.6746490039121127,1.3929948605955311,0.70937415654775,0,"0.194155,11.727476,11.694108,18.752284,21.683687,16.062534"
0.05,2,36,0.037723649465992645,-0.18623436000425198,0.03967922728218398,0,"3.991113,12.028867,13.544935,16.672645,15.195516,19.295738"
0.05,2,37,0.28043189117660977,0.786072279148885,0.29485523693427873,0,"0.366439,10.774937,12.878349,18.113392,17.724829,18.436939"
0.05,2,38,0.029951559003652647,-0.1663164747460574,0.03150520513948152,0,"3.442808,12.452893,12.925038,17.052122,17.280333,18.072752"
0.05,2,39,0.030264739804165334,-0.18058417304141647,0.03183528998666324,0,"3.98239,10.256638,12.027994,13.2498,19.699931,19.019584"
0.05,2,40,0.06769386680826611,-0.21789351536230714,0.07119697301018374,0,"5.02519,15.176636,15.613724,14.033284,18.038876,16.542378"
0.05,2,41,0.0006715371271052977,0.013574423090403978,-0.008276577441496194,0,"1.533436,9.774593,11.348175,17.447469,17.981498,19.255942"
0.05,2,42,0.017950174995498693,0.11749254864301087,0.018869867362181547,0,"1.101053,11.090465,11.831592,15.749219,21.742044,17.03203"
0.05,2,43,0.17719341981676673,0.48389066109289325,0.18630761373753835,0,"0.51978,13.140658,13.283064,20.005205,17.918333,16.645667"
0.05,2,44,0.019342964699637772,-0.15415336728574514,0.020348780028394825,0,"3.277556,10.7373,12.237172,14.3757,19.402998,18.623931"
0.05,2,45,0.08861756584499536,0.28642059200691194,0.09317340008979969,0,"0.751225,10.372531,12.15673,15.310742,21.045486,17.776225"
0.05,2,46,0.019832931951409952,-0.1395146323604705,0.02086325010045531,0,"2.916402,12.106163,12.796987,16.761892,17.907858,18.023331"
0.05,2,47,0.018334598564170766,0.12626749670634832,0.019273658120127712,0,"1.078301,10.719254,12.284782,15.600972,20.41796,17.825646"
0.05,2,48,0.21436403924236289,0.5866474099784422,0.22539009082692463,0,"0.44653,12.0821,12.860466,18.395587,19.261142,16.958951"
0.05,2,49,0.010174644617262838,-0.12102898846151515,0.010705816359099757,0,"2.674878,10.961432,12.341054,15.045681,19.379355,18.346434"
0.05,2,50,0.017083396237469083,-0.12767359549207627,0.017971270747403845,0,"2.717217,12.180875,12.831614,16.985219,17.899977,17.930832"
0.05,2,51,0.025721642399373794,-0.15995435791965423,0.02705677492746178,0,"3.302758,12.17313,13.618148,17.248971,15.295206,19.024048"
0.05,2,52,0.0017192921902198313,0.03434077667785483,0.0005645447296808437,0,"1.406064,11.270908,12.12935,15.999178,20.667571,17.364033"
0.05,2,53,0.010606303439175966,0.09508559803286731,0.011148377053761316,0,"1.174703,10.779401,12.384035,15.684291,20.059803,17.936314"
0.05,2,54,0.0018575440496604808,0.037120823113451135,-0.0003717338607878429,0,"1.396723,11.012978,12.458631,15.901112,19.699832,17.9354"
0.05,2,55,0.051212145777596675,0.19939102823948163,0.05384318442208813,0,"0.885511,12.016023,12.913787,17.908973,18.687251,17.3837"
0.05,2,56,0.00532162104248959,-0.09514837130006788,0.005601113056474677,0,"2.330776,11.137196,12.43651,15.522896,19.264004,18.185978"
0.05,2,57,0.03943434128497606,0.16595153204496632,0.0414596390013921,0,"0.961334,12.595394,10.412653,15.47128,19.077799,23.7968"
0.05,2,58,0.0034035436767553217,-0.08475816243716272,0.0035835549554415896,0,"2.209028,10.908272,13.602759,16.739592,19.060971,15.213213"
0.05,2,59,-0.003371859677488079,-0.06723789292506283,-0.006950670093352249,0,"2.052629,12.002766,10.355473,14.819468,19.211146,15.707088"
0.05,2,60,-0.003850243754159511,-0.07679432929389535,-0.0070395505263674,0,"2.148771,12.153282,9.72738,14.386263,19.253265,14.992777"
0.05,2,61,0.009336005726350453,0.07699145919998654,0.009813508757968825,0,"1.224629,12.303937,11.140053,16.336391,18.901999,16.449668"
0.05,2,62,0.0016391653554810501,-0.0763580889161989,0.0017277283347461592,0,"2.129743,11.331652,12.220433,15.658479,19.20367,17.896593"
0.05,2,63,-0.0004731527794522064,-0.009205644384932155,-0.013063450511949543,0,"1.739023,6.948063,12.365467,16.939781,20.787395,15.073746"
0.05,2,64,0.0038408077777897544,0.07674904964973059,-0.000507533872907362,0,"1.270564,9.921933,9.813746,15.371168,20.136772,18.959618"
0.05,2,65,-0.0009436393540981412,-0.06604955194523325,-0.0009888394516019555,0,"2.040065,10.74388,12.971249,16.511521,19.240271,15.837614"
0.05,2,66,-0.00389083485849136,-0.08604582014332732,-0.004086999913228029,0,"2.290783,9.727535,11.12871,16.413117,19.344725,15.538168"
0.05,2,67,-0.002151267989507398,-0.09925297321302266,-0.0022570117680706103,0,"2.452696,9.513301,10.907058,16.498452,19.28554,15.13863"
0.05,2,68,-0.0018971730205088282,-0.10875356417961604,-0.0019893110492663624,0,"2.601814,8.955197,11.124442,16.453032,17.936037,15.500914"
0.05,2,69,0.02038259349927856,-0.04554336815915862,0.021436322275289466,0,"1.970454,8.102435,10.668034,17.058582,18.977394,14.169794"
0.05,2,70,-0.0014415382898264645,-0.07177296736897529,-0.0015121190824523012,0,"2.102938,10.793409,11.961698,15.891829,19.165957,17.27546"
0.05,2,71,0.002649910020340318,-0.12683250748269195,0.002793261102807143,0,"2.821964,9.998899,11.744793,14.751046,20.594385,12.150289"
0.05,2,72,-0.001066910570152653,-0.021149050558807038,-0.008842725983537567,0,"1.730449,9.811977,11.414278,16.998065,18.416979,18.071666"
0.05,2,73,0.007170588218192471,-0.1185847178486724,0.007546682216819922,0,"2.580464,13.781229,10.41045,15.278162,16.99835,17.331786"
0.05,2,74,-0.0017573204958627735,-0.034936493367148054,-0.009209476670540395,0,"1.872123,8.086431,12.039628,16.662844,20.155888,15.450086"
0.05,2,75,-0.0036049629573907793,-0.07179712731968847,-0.012122878989864291,0,"2.199071,9.098671,9.49417,15.756862,18.850679,16.438743"
0.05,2,76,-0.0028818118882099003,-0.11667249773843845,-0.003024321219120857,0,"2.698608,9.792764,10.411047,14.856585,19.818538,13.660384"
0.05,2,77,0.0027253405779599817,-0.09536969308841597,0.002870928085193125,0,"2.496337,8.477889,9.346788,15.617738,19.287086,13.251565"
0.05,2,78,-0.0033315068179208844,-0.07650473709420842,-0.0034993233935182444,0,"2.167252,10.407468,11.52587,15.846147,19.186146,16.604811"
0.05,2,79,0.0011542480065488462,-0.13050099601459855,0.0012206457293754414,0,"2.850985,11.958725,9.097628,14.574491,17.973909,15.461846"
0.05,2,80,-0.0027978909621819365,-0.05568430567683,-0.011464697954310127,0,"2.027378,8.731717,11.549281,16.314785,19.792224,15.452046"
0.05,2,81,-0.002463655579684162,-0.04903521533209048,-0.009940055066351011,0,"1.917844,11.015286,10.154364,14.738221,20.812488,15.394729"
0.05,2,82,-0.00304483416950093,-0.06064313488459514,-0.010152914238887645,0,"2.027722,10.671926,10.316042,15.024023,20.333079,15.412427"
0.05,2,83,-0.003056746030903117,-0.10568280607208416,-0.003208856291707779,0,"2.4847,11.885571,9.318484,14.446214,19.136586,15.43039"
0.05,2,84,-0.0015117198045259874,-0.030089412813349006,-0.006047045492494296,0,"1.765487,11.522041,10.092482,15.767624,18.882955,17.812055"
0.05,2,85,-0.004185113822744583,-0.10603844325819006,-0.00439540659401827,0,"2.536226,10.08097,10.357953,15.008424,19.662607,14.352329"
0.05,2,86,-0.002200189412320854,-0.11100119021048434,-0.002307838848320448,0,"2.587434,10.445873,10.201457,15.594986,18.144923,15.706646"
0.05,2,87,-0.0035335606181161982,-0.07044038623001933,-0.008441355056558367,0,"2.118439,10.63425,10.296945,15.119184,19.968387,15.461463"
0.05,2,88,-0.002698998566471986,-0.05370875658369312,-0.011447683640152695,0,"2.006743,8.815219,11.525216,16.397119,19.618683,15.69904"
0.05,2,89,-0.0035106155464999108,-0.09827048069750297,-0.003686526129097256,0,"2.403233,11.373827,9.686258,14.771365,19.216935,15.475165"
0.05,2,90,-0.0047096263179541575,-0.09390303157042253,-0.01029430300474718,0,"2.397355,10.615347,8.704685,14.638924,19.579387,14.148072"
0.05,2,91,-0.00483354526837216,-0.09635063413581446,-0.011785294604890889,0,"2.436265,10.649994,8.234562,14.43772,19.644927,13.738615"
0.05,2,92,-0.003574546038854704,-0.07118484096595358,-0.012362893167081362,0,"2.172231,9.407746,10.060259,15.602492,19.691261,14.698867"
0.05,2,93,-0.0049613867685553955,-0.09895021501677914,-0.009398428384841256,0,"2.477385,9.738457,9.370689,15.415776,18.847435,14.45837"
0.05,2,94,-0.005156798780907552,-0.10284797967191797,-0.009744629819008283,0,"2.538519,9.589162,9.216319,15.465208,18.660609,14.291188"
0.05,2,95,-0.004577121174182412,-0.108063317165791,-0.004807527218385954,0,"2.545436,11.025454,9.326055,14.886706,18.78101,15.085073"
0.05,2,96,0.000789299571165221,-0.11755703894029434,0.0008361926737601721,0,"2.635318,11.976841,9.836098,14.442284,19.598369,12.893975"
0.05,2,97,-0.004045647416401994,-0.08064131231292532,-0.010052352779033297,0,"2.270419,9.578341,9.551158,15.537766,18.975294,15.847948"
0.05,2,98,0.006113049691565783,-0.1117829965488158,0.006434238226398048,0,"2.73063,8.064096,9.544145,16.196718,19.103126,14.624997"
0.05,2,99,-0.004219557853777291,-0.08415524318456298,-0.00798729725254016,0,"2.243339,11.471705,9.696841,14.688005,19.228241,14.93148"
0.05,2,100,-0.004205389120110704,-0.10613316043036636,-0.004416722711067023,0,"2.566187,11.071006,7.665863,13.594827,18.972838,13.877376"
0.05,2,101,0.020242598782651767,-0.1184096604523629,0.021292937868104933,0,"2.687671,11.717774,8.614621,13.822531,19.34145,12.91074"
0.05,2,102,-0.004406006595877204,-0.08783648002447272,-0.010306074370887985,0,"2.3388,9.934903,9.395062,15.251893,19.03632,15.358413"
0.05,2,103,-0.004488385725757369,-0.08939908670528526,-0.014696248587201727,0,"2.352695,11.166432,7.487184,14.433029,18.445375,14.741719"
0.05,2,104,-0.004140524505904118,-0.08260451444979189,-0.00649321862319302,0,"2.253402,10.208203,10.1196,16.126028,18.959323,15.504787"
0.05,2,105,-0.0051512465755051435,-0.10271845123072448,-0.010724306744613,0,"2.513404,10.927204,8.074733,14.016693,18.970586,14.148611"
0.05,2,106,0.09597702279761772,-0.1090253095704153,0.1009332499743375,0,"2.668623,9.626025,7.547916,14.809078,18.618034,14.189727"
0.05,2,107,-0.004468984495004311,-0.08915745706413356,-0.007003967309922171,0,"2.312982,11.164086,9.338636,14.708184,19.12654,14.807855"
0.05,2,108,0.01787769847579775,-0.10801828793777037,0.01880550963793537,0,"2.561349,11.572548,7.830777,14.063954,18.840029,13.579274"
0.05,2,109,-0.004591380173868461,-0.09154778458963334,-0.009909005428750367,0,"2.375559,10.207838,9.13432,15.053903,19.003605,15.06189"
0.05,2,110,-0.005358785345672844,-0.1068352606116605,-0.012295317957090296,0,"2.609139,10.024608,7.819101,14.722903,18.70883,14.214511"
0.05,2,111,0.07336761415176003,-0.10919329983758727,0.07715765688706233,0,"2.65925,9.834699,7.565908,14.725356,18.639212,14.11562"
0.05,2,112,-0.0027608869065916942,-0.11241216204442059,-0.0028973829312681776,0,"2.654923,9.641664,9.781371,15.094683,19.477814,14.10491"
0.05,2,113,0.016866585636864762,-0.09371564917890295,0.017741491581390934,0,"2.402482,10.9123,7.869455,14.543304,18.617448,14.635584"
0.05,2,114,-0.0029950489843313145,-0.10361644262299245,-0.003144085558862364,0,"2.55026,9.661735,8.983425,15.341491,18.668646,14.278408"
0.05,2,115,-0.0051855068746264905,-0.10346104247156716,-0.0076649462363726495,0,"2.529306,10.77677,8.032126,14.134395,18.92696,14.159595"
0.05,2,116,-0.004922842545080944,-0.09822124334816419,-0.007230858426659548,0,"2.464893,10.545762,8.165314,14.485251,19.488911,13.817931"
0.05,2,117,-0.004732117681545259,-0.0943596709106631,-0.00991173943849466,0,"2.414138,10.1773,8.915094,14.998737,18.954476,14.92066"
0.05,2,118,-0.004766471764110166,-0.10795563829653225,-0.005006650173190325,0,"2.55603,10.858644,9.074869,14.859406,18.76898,14.93998"
0.05,2,119,-0.004649890465880739,-0.09268839027056731,-0.011406876672468313,0,"2.395007,10.976126,7.5425,14.481341,18.489284,14.653851"
0.05,2,120,0.052618834608631496,-0.09781275496539445,0.05533805693924998,0,"2.438993,11.45802,7.532974,13.885853,19.110501,14.623768"
0.05,2,121,-0.005152405111296989,-0.10274090677917973,-0.010760765262150945,0,"2.531639,9.961109,8.741649,15.098884,18.742289,14.335968"
0.05,2,122,-0.005574593226505115,-0.1112547122230438,-0.00662618920186589,0,"2.641022,9.805278,9.373693,14.95185,19.374198,14.142364"
0.05,2,123,-0.002960027144978261,-0.11400938719268988,-0.0031067108424403245,0,"2.682516,9.610142,9.678944,15.030269,19.521683,14.057116"
0.05,2,124,-0.004809295190205448,-0.11499143917676977,-0.005051312496184457,0,"2.69796,10.480086,8.153789,14.418826,19.048913,13.616123"
0.05,2,125,0.0891492717231908,-0.10439066002218282,0.09375307982143322,0,"2.601498,9.672568,7.68708,14.411297,19.32772,13.155518"
0.05,2,126,0.007187431830778083,-0.10749262918123147,0.007563811411995525,0,"2.563596,10.660962,8.843543,14.784721,18.862103,14.642569"
0.05,2,127,0.028019708833560673,-0.10761497010520343,0.029470623673238272,0,"2.614447,9.988053,8.078161,14.761061,18.819725,14.202486"
0.05,2,128,-0.005256528795780635,-0.10481937909440764,-0.010861970637402907,0,"2.547854,10.614852,8.255696,14.270637,19.001499,14.156723"
0.05,2,129,-0.005223497738874801,-0.10419747818097307,-0.008856795702209874,0,"2.549801,9.935137,8.846986,15.074379,18.847607,14.303701"
0.05,2,130,-0.00504253461348324,-0.10053725301147434,-0.011205368693630868,0,"2.494063,10.422347,8.366692,14.563017,19.469792,13.872003"
0.05,2,131,-0.0021212353690910194,-0.11439647899160153,-0.0022246338347352013,0,"2.688454,10.367617,8.357087,14.507664,19.103127,13.70383"
0.05,2,132,-0.005438748741902147,-0.10855061966100335,-0.006094976704135696,0,"2.570155,10.683081,9.124673,14.874813,18.869849,14.807044"
0.05,2,133,-0.005362795145829823,-0.10702535918995881,-0.006500966707772948,0,"2.549087,10.621384,9.36349,14.65306,19.402299,14.126068"
0.05,2,134,-0.004789683306772411,-0.09697812562590583,-0.00503163615383681,0,"2.430117,10.326406,9.42,14.954922,19.218621,14.765471"
0.05,2,135,-0.005022873340804564,-0.1001981293296933,-0.008375755635172705,0,"2.472773,10.333274,9.242838,14.880379,19.199372,14.588531"
0.05,2,136,-0.001273794519291758,-0.11167090375164077,-0.0013336252948148442,0,"2.645018,10.360748,8.534227,14.582207,19.122376,13.88077"
0.05,2,137,-0.005122950496686266,-0.1022027595392947,-0.008107770257438002,0,"2.501305,10.337853,9.124732,14.830683,19.186539,14.470571"
0.05,2,138,-0.0029050677340659798,-0.11203290799517078,-0.0030490205464706044,0,"2.625898,10.243511,9.663096,14.98879,18.757538,14.79682"
0.05,2,139,-0.005134744557823999,-0.10248850061097352,-0.00546852867870895,0,"2.515933,10.392541,8.582743,14.63398,19.351083,14.026139"
0.05,2,140,0.022586592528218756,-0.11054653265979264,0.023757421373207577,0,"2.623501,10.346234,8.724343,14.655556,19.095639,14.050109"
0.05,2,141,0.0022819972623715516,-0.10365182405882548,0.0024051525880167124,0,"2.521583,10.33925,9.057999,14.801496,19.171389,14.400494"
0.05,2,142,-0.0054632769793830915,-0.109038757262722,-0.006197029877741955,0,"2.581938,10.536779,9.166176,14.887653,18.953907,14.696264"
0.05,2,143,-0.005400509254457656,-0.10777820122695335,-0.006537140051200152,0,"2.564361,10.485365,9.36519,14.702858,19.397616,14.128784"
0.05,2,144,-0.005310843147442798,-0.10593297479503909,-0.009366062053780766,0,"2.563332,10.479922,8.442014,14.384173,19.063616,14.15433"
0.05,2,145,-0.005283899867213013,-0.10541060095687649,-0.008525567706677839,0,"2.564957,9.913494,8.934769,15.053957,18.935372,14.276811"
0.05,2,146,-0.005213354960793608,-0.10398366037424843,-0.009445009539446186,0,"2.53669,10.294663,8.714562,14.686958,19.354936,14.04551"
0.05,2,147,-0.005201059220729373,-0.10377909683671271,-0.007279393738844314,0,"2.524477,10.24909,9.166225,14.850878,19.217816,14.415869"
0.05,2,148,-9.05537058082595e-5,-0.11067576596116668,-8.940524476597211e-5,0,"2.62642,10.256074,8.832564,14.704938,19.142066,14.065484"
0.05,2,149,-0.005259525440019183,-0.10496912997157182,-0.006126826254750889,0,"2.541407,10.250254,9.110614,14.826555,19.205191,14.357472"
0.05,2,150,-0.0037101509407783113,-0.11076614143645942,-0.0038956965494573725,0,"2.615698,10.195698,9.416258,14.915391,18.955031,14.539831"
0.05,2,151,-0.0028751859128447973,-0.10518906162900625,-0.003017957263539983,0,"2.549822,10.278169,8.831507,14.72503,19.288285,14.127897"
0.05,2,152,-0.005483120285061977,-0.10943434513759909,-0.0062434851843597705,0,"2.591766,10.414861,9.200762,14.898352,19.023956,14.603947"
0.05,2,153,-0.0054309493034790345,-0.10838641947328953,-0.006535798779886748,0,"2.577105,10.372016,9.366607,14.744357,19.393713,14.131047"
0.05,2,154,-0.005354478671135285,-0.10684687695391268,-0.007149978517847377,0,"2.576247,10.36748,8.597284,14.478786,19.115379,14.152335"
0.05,2,155,0.0035081852442843714,-0.10640404131589604,0.003694732053578176,0,"2.577602,9.895458,9.007921,15.03694,19.008509,14.254403"
0.05,2,156,-0.005315031221775038,-0.106051458327151,-0.007532350001188848,0,"2.557953,10.176091,9.15446,14.847437,19.233359,14.321621"
0.05,2,157,-0.005275020226846263,-0.10528293193017074,-0.00590471972759643,0,"2.554017,10.213098,8.824413,14.731107,19.358146,14.061652"
0.05,2,158,-0.00200736658451372,-0.10934091236354701,-0.002105157515006617,0,"2.588369,10.554152,9.164476,14.51369,19.491074,14.216585"
0.05,2,159,-0.005454237891364598,-0.10885236462736081,-0.006502149226515264,0,"2.586574,10.444369,9.138384,14.600899,19.410646,14.222888"
0.05,2,160,-0.005009216780788706,-0.11164712476703686,-0.005261721882906939,0,"2.622915,10.313598,9.452653,14.77612,19.158938,14.463082"
0.05,2,161,-0.00412198011677905,-0.10637048478235908,-0.004328998993154143,0,"2.565473,10.229848,8.929116,14.738609,19.324945,14.128557"
0.05,2,162,-0.005499025185962204,-0.10975895196365652,-0.005883831769679021,0,"2.599962,10.313263,9.229583,14.907269,19.082329,14.527016"
0.05,2,163,-0.00547548984454192,-0.10928957144763612,-0.005838730092348587,0,"2.595632,10.337853,9.177601,14.659391,19.404572,14.209468"
0.05,2,164,-0.005455565830430361,-0.10888086872426038,-0.006398263980135044,0,"2.587735,10.277559,9.367788,14.778939,19.39046,14.132933"
0.05,2,165,-0.00539236383246548,-0.10760333058311043,-0.00717593345347628,0,"2.587019,10.273779,8.72668,14.55763,19.158516,14.150673"
0.05,2,166,-0.0053593955678014555,-0.10694243132817793,-0.007291452448578706,0,"2.571759,10.114288,9.190999,14.86484,19.256832,14.291744"
0.05,2,167,-0.004272632913408789,-0.1063076671633162,-0.004487425763763209,0,"2.568475,10.145127,8.915957,14.767897,19.360821,14.075104"
0.05,2,168,-0.005025263949897906,-0.11159202957002114,-0.005278599661832278,0,"2.625931,10.228878,9.439493,14.805409,19.194814,14.409629"
0.05,2,169,0.008762775948329977,-0.11073077739384561,0.009220582036068847,0,"2.616337,10.214919,9.352235,14.799157,19.222482,14.353875"
0.05,2,170,0.00845878443553355,-0.11001939062279893,0.008900873237357054,0,"2.606796,10.228598,9.253602,14.914699,19.130974,14.462908"
0.05,2,171,-0.0054939392835259716,-0.10964125627500962,-0.0067309546965681755,0,"2.603186,10.24909,9.210283,14.708134,19.399509,14.198284"
0.05,2,172,-0.005475941040571155,-0.10929592014327472,-0.005979197263426078,0,"2.596601,10.198845,9.368773,14.807758,19.38775,14.134505"
0.05,2,173,-0.005425457382191259,-0.10823775028213053,-0.008587347969080117,0,"2.596004,10.195695,8.834512,14.623333,19.194463,14.149288"
0.05,2,174,-0.005394748941051007,-0.1076779261862163,-0.005756563611452353,0,"2.583276,10.062786,9.221447,14.879341,19.276393,14.266848"
0.05,2,175,-0.001236192569119114,-0.10715139645145716,-0.0012943214672659353,0,"2.580537,10.088486,8.992245,14.798556,19.363051,14.086314"
0.05,2,176,0.02814746713540217,-0.10781865716662685,0.029604982457816398,0,"2.593385,9.971462,9.080046,14.674959,19.534147,13.86296"
0.05,2,177,-0.005498155398513446,-0.10972712746491699,-0.006644914625633075,0,"2.60456,10.185742,9.224675,14.874742,19.19817,14.362916"
0.05,2,178,-0.005582293516061113,-0.1114216608049408,-0.0059362029198165855,0,"2.627698,10.143992,9.418884,14.816497,19.24711,14.331754"
0.05,2,179,-0.005307155285778545,-0.11210890042903823,-0.00557500377596834,0,"2.635576,10.153243,9.489992,14.819487,19.227787,14.372661"
0.05,2,180,-0.0039464064861317585,-0.11212350552930324,-0.004144066786745143,0,"2.639788,10.19676,9.255489,14.714763,19.324007,14.172856"
0.05,2,181,-0.005160354506255056,-0.10842953444113582,-0.005420824469775487,0,"2.592677,10.085115,9.227121,14.851912,19.284328,14.251182"
0.05,2,182,-0.00457525613299806,-0.11127963687091058,-0.004805396867505668,0,"2.6388,9.86173,9.381225,14.929292,19.353016,14.173929"
0.05,2,183,-0.005505717463544679,-0.10988530444561585,-0.0062715537280054745,0,"2.608413,10.178783,9.257043,14.865035,19.206326,14.357723"
0.05,2,184,0.009411730123211016,-0.10993134128867167,0.009902967233056892,0,"2.607268,10.231573,9.24505,14.726194,19.374109,14.220529"
0.05,2,185,-0.0054748079613555324,-0.10965216055303137,-0.0057514331493010995,0,"2.601778,10.189702,9.377124,14.809214,19.36431,14.16738"
0.05,2,186,-0.005451280501402179,-0.10877578395375834,-0.007423699491129698,0,"2.601281,10.187078,8.931904,14.655527,19.203237,14.179699"
0.05,2,187,-0.005427519310015643,-0.10830544572758137,-0.00719131721073199,0,"2.590669,10.07632,9.254353,14.868867,19.271512,14.277665"
0.05,2,188,-0.005506463343450776,-0.109908928137319,-0.005812094924167982,0,"2.611429,10.106267,9.270088,14.824072,19.274252,14.248025"
0.05,3,1,0.03750876064326377,-0.12021618310129656,0.039449783324484816,0,"2.522338,14.709981,15.423952,15.22622,18.772208,27.695726"
0.05,3,2,0.05787692285777603,-0.18171641825560284,0.06087176894546381,0,"3.707829,14.709981,15.423952,15.22622,18.772208,27.695726"
0.05,3,3,0.05770953126801483,-0.12847999869765214,0.060692944179977615,0,"2.522338,22.08997,15.423952,15.22622,18.772208,27.695726"
0.05,3,4,0.05500509330660145,-0.12375763824703563,0.05784876301436859,0,"2.522338,14.709981,23.160928,15.22622,18.772208,27.695726"
0.05,3,5,0.05415279906893858,-0.12248691587510153,0.056952440627511786,0,"2.522338,14.709981,15.423952,22.86433,18.772208,27.695726"
0.05,3,6,0.05478036706184079,-0.12123838746846308,0.057612312930452936,0,"2.522338,14.709981,15.423952,15.22622,28.183311,27.695726"
0.05,3,7,0.05183581852091573,-0.12058186379386057,0.05451585005952514,0,"2.522338,14.709981,15.423952,15.22622,18.772208,41.56859"
0.05,3,8,0.05705043771214513,0.006534399499339136,0.05999275565715355,0,"1.458928,17.169977,18.002944,17.772257,21.909242,32.320014"
0.05,3,9,0.040945312122078685,-0.07626804614199213,0.043061281375872326,0,"2.147995,8.150278,18.862608,18.620936,22.95492,33.861443"
0.05,3,10,0.052053296760960724,-0.17029427527849852,0.054747159655843786,0,"3.5732,10.063362,16.570171,16.357792,20.166445,29.750965"
0.05,3,11,0.0405813102516853,-0.12540871221987326,0.04268108805646595,0,"2.736111,10.974447,9.215367,19.281019,23.768226,35.060333"
0.05,3,12,0.03680304301458505,-0.1306911074869307,0.03870821554230969,0,"2.808118,9.729306,14.882682,20.632619,12.885429,37.515202"
0.05,3,13,0.03326681547019337,-0.13146194870378944,0.034989629914957215,0,"2.856309,8.89926,14.792471,21.533685,10.335812,39.151781"
0.05,3,14,0.030673303301353164,-0.12850372638711569,0.03226218885080448,0,"2.920784,7.792707,14.672189,12.550964,19.484388,41.333886"
0.05,3,15,0.026545724793889554,-0.12591946080512118,0.02792157397016648,0,"2.988199,6.640653,14.546895,10.832086,19.603084,43.606913"
0.05,3,16,0.028058079911813832,-0.031198942247231885,0.02950695605334265,0,"1.747902,11.297642,12.851547,17.21559,17.902363,43.897297"
0.05,3,17,0.016783560070514486,-0.08604271004738928,0.017653780120949425,0,"2.4581,5.517543,13.140295,19.010285,19.006652,32.855908"
0.05,3,18,0.012569330562812365,-0.07075179783130167,0.013221376678799024,0,"2.44743,3.999275,12.759687,19.640963,19.045727,31.403794"
0.05,3,19,0.020778797234052532,-0.13190424249046387,0.021857502966693365,0,"2.948266,10.683796,7.667797,15.955579,13.520876,39.743838"
0.05,3,20,0.01642375328666071,-0.09383324111715498,0.017275824121895544,0,"2.417663,7.762872,16.79869,14.187016,9.291878,40.106117"
0.05,3,21,0.18421461218563911,0.0030413404643119257,0.19371624177781788,0,"2.594261,1.877139,11.048268,17.895413,11.127679,51.60752"
0.05,3,22,0.03248340942888248,-0.11702184904769458,0.03416505654486027,0,"2.534295,12.543496,14.694669,15.671086,17.498117,31.681025"
0.05,3,23,0.00733160723840385,-0.06550509224118131,0.007713215724292455,0,"2.164917,8.736858,11.647142,9.633813,21.951538,37.661214"
0.05,3,24,0.02318915329871751,-0.04814668721400195,0.024387781306144607,0,"2.054487,8.709792,11.122925,7.6509,23.887498,37.412786"
0.05,3,25,0.21310794214188689,-0.01285460797112059,0.2241007254558972,0,"2.352256,3.845016,10.729112,13.483903,16.273674,47.125366"
0.05,3,26,0.027256652896581014,-0.11103937759566979,0.028668389363752877,0,"2.50374,11.090158,14.03374,15.306555,17.294043,34.255082"
0.05,3,27,0.22964023873887246,-0.13881342124196738,0.24149238068240664,0,"3.46636,5.006812,12.966281,11.303064,15.666655,31.695023"
0.05,3,28,0.02286058475046995,-0.0618478327207176,0.02404298558505283,0,"2.01298,10.248077,12.870669,16.230167,17.529745,41.863584"
0.05,3,29,0.0966528032071598,-0.06610249103463023,0.10164163029781959,0,"2.477519,4.934107,11.396405,13.519959,16.353542,43.873405"
0.05,3,30,0.02348706087190079,-0.10743858267759408,0.02470417246020787,0,"2.499366,10.062976,13.594183,15.008789,17.137293,35.858136"
0.05,3,31,0.004732827609153742,-0.04331447837901533,0.0049792242842133586,0,"1.865644,10.518903,10.565693,19.386688,13.222572,31.938648"
0.05,3,32,0.004881061205442849,-0.01978094016972832,0.00513386639933891,0,"1.694028,11.165479,9.902179,20.812458,12.159157,29.993937"
0.05,3,33,0.0026063386308080977,-0.05494741445303031,0.002743662654746043,0,"2.110726,7.247982,10.508903,16.669264,14.383455,38.380929"
0.05,3,34,0.0067779855538681105,-0.04239527535622267,0.00712982314278976,0,"2.047719,6.779131,9.994703,16.94601,13.924482,38.801395"
0.05,3,35,0.011201294729743858,-0.0934609761055191,0.011783971584782726,0,"2.637243,6.064233,10.445156,15.594252,12.942241,31.214596"
0.05,3,36,0.02451077789750611,0.03682495380304207,0.025773107576440357,0,"1.642694,4.102225,16.574396,15.748398,16.75823,30.491262"
0.05,3,37,0.01602858478924701,-0.11616367882465299,0.016861446945883846,0,"2.718228,9.584138,9.151946,15.921049,14.060435,38.201742"
0.05,3,38,0.025282685366599538,-0.05225455958311226,0.02658951374370755,0,"2.221176,7.614578,4.901548,18.094972,22.576868,29.494191"
0.05,3,39,0.00930798915877732,-0.08957400304247187,0.00979280494130022,0,"2.384628,7.738156,14.81459,14.838342,11.505977,38.337463"
0.05,3,40,0.00594481504956193,-0.010504525011864219,0.006252000920986933,0,"1.834103,5.182641,14.428519,16.000037,16.956731,31.443806"
0.05,3,41,0.09018213301490463,-0.04286283833194196,0.09483598102615409,0,"1.885363,11.179065,11.376964,11.066496,11.275119,38.255091"
0.05,3,42,0.00865377489722022,-0.07133823614092205,0.009103887490433005,0,"2.35103,5.186098,12.529232,18.211882,17.750623,32.545677"
0.05,3,43,0.01787049144686136,-0.003648279779891024,0.01879244319980057,0,"1.628988,8.804266,14.386211,15.985735,18.981389,38.887983"
0.05,3,44,0.011048176916576943,-0.08458990164594193,0.011622489522750135,0,"2.460227,6.520415,11.101989,15.659499,13.948765,32.493494"
0.05,3,45,0.012654456833097854,-0.02619108377058335,0.013308550804234064,0,"1.78617,8.347318,13.729365,15.920488,17.974864,37.609085"
0.05,3,46,0.001196385588571946,-0.07723961022435473,0.001262156337434317,0,"2.343791,6.824718,11.539882,15.702997,14.619781,33.346092"
0.05,3,47,0.027120549021252927,-0.013479005544794087,0.02852013562388156,0,"1.843035,6.824693,8.925308,17.029864,21.455599,30.101327"
0.05,3,48,0.007266520688883756,-0.07961905663005779,0.007645514108749418,0,"2.291675,7.585875,13.833021,15.203595,13.164241,36.964773"
0.05,3,49,0.03959787266321806,-0.03766149210429464,0.041642311097137896,0,"1.855788,10.182501,11.645142,12.653563,13.682149,37.366144"
0.05,3,50,0.006896119277702615,-0.06818311405718734,0.007255406102745124,0,"2.266209,6.016592,12.381884,17.285495,17.072544,33.349088"
0.05,3,51,-0.0018989832808547673,-0.048439579176298014,-0.0019943859318533597,0,"2.066917,5.722017,12.772147,23.782278,7.855289,30.813232"
0.05,3,52,-0.002192213070340261,-0.043720073086901054,-0.004235170885119377,0,"2.050714,5.221161,12.959649,26.140366,5.509518,29.671902"
0.05,3,53,-0.0006979780800573168,-0.020689126966219995,-0.0007328919750870244,0,"1.866785,6.08248,10.295166,21.858021,14.089276,29.078715"
0.05,3,54,0.008796483254499301,-0.016961289814317007,0.009251097659172425,0,"1.762772,7.673891,11.050707,21.300295,9.186649,31.270943"
0.05,3,55,0.0035257642489761633,-0.061106393634614634,0.0037108360782984323,0,"2.179691,6.292549,12.16002,17.954629,15.758211,33.002731"
0.05,3,56,0.005039544110992456,-0.0833206450793012,0.005303864707131206,0,"2.309094,8.881931,8.248147,23.237285,8.90299,33.695866"
0.05,3,57,0.003385284329518878,-0.07404298348973226,0.003563790397700578,0,"2.22775,8.264586,9.278084,22.031077,10.245202,33.320523"
0.05,3,58,0.04787143587290091,-0.02921760443310739,0.05034218071730645,0,"2.400797,2.848113,11.681518,20.732097,11.644555,33.661649"
0.05,3,59,0.0037865159894964256,-0.05008142910997646,0.003984457711711367,0,"1.951992,9.230564,10.751662,19.610923,12.959569,32.225815"
0.05,3,60,0.008216972684065831,-0.0502637408863566,0.008643446943698563,0,"2.309038,4.093642,11.495546,20.507862,11.907557,33.374483"
0.05,3,61,0.0011160915227444589,-0.05290334206335983,0.0011764411271335262,0,"2.010259,8.371757,10.875642,19.760412,12.784233,32.41726"
0.05,3,62,-0.0013028688006207836,-0.04974029751570279,-0.0013674554768862701,0,"2.021257,7.71065,9.659096,22.766084,8.117877,32.40241"
0.05,3,63,0.010797977867225484,-0.023748565979397118,0.01135618623011142,0,"1.907593,5.555733,12.668073,18.934638,12.921429,31.77858"
0.05,3,64,0.001250144814462665,-0.0669549141707798,0.001318147705106687,0,"2.173387,7.812656,9.843057,21.515004,10.691233,33.063532"
0.05,3,65,-0.0025612783755597445,-0.0510532513149708,-0.0063822602583745724,0,"2.041745,6.758407,11.215241,25.911697,7.552916,24.945708"
0.05,3,66,-0.001193696868270357,-0.05003581745628818,-0.0012526369182370711,0,"2.030316,6.676835,11.332965,27.452102,6.415518,22.706504"
0.05,3,67,-0.0016498599641946916,-0.03291500254077662,-0.0025937758198124605,0,"1.937341,5.8435,12.338512,22.531522,10.1984,27.557163"
0.05,3,68,0.019771707865126255,0.004447484011419867,0.020791298691756332,0,"1.650784,6.503039,10.90787,30.619704,4.804215,25.34496"
0.05,3,69,-0.0005666774699206846,-0.06693545213653053,-0.0005923872940889197,0,"2.22328,6.771096,11.434546,18.189115,12.982484,32.01257"
0.05,3,70,0.0013312579744404953,-0.03042656637272556,0.0014015240577939236,0,"2.034982,4.431751,11.758412,26.038522,6.698853,26.138896"
0.05,3,71,-0.001393737668624934,-0.050851774320254,-0.0014629529206676706,0,"2.014373,7.713349,11.02277,20.806764,11.769803,31.370866"
0.05,3,72,-0.0006273595186356057,-0.012361761001719054,-0.009108821578491522,0,"1.761899,6.33745,11.062247,28.48237,6.097391,26.329684"
0.05,3,73,0.0015976837017622847,-0.023432282300761262,0.001681324271388951,0,"1.836338,6.409705,11.124297,26.766827,7.243745,27.276832"
0.05,3,74,-0.0022694493447754124,-0.045248412680611735,-0.005017147485047446,0,"2.049219,5.476853,12.668913,26.102255,5.849502,28.884203"
0.05,3,75,-0.001827595448419636,-0.03645288971326091,-0.0032929666009763325,0,"1.95462,5.995864,12.1513,23.094885,9.757425,27.121921"
0.05,3,76,-0.0021729098327447904,-0.05096055212693011,-0.0022823090647651756,0,"2.018927,7.55415,11.054848,21.657586,11.06691,30.300006"
0.05,3,77,-0.0025111672408639225,-0.05004294464172396,-0.006860906890145638,0,"2.024668,7.551901,9.918447,23.290353,8.023708,31.159626"
0.05,3,78,0.007952497949879194,-0.026692488544437343,0.00836409125012505,0,"1.895588,6.195078,10.448511,22.533633,12.999797,28.389881"
0.05,3,79,-0.001272542482201835,-0.06464890120666984,-0.0013347810475224792,0,"2.192722,6.768981,11.397995,19.476212,12.077472,30.83476"
0.05,3,80,0.0051619501775950856,-0.07021008586169629,0.005431895138428067,0,"2.201101,7.173102,12.353738,23.977362,5.114273,29.35886"
0.05,3,81,-0.0004000722835817119,-0.06396500078552561,-0.00041734479577520966,0,"2.149246,7.010021,12.036198,23.736741,6.425124,29.197364"
0.05,3,82,-0.0017843152823923958,-0.0355901573293404,-0.0031872716409565294,0,"1.945515,6.357987,10.766045,22.774255,11.684545,28.551377"
0.05,3,83,0.006346594235195067,-0.022529899820679614,0.006675136158773964,0,"1.823885,6.461909,11.193592,28.134132,5.902332,26.152854"
0.05,3,84,-0.0029355184066231724,-0.05857342002351805,-0.0041249836274671325,0,"2.129826,6.717794,11.363928,20.919198,11.047837,30.054442"
0.05,3,85,-0.00011619868173450481,-0.06185134581860422,-0.00011894012770763407,0,"2.128343,6.992954,12.024842,24.217736,6.082572,28.937258"
0.05,3,86,-0.002015971940553597,-0.04021144638786257,-0.003567419832710861,0,"1.975632,6.463777,10.975843,23.014835,10.750516,28.615691"
0.05,3,87,-0.0016451348966552235,-0.06220492570784685,-0.0017267202801091869,0,"2.126167,7.511745,10.247778,23.870424,8.338738,30.864638"
0.05,3,88,-0.001956440938821325,-0.04085400095527021,-0.002055206097874296,0,"1.982901,6.248278,11.834043,23.224141,9.520962,27.745707"
0.05,3,89,-0.0027049408655421612,-0.058181762920988554,-0.002841402573632801,0,"2.097275,7.258931,10.565027,23.741167,8.575166,30.240852"
0.05,3,90,-0.0022895493876308706,-0.06445336087820852,-0.0024042554493790003,0,"2.145747,7.30836,11.286282,24.192584,6.621531,29.912588"
0.05,3,91,0.005273462433205094,-0.05821511976062378,0.005548528512743178,0,"2.144161,6.136467,11.284421,26.394832,4.829589,28.099133"
0.05,3,92,-0.002520850335716993,-0.05237084815404688,-0.002648122186560062,0,"2.039642,7.317736,11.09311,22.447127,10.026051,29.933194"
0.05,3,93,-0.0023729505008803224,-0.06373063242566385,-0.0024919963923014238,0,"2.110234,8.830216,9.145166,20.731787,11.434986,29.864601"
0.05,3,94,-0.0023437012082097148,-0.046737956500115405,-0.004701563556777394,0,"2.002557,7.503053,9.814018,21.48786,12.266323,28.820219"
0.05,3,95,-0.002507720000127941,-0.05000974302299786,-0.004981433501997229,0,"2.026215,7.470602,10.05939,21.938647,11.32531,29.002281"
0.05,3,96,-0.0009317502617365024,-0.040223959962869246,-0.0009776950036682885,0,"2.009699,5.530747,12.259941,25.350943,7.415585,28.580767"
0.05,3,97,-0.0026348446407794225,-0.06056419098926781,-0.002767565519985235,0,"2.093377,8.279774,9.664269,21.501647,10.764998,29.650628"
0.05,3,98,-0.0009253358954591927,-0.06048922522361757,-0.0009698842570040611,0,"2.116047,7.157422,11.213947,23.998416,7.338536,29.659203"
0.05,3,99,-0.0025924578952177552,-0.05170928882509646,-0.00463998897018611,0,"2.041105,7.418401,10.251814,22.281942,10.660753,29.111768"
0.05,3,100,-0.002909530195223048,-0.06086037455692557,-0.0030564037820024204,0,"2.123163,7.031658,11.466021,22.310573,11.51893,26.819238"
0.05,3,101,-0.003079566775707291,-0.06144237099567942,-0.00460642881424872,0,"2.136007,7.170415,10.415648,23.108281,10.013977,27.007685"
0.05,3,102,-0.0031454192104021102,-0.06275580427914676,-0.004727585506120874,0,"2.152194,7.145863,10.302739,23.218473,10.011964,26.5201"
0.05,3,103,-6.406478402598732e-5,-0.06582896439997801,-6.390802440295329e-5,0,"2.170973,7.859135,9.989357,18.74597,13.307392,32.519968"
0.05,3,104,-0.0026962199182747615,-0.0537663148948368,-0.005490376619136705,0,"2.063121,6.941796,11.010925,24.717409,8.511759,26.208084"
0.05,3,105,-0.003329387029377142,-0.06644062426428499,-0.004246089420713639,0,"2.179089,7.040079,11.205817,23.187547,9.482737,27.386014"
0.05,3,106,-0.0007152020994947488,-0.06869851691915271,-0.0007484801237171157,0,"2.202335,6.977036,11.364819,23.338482,9.286409,27.098388"
0.05,3,107,-0.0029263361019513223,-0.05836211530764601,-0.005591821898567523,0,"2.154785,5.767177,12.307247,24.52981,8.951105,26.092282"
0.05,3,108,-0.0004069837771559581,-0.06786440102047084,-0.00042440775761599936,0,"2.216349,6.71169,11.392663,21.251514,11.350879,29.496224"
0.05,3,109,-0.0028227452242120758,-0.056289443829175376,-0.0057458532229977405,0,"2.088438,6.903442,11.074548,24.13976,8.984901,26.756108"
0.05,3,110,-0.003158165086314159,-0.06299877627572872,-0.005343509172564528,0,"2.178668,6.27636,12.008409,22.36062,11.424058,24.301876"
0.05,3,111,-0.002681539099500174,-0.06706919311913709,-0.0028163264523310555,0,"2.217961,6.422575,11.810169,21.368981,11.827346,26.968542"
0.05,3,112,-0.002918067395979305,-0.058216264952693324,-0.00457193168105656,0,"2.10987,6.823277,11.197151,23.677963,9.458614,26.791514"
0.05,3,113,-0.003093343168858493,-0.061735632463075424,-0.0036576464016500054,0,"2.178333,6.225064,11.329071,23.653964,8.606583,26.896171"
0.05,3,114,-0.0032847527264876337,-0.06553506158688945,-0.0049714674355968574,0,"2.214742,6.23393,11.641915,22.278574,10.38277,26.958781"
0.05,3,115,-0.003355622370446163,-0.06695998840418427,-0.004499948228147088,0,"2.189448,7.44667,10.310055,20.676316,11.367565,27.946846"
0.05,3,116,-0.003412195566021246,-0.06808046565081051,-0.005019221261242296,0,"2.195241,7.726867,9.977198,20.034067,11.770324,28.25594"
0.05,3,117,-0.0002332333030586584,-0.07071830594894857,-0.00024154517878038906,0,"2.236579,6.83124,10.791113,23.991884,9.511614,23.385185"
0.05,3,118,-0.002973306878242329,-0.06069382714811304,-0.003123478823160969,0,"2.147517,6.736701,11.268459,21.431313,10.791795,28.942899"
0.05,3,119,-0.0034464356655704797,-0.06878290756286698,-0.004053833735775669,0,"2.218687,6.812331,10.886582,23.47977,9.767644,24.496728"
0.05,3,120,-0.003514792468392547,-0.07008629110952946,-0.007340629853260075,0,"2.230611,6.824937,10.822936,23.821179,9.596957,23.755699"
0.05,3,121,-0.003512029907582557,-0.07009146248203366,-0.004160221428181579,0,"2.205122,7.524457,10.657259,21.312856,12.283128,25.496632"
0.05,3,122,-0.003346327643232586,-0.07169346873696987,-0.0035151616486626402,0,"2.249213,6.729401,11.801774,21.113142,11.634682,25.531548"
0.05,3,123,0.00010108994749494251,-0.07405125055938024,0.0001101977075796956,0,"2.24608,7.750475,10.027235,21.555168,10.292787,28.159662"
0.05,3,124,-0.0032596443542810987,-0.06502715724742156,-0.005300141102788869,0,"2.189864,6.521878,11.678209,22.226378,11.235512,24.94484"
0.05,3,125,-0.002774076207033843,-0.0723409805185952,-0.002913359438464602,0,"2.234806,7.504667,10.357425,21.68941,10.48133,27.516698"
0.05,3,126,-0.0033221335175504015,-0.06630416972544873,-0.0037998134649394333,0,"2.197337,6.685607,11.458076,22.136884,11.109814,25.373483"
0.05,3,127,-0.0035859268706867333,-0.07155611977138898,-0.004782185398647054,0,"2.204064,7.943708,10.33244,21.589984,11.576425,24.974324"
0.05,3,128,-0.0036262799973796975,-0.07236608981096679,-0.004586528779799717,0,"2.202286,8.228851,10.114198,21.475219,11.775369,24.643582"
0.05,3,129,-0.002843441385704712,-0.07321418974097449,-0.002986256560510714,0,"2.223138,8.006038,10.06832,21.51112,11.071225,26.316322"
0.05,3,130,-0.0033855879458412723,-0.06755577249290547,-0.004654244811951147,0,"2.201632,6.905585,11.226448,22.03259,11.103382,25.530623"
0.05,3,131,-0.0036877975532763024,-0.0735601885946604,-0.00643169906689392,0,"2.24905,7.606483,10.32745,20.07547,13.238584,23.685328"
0.05,3,132,-0.0037437143188376212,-0.07466187451735551,-0.007249999204187535,0,"2.260768,7.700902,10.181057,19.556791,13.86457,23.068547"
0.05,3,133,-0.003466467337220199,-0.06913013923743741,-0.006846177248901575,0,"2.182744,8.241328,9.191307,21.631092,11.829877,24.718793"
0.05,3,134,-0.003695390410833775,-0.07371671215649427,-0.00617786042235495,0,"2.223893,8.510383,9.08824,20.577812,12.603346,24.449108"
0.05,3,135,-0.003777464817399818,-0.07533661214921647,-0.007228820348982895,0,"2.239887,7.949942,10.041113,22.757582,12.214074,20.454847"
0.05,3,136,-0.0038332554178798234,-0.0764750444987775,-0.0059783586484312146,0,"2.247351,7.987122,10.051765,23.211502,12.288032,19.154665"
0.05,3,137,-0.002507459226941134,-0.07673254988017404,-0.002632759450493849,0,"2.274131,7.350833,11.113869,21.687361,12.307239,22.137284"
0.05,3,138,-0.0035317855624854583,-0.07044382670627887,-0.006391616669684935,0,"2.197905,8.092891,9.51172,21.64047,11.909437,24.288542"
0.05,3,139,-0.0038094679450371115,-0.07595926783363634,-0.008112199961697514,0,"2.249147,8.257154,9.266055,22.114801,11.729425,20.956749"
0.05,3,140,-0.0038503033427376033,-0.07679592004524005,-0.007018467866672276,0,"2.22977,9.434723,8.581482,19.037686,15.126494,21.764698"
0.05,3,141,-0.003885620479759067,-0.07750319896959207,-0.00693196982208813,0,"2.22963,9.869826,8.207963,18.240437,16.048095,21.432865"
0.05,3,142,-0.004009439648591252,-0.0799659124702234,-0.007521820480599989,0,"2.273246,8.758461,9.457991,20.08505,14.193508,20.279963"
0.05,3,143,-0.0040859578689651024,-0.08149501294984626,-0.007507864026627786,0,"2.285868,8.869397,9.449036,19.825814,14.574187,19.611867"
0.05,3,144,-0.004066148275756057,-0.08104663001237855,-0.010278361722642543,0,"2.296814,8.836008,8.633846,19.7005,15.260518,18.247685"
0.05,3,145,-0.004125617848030099,-0.08226960467439678,-0.00844645692267304,0,"2.299404,8.662998,9.508286,20.305469,15.318262,16.375017"
0.05,3,146,-0.004197008662244707,-0.08365497930030806,-0.010607313962408466,0,"2.312053,8.688434,9.578295,20.260079,15.770748,15.029335"
0.05,3,147,-0.003985837376618712,-0.07950111979407473,-0.007164558868706705,0,"2.270093,8.751298,9.197805,20.558855,14.278499,19.072194"
0.05,4,1,0.021633772124856024,-0.10102013471031084,0.02275495360596408,0,"2.579118,7.037777,7.850281,27.26598,18.249298,27.775472"
0.05,4,2,0.044177258386496915,-0.16753120945953218,0.04646472995106987,0,"3.79804,7.037777,7.850281,27.26598,18.249298,27.775472"
0.05,4,3,0.032684367467950004,-0.11455528108788751,0.03437625030969493,0,"2.579118,10.580374,7.850281,27.26598,18.249298,27.775472"
0.05,4,4,0.03122474733812304,-0.1067014880136658,0.03284093003052077,0,"2.579118,7.037777,11.799845,27.26598,18.249298,27.775472"
0.05,4,5,0.048798569125510345,-0.10650726418480905,0.05132119931512655,0,"2.579118,7.037777,7.850281,40.923969,18.249298,27.775472"
0.05,4,6,0.037991323814133705,-0.10230214661394307,0.03995629520107724,0,"2.579118,7.037777,7.850281,27.26598,27.398947,27.775472"
0.05,4,7,0.03576637646854307,-0.10141464003185946,0.03761653840953222,0,"2.579118,7.037777,7.850281,27.26598,18.249298,41.688208"
0.05,4,8,0.01704577626683642,-0.12646530263387248,0.017931646807895385,0,"2.977548,8.218318,9.166644,13.607991,21.299181,32.41305"
0.05,4,9,0.12447746583778858,-0.12638619211270577,0.13090465865439216,0,"3.0449,8.415129,9.386065,9.055443,21.807495,33.18598"
0.05,4,10,0.0220017248470559,0.005663523313843982,0.02313627600913845,0,"1.593876,8.611947,9.60549,22.713316,22.315809,33.95891"
0.05,4,11,0.013009157352498815,-0.09159473335657287,0.013684985634540875,0,"2.362983,9.136828,10.190638,21.195762,11.471791,36.020056"
0.05,4,12,0.01088323087375847,-0.08892465547663031,0.011449263480237976,0,"2.327399,9.486767,10.580744,20.184059,8.817401,37.394153"
0.05,4,13,0.005295280402558607,-0.08721909396608125,0.005572996852891227,0,"2.280166,9.953366,11.100891,18.835122,17.477414,20.675969"
0.05,4,14,-0.0010973402946110595,-0.08374794710137025,-0.0011495377225469172,0,"2.231235,10.439417,11.642715,17.429979,17.348767,17.173929"
0.05,4,15,-4.7151398534057226e-5,-0.05844149957984471,-4.651067201752457e-5,0,"2.16644,6.364605,12.365151,15.556455,17.177237,31.054857"
0.05,4,16,0.04640210707681299,-0.049831003881153385,0.04879814777538993,0,"2.033219,9.681722,8.603822,11.653288,16.819884,32.147985"
0.05,4,17,0.024566351737374686,-0.09954196791023662,0.02583871795128051,0,"2.485941,7.478258,11.26715,24.663863,18.011063,28.504224"
0.05,4,18,-0.002690990508085692,-0.06266632598991713,-0.0028264968629120313,0,"2.12176,9.240963,9.136446,14.255397,17.058119,31.419233"
0.05,4,19,0.010502650546192168,-0.05442616898985836,0.01104723892385684,0,"2.062607,9.5348,8.781358,12.520656,16.899295,31.905068"
0.05,4,20,0.04592199369559207,-0.14237350557223832,0.04829813593866206,0,"3.274046,8.316737,10.641715,13.386638,11.000826,25.117988"
0.05,4,21,0.015065264323576718,-0.0344960664831174,0.015844144410222277,0,"1.849424,8.562744,9.778191,21.15887,20.429976,32.485423"
0.05,4,22,0.09858604680228741,-0.04995167484227414,0.1036737414017872,0,"1.977066,10.399941,13.039972,6.799385,15.794213,32.87141"
0.05,4,23,0.016598261304390433,-0.09515751615156416,0.017459402892053222,0,"2.476031,7.597903,8.715069,23.854695,17.840117,28.624795"
0.05,4,24,0.002002311212669976,0.02427403172551585,0.0021043141186010833,0,"1.481737,9.012,11.572785,23.871828,11.591318,26.97108"
0.05,4,25,0.0005178701676876197,0.0010592201055355105,0.000544526217658492,0,"1.598769,10.10406,12.977038,13.630835,12.967438,30.208097"
0.05,4,26,0.008117948199093351,-0.06623694960680039,0.008540154631235808,0,"2.110329,9.652752,12.980108,13.817315,7.890439,25.58836"
0.05,4,27,0.0005038411175376925,0.010261932825757186,-0.01028275830679437,0,"1.583221,8.784036,12.977321,12.669879,19.193725,16.744365"
0.05,4,28,0.008482581048177326,0.005127691983269234,0.008919842960805682,0,"1.610641,8.328525,10.577026,18.654142,23.8888,25.60216"
0.05,4,29,-0.0028507455763369218,-0.056885247313269015,-0.0038304719029547685,0,"2.023959,9.432034,12.579592,14.623452,10.556546,25.59066"
0.05,4,30,0.1370291192624165,-0.08881806989028636,0.14410175105516698,0,"2.454261,9.109229,12.31994,5.520847,19.842627,23.759301"
0.05,4,31,-0.00017626331547910027,-0.0034653304706787416,-0.0029721320227676304,0,"1.631684,9.028205,11.697311,20.812663,12.96653,26.435783"
0.05,4,32,-0.003997124377896144,-0.08146498175453477,-0.004199012701833343,0,"2.331336,7.658806,10.489126,18.151773,18.466196,19.264845"
0.05,4,33,-0.0028298839973109236,-0.09082432766481534,-0.0029710739585968593,0,"2.461027,7.251429,10.074484,18.905263,19.382656,17.44097"
0.05,4,34,0.01293993631552104,-0.10901356872375637,0.013613110041492432,0,"2.616418,8.603471,9.659473,20.940029,11.997404,33.568737"
0.05,4,35,-0.0008901587849129701,-0.017685807840917903,-0.00524642365792527,0,"1.743524,8.753941,12.424337,14.048236,17.994337,19.548427"
0.05,4,36,-0.0022060247095361477,-0.04399976579212267,-0.004038349095166205,0,"1.854889,11.821262,10.291342,17.550711,14.286253,15.422769"
0.05,4,37,0.039935744160290894,-0.09961045257754313,0.04200086722006391,0,"2.492044,10.08715,10.490516,11.2072,18.936869,16.370838"
0.05,4,38,-0.0012693198254345526,-0.02524488419849568,-0.0061193382103617855,0,"1.766709,9.20469,11.496177,19.21175,13.961586,24.758292"
0.05,4,39,0.002272061088813888,-0.09534833540050813,0.0023942673175076645,0,"2.37537,10.511706,9.454147,19.692785,12.564813,24.994816"
0.05,4,40,-0.001706829450489614,-0.03386423603195081,-0.01255203904260617,0,"1.844461,9.046884,11.929296,14.988994,17.089416,20.456159"
0.05,4,41,0.01095899648325592,-0.012859763144091263,0.011524937663823676,0,"1.753215,8.3621,10.331256,15.49738,13.123931,28.463391"
0.05,4,42,-0.0037135510543678395,-0.07411910910827764,-0.0040943615774140935,0,"2.149145,10.093176,11.424137,17.107879,16.644627,19.055506"
0.05,4,43,-0.00443274100179522,-0.08836897863741167,-0.010393285255543283,0,"2.350164,9.892898,10.453778,13.014321,17.405459,18.978098"
0.05,4,44,0.06090725080371985,-0.09636080925323588,0.06405391329111154,0,"2.451804,10.007602,10.280047,11.981419,17.979438,18.014733"
0.05,4,45,-0.0027103161597803543,-0.09867493103064869,-0.0028449260352582384,0,"2.440573,10.33273,9.528853,16.57885,14.382976,22.787545"
0.05,4,46,0.0025953912555566226,-0.10015486481870717,0.0027345275764210086,0,"2.633187,7.06288,10.912603,13.693179,17.21838,30.27586"
0.05,4,47,-0.0028587300654858267,-0.056867531237381884,-0.013168554794592613,0,"1.979102,11.028066,10.394885,16.907789,14.774941,17.898284"
0.05,4,48,-0.004486898486936978,-0.08935454828898612,-0.015477205340234695,0,"2.30026,10.238176,12.487065,17.872624,13.685455,9.77247"
0.05,4,49,0.040761187679040474,-0.09282437855872092,0.042868530309657094,0,"2.330379,10.404382,13.045517,18.475495,13.123344,6.16671"
0.05,4,50,-0.002451568418757189,-0.04879471933159396,-0.009887069695695472,0,"1.942467,9.114899,13.080714,15.980429,16.12809,14.065724"
0.05,4,51,-0.004581415934150107,-0.091433978936906,-0.005416093008381445,0,"2.355471,10.129753,10.120809,16.479113,14.673828,21.333908"
0.05,4,52,-0.0035596536701627927,-0.1020036483202781,-0.0037378973529068604,0,"2.468015,10.248154,9.210397,18.55438,21.326981,9.843745"
0.05,4,53,-0.001227978673779308,-0.11285555427454197,-0.0012853839802992595,0,"2.685005,8.392273,11.000196,16.818907,19.292575,14.851204"
0.05,4,54,-0.0034267178281642096,-0.06825109360453857,-0.01131641395479377,0,"2.092692,10.588741,10.49577,16.892975,15.527879,17.390437"
0.05,4,55,-0.0015455992658859696,-0.10553046634782653,-0.001619772588010493,0,"2.563821,8.831526,10.89931,16.83372,18.539636,15.359051"
0.05,4,56,-0.003776715924940195,-0.07526720368988798,-0.010097242380317478,0,"2.169456,10.29586,10.563026,16.883099,16.029839,17.051873"
0.05,4,57,-0.003167338581651921,-0.06308373098703796,-0.01052404815860139,0,"2.087254,9.187982,12.63564,14.615223,10.974837,25.308523"
0.05,4,58,-0.003320084398521402,-0.09626908733560989,-0.0034862726159678448,0,"2.403441,10.071454,9.781244,17.897854,19.601621,12.421168"
0.05,4,59,0.03535145802525344,-0.08979974959548272,0.03717960777405038,0,"2.309439,10.220105,12.092684,17.640372,13.850184,11.699337"
0.05,4,60,0.008748519984408017,-0.08893407277490274,0.009204444700611769,0,"2.351048,9.932373,10.398283,13.591785,16.950187,19.370733"
0.05,4,61,-0.004180475967936903,-0.08344043463171094,-0.004507594336600418,0,"2.335354,8.070543,10.42774,17.872996,17.834135,19.609689"
0.05,4,62,-0.003920636424152999,-0.07816357417405335,-0.00899951235960915,0,"2.200174,10.268175,10.489323,16.815768,15.803837,17.765545"
0.05,4,63,-0.003399915328908423,-0.0770907946483171,-0.003571229601110476,0,"2.183177,10.099272,11.206913,17.003085,16.316161,19.43524"
0.05,4,64,-0.003166742516286687,-0.10035226983016027,-0.003324806669956548,0,"2.449172,10.22842,9.362128,18.208502,20.218122,11.758736"
0.05,4,65,0.0010575472121762063,-0.08303135123607397,0.0011164612016804354,0,"2.314402,9.356026,8.575833,15.683378,20.081907,24.725286"
0.05,4,66,0.001800995471825851,-0.08275977942914016,0.0018982422428069912,0,"2.260833,9.451633,9.662598,20.429163,18.02581,18.838732"
0.05,4,67,-1.8638723120113678e-5,-0.08392414485092027,-1.5187460831345145e-5,0,"2.275806,9.531755,9.78521,19.2896,17.846539,18.927399"
0.05,4,68,-0.004411517654045361,-0.08800910018803464,-0.007012831193923319,0,"2.284403,10.086563,11.88832,19.539644,14.148967,11.551561"
0.05,4,69,-0.004497684115803092,-0.08968289545911183,-0.009531787446889373,0,"2.325916,10.095765,11.379867,16.01677,15.151811,14.890822"
0.05,4,70,-0.00339291883228539,-0.06759163038405684,-0.010481822698257828,0,"2.115001,9.354889,12.475575,16.36729,11.091472,23.103524"
0.05,4,71,-0.0036926079846331893,-0.0735959833673048,-0.009609491683772578,0,"2.169781,9.500474,11.956656,16.674158,12.612571,21.212724"
0.05,4,72,-0.004580396996616948,-0.09127054883172367,-0.012953713251766419,0,"2.374332,9.284438,10.88065,17.463065,13.758889,16.019507"
0.05,4,73,-0.00421937122423032,-0.09965954670203711,-0.004431766388238306,0,"2.45734,9.811214,9.772265,18.05496,17.844587,12.510954"
0.05,4,74,0.034070489060624064,-0.10223312018125244,0.035833220165763846,0,"2.513041,8.891228,11.00055,18.326414,15.333568,14.206598"
0.05,4,75,-0.004139830121193969,-0.08254213055273009,-0.009048933715607888,0,"2.251582,10.038676,10.574527,17.067543,15.725459,17.172387"
0.05,4,76,-0.0049459578804241,-0.09866567515364283,-0.008148251562395653,0,"2.460205,9.120708,10.915345,18.07464,15.411946,14.799755"
0.05,4,77,-0.00506635099931133,-0.10106473385317095,-0.008485336800129695,0,"2.495401,8.96772,10.972149,18.242489,15.359694,14.404317"
0.05,4,78,0.028917284373692054,-0.10201345478317425,0.030414201636711935,0,"2.428617,11.388133,11.243606,17.392351,12.47846,10.627353"
0.05,4,79,-0.004370938053355903,-0.0872096200981109,-0.0064174394162651305,0,"2.350836,8.623392,10.563716,17.792889,16.941522,18.112629"
0.05,4,80,-0.00416281718674857,-0.08302417996518303,-0.007849452095956944,0,"2.27191,9.251307,12.162928,17.12303,12.166988,19.593295"
0.05,4,81,-0.00486945799911988,-0.09715043734614875,-0.00745116836330012,0,"2.426192,9.717894,10.170698,17.899638,16.89832,13.691342"
0.05,4,82,-0.004945540179597801,-0.09857913046249037,-0.012268105210693075,0,"2.402664,10.804051,11.240443,17.420685,13.055649,12.517856"
0.05,4,83,-0.005046001588634285,-0.10065716048695275,-0.00853758553926251,0,"2.509902,9.579961,9.699908,14.96761,15.483762,19.401031"
0.05,4,84,0.0007068472399418924,-0.10347824613170212,0.0007487472025327069,0,"2.529419,9.398828,9.648365,18.140764,14.591569,17.565164"
0.05,4,85,-0.004624550961689107,-0.0922090614567301,-0.009986774505016088,0,"2.359549,9.979607,11.091278,16.370769,15.058437,15.336546"
0.05,4,86,-0.004857058450674087,-0.10265125389745795,-0.005102188220178994,0,"2.475291,10.441892,10.217772,16.330369,16.417675,16.208824"
0.05,4,87,0.04636614795232545,-0.10573545126390814,0.04876327327923513,0,"2.534686,9.700606,11.009936,17.26474,16.084017,9.186164"
0.05,4,88,-0.004713572295154046,-0.09405073635248652,-0.00666625338115312,0,"2.385124,10.058228,10.268995,16.610051,14.90886,19.309267"
0.05,4,89,-0.003184164462719651,-0.10575047093782992,-0.003342843408352447,0,"2.539196,9.876956,9.765382,17.452845,15.649549,16.507665"
0.05,4,90,-0.004744260881052593,-0.0946019920208808,-0.00992755832369302,0,"2.389274,9.962499,10.870292,16.551115,15.156956,15.531732"
0.05,4,91,-0.005217241325817613,-0.10412799745410048,-0.005931634989352008,0,"2.514645,9.766427,10.788085,17.193918,15.881825,11.275778"
0.05,4,92,-0.005307342991526476,-0.10584782390395678,-0.01016779487730371,0,"2.536382,9.717794,10.874601,17.291229,16.043986,9.936896"
0.05,4,93,-0.0053817485031742735,-0.10739860332620156,-0.006787796524089312,0,"2.559805,9.780587,10.188226,17.499559,15.929406,13.188341"
0.05,4,94,-0.004092135034010257,-0.10937705032949413,-0.004297456418837775,0,"2.588478,9.750269,10.07455,17.657633,16.058147,12.797776"
0.05,4,95,-0.003711930141910203,-0.10119578738280781,-0.0038980707214270605,0,"2.501214,9.080789,10.830897,18.110034,14.50593,11.504428"
0.05,4,96,-0.005134969569658164,-0.10247070681735207,-0.006642835210202924,0,"2.479608,10.215035,10.319959,16.62698,16.099051,15.424757"
0.05,4,97,0.017537238352142652,-0.10831334299804159,0.01844750409516016,0,"2.568625,9.970472,10.927726,16.116545,13.758863,14.599708"
0.05,4,98,-0.0049677678528118555,-0.09909100239391774,-0.008698087364497037,0,"2.449802,9.75999,10.296869,17.602456,16.375077,13.842736"
0.05,4,99,-0.0006284519005223709,-0.10554759745055335,-0.0006553178617696442,0,"2.608463,8.536392,9.543478,16.65609,18.708011,16.214823"
0.05,4,100,0.011728201749708105,-0.10007299010202964,0.01233840412136622,0,"2.436696,10.426088,10.95761,17.293252,13.997708,13.134016"
0.05,4,101,-0.0013512138409854082,-0.1061615714563804,-0.001415327580222503,0,"2.540283,9.72826,10.760204,17.325951,16.024889,10.478791"
0.05,4,102,-0.005177914388568519,-0.10332154890149728,-0.007021964261663599,0,"2.492934,10.142626,10.298003,16.77241,16.070777,15.052021"
0.05,4,103,-0.005118401706018199,-0.10215653606802495,-0.005754816645841904,0,"2.50611,9.103194,10.841494,18.118668,15.454646,14.201654"
0.05,4,104,-0.00510927762328548,-0.10190034705041999,-0.009647635170483365,0,"2.518204,9.613399,9.781293,15.389601,15.558036,18.365583"
0.05,4,105,0.018289867475268857,-0.10052949391018404,0.019238544560664983,0,"2.46806,9.763423,10.278761,17.585307,16.300798,13.73367"
0.05,4,106,0.02518233244892898,-0.10022213461282187,0.026486506709774038,0,"2.428695,10.633472,11.065072,17.43383,13.534608,12.629604"
0.05,4,107,-0.005311462990608335,-0.10600705277188494,-0.006115788816309586,0,"2.60034,8.743744,9.650935,16.796668,18.24491,15.710409"
0.05,4,108,-0.005339360688498659,-0.10844691588820374,-0.005609062876811871,0,"2.604789,9.273834,10.22795,16.382312,16.126756,15.265254"
0.05,4,109,-0.003643774056340543,-0.10354245884551115,-0.0038262757593966745,0,"2.553615,9.157524,9.569104,16.327122,16.436621,20.115656"
0.05,4,110,-0.005213880239617792,-0.10406397454814137,-0.00576664577191266,0,"2.551392,9.252645,9.767617,16.493593,16.367999,18.509507"
0.05,4,111,-0.0005127929988056223,-0.10861212015255858,-0.0005335321444849828,0,"2.586867,9.152132,10.543448,18.631469,17.173462,12.276816"
0.05,4,112,-0.005165831654719267,-0.10305253159916453,-0.008476261243243965,0,"2.52962,9.53652,9.908317,15.929912,15.827274,17.350787"
0.05,4,113,-0.00418885513898845,-0.10850297493220752,-0.004399211304739303,0,"2.606937,9.806786,9.172219,15.172817,17.401061,17.490452"
0.05,4,114,-0.005177979180376638,-0.10330174395931556,-0.008133573908310154,0,"2.522854,9.220456,10.563274,17.627693,15.779049,14.749787"
0.05,4,115,-0.005407727209024547,-0.10792712946909667,-0.006288820101324366,0,"2.581008,9.268096,10.323682,17.927499,17.012359,13.474319"
0.05,4,116,-0.0036575692094731964,-0.10869237031519373,-0.00384051168931851,0,"2.589594,9.22336,10.39291,18.26043,17.209873,12.828242"
0.05,4,117,-0.0054389013915938506,-0.10853241811632795,-0.007214594601722357,0,"2.647556,8.370566,9.942555,17.470031,17.082716,15.247184"
0.05,4,118,-0.005473302197144938,-0.10922073955463697,-0.007162297300375736,0,"2.673513,8.07527,9.883314,17.586302,17.251373,15.279711"
0.05,4,119,-0.003709657577237099,-0.110974765180978,-0.0038951667689973712,0,"2.667724,8.9109,9.450645,16.600952,17.865219,15.726059"
0.05,4,120,-0.005246482900288877,-0.10467806199760775,-0.007732523482745973,0,"2.54688,9.168863,10.377832,17.456569,16.126744,14.912499"
0.05,4,121,-0.005538775396394231,-0.11051865985414823,-0.007701548099065203,0,"2.637402,8.850786,10.449698,18.056043,17.19585,10.767357"
0.05,4,122,-0.0005506795358878832,-0.11156515611977394,-0.0005732176014321411,0,"2.651794,8.783811,10.56338,18.316451,17.333825,9.47705"
0.05,4,123,-0.00560889931240042,-0.11193113152692905,-0.007101241555390991,0,"2.672276,8.828541,9.863435,17.292892,17.793474,12.982626"
0.05,4,124,0.02130776263646503,-0.11304512158119062,0.022412760810288757,0,"2.693294,8.771822,9.777704,17.265612,18.071263,12.660981"
0.05,4,125,-0.0011116143566855196,-0.11249383401532817,-0.0011630366107416301,0,"2.642478,9.281931,10.661175,18.118201,15.524829,11.275464"
0.05,4,126,0.015033273964978378,-0.10716024753186042,0.015814324598932616,0,"2.607353,8.83344,9.819305,17.016923,17.791563,14.97125"
0.05,4,127,0.034941023213103634,-0.11074009270767027,0.036749103757020896,0,"2.643208,8.847078,10.351987,17.928851,17.295454,11.136565"
0.05,4,128,-0.005418155648574517,-0.10969612527731086,-0.005691856398665179,0,"2.673306,8.200806,9.880001,17.5374,17.341723,14.896864"
0.05,4,129,0.020818379128217615,-0.10863891967000135,0.021897903227510507,0,"2.596173,9.194836,10.246973,17.821731,17.142544,13.39237"
0.05,4,130,0.0016909881240186676,-0.10822815406764626,0.0017838998177843735,0,"2.57848,9.621908,10.134094,17.465114,16.240084,13.154055"
0.05,4,131,0.03911735338625893,-0.10905767966474345,0.041140760576520496,0,"2.616013,9.199617,10.167197,16.534075,16.404543,14.884815"
0.05,4,132,-0.005362302524801172,-0.1070175186919475,-0.006395488704420554,0,"2.612301,8.757877,9.686351,16.879372,18.169671,15.255778"
0.05,4,133,0.010357857279214016,-0.10984980630348312,0.010897891339743615,0,"2.64248,8.617384,9.887082,18.441045,18.256441,12.054603"
0.05,4,134,-0.00327639315859188,-0.10775758110478893,-0.003439723728415417,0,"2.615044,8.893344,9.547332,17.217,17.685858,16.108878"
0.05,4,135,-0.005483899487814405,-0.10943040557197872,-0.007271251512494137,0,"2.668466,8.445113,9.419132,17.122543,18.019873,14.758562"
0.05,4,136,-0.005425398455087128,-0.10829112708728782,-0.005713204598286781,0,"2.63071,8.965122,9.623031,16.063729,16.82712,16.997655"
0.05,4,137,0.022769722706556122,-0.10888637091791009,0.02394991011630687,0,"2.71251,7.741842,9.205679,16.572531,19.039156,17.1794"
0.05,4,138,0.026738365721270394,-0.1086027154347416,0.028123240819225126,0,"2.600722,9.308526,9.979355,17.31635,16.706596,13.824945"
0.05,4,139,-0.005505983492563835,-0.10987660304728712,-0.007010010575910108,0,"2.669101,8.509016,9.493182,17.150934,17.98214,14.462573"
0.05,4,140,-0.005454555047678205,-0.10886945854908511,-0.0059354182068365735,0,"2.637629,8.942359,9.663098,16.268589,16.988179,16.328483"
0.05,4,141,-0.0018905840853980069,-0.11008507697424627,-0.001982312247278295,0,"2.673135,8.305423,9.87724,17.496648,17.417015,14.577824"
0.05,4,142,-0.005403428729416053,-0.1078521945362052,-0.005711992504191327,0,"2.622278,8.769654,9.715865,16.948292,18.106972,14.876919"
0.05,4,143,-0.004989346280758137,-0.10847262839597759,-0.005240993374350217,0,"2.624565,8.882544,9.600015,17.229649,17.703794,15.587835"
0.05,4,144,-0.005459190328286833,-0.10891400266110622,-0.008467889577333215,0,"2.594064,9.489676,10.088984,17.43641,16.498982,13.125483"
0.05,4,145,-0.004335460747309791,-0.10848346021273682,-0.004553379856248124,0,"2.600214,9.50188,9.597619,16.612274,17.607499,14.543482"
0.05,4,146,-0.005451952895522764,-0.10880255521237364,-0.006721060151014174,0,"2.612339,9.302458,9.644222,16.759669,17.575751,14.549206"
0.05,4,147,-0.001594785742616986,-0.1103269991754921,-0.001671243906260278,0,"2.644609,9.064678,9.88958,16.722614,17.278038,13.187262"
0.05,4,148,-0.005451754248118148,-0.10880886252312044,-0.006179661932599528,0,"2.627903,8.912899,9.648276,17.145143,17.632835,15.187739"
0.05,4,149,-0.004574770876135879,-0.11130280077417055,-0.004804885363160177,0,"2.648778,9.225322,9.751199,17.069587,16.716816,14.001784"
0.05,4,150,0.0018650419018020267,-0.10844863311624593,0.0019669428818106516,0,"2.626691,8.845597,9.721754,16.968508,17.875279,14.731063"
0.05,4,151,0.03207364995548682,-0.11022648375711064,0.03373380438474649,0,"2.66963,8.562269,9.55489,17.174594,17.950695,14.215915"
0.05,4,152,-0.0022200424554288585,-0.10943217907607733,-0.00232879840840744,0,"2.607066,9.379484,10.051392,17.412491,16.714731,13.101674"
0.05,4,153,0.02152312441874628,-0.1093601475808885,0.02263903720082583,0,"2.643397,8.923389,9.696488,16.439306,17.122395,15.77084"
0.05,4,154,-0.005479265872636935,-0.1093420049734297,-0.007051077596608418,0,"2.622309,9.22347,9.680758,16.84854,17.612039,14.288109"
0.05,4,155,-0.005477759609186612,-0.10933349908571673,-0.005913663101568101,0,"2.635288,8.898839,9.684135,17.169768,17.659608,14.82022"
0.05,4,156,-0.0032283511589192002,-0.10855262971837092,-0.0033891619195891287,0,"2.630597,8.779469,9.74046,17.005725,18.054722,14.561203"
0.05,4,157,-0.0054600188986770465,-0.1089789493914572,-0.005918401720645061,0,"2.600742,9.448814,10.017335,16.881646,17.034961,14.292309"
0.05,4,158,-0.00549880195118961,-0.10973856587411786,-0.006722872831589899,0,"2.612673,9.262812,9.982684,17.764381,17.834117,12.244543"
0.05,4,159,-0.003319115806878195,-0.10979615808531369,-0.0034845428245164622,0,"2.650894,8.767835,9.604879,16.908493,18.614909,14.627996"
0.05,4,160,-0.005570259082799262,-0.11116887669161729,-0.00658610987770164,0,"2.634086,9.363971,9.870614,17.282848,17.461647,13.19073"
0.05,4,161,-0.0055238002380917665,-0.11024527315446177,-0.006341386011531336,0,"2.608227,9.574326,10.094778,17.504865,16.517039,12.64485"
0.05,4,162,-0.005593610943988847,-0.11162428744543607,-0.007174060362916901,0,"2.660914,8.935172,9.708133,17.739451,17.924347,12.431384"
0.05,4,163,-0.005611853269929068,-0.11197836849444667,-0.007722028191590596,0,"2.634829,9.497261,10.049333,17.641224,17.387946,11.107203"
0.05,4,164,-0.0016063781153129882,-0.11236885912727228,-0.0016833268545734525,0,"2.634753,9.597001,10.1102,17.7198,17.342669,10.488377"
0.05,4,165,0.00041189412398642627,-0.11287116342770508,0.0004390742753644372,0,"2.652001,9.263883,10.17557,18.22668,17.360818,10.579019"
0.05,4,166,-0.003156353964575394,-0.10996151697503846,-0.003313377032153786,0,"2.627253,9.230206,9.763226,17.07823,17.570169,13.669924"
0.05,4,167,-0.002810278744003443,-0.11196868361982053,-0.0029493457172537485,0,"2.666027,8.939991,9.894418,17.350947,17.725886,12.670054"
0.05,4,168,0.014746184587606565,-0.11169788215062884,0.015512665736068243,0,"2.656563,9.028851,9.765,17.72308,17.834947,12.210686"
0.05,4,169,0.021857484405552012,-0.11130710098668879,0.022990745844262417,0,"2.63421,9.386186,9.9004,17.342577,17.449364,12.843474"
0.05,4,170,0.02116347017922318,-0.11053799818775432,0.022260893926213332,0,"2.612657,9.561481,10.087203,17.527591,16.66219,12.388574"
0.05,4,171,-0.005443232722700699,-0.11012091393156809,-0.005718204613285788,0,"2.616363,9.301886,9.993792,17.743855,17.759755,12.054986"
0.05,4,172,-0.005501381230152844,-0.10980489517580448,-0.005943396425084457,0,"2.624395,9.269101,9.742186,16.980654,17.57469,13.757956"
0.05,4,173,-0.0033354473021787005,-0.11077005707844449,-0.003501665491692285,0,"2.636038,9.146668,9.943576,17.64654,17.532441,11.886344"
0.05,4,174,0.003881519383093825,-0.1110859257975047,0.004087568935678743,0,"2.639025,9.197291,9.898051,17.514383,17.635944,12.281203"
0.05,5,1,0.04513031386180233,0.10135611895241917,0.047452806199962894,0,"1.136431,11.34748,9.940119,31.460571,19.52309,21.639792"
0.05,5,2,0.03190424538781705,0.026307520023645475,0.03354848310827685,0,"1.424343,11.34748,9.940119,31.460571,19.52309,21.639792"
0.05,5,3,0.06271510139190149,0.08937025581648878,0.06594524725706996,0,"1.136431,17.046202,9.940119,31.460571,19.52309,21.639792"
0.05,5,4,0.05619339176680901,0.09828136047083322,0.05908667931940215,0,"1.136431,11.34748,14.935107,31.460571,19.52309,21.639792"
0.05,5,5,0.0740189989412672,0.09869211831730865,0.07783170969593706,0,"1.136431,11.34748,9.940119,47.215856,19.52309,21.639792"
0.05,5,6,0.06231363068434618,0.10068307344060975,0.06552247387420385,0,"1.136431,11.34748,9.940119,31.460571,29.309635,21.639792"
0.05,5,7,0.057777278400805925,0.10112101147877356,0.06075211351830484,0,"1.136431,11.34748,9.940119,31.460571,19.52309,32.484688"
0.05,5,8,0.026555501024715076,0.07238532887527446,0.027921427791441522,0,"1.228799,13.247048,11.605092,15.705286,22.785272,25.254757"
0.05,5,9,0.017470427775773314,0.06969681942701561,0.01836788783301116,0,"1.244556,13.563644,11.882592,10.453553,23.328968,25.857251"
0.05,5,10,0.030509245329773893,0.08813825499332018,0.03207827795049606,0,"1.265723,6.38914,12.252592,24.458222,24.053898,26.660577"
0.05,5,11,0.014804813996622104,0.05683208752989932,0.015565458112672181,0,"1.310388,10.432886,13.023428,22.124106,12.515444,28.334172"
0.05,5,12,0.010659398239159621,0.050557825376297064,0.011206551709228463,0,"1.340582,10.280455,13.53732,20.568028,9.716468,29.449902"
0.05,5,13,0.003497887155161871,0.04114750895814674,0.0036761446760754657,0,"1.381347,10.077216,14.222509,18.493258,19.033091,16.477681"
0.05,5,14,0.0016343231433548749,0.03271512116199182,-0.0032301797924378373,0,"1.424413,9.86551,14.936249,16.332039,18.951425,13.809847"
0.05,5,15,0.015802118065602996,0.03367467667687657,0.016615420717986384,0,"1.482757,9.58324,9.227952,13.450415,18.842536,24.712595"
0.05,5,16,0.12122346050116876,0.010089128156974048,0.12747563599007405,0,"1.607527,8.995196,13.985485,7.447611,18.615685,25.736863"
0.05,5,17,0.033342393045077516,0.08135183763845494,0.035057916245013504,0,"1.209449,10.95542,10.614331,27.458314,19.371856,22.322637"
0.05,5,18,0.0009392797197183204,0.018908899299558607,-0.007484937078513582,0,"1.523875,9.387222,13.31125,11.449296,18.766919,25.054018"
0.05,5,19,0.012521595083226643,0.01246024540173346,0.013166803797209692,0,"1.579438,9.125869,13.76074,8.781267,18.666097,25.509248"
0.05,5,20,0.5041937804742429,0.11240005569489175,0.5301941852583818,0,"1.333268,8.341867,15.10921,1.155014,18.363628,26.874938"
0.05,5,21,0.02284387720117375,0.0319303802601857,0.024020485495726107,0,"1.408971,10.846514,10.801614,26.346576,19.329846,22.512316"
0.05,5,22,0.2669632960008855,0.001950924544024929,0.2807331599502164,0,"1.54627,14.787983,12.313033,8.408623,12.258142,20.471399"
0.05,5,23,0.02022038254985017,0.06844408149342895,0.02125975113915085,0,"1.310659,7.787961,12.262666,21.783252,22.087938,25.629047"
0.05,5,24,0.31523545188355767,0.07149183636654954,0.3314915371909557,0,"1.363605,9.309388,14.251045,5.00566,17.901552,25.658571"
0.05,5,25,0.01625592176782697,0.03525029966879671,0.01709254877001265,0,"1.401363,10.59032,11.376514,22.788636,19.091797,23.036692"
0.05,5,26,0.10345271396210594,0.01397061083788547,0.10878807027873605,0,"1.495157,13.302498,12.494595,9.897441,14.144748,21.677721"
0.05,5,27,0.014089927576985187,0.05730562490685695,0.014813672954140433,0,"1.340626,8.70687,12.30132,19.802275,20.764073,24.970493"
0.05,5,28,0.001651387198671243,0.01684138729835255,0.0017356802453402653,0,"1.602081,5.910136,13.014247,24.343369,12.048757,21.153931"
0.05,5,29,0.02142052296584342,0.03834924977212584,0.02252337715269448,0,"1.501435,7.320471,14.066242,12.526504,13.938241,23.346903"
0.05,5,30,0.009680588167979846,0.03413148467336494,0.010178118296173488,0,"1.417827,10.045258,11.824799,21.07828,18.232871,23.088394"
0.05,5,31,0.013631414305977762,0.03943072182996468,0.014332449413624548,0,"1.398215,8.481155,17.080535,24.407345,13.98428,21.1296"
0.05,5,32,0.006111981354518156,0.005649741175182091,0.006426940288616012,0,"1.563267,9.282255,15.600147,19.590507,9.802867,19.591404"
0.05,5,33,0.16183211847653795,0.01497063142913474,0.17017863183654924,0,"1.558546,9.775047,10.327497,13.379826,15.188783,22.919565"
0.05,5,34,0.0077372989027836995,0.0340421230153362,0.008134598871268661,0,"1.424402,8.696789,15.955024,22.569425,14.185031,21.427927"
0.05,5,35,-9.257217241754563e-5,-0.0016970824113222774,-0.008034944979858571,0,"1.650094,7.448166,14.676583,17.886274,20.946195,11.925278"
0.05,5,36,-0.00041486626952154924,-0.008265621506754611,-0.0012335927457693963,0,"1.704255,6.976378,14.86646,17.439315,22.817826,9.004622"
0.05,5,37,-3.7228060292601834e-5,-0.0006049282111339344,-0.00731726665826149,0,"1.664467,6.660815,17.402998,16.163033,13.958051,13.592149"
0.05,5,38,0.08456447360218056,-0.00868418542502386,0.08892676566743973,0,"1.740654,7.329753,13.755426,12.536428,17.930231,12.640691"
0.05,5,39,0.0012525713704931724,0.025013512200664258,0.0006790366841330636,0,"1.475258,8.468911,15.588424,20.897258,14.80923,19.963387"
0.05,5,40,0.0011159759316696893,0.022442046598774523,-0.007630000630500677,0,"1.565525,6.473947,14.106395,15.950926,23.981255,14.601206"
0.05,5,41,0.0007566921502877769,0.015120746273165703,-0.00010652703596486512,0,"1.515101,10.035516,17.056346,8.400808,25.712817,10.854457"
0.05,5,42,-0.0002558427735398883,-0.004887558388548485,-0.011811027571617477,0,"1.729418,6.136271,15.841042,13.768095,21.063941,17.213385"
0.05,5,43,0.20965068988476232,0.0018511563321804703,0.2204643749166052,0,"1.762243,6.753832,15.273073,6.827571,27.29104,10.143216"
0.05,5,44,0.0008786217640415409,0.01764084442050464,-0.004528946531280484,0,"1.521635,8.182974,15.535865,18.55213,16.889532,18.326686"
0.05,5,45,0.008014085221924745,-0.009493818816815755,0.008427950904743242,0,"1.652441,9.31915,17.231592,12.639891,15.755107,16.747185"
0.05,5,46,0.0007832304060496984,0.01583633332228196,-0.009871659716330222,0,"1.579879,6.947807,14.627261,15.399086,22.61023,14.958869"
0.05,5,47,-0.00026373447200314133,-0.005253188781316295,-0.0008551299981691685,0,"1.714843,5.594619,18.465409,18.458128,22.250546,2.981378"
0.05,5,48,-0.0005188843685873572,-0.011729536993434153,-0.0005450316964484836,0,"1.783602,5.934055,17.217307,11.323962,25.914939,4.534987"
0.05,5,49,0.02507016157158638,-0.013977403814496026,0.02636401539699995,0,"1.828781,5.560045,17.497547,10.119294,27.419173,2.326524"
0.05,5,50,0.0716859172682149,-0.022330821656943528,0.07538465093779667,0,"1.791555,6.829854,18.98926,13.118617,21.295809,4.425832"
0.05,5,51,0.0004266327053511173,0.00875745183836485,-0.012292378062150944,0,"1.614436,6.928147,15.354261,15.019008,22.39116,13.201359"
0.05,5,52,0.06344281254411038,0.0080795255056888,0.06671476793504927,0,"1.896066,2.768833,15.992812,22.323259,17.086003,9.300626"
0.05,5,53,0.0003513270145343599,0.007101815199798783,-0.004335617069020192,0,"1.576266,8.813716,16.879091,10.721051,24.275015,10.595479"
0.05,5,54,0.0060889363219972965,-0.017955453349116954,0.006403947730863613,0,"1.777063,6.442743,18.203175,14.272176,21.035612,6.087254"
0.05,5,55,0.00018902888451607886,0.003913775582765594,-0.007216403580356967,0,"1.641121,6.847227,15.82908,14.894536,22.165236,12.0153"
0.05,5,56,-0.0002985198494409356,-0.005802572007157336,-0.008527495244958827,0,"1.839693,3.919008,16.328341,19.961323,18.448497,9.164269"
0.05,5,57,0.02251463005281002,-0.01683448579931393,0.023676819787685988,0,"1.839042,4.891485,17.544773,17.476746,19.319364,6.795066"
0.05,5,58,-1.7111733526904967e-5,-0.00020061808174665074,-0.007442945826826419,0,"1.673518,6.520602,16.115028,15.324904,21.690924,11.145084"
0.05,5,59,-0.0007253998707247176,-0.014170167382950266,-0.017034729692691264,0,"1.805485,5.216424,17.258824,17.046377,19.793676,7.66464"
0.05,5,60,0.024760198607696498,-0.01598438252576198,0.026038170068692135,0,"1.827832,4.999721,17.449456,17.333289,19.477468,7.084859"
0.05,5,61,0.018792866205251908,-0.015128122235852248,0.019762997645894842,0,"1.862822,4.59785,15.922796,16.502696,29.471758,3.279476"
0.05,5,62,-0.00021667442063415623,-0.004019855598601435,-0.016295418867530942,0,"1.69695,6.316041,17.156298,16.219644,16.543668,11.86698"
0.05,5,63,-0.0007047584938546809,-0.013889570278289243,-0.010090001501372847,0,"1.829206,4.940206,16.169496,16.446086,26.88614,4.97322"
0.05,5,64,0.09142443987742978,-0.015672874439490503,0.09614093645423183,0,"1.829551,4.721734,17.594237,19.790299,24.3066,0.011467"
0.05,5,65,-0.00037920653246864387,-0.007344800426177411,-0.012209759093120442,0,"1.745964,5.899964,16.133241,14.771795,21.604384,13.600738"
0.05,5,66,-0.0006147377253604013,-0.012055402597649867,-0.011962974050553021,0,"1.855095,5.362813,14.192481,13.871488,22.904608,13.378694"
0.05,5,67,-0.0006240869984391806,-0.012371491236171955,-0.005151433756604373,0,"1.734878,7.536983,15.617595,10.338379,28.192027,8.548889"
0.05,5,68,0.043483202130432774,-0.019512130597403282,0.045727091578908086,0,"1.824636,6.086862,15.640813,14.05006,27.232021,2.512636"
0.05,5,69,-0.0004904983873974807,-0.009499822219441678,-0.015823458225710157,0,"1.758989,5.931107,16.05117,14.651506,22.542324,11.73864"
0.05,5,70,0.038134781690919974,-0.009142926675600127,0.04010225441637705,0,"1.88615,4.666811,17.302498,10.453298,25.926745,7.936081"
0.05,5,71,-0.00041744527647308066,-0.010531226105458355,-0.0004384233820577399,0,"1.734105,6.590472,15.272466,16.274974,23.335979,8.826517"
0.05,5,72,0.025117110179445602,-0.013371415146545329,0.026413353751725044,0,"1.855383,5.05014,16.896491,11.617619,25.408592,8.114152"
0.05,5,73,-0.0005922221101840988,-0.011783710725137758,-0.002576198306267319,0,"1.754112,6.333311,15.543137,15.498747,23.681415,8.707782"
0.05,5,74,0.0319775275212382,-0.018149925638530906,0.03362788266209593,0,"1.828368,5.84163,15.948443,13.523494,26.581945,4.206266"
0.05,5,75,-0.0005597945756598736,-0.01101989782811258,-0.00868283090825156,0,"1.770485,5.916193,16.034049,14.463504,23.215594,10.480763"
0.05,5,76,-0.0007722932456222997,-0.015289509421873099,-0.007424525323737885,0,"1.79914,5.83273,14.387887,17.897565,22.309548,13.391195"
0.05,5,77,-0.0007841346759081708,-0.015521430042149342,-0.00767063399852233,0,"1.801735,5.815846,13.916318,18.993168,21.70865,14.869025"
0.05,5,78,-0.0009156273022182168,-0.018046843489482295,-0.01303451112592413,0,"1.822815,5.817143,14.865235,16.2679,24.506578,8.89756"
0.05,5,79,-0.0009701926225138529,-0.019259258367464394,-0.006596569707641997,0,"1.831589,5.800637,14.670432,16.568633,24.721742,8.633716"
0.05,5,80,-0.0009454897630008234,-0.018643830781346404,-0.013016876204669348,0,"1.86554,5.22355,15.065245,15.589286,24.387533,10.645872"
0.05,5,81,-0.0008045141974030057,-0.015865790944605426,-0.010980379605793705,0,"1.76777,6.147053,16.706822,17.789145,25.658648,5.070127"
0.05,5,82,-0.0006306369478116182,-0.012482142791306106,-0.0062165274807869375,0,"1.900043,3.532399,15.644784,23.805885,19.526769,8.732361"
0.05,5,83,-0.00040783520210855244,-0.015235385724056472,-0.0004280702800592562,0,"1.872153,4.190274,15.640252,21.561295,20.970979,8.701782"
0.05,5,84,-0.0009557599095915087,-0.018849319429446565,-0.013001549629166359,0,"1.859866,5.31963,14.999443,15.752511,24.443235,10.310497"
0.05,5,85,-0.0008384459942497333,-0.01664786764668806,-0.005494966876837648,0,"1.77835,6.089296,16.367424,17.585727,25.502497,5.662258"
0.05,5,86,-0.0008234915637236201,-0.016316063469559855,-0.007234302181209823,0,"1.806699,5.813311,14.042004,18.589079,22.210832,13.829778"
0.05,5,87,-0.0007715324285711345,-0.015110503799041275,-0.01605443518854599,0,"1.809826,5.313689,16.827425,16.966753,20.61502,7.826131"
0.05,5,88,-0.0007566712858223451,-0.014905006520055525,-0.011237588940595844,0,"1.829603,5.083342,15.919652,16.46651,26.525407,5.58126"
0.05,5,89,-0.0007082192084304518,-0.013919892680307688,-0.012135347137949337,0,"1.750864,7.247355,15.459735,11.37674,27.613646,8.563026"
0.05,5,90,-0.0007349842354701868,-0.014533892075558608,-0.00796098640892473,0,"1.888575,3.905544,15.482392,22.599676,20.392598,8.71592"
0.05,5,91,-0.0008270573988489463,-0.0163479692544021,-0.009306881753811724,0,"1.865371,4.457111,15.478616,20.729185,21.596106,8.690437"
0.05,5,92,-0.0010034771806232067,-0.01983856252802846,-0.011112764310928752,0,"1.820787,5.847061,14.875462,18.930785,19.837737,12.738703"
0.05,5,93,-0.0010362929539839104,-0.020466336878114458,-0.012581887615033413,0,"1.81932,5.974555,14.70143,19.341498,18.723125,13.932237"
0.05,5,94,-0.0010841514261677712,-0.0215782574850851,-0.004378567409749207,0,"1.843787,5.836548,13.259026,19.222124,25.117492,12.525958"
0.05,5,95,-0.001128126988707117,-0.022491681391643537,-0.0025456158477452084,0,"1.849469,5.923782,12.664293,19.598019,25.867904,13.309327"
0.05,5,96,0.0033294196585950567,-0.022671434193070245,0.003502343162421484,0,"1.861265,5.373635,15.585209,17.936112,24.740704,6.350174"
0.05,5,97,-0.0008814236654507812,-0.01745329579256691,-0.008301274771376183,0,"1.815753,5.739983,14.299204,18.480251,22.632477,12.582889"
0.05,5,98,-0.000988770307426368,-0.019611923526308084,-0.007572142036471885,0,"1.786245,7.16507,13.75546,15.046362,25.700887,12.785475"
0.05,5,99,-0.0010584421581615855,-0.021010097837308894,-0.007249222530816168,0,"1.876078,5.884594,11.996001,17.343364,21.860626,18.192529"
0.05,5,100,-0.0012148520077437574,-0.02408267638970274,-0.01001479414645809,0,"1.858359,6.28229,13.296481,16.069878,24.473362,13.138305"
0.05,5,101,-0.0012638386294340108,-0.025055773065174175,-0.010312828970571813,0,"1.865493,6.372737,13.12936,15.668149,24.780177,13.230874"
0.05,5,102,-0.0011694674950684667,-0.023268090342098285,-0.005157445733102631,0,"1.816117,7.055423,11.972885,18.769498,22.774919,16.384194"
0.05,5,103,-0.0012583165265625503,-0.02509670664016797,-0.002343536023308751,0,"1.839136,6.991582,11.402716,18.686997,21.84747,20.644672"
0.05,5,104,-0.0012684877081355274,-0.02525268669501851,-0.00483235689457992,0,"1.902839,5.569911,11.533437,21.422814,19.583853,19.11247"
0.05,5,105,-0.0012683537590886826,-0.02526900419206285,-0.003831683448354606,0,"1.922515,5.304707,11.163103,22.485556,18.564347,20.16697"
0.05,5,106,0.0018301250096511468,-0.025750056934353727,0.0019258767679666278,0,"1.897197,6.624404,9.531528,17.821449,26.848525,19.692452"
0.05,5,107,-0.001106136647481771,-0.021906075637037115,-0.010250065103224765,0,"1.832221,6.082805,13.839768,19.088157,20.077358,14.892272"
0.05,5,108,-0.0012790553338922002,-0.025503914595065832,-0.0027204299043739194,0,"1.825657,6.780651,12.851483,20.40118,23.116601,14.332073"
0.05,5,109,-0.0012880518697796575,-0.025707744599777677,-0.001451844800826052,0,"1.8173,6.930111,12.994064,20.910816,23.32593,13.688664"
0.05,5,110,0.0007713761950881252,-0.027633457479528306,0.0008126167179789701,0,"1.864447,6.864717,10.725828,19.263941,25.982726,17.231127"
0.05,5,111,-0.0011527650085207475,-0.02287303545688857,-0.008389035687867974,0,"1.837578,6.213051,13.320776,19.117454,21.061586,15.282081"
0.05,5,112,-0.0013639457857417576,-0.027085257924721953,-0.008766975378340786,0,"1.843186,7.120546,12.120117,18.59389,18.590075,19.471659"
0.05,5,113,-0.0013919683565938512,-0.027643508792590088,-0.008853412131281255,0,"1.84214,7.320172,12.029421,18.426535,17.377103,20.498715"
0.05,5,114,-0.001424172716220337,-0.028389964868302614,-0.00342628901241164,0,"1.856614,7.20003,11.033191,18.844149,22.168231,19.237781"
0.05,5,115,-0.0014623031050016366,-0.02916504006454254,-0.0027293155487183723,0,"1.859794,7.364623,10.651932,18.798598,22.352672,19.897064"
0.05,5,116,-0.0015203549540770429,-0.030272739372716573,-0.005478261550082353,0,"1.892926,6.460477,11.940753,19.201805,20.314149,19.306625"
0.05,5,117,-0.0015701244763727245,-0.031265728654499114,-0.005552376015835386,0,"1.905833,6.361365,11.935397,19.273856,19.904021,19.793696"
0.05,5,118,-0.0015365884395502514,-0.030537197565816937,-0.008633369874856536,0,"1.891944,6.31428,12.688485,19.479926,20.593782,14.762489"
0.05,5,119,-0.0009501621990052611,-0.0315435013105419,-0.0009975130384770325,0,"1.874262,6.913576,10.81489,23.769366,16.265611,22.686827"
0.05,5,120,-0.0013322676012625903,-0.026448292852160188,-0.008979520012603076,0,"1.866953,6.462849,12.743613,17.018352,23.361082,14.806865"
0.05,5,121,-0.0014816148147163283,-0.02946627526880373,-0.007187092118633262,0,"1.825265,8.016245,12.814198,16.546548,22.72101,15.370027"
0.05,5,122,-0.0015673891478656897,-0.03117180397884395,-0.007621430236368465,0,"1.913629,7.016034,11.293618,15.603789,18.777294,21.354289"
0.05,5,123,-0.0016944159913929507,-0.03371284036336912,-0.007461401269816939,0,"1.879058,7.668065,11.060738,19.024732,17.214212,22.418562"
0.05,5,124,-0.0017380149527504547,-0.034628718947113585,-0.005102704681494319,0,"1.881078,7.869032,10.780262,19.359129,16.189733,23.687178"
0.05,5,125,-0.0017725355013546466,-0.035315051410158366,-0.005281240290758174,0,"1.917132,6.99334,11.358538,17.927414,22.802401,17.789533"
0.05,5,126,-0.0018293222070521957,-0.03646370055531856,-0.004541046587896697,0,"1.929728,6.938876,11.246724,17.844227,23.706617,17.338003"
0.05,5,127,-0.0018270913310649505,-0.03628074526776012,-0.011831610961638275,0,"1.922674,6.807021,12.934303,17.237227,18.278147,17.538163"
0.05,5,128,-0.0016597855010794288,-0.03298829122178509,-0.009180553083247112,0,"1.990843,5.753832,10.812068,19.719504,16.428854,22.787912"
0.05,5,129,-0.0018791581229274218,-0.03750583898862153,-0.002095664786225415,0,"1.955969,7.26753,10.312317,16.865984,17.167774,26.070592"
0.05,5,130,0.0012625715404328576,-0.03816604115645911,0.0013297017114366483,0,"1.966708,7.426488,9.9163,16.430327,16.596773,27.955276"
0.05,5,131,-0.001966937218913104,-0.039241640831592914,-0.0030453634651350092,0,"1.948255,6.649358,11.380064,21.162853,18.447755,21.050893"
0.05,5,132,-0.0012643974049547757,-0.04027476103583254,-0.0013274974151143426,0,"1.954046,6.58826,11.394472,22.089364,18.392832,21.000327"
0.05,5,133,-0.0021214509227039592,-0.042202877693440555,-0.009680941207641083,0,"1.970334,7.400315,10.553181,18.122451,16.835606,23.030551"
0.05,5,134,-0.002179426729635495,-0.04336988731453695,-0.009225125834653389,0,"1.981152,7.573562,10.322815,17.93055,16.324203,23.570026"
0.05,5,135,-0.001938901990563646,-0.03865654159265237,-0.0043600882646260275,0,"1.88244,8.616329,11.513419,17.080486,20.275889,20.29704"
0.05,5,136,-0.0021166305777995612,-0.04214160052892402,-0.007835232975698922,0,"1.992693,6.748494,11.789613,16.681314,21.877062,18.267727"
0.05,5,137,3.972348294608063e-5,-0.04372922476152433,4.4071659061103996e-5,0,"1.973963,7.790938,9.254076,18.617911,20.988286,24.659931"
0.05,5,138,-0.0018957066379584975,-0.037669207919230785,-0.010908191158943814,0,"1.931192,6.970955,12.320918,17.467341,18.729837,18.725124"
0.05,5,139,-0.0022097219805583546,-0.04406971300145503,-0.004245099826874155,0,"1.967348,7.669703,11.29965,17.885283,13.900891,25.322465"
0.05,5,140,-0.0022669583448150293,-0.04514862175511583,-0.007652448391033684,0,"1.973641,7.791537,11.308471,17.892126,12.266606,26.653208"
0.05,5,141,-0.0022270824119232312,-0.044360252455904456,-0.007212396321276959,0,"1.946927,7.515619,12.566127,19.205572,18.806009,16.784081"
0.05,5,142,-0.0023679960794210308,-0.04723338736876141,-0.004173728015286135,0,"1.977045,7.993914,10.639254,19.183626,17.269336,23.482534"
0.05,5,143,-0.0024383422927632295,-0.04865662562040301,-0.0032401899600616596,0,"1.984721,8.164454,10.358981,19.469674,17.02592,24.275436"
0.05,5,144,-0.0023470224894448543,-0.04674062323960018,-0.008057154003016057,0,"2.061267,6.198819,11.061931,20.366877,14.639962,23.236751"
0.05,5,145,-0.0022778619829568283,-0.04535031767644186,-0.008503771843066499,0,"1.989972,7.331908,11.234652,18.591019,16.823293,22.131205"
0.2,1,1,0.0,0.0,0.0,0,"1.6,10.0,10.0,20.0,20.0,20.0"
0.2,1,2,0.00631065820242512,-0.07983937369729821,0.007900382214241483,0,"2.203701,10.0,10.0,20.0,20.0,20.0"
0.2,1,3,0.01366784693377514,-0.013695698912695356,0.017071161430516582,0,"1.6,15.024932,10.0,20.0,20.0,20.0"
0.2,1,4,0.010426262328995888,-0.005072652554827423,0.01302107499938418,0,"1.6,10.0,15.024932,20.0,20.0,20.0"
0.2,1,5,0.018300884247925583,-0.004242027064179408,0.022854311505167854,0,"1.6,10.0,10.0,30.025,20.0,20.0"
0.2,1,6,0.015813813835082808,-0.0011846293855248373,0.019747815635564325,0,"1.6,10.0,10.0,20.0,30.025,20.0"
0.2,1,7,0.01057551907856825,-0.0003339228118839423,0.01320627605286042,0,"1.6,10.0,10.0,20.0,20.0,30.025"
0.2,1,8,-0.0005004969646871426,-0.033444849014336725,-0.0006166433502550889,0,"1.793809,11.674956,11.674956,9.975047,23.341667,23.341667"
0.2,1,9,0.049894661643026375,-0.03627894175678864,0.06231508170751465,0,"1.826904,11.954119,11.954119,6.634648,23.898611,23.898611"
0.2,1,10,0.0058029981906258955,-0.04718784729384918,0.007258286413692139,0,"1.860211,12.233283,12.233283,16.658333,11.088904,24.455556"
0.2,1,11,-0.004306810583638439,-0.03427408988064634,-0.005369575131945942,0,"1.950019,6.279625,12.977721,15.544445,18.143519,25.940741"
0.2,1,12,0.003384786626860616,-0.02190107927470697,0.004232226327067379,0,"2.010653,4.827921,13.474014,14.801852,17.834105,26.930864"
0.2,1,13,-0.005526312434213038,-0.06657647216068313,-0.006884362062663463,0,"2.071861,10.062034,13.970308,14.05926,17.524691,14.554321"
0.2,1,14,-0.010936707884949642,-0.07502690492139635,-0.013638489640316387,0,"2.154314,10.072373,14.632033,13.069138,17.11214,11.975881"
0.2,1,15,-5.3560547652499686e-5,-0.07698744087253778,-4.765616817931084e-5,0,"2.265643,10.086158,8.814512,11.748979,16.562071,21.904612"
0.2,1,16,0.22126734425966613,-0.008854320031804114,0.2763100838207698,0,"1.674494,10.114878,13.444145,8.998752,15.416095,22.539483"
0.2,1,17,0.0017455012132857742,-0.07018115776281962,0.002197224581466456,0,"2.11235,10.019146,10.574012,18.166438,19.236016,20.423247"
0.2,1,18,-0.005915442854247768,-0.049642537696517774,-0.00737451841497061,0,"2.091894,7.144245,10.657746,12.842999,27.042915,16.739825"
0.2,1,19,0.055962304232650265,-0.023771067095319842,0.0698889341234632,0,"1.834039,8.399308,12.344931,9.560482,21.498088,19.544326"
0.2,1,20,-0.0012996753169623096,-0.06361185118681292,-0.001607084099306877,0,"2.065116,9.749157,10.869162,16.7321,19.613028,20.27676"
0.2,1,21,0.06440143302320388,-0.09540220800695069,0.08044519663437222,0,"2.536386,8.334851,13.20869,6.638859,20.605113,20.059827"
0.2,1,22,-0.0031986123611876405,-0.022936418813624272,-0.003988542803977167,0,"1.746099,9.722457,10.53477,17.772925,20.100852,20.009971"
0.2,1,23,0.005071300093969118,-0.010544065753986146,0.006335425708191702,0,"1.678376,8.127505,14.96774,16.896563,25.222635,17.523667"
0.2,1,24,-0.01075136125391667,-0.0688099944001506,-0.01340859047831748,0,"2.164044,9.75969,9.839979,12.606906,18.005499,21.174455"
0.2,1,25,0.014305482028189893,-0.06704507449179256,0.017880733070789523,0,"2.26854,5.902677,11.495492,19.547835,16.664318,15.364209"
0.2,1,26,-0.0020142849529825656,-0.04195049500247844,-0.002504863703773813,0,"1.870437,10.712468,11.645045,11.570482,22.228775,22.01209"
0.2,1,27,-0.007592030823233466,-0.037870462990250264,-0.012955165731703688,0,"1.924074,8.147195,12.559921,11.070208,21.264872,19.007559"
0.2,1,28,-0.008234427490688263,-0.05478913435704022,-0.010269068011759308,0,"2.138968,6.330161,12.08899,16.06506,18.327824,16.270718"
0.2,1,29,0.11826137471270502,-0.07519011069143411,0.14769781810045368,0,"2.409636,6.18914,13.717358,9.293411,19.864737,17.026419"
0.2,1,30,-0.005886701762063466,-0.0356030853131947,-0.0073421342969540795,0,"1.851947,9.133287,11.065195,16.359657,20.0615,19.512712"
0.2,1,31,-0.003234105459916734,-0.07208029244971248,-0.004020591160622866,0,"2.157725,10.583569,10.636892,11.793545,22.461398,8.953103"
0.2,1,32,-0.006759016257582114,-0.04211408366049968,-0.008429811989073444,0,"1.984187,6.996297,12.587581,14.919294,18.863165,23.109446"
0.2,1,33,-0.012553866012777757,-0.07217876137865209,-0.0156586291964311,0,"2.306779,7.016413,13.056876,10.498231,20.143972,16.579913"
0.2,1,34,0.10306449574128082,-0.0763952621431534,0.12872099749464216,0,"2.385241,6.663849,13.388825,9.521367,20.157717,16.091113"
0.2,1,35,-0.0008511964288946417,-0.06741454497469798,-0.001046095804070557,0,"2.130081,8.96272,14.264048,13.233268,10.862928,19.299497"
0.2,1,36,-0.00803394301284707,-0.05379534990935381,-0.010018960967613885,0,"2.098245,7.447228,11.25879,12.908044,24.346247,17.166437"
0.2,1,37,0.0764789765298565,-0.07925473257849266,0.0955230113341311,0,"2.279132,9.261182,11.891267,10.48658,20.870353,10.94889"
0.2,1,38,-0.008614488158118876,-0.04903757353805187,-0.010745105698565516,0,"2.032505,7.373627,12.471528,14.180504,19.197696,21.082684"
0.2,1,39,-0.0062561452518039955,-0.08656645665485142,-0.0077907492013898905,0,"2.380214,7.851984,11.889462,15.372423,17.779587,15.742469"
0.2,1,40,-0.0003200157068652759,-0.046775017523707385,-0.0003879379412594086,0,"1.998096,8.097991,12.448177,11.787238,20.683991,18.463377"
0.2,1,41,-0.010823586934456479,-0.07540142762697738,-0.013497136174988864,0,"2.179527,9.562932,14.369507,12.64065,17.617445,12.743217"
0.2,1,42,-0.009437534828627667,-0.06989885087606604,-0.011767676146918649,0,"2.187661,9.302371,10.376115,12.255458,18.361911,20.408698"
0.2,1,43,-0.009509725121074838,-0.05332430553133269,-0.011861963361599115,0,"2.077523,7.314085,12.569086,13.566788,19.355409,20.332222"
0.2,1,44,-0.011620554840628846,-0.057986365945931234,-0.014605472816765414,0,"2.166695,6.444491,12.250304,15.137251,18.630515,16.322251"
0.2,1,45,-0.009006264648239937,-0.05716062292433102,-0.011232308346222616,0,"2.132617,7.375417,11.558469,12.506405,23.645868,17.068683"
0.2,1,46,-0.008820095459248875,-0.04400205411865746,-0.01360528086706378,0,"1.986403,7.95869,12.642746,10.974878,21.078055,18.602951"
0.2,1,47,-0.009198551779964625,-0.08447146392134733,-0.011465606252722721,0,"2.367935,7.712696,12.084031,14.560054,18.173651,15.882043"
0.2,1,48,0.018641796689260227,-0.08116507837612161,0.023299237893276037,0,"2.295793,8.408508,13.343499,13.713064,13.781767,17.020764"
0.2,1,49,-0.00803273962429363,-0.06173219466027449,-0.010015476005696272,0,"2.159582,7.547567,11.855973,12.707515,22.001851,17.060697"
0.2,1,50,0.012845531862177958,-0.060565821105213635,0.016056000282716032,0,"2.189877,6.539782,12.384732,14.364076,18.882758,16.365194"
0.2,1,51,-0.013011917852346245,-0.0756547738285696,-0.016229753868107558,0,"2.2006,9.138411,14.150735,12.283578,18.038533,13.382666"
0.2,1,52,-0.010295000240644118,-0.05673718861249785,-0.012841724279372649,0,"2.115263,7.264468,12.650384,13.055358,19.486836,19.706837"
0.2,1,53,0.008973478973383802,-0.07059518792155856,0.01122327423947067,0,"2.207396,8.921286,10.822902,11.962584,18.658921,19.770567"
0.2,1,54,-0.010270965321218078,-0.08260979628230156,-0.012805248953498521,0,"2.357715,7.596628,12.246172,13.883079,18.502038,15.998355"
0.2,1,55,-0.0051388819863656355,-0.0597253573783636,-0.0064022688747377154,0,"2.161382,7.315576,11.808203,12.171707,23.062219,16.987221"
0.2,1,56,0.01864744531643133,-0.07834683629780859,0.02330558776684677,0,"2.259156,9.211689,12.52702,10.254123,20.414748,17.776658"
0.2,1,57,-0.012462915374530039,-0.06413313669885952,-0.015547063870117714,0,"2.201382,6.984805,12.408447,13.679079,19.13809,16.600438"
0.2,1,58,-0.00833577332477472,-0.06660034114780268,-0.010392673896784665,0,"2.239512,6.185078,14.617383,13.227754,20.798308,13.314577"
0.2,1,59,0.014183076501051663,-0.0797917793788503,0.01773106250865064,0,"2.312316,7.412562,14.568465,13.370646,15.640374,14.873707"
0.2,1,60,-0.008626268560465103,-0.0635721689235168,-0.01075618647187862,0,"2.186346,7.33174,12.268245,12.37153,21.825245,16.634969"
0.2,1,61,-0.00507556942635782,-0.07171684363060334,-0.006320212359679944,0,"2.215757,8.926676,10.976248,12.029192,18.246596,19.65315"
0.2,1,62,-0.01067305695366972,-0.0679245453275322,-0.013311029026728538,0,"2.235549,6.641576,14.010525,13.027993,20.373023,14.371005"
0.2,1,63,0.040110110830736005,-0.07704578511851551,0.050106793191508125,0,"2.285645,7.548729,13.906135,13.104236,16.735586,15.578102"
0.2,1,64,-0.011241583942142088,-0.0659657193849122,-0.01402146703080058,0,"2.202813,7.367903,12.541226,12.493647,20.976968,16.458824"
0.2,1,65,-0.0102956571539835,-0.051366333508715584,-0.01514648192329801,0,"2.065323,7.207618,14.02656,11.129551,20.883769,16.368206"
0.2,1,66,-0.00657176052289151,-0.07630343286958885,-0.008187437358038951,0,"2.289176,7.520812,14.081072,11.315331,20.364615,11.546856"
0.2,1,67,-0.010601499536946482,-0.0603097932204682,-0.013223573399478508,0,"2.143982,7.307189,12.888832,12.765353,19.633133,18.346839"
0.2,1,68,0.014445216039511247,-0.0836644849971725,0.018059376793844506,0,"2.367556,7.610871,12.325654,13.78641,18.550804,15.545022"
0.2,1,69,-0.011481094558013815,-0.05728830209598075,-0.014970597998083743,0,"2.114894,7.274819,13.743076,11.572358,20.494941,16.231009"
0.2,1,70,0.023576148253801592,-0.07495766597299156,0.02945946526847676,0,"2.276838,7.50049,13.748129,11.752937,20.08871,12.861115"
0.2,1,71,0.000454547709143376,-0.06286063394958617,0.0005833164784381784,0,"2.165972,7.339405,13.032048,12.596616,19.709062,17.432551"
0.2,1,72,0.025514895116320137,-0.0735291202634751,0.031880121054411625,0,"2.288991,7.369944,13.239186,10.795785,19.793065,16.047038"
0.2,1,73,-0.011633052650452273,-0.06652535939585248,-0.014510174298917461,0,"2.201252,7.343596,12.698828,13.446495,18.95483,16.064143"
0.2,1,74,-0.012182651760564324,-0.06078685268846787,-0.016404815416320787,0,"2.129111,7.585331,13.811019,11.690894,20.08554,15.756285"
0.2,1,75,-0.002787065599268755,-0.06796004555112156,-0.003463378609089074,0,"2.202444,7.662914,12.809477,12.458636,20.487229,15.946131"
0.2,1,76,-0.010078709930680607,-0.06959006994959505,-0.012568421474388969,0,"2.229713,7.05747,14.033893,12.903924,19.983941,14.206282"
0.2,1,77,-0.01014897494402578,-0.06326019548133063,-0.012657745885276614,0,"2.15339,7.61231,13.099149,12.685057,19.367366,17.519476"
0.2,1,78,-0.010911109811978585,-0.06045270920563578,-0.013610163923748073,0,"2.084358,8.096639,13.628514,14.360422,19.179414,14.911289"
0.2,1,79,0.0032668581915751057,-0.0645787285007696,0.00409562179979428,0,"2.130214,7.948188,14.331236,13.331486,18.049313,14.667249"
0.2,1,80,-0.010504171659517038,-0.06751278774974225,-0.013100236141317542,0,"2.190359,7.710457,13.063103,12.604111,20.08091,15.732984"
0.2,1,81,-0.011699156743166485,-0.06169889160189145,-0.014593927278778854,0,"2.090368,8.771624,12.783223,12.78626,18.584923,16.915999"
0.2,1,82,-0.010666146836484328,-0.0679933309644389,-0.013302382830034265,0,"2.144961,8.602997,13.612658,13.038862,18.940684,13.401646"
0.2,1,83,-0.012757838612261731,-0.06365933924235423,-0.016548619928016664,0,"2.093215,8.802373,13.831888,13.264725,17.847065,14.411024"
0.2,1,84,-0.012041127474908545,-0.0622360714294818,-0.015020829496282029,0,"2.121026,7.976231,13.355411,12.905261,18.622751,17.078823"
0.2,1,85,0.026480501923794815,-0.07001688716990248,0.033085046579956034,0,"2.194293,8.442432,13.24852,11.098657,18.198467,16.291691"
0.2,1,86,-0.011613135195679797,-0.06217232619276125,-0.014486389523528029,0,"2.102567,8.154269,13.565182,13.816793,19.015923,15.141356"
0.2,1,87,-0.013739931354058748,-0.06856093167521746,-0.017541040850264186,0,"2.17586,8.384798,13.311852,11.642281,18.361958,16.061624"
0.2,1,88,0.056949643038984574,-0.06953599829528406,0.07113330449381072,0,"2.188144,8.423221,13.269631,11.279865,18.252964,16.215002"
0.2,1,89,0.003187900162064244,-0.06329345652579954,0.003996701864846908,0,"2.069173,9.542881,14.382549,11.411174,18.225427,15.137997"
0.2,1,90,-0.009862983503798644,-0.06646292829356598,-0.012299813833841072,0,"2.179078,7.710041,12.979448,13.107274,18.833263,15.909785"
0.2,1,91,-0.012899449901230113,-0.07456590441030599,-0.016089581319115948,0,"2.196471,9.012803,14.010921,12.176695,18.092437,13.829158"
0.2,1,92,-0.006598803905157638,-0.06456968567097104,-0.008224138321707597,0,"2.106925,8.732775,13.745216,12.994317,17.932881,14.686124"
0.2,1,93,0.021276667741606047,-0.06202415819596631,0.02658475596059595,0,"2.136882,7.718558,13.727824,11.682792,19.798276,15.807175"
0.2,1,94,-0.009467486368106223,-0.06332185039114549,-0.011806720776758234,0,"2.130138,8.044322,13.348151,12.694764,18.579286,16.90929"
0.2,1,95,-0.001472836926964423,-0.06290364571130105,-0.001823496750527176,0,"2.104548,8.707151,12.871328,12.595596,18.547762,16.773603"
0.2,1,96,-0.012821156971908118,-0.0669610083339799,-0.0159937122505511,0,"2.197014,7.517097,12.800999,13.145792,18.856018,16.063723"
0.2,1,97,-0.012624836524771376,-0.0713463006805393,-0.01574746161917491,0,"2.166594,9.081135,12.968331,13.400358,16.991838,15.633999"
0.2,1,98,0.016552573928695125,-0.07371251249879253,0.020688457081911693,0,"2.220074,8.217097,13.857162,12.755804,17.72371,14.287703"
0.2,1,99,-0.012450375552219416,-0.06479175503069733,-0.015531240261255339,0,"2.12368,8.625472,13.035634,12.622298,18.41042,16.359286"
0.2,1,100,-0.008433464423251399,-0.07193314165573889,-0.010513333909740574,0,"2.223323,8.155713,12.746747,12.233078,18.497772,16.932902"
0.2,1,101,-0.011118988307257886,-0.07082405220390897,-0.013867162208812567,0,"2.203803,8.251885,12.913158,12.359951,18.403623,16.558439"
0.2,1,102,0.02069841972518857,-0.07572309219023526,0.025866089340193077,0,"2.224526,8.913381,12.998814,12.421026,17.792812,14.592787"
0.2,1,103,-0.012493625136928331,-0.06548636787972853,-0.015585074754436046,0,"2.145789,8.189153,13.289928,12.649141,18.448207,16.523206"
0.2,1,104,-0.00597499382865098,-0.06662405227990198,-0.007444641631112636,0,"2.131412,8.684876,13.559397,12.852236,17.983336,14.931892"
0.2,1,105,0.022883880976466313,-0.07019602212234588,0.02859380641969378,0,"2.191691,8.324047,13.020865,12.441998,18.333575,16.287348"
0.2,1,106,-0.012688817302228064,-0.07362395259554173,-0.01582678885078541,0,"2.193032,8.908132,13.89441,12.087626,18.137357,14.201236"
0.2,1,107,0.02706805018753243,-0.0672873213634511,0.03381806649825814,0,"2.193485,7.661693,12.886141,12.895206,18.773675,16.063373"
0.2,1,108,-0.011827621908498252,-0.07087068096448076,-0.014752057657723971,0,"2.168137,8.965074,13.025585,13.107344,17.220191,15.70527"
0.2,1,109,0.00885397830275776,-0.06600108518174938,0.011072900249493145,0,"2.150793,8.22176,13.293582,12.481331,18.433832,16.446275"
0.2,1,110,-0.00858107791570916,-0.06533695152991063,-0.010699313842911062,0,"2.132352,8.585359,13.08167,12.458961,18.402343,16.309676"
0.2,1,111,-0.012898232500335047,-0.07044729351930157,-0.016089089712326657,0,"2.199139,8.274037,12.979607,12.240339,18.396679,16.475637"
0.2,1,112,0.006997675119458147,-0.0704361068353406,0.008755946979052465,0,"2.146289,9.451509,13.642761,11.777422,17.543779,15.669866"
0.2,1,113,-0.001569501799742819,-0.07374528952649315,-0.0019414994278690312,0,"2.187447,9.301232,13.351713,11.95666,17.586937,15.02816"
0.2,1,114,-0.007640800901926052,-0.07015584927998772,-0.009523938226860706,0,"2.20575,8.021434,12.905518,12.720315,18.491376,15.590668"
0.2,1,115,-0.012925801297168471,-0.06559723463430031,-0.016124727585216797,0,"2.170574,7.745149,13.047834,12.795629,18.749698,16.419876"
0.2,1,116,-0.009416712084855327,-0.06790824448998764,-0.011742170874072588,0,"2.140691,8.932754,13.541468,12.057078,17.931366,16.133771"
0.2,1,117,-0.006672793532721525,-0.07375536816609746,-0.008314238835025356,0,"2.216976,8.484578,13.518582,12.18447,17.863406,15.356129"
0.2,1,118,-0.011644114497590523,-0.06686163663244146,-0.014523903809021022,0,"2.146392,8.568562,13.154489,12.413213,18.31252,16.150751"
0.2,1,119,-0.011519922101609582,-0.0706144702096448,-0.014367881128331234,0,"2.210472,8.015836,12.929791,12.705066,18.461436,15.537693"
0.2,1,120,-0.011418797001210977,-0.07025498581332046,-0.014241690814246144,0,"2.198799,8.168642,13.031737,12.597068,18.373091,15.637039"
0.2,1,121,-0.004646675490389441,-0.06611860739501854,-0.005786028682455591,0,"2.171455,7.851748,13.091837,12.603404,18.685075,16.360167"
0.2,1,122,-0.012150371066961844,-0.0701539354498262,-0.015155270079760086,0,"2.195254,8.292497,13.034981,12.140663,18.390892,16.406635"
0.2,1,123,-0.012941035235970573,-0.07282368610580592,-0.016141946177259503,0,"2.190168,8.820906,13.797317,12.013401,18.174791,14.5113"
0.2,1,124,-0.011612254877219246,-0.07045679486411732,-0.014483221176631395,0,"2.169424,8.868357,13.073296,12.863167,17.410486,15.764662"
0.2,1,125,-0.011322994844273414,-0.06715342278366741,-0.01412283236727857,0,"2.151295,8.537934,13.180716,12.284724,18.32076,16.135897"
0.2,1,126,-0.01151470715475584,-0.06813695802090246,-0.014361987716223351,0,"2.146541,8.841424,13.503199,11.987945,18.003131,16.121747"
0.2,1,127,-0.0038155066663107823,-0.072563157079883,-0.004746496047570936,0,"2.17135,9.396994,13.54195,11.707323,17.535598,15.30712"
0.2,1,128,0.024523150426443117,-0.0673550713166281,0.03064013666421883,0,"2.171437,8.109251,13.166856,12.454057,18.493495,16.18466"
0.2,1,129,0.006910745954412344,-0.07214417720815966,0.008647820666650818,0,"2.187781,8.748219,13.716406,11.951548,18.205985,14.769687"
0.2,1,130,-0.01277626978011843,-0.06989178112211933,-0.015936927352514993,0,"2.192019,8.30788,13.081127,12.057599,18.38607,16.349133"
0.2,1,131,-0.012644820282385047,-0.0702850860083818,-0.015772681400079133,0,"2.170496,8.787761,13.113055,12.659685,17.569064,15.814156"
0.2,1,132,0.01803499561243992,-0.06822834449941328,0.022538263338336417,0,"2.151419,8.765318,13.471308,11.930334,18.062936,16.111726"
0.2,1,133,0.02448985963859139,-0.06739538162279671,0.030598574818826108,0,"2.155384,8.512411,13.202572,12.17765,18.327626,16.123518"
0.2,1,134,0.02083815402606177,-0.06639951707439477,0.026038254157688123,0,"2.172189,7.940583,13.128506,12.443217,18.631222,16.31041"
0.2,1,135,0.01527209475220342,-0.07125965652650687,0.019088844509876024,0,"2.194565,8.465754,13.404846,12.050571,18.078119,15.682061"
0.2,1,136,-0.011869622947630588,-0.07323191927743936,-0.014803916787930943,0,"2.185168,9.212732,13.571025,11.654123,17.590155,15.285719"
0.2,1,137,-0.013562101090756992,-0.07357328018273218,-0.016917315727672882,0,"2.217338,8.537051,13.261463,12.074934,18.000848,15.209067"
0.2,1,138,-0.010777189054383773,-0.07139215289832607,-0.01344019808167346,0,"2.181633,8.860385,13.28013,11.962819,17.959908,15.481068"
0.2,1,139,-0.004627581261487701,-0.07024324165264995,-0.005761154611834629,0,"2.186361,8.615302,12.823145,12.065598,17.750016,16.630568"
0.2,1,140,0.0089660167652441,-0.07057475027192978,0.011213950693429675,0,"2.186598,8.637454,12.972022,12.04659,17.826011,16.320421"
0.2,1,141,-0.013168462221988248,-0.07274667938013629,-0.016425965142497778,0,"2.21041,8.511675,13.269861,12.002825,18.061033,15.35116"
0.2,1,142,0.0320156120616918,-0.0696740489886162,0.0399969366527092,0,"2.189323,8.3207,13.119581,11.988379,18.382051,16.301215"
0.2,1,143,0.00411021349264557,-0.07001545616388982,0.005150120609238695,0,"2.17139,8.720599,13.146188,12.490117,17.701213,15.8554"
0.2,1,144,-0.013452176123695694,-0.07250438806856019,-0.01678031374385862,0,"2.183616,9.074736,13.52783,11.652149,17.718789,15.415036"
0.2,1,145,0.02133914585400371,-0.07082812496867097,0.02666497437437243,0,"2.180671,8.781118,13.285417,11.909396,18.026917,15.577827"
0.2,1,146,-0.012632710500538161,-0.0715647849739809,-0.015757239689739466,0,"2.185793,8.687647,13.64898,11.900003,18.231981,14.98501"
0.2,1,147,-0.011402928914512845,-0.07219016359735549,-0.014221392210031686,0,"2.179906,9.066174,13.610462,11.877211,17.651912,14.780804"
0.2,1,148,-0.006862888457483388,-0.0717179317337917,-0.008552128959960825,0,"2.188303,8.700748,13.552974,11.945466,17.882046,15.238518"
0.2,1,149,-0.010927223291958041,-0.0731502575608486,-0.013627114436121218,0,"2.203256,8.75465,13.827798,11.183198,18.268026,14.755317"
0.2,1,150,0.0334896737117519,-0.07198583400009441,0.041838250347842054,0,"2.191291,8.792468,13.51262,11.473756,18.215854,15.211132"
0.2,1,151,0.00023220727807044575,-0.0717634641589451,0.0003078920715562372,0,"2.188801,8.716035,13.546249,11.866848,17.93768,15.233954"
0.2,1,152,-0.008587310267922504,-0.07187381540750887,-0.010705463917134117,0,"2.182323,8.959742,13.491833,11.650505,17.825984,15.522801"
0.2,1,153,-0.012170762609725827,-0.07205494910754323,-0.015180259265614782,0,"2.204641,8.490529,13.276859,11.942734,18.111187,15.46957"
0.2,1,154,-0.009600600400371553,-0.07107785547403796,-0.011971010026569362,0,"2.184137,8.637171,13.592792,11.85705,18.253644,15.164446"
0.2,1,155,-0.013819718712826714,-0.07175324424790731,-0.017239470609362054,0,"2.179232,8.952606,13.560694,11.838056,17.770253,14.994274"
0.2,1,156,0.03451091827475335,-0.07239969015529785,0.043113634131848655,0,"2.198684,8.693006,13.741807,11.259711,18.283682,14.973035"
0.2,1,157,0.005347789764024072,-0.07120481316335248,0.006695842565755172,0,"2.186228,8.648089,13.512787,11.894935,17.962031,15.375702"
0.2,1,158,-0.013183849078776264,-0.06964082976163902,-0.016445955185844074,0,"2.172135,8.664631,13.173799,12.348811,17.811337,15.889771"
0.2,1,159,-0.011722049229673808,-0.07041302089609887,-0.01462033794392431,0,"2.179869,8.715063,13.289823,11.864877,18.082757,15.65846"
0.2,1,160,0.021596115200427323,-0.06934730023670595,0.026985495330263065,0,"2.182954,8.32187,13.24344,12.180765,18.304395,15.556581"
0.2,1,161,0.013516261805027772,-0.07141635160339022,0.016896285059126437,0,"2.182428,8.853425,13.450434,11.738881,17.905719,15.528431"
0.2,1,162,-0.004307329849068882,-0.06912263636064275,-0.005361520132113828,0,"2.176421,8.479429,13.353326,11.67491,18.263341,15.883732"
0.2,1,163,0.01825269098811185,-0.06997253390486327,0.022810546322293734,0,"2.173317,8.712626,13.238281,12.263685,17.80449,15.740521"
0.2,1,164,-3.152198796404897e-5,-0.0719974200479376,-2.1381748194881922e-5,0,"2.200401,8.567539,13.324165,11.925288,18.054365,15.390354"
0.2,1,165,-0.011224254760287584,-0.07061206167337536,-0.013998666768172963,0,"2.179762,8.754653,13.334968,11.860406,18.030673,15.547762"
0.2,1,166,0.03236133649382105,-0.07116053651189608,0.040429031719684594,0,"2.183319,8.689743,13.587443,11.853884,18.173079,15.136084"
0.2,1,167,0.028669012566683787,-0.07185489552402338,0.035818411021214525,0,"2.181807,8.958552,13.50331,11.681763,17.816695,15.434713"
0.2,1,168,-0.0035140760882947236,-0.070576671740456,-0.004370580362071219,0,"2.180319,8.785387,13.184139,11.894152,17.740194,15.861035"
0.2,1,169,0.032578841306755583,-0.06961730292183188,0.040700255703471466,0,"2.181334,8.458867,13.161881,12.13707,18.071076,15.704513"
0.2,1,170,-0.011387816055486931,-0.07148938928474685,-0.014202695027010465,0,"2.181728,8.875269,13.446405,11.757647,17.859092,15.47968"
0.2,1,171,-0.013823603322541591,-0.07185692526334106,-0.017244295626234918,0,"2.192641,8.758998,13.496284,11.38647,18.101483,15.311758"
0.2,1,172,0.04671871265707129,-0.07213871666980128,0.05835806743307348,0,"2.195867,8.766726,13.539285,11.240268,18.150981,15.240297"
0.2,1,173,0.020157261026458193,-0.0697105953999734,0.02518881511680593,0,"2.163008,8.967911,13.467773,11.545259,17.867314,15.635726"
0.2,1,174,-0.008896434226038374,-0.0716829975132839,-0.01109153050266698,0,"2.194156,8.634266,13.3481,11.86195,18.02319,15.43125"
0.2,1,175,-0.013780671457229233,-0.07152816638587754,-0.017190766513426645,0,"2.187658,8.699682,13.662454,11.565661,18.275817,15.021783"
0.2,1,176,-0.012977243650808311,-0.07380528297453186,-0.016186916326440315,0,"2.195311,9.079075,13.596309,11.748486,17.756829,14.71177"
0.2,1,177,-0.013458779610580547,-0.07202823067771194,-0.016788678776779475,0,"2.177958,9.072499,13.684271,11.523626,17.908192,14.924426"
0.2,1,178,-0.011260689872283888,-0.07339065507683576,-0.01404347120538027,0,"2.191746,9.058057,13.813838,11.412909,17.859882,14.600135"
0.2,1,179,-0.011437678241279782,-0.07296343826729693,-0.01426459234968322,0,"2.189748,9.007489,13.734026,11.487492,17.888348,14.758073"
0.2,1,180,0.03512709544724746,-0.07316416616443994,0.043883277073526905,0,"2.192453,8.981512,13.798274,11.425616,18.041215,14.427682"
0.2,1,181,-0.009943564675672539,-0.07177475870222466,-0.012399113041873244,0,"2.183515,8.892976,13.50505,11.702309,17.889446,15.304347"
0.2,1,182,-0.008891609090159954,-0.07176110707217481,-0.011085485600331568,0,"2.181465,8.920338,13.549959,11.762791,17.825458,15.047188"
0.2,1,183,0.0397373224168172,-0.07158234551746206,0.04963990869870216,0,"2.188488,8.709568,13.634759,11.535796,18.246761,15.070112"
0.2,1,184,-0.013550745825050592,-0.07187826137417952,-0.01690355915681288,0,"2.180403,9.020248,13.65294,11.500766,17.940407,14.988981"
0.2,1,185,-0.01093993311898221,-0.0734944238349527,-0.013642899892876148,0,"2.194866,9.025727,13.579638,11.68815,17.814271,14.811768"
0.2,1,186,0.016741241790644745,-0.07278513699760028,0.020923824697857474,0,"2.19023,8.966073,13.694402,11.470655,17.92387,14.850354"
0.2,1,187,-0.009580595259486955,-0.07155052450064066,-0.011945910532700832,0,"2.183546,8.85589,13.454718,11.695784,17.899491,15.451693"
0.2,1,188,-0.013173169401956475,-0.07289385084508361,-0.01643180648325107,0,"2.185892,9.139528,13.507889,11.63241,17.588232,15.083802"
0.2,1,189,0.030047672745877402,-0.07175593149174318,0.03753998992529439,0,"2.182706,8.940835,13.386074,11.751469,17.799244,15.381376"
0.2,1,190,-0.012341275411356399,-0.07261460105573564,-0.015393047566365198,0,"2.188975,8.961867,13.643014,11.517457,17.903099,14.938857"
0.2,1,191,-0.0012913110338260208,-0.07305518961696619,-0.0015942807141641202,0,"2.193978,9.000413,13.561536,11.377555,17.923536,15.148432"
0.2,1,192,0.008791146520673481,-0.07197869189737818,0.010995931891924271,0,"2.183549,8.933684,13.551888,11.698585,17.841805,15.064062"
0.2,1,193,-0.013414780027923364,-0.07198953702892268,-0.016733743906740234,0,"2.182442,8.976706,13.626831,11.481717,17.967253,15.042778"
0.2,1,194,-0.012957339979668983,-0.0727341445485597,-0.01616232910933975,0,"2.187017,9.076105,13.505955,11.59142,17.673774,15.121794"
0.2,1,195,0.016076201745866263,-0.07248997189756679,0.02009328139391331,0,"2.189586,8.928055,13.618559,11.495626,17.936163,15.001008"
0.2,1,196,0.03739557868050318,-0.07322113211492792,0.046716062571086625,0,"2.194495,8.981272,13.565746,11.63787,17.86214,14.8951"
0.2,1,197,-0.013719087111394608,-0.07160862880285555,-0.017113842889153394,0,"2.185061,8.839741,13.461646,11.644232,17.933156,15.42837"
0.2,1,198,-0.01236950147738618,-0.07174919553541713,-0.01542851103681206,0,"2.183327,8.893447,13.541013,11.700071,17.871462,15.091283"
0.2,1,199,-0.01394810381297292,-0.070924242884938,-0.017399998706788128,0,"2.178869,8.843078,13.517684,11.461975,17.965624,15.43723"
0.2,1,200,0.03787382371197453,-0.07053328780756749,0.04731260036155849,0,"2.176267,8.820046,13.509673,11.432659,17.982872,15.527586"
0.2,1,201,-0.007403455057242123,-0.07100446669543678,-0.00922734036451428,0,"2.1802,8.867969,13.431245,11.593002,17.901421,15.47673"
0.2,1,202,0.026232645252559753,-0.07137320995496613,0.03277587399419424,0,"2.181763,8.877983,13.462464,11.576773,17.907212,15.397443"
0.2,1,203,0.04552103454673368,-0.07170109124108387,0.05686235610012724,0,"2.190344,8.773011,13.499851,11.399054,18.07884,15.33267"
0.2,1,204,-0.013080423281233303,-0.07148782661570027,-0.016316340804083618,0,"2.184029,8.840297,13.470986,11.613856,17.938567,15.429847"
0.2,1,205,-0.010152517778270658,-0.07181555717381345,-0.012660033300244622,0,"2.181846,8.954434,13.60864,11.478427,17.966982,15.10852"
0.2,1,206,-0.010346780712655582,-0.07243786614564994,-0.012902463960322741,0,"2.185658,9.037267,13.507909,11.569846,17.722416,15.174367"
0.2,1,207,-0.012845257389617254,-0.07164308067498118,-0.016022638328524297,0,"2.182584,8.885053,13.537125,11.660388,17.887156,15.148941"
0.2,1,208,0.03590451071937518,-0.07222885802594133,0.044853841771953507,0,"2.187799,8.913892,13.601747,11.490017,17.941073,15.073711"
0.2,1,209,0.02550419185372024,-0.07179556310136985,0.0318663223855401,0,"2.176589,9.051665,13.581512,11.692449,17.728433,15.124869"
0.2,1,210,-0.013661962163997307,-0.07113743036575723,-0.01704262572168351,0,"2.175396,8.956705,13.472872,11.668963,17.79532,15.40088"
0.2,1,211,-0.011167487036028727,-0.07157357464980833,-0.013927537863509948,0,"2.181396,8.919472,13.519202,11.575576,17.879344,15.283298"
0.2,2,1,0.13459960443236052,-0.28738301430103436,0.16815319809593,0,"13.6,13.6,13.6,13.6,13.6,13.6"
0.2,2,2,0.17319144504575137,-0.3050979597385919,0.2163492315655583,0,"20.424998,13.6,13.6,13.6,13.6,13.6"
0.2,2,3,0.14472848987759324,-0.2912099085426443,0.1808026122119153,0,"13.6,20.424998,13.6,13.6,13.6,13.6"
0.2,2,4,0.1436294772069022,-0.2898306201306119,0.17942987428937102,0,"13.6,13.6,20.424998,13.6,13.6,13.6"
0.2,2,5,0.14331828773576066,-0.2893497130453257,0.17904115594202014,0,"13.6,13.6,13.6,20.424998,13.6,13.6"
0.2,2,6,0.14309477307066554,-0.2885820354360883,0.17876184999719374,0,"13.6,13.6,13.6,13.6,20.424998,13.6"
0.2,2,7,0.1406480152034501,-0.2879328392940024,0.1757062959182179,0,"13.6,13.6,13.6,13.6,13.6,20.424998"
0.2,2,8,0.08378678377833002,-0.24679270850107232,0.10469048741262516,0,"6.776141,15.874999,15.874999,15.874999,15.874999,15.874999"
0.2,2,9,0.052525935846834376,-0.2077326753449249,0.06564370926811108,0,"4.511047,16.254165,16.254165,16.254165,16.254165,16.254165"
0.2,2,10,0.1154484925399475,-0.2712943389184434,0.14423420505460938,0,"10.566691,7.660193,16.759721,16.759721,16.759721,16.759721"
0.2,2,11,0.1064753417334755,-0.2664642048766074,0.1330277654526109,0,"9.555625,12.504632,8.713127,17.812961,17.812961,17.812961"
0.2,2,12,0.09056648900535394,-0.2559322585475538,0.11315893538594335,0,"8.207679,12.13951,13.90895,10.117323,19.217282,19.217282"
0.2,2,13,0.066419004545401,-0.2365668550813124,0.08299989749802356,0,"6.41152,11.652683,14.011934,15.781377,11.989717,21.08971"
0.2,2,14,0.030287104019433266,-0.18631413496456228,0.037867590967065656,0,"4.031083,11.003582,14.149245,16.508503,18.277948,14.486282"
0.2,2,15,0.006006794137642698,-0.10985574191107059,0.007528428179351787,0,"2.500931,10.570852,14.240786,16.993254,19.057606,13.496496"
0.2,2,16,0.053975177812524706,0.22597809249836143,0.06734513260992137,0,"0.845741,9.993887,14.36284,17.639588,20.09715,21.276779"
0.2,2,17,0.11347827202061307,0.35733824290115646,0.1416168885764646,0,"0.640157,16.712159,10.404188,14.773156,18.049904,19.622744"
0.2,2,18,0.00434330977093492,-0.050868251903434046,0.005436417858785722,0,"1.84275,15.203419,11.463429,15.10425,17.834874,19.145573"
0.2,2,19,0.6049640306750589,1.4431936099911569,0.7550891507905352,0,"0.163777,12.766852,19.367735,12.817014,17.003968,19.013707"
0.2,2,20,0.0867650531759112,-0.25181163683110835,0.10841085852057619,0,"7.675719,12.548335,10.488785,16.980303,17.678129,18.013086"
0.2,2,21,0.17663158520944688,0.5679817581742781,0.22042705901325177,0,"0.45349,13.268249,13.031686,22.800363,15.086596,17.207987"
0.2,2,22,0.0737236402619886,-0.2413531240089465,0.09212276584264534,0,"6.748099,12.327633,13.762739,12.231135,18.528835,18.8824"
0.2,2,23,0.14104648134598124,0.4606053554792048,0.17601693341019653,0,"0.540539,12.785856,17.543202,14.354286,16.909318,18.701955"
0.2,2,24,0.06965690171972871,-0.23652527973715967,0.08704321525434083,0,"6.342345,12.587922,11.664507,16.542633,17.549994,18.127897"
0.2,2,25,0.03804000504217634,0.16594501791908522,0.0474610589892514,0,"0.949434,13.093322,13.569809,20.540626,15.732332,17.58114"
0.2,2,26,0.4014232832910198,1.0429549615434026,0.5010173480253635,0,"0.28891,13.001499,16.303151,17.561787,16.105285,18.153391"
0.2,2,27,0.05253207225424933,-0.21583832963305805,0.06565339650371621,0,"5.107604,12.656852,12.437611,16.712492,17.309209,18.132146"
0.2,2,28,0.5908478035943999,1.3717676397036414,0.7374793332498242,0,"0.18405,14.271467,13.430943,18.633415,23.438734,14.205724"
0.2,2,29,0.04950623864496394,-0.2146709309817331,0.06187459144750285,0,"5.081276,12.089145,13.915102,16.256717,13.897882,19.942379"
0.2,2,30,0.0651531728949199,-0.2370211870726672,0.08141930211330473,0,"6.124691,16.628731,12.930791,16.314247,13.264874,13.573855"
0.2,2,31,0.005123603493196381,0.010971151396055,0.006395366212434028,0,"1.50806,11.099672,14.124165,17.418698,18.958437,19.992958"
0.2,2,32,0.09204547311503528,0.3068212379607521,0.1148652708134904,0,"0.705576,13.446662,15.418207,17.476745,16.602556,17.338758"
0.2,2,33,0.039057742657469356,-0.19593933033579705,0.048822340813607035,0,"4.269484,12.788487,12.934376,16.839868,17.191434,17.999915"
0.2,2,34,0.034004437357696815,0.16898648128561794,0.04242087919760201,0,"1.002138,8.694284,10.495079,18.130306,17.970023,19.798655"
0.2,2,35,0.5683454235355573,1.3929948605955311,0.70937415654775,0,"0.194155,11.727476,11.694108,18.752284,21.683687,16.062534"
0.2,2,36,0.03173787833557208,-0.18623436000425198,0.03967922728218398,0,"3.991113,12.028867,13.544935,16.672645,15.195516,19.295738"
0.2,2,37,0.2362772881928002,0.786072279148885,0.29485523693427873,0,"0.366439,10.774937,12.878349,18.113392,17.724829,18.436939"
0.2,2,38,0.025196104980747588,-0.1663164747460574,0.03150520513948152,0,"3.442808,12.452893,12.925038,17.052122,17.280333,18.072752"
0.2,2,39,0.02545758338671164,-0.18058417304141647,0.03183528998666324,0,"3.98239,10.256638,12.027994,13.2498,19.699931,19.019584"
0.2,2,40,0.056970957283482684,-0.21789351536230714,0.07119697301018374,0,"5.02519,15.176636,15.613724,14.033284,18.038876,16.542378"
0.2,2,41,0.0027109782407456796,0.013574423090403978,-0.008276577441496194,0,"1.533436,9.774593,11.348175,17.447469,17.981498,19.255942"
0.2,2,42,0.023537104132220522,0.11749254864301087,0.018869867362181547,0,"1.101053,11.090465,11.831592,15.749219,21.742044,17.03203"
0.2,2,43,0.14929191521323928,0.48389066109289325,0.18630761373753835,0,"0.51978,13.140658,13.283064,20.005205,17.918333,16.645667"
0.2,2,44,0.016264472373281425,-0.15415336728574514,0.020348780028394825,0,"3.277556,10.7373,12.237172,14.3757,19.402998,18.623931"
0.2,2,45,0.07467054291031297,0.28642059200691194,0.09317340008979969,0,"0.751225,10.372531,12.15673,15.310742,21.045486,17.776225"
0.2,2,46,0.01667938775397252,-0.1395146323604705,0.02086325010045531,0,"2.916402,12.106163,12.796987,16.761892,17.907858,18.023331"
0.2,2,47,0.025517885051836817,-0.17118784270963622,0.03190824503044298,0,"3.576168,12.073514,13.571978,16.951202,15.305713,19.14738"
0.2,2,48,0.005342428583032744,0.026686942642184797,-0.00037166741581461105,0,"1.441811,11.254306,12.121655,15.94955,20.669322,17.384589"
0.2,2,49,0.018422694798516912,0.09198035641033778,0.010284306459108494,0,"1.185576,10.773867,12.38147,15.667748,20.060386,17.943165"
0.2,2,50,0.011425563700018489,-0.11881033753708173,0.014297359849557822,0,"2.598108,11.884112,12.727734,16.579534,18.266613,18.00997"
0.2,2,51,0.06365527799000974,0.24421427928336498,0.07942861530238893,0,"0.799854,12.525004,13.104805,18.788552,18.186452,17.137912"
0.2,2,52,0.010588024133324022,-0.12899410970199474,0.013254024669411113,0,"2.796099,11.035248,12.381778,15.111175,19.20024,18.376261"
0.2,2,53,0.011579238034651794,0.05782297332488659,0.0038484687618717817,0,"1.30758,11.095231,12.498924,16.095264,19.634046,17.87397"
0.2,2,54,0.007437097717494482,-0.1002621985534307,0.009312125570935526,0,"2.36471,11.752632,12.689599,16.498823,18.494518,17.987303"
0.2,2,55,0.025783246682821444,0.12867537876857635,0.02804481669057457,0,"1.053177,12.183225,12.947488,18.026173,18.465178,17.378026"
0.2,2,56,0.006769526536956424,-0.10718651777017461,0.008480224576062012,0,"2.47,11.226577,12.476063,15.597008,19.07773,18.209888"
0.2,2,57,0.006594036438488153,0.032934840264372156,0.0006017719510580943,0,"1.409789,11.290487,12.568488,16.33792,19.365304,17.841179"
0.2,2,58,0.027308250257842743,0.1362920058215115,0.028238365470175275,0,"1.035518,11.837846,12.812832,17.486705,18.87795,17.49569"
0.2,2,59,0.0034881591447217864,-0.08391344183009361,0.004376800490868887,0,"2.201435,11.328455,12.532191,15.911958,19.044433,18.090855"
0.2,2,60,0.00628537621805352,-0.09237882014859368,0.007871943034569479,0,"2.275309,11.786591,12.708308,16.603806,18.48342,17.947626"
0.2,2,61,0.00387438498566534,-0.0773478305464891,0.004857460728989307,0,"2.121671,11.703907,12.685005,16.559492,18.6304,17.929884"
0.2,2,62,0.020733318099336977,0.10347465144662948,0.022116099652193077,0,"1.130686,12.883925,10.517437,15.803884,18.648716,23.770106"
0.2,2,63,0.003604149225358005,-0.08860857581614846,0.004522815859791751,0,"2.247907,10.95636,13.620224,16.795026,18.989457,15.208764"
0.2,2,64,0.009215439534306084,-0.10451954895688413,0.011533895409712114,0,"2.400738,12.101145,13.136071,17.129414,16.477045,19.156737"
0.2,2,65,-0.0006398977041627163,-0.003189435365046919,-0.0017159301004038147,0,"1.589196,11.395445,12.290724,16.146194,19.970609,17.679947"
0.2,2,66,-0.0005478262704136829,-0.09788802647035724,-0.000659651180219295,0,"2.353961,12.354372,10.522433,15.236098,18.52532,15.777364"
0.2,2,67,-0.005557378356228949,-0.06602002295723411,-0.0069232946449019755,0,"2.158985,7.301596,12.869485,17.594495,19.879032,15.502012"
0.2,2,68,-0.006806736366633817,-0.06444406210182158,-0.008483825617149665,0,"2.21313,5.986354,13.103829,18.009536,20.219725,14.894752"
0.2,2,69,-0.008626409851698822,-0.043043226526186064,-0.011444876445463353,0,"1.907703,8.893892,11.787515,16.622601,19.613281,15.70599"
0.2,2,70,-0.007215863226233718,-0.035988516137592456,-0.013702869359634759,0,"1.872756,8.425617,11.637933,16.63312,19.777094,15.335341"
0.2,2,71,-0.0014310379745105977,-0.007098415475016995,-0.0124189955152441,0,"1.681052,8.953911,10.241417,16.329592,19.462165,18.592853"
0.2,2,72,0.004187397674190055,0.020975205906965277,-0.014798185480491943,0,"1.559995,7.790542,10.56584,17.351872,19.546433,15.878094"
0.2,2,73,-0.00022936781928975668,-0.07060487861553144,-0.00026878976469361937,0,"2.089587,10.738745,12.204463,16.151943,19.1281,17.722062"
0.2,2,74,-0.0004450976788862586,-0.09901225910110535,-0.0005310879458866602,0,"2.432242,9.665494,12.035275,15.38452,20.991569,14.201714"
0.2,2,75,-0.0080194410422001,-0.04529240807324771,-0.010002975225506305,0,"1.953631,8.343717,11.122593,16.424237,20.466123,14.562145"
0.2,2,76,0.005188291503760312,0.025956616637498153,-0.010278933833522408,0,"1.492698,8.976248,10.987554,17.538233,18.427506,18.202636"
0.2,2,77,-0.002751946344599149,-0.0837440053736229,-0.0034155813480574726,0,"2.266101,9.550617,11.860654,15.743472,20.564225,14.868534"
0.2,2,78,0.009220131745114815,0.04602295772259635,0.00791951131378188,0,"1.534528,5.357302,12.946483,17.85578,21.573389,16.324043"
0.2,2,79,-0.0028568795654972915,-0.08232302526589182,-0.0035469717288263147,0,"2.209953,11.187417,10.926437,15.672711,19.033332,15.868477"
0.2,2,80,0.023168963018365976,-0.08838042355628109,0.028954344534312226,0,"2.513679,6.244111,10.723422,16.787856,19.815675,13.817637"
0.2,2,81,-0.004435577015533461,-0.024704607129312797,-0.005532762355279219,0,"1.733394,10.536583,12.029506,16.253137,19.944787,17.036228"
0.2,2,82,7.242082022194905e-5,-0.09919487271281122,0.0001152095339217174,0,"2.428724,9.21151,13.36878,16.578972,20.484993,12.385859"
0.2,2,83,-0.0053812278277715914,-0.026831551382447548,-0.011939051256989741,0,"1.799406,8.996844,10.762635,16.371156,19.632636,17.558353"
0.2,2,84,-0.0014486576918840888,-0.007194022961857213,-0.010517868650343126,0,"1.681467,8.430256,11.383512,17.374321,19.072403,17.006781"
0.2,2,85,-0.004813007469096754,-0.07330641406968783,-0.005991940792061459,0,"2.164982,9.36388,11.781131,16.01528,20.315588,15.224909"
0.2,2,86,-0.0001630358103358953,-0.0007707129326267048,-0.010923851530036222,0,"1.719039,6.187369,12.602634,17.559271,21.030715,15.792315"
0.2,2,87,-0.004635558880406134,-0.07190167140207897,-0.00577070248017697,0,"2.125499,10.353753,11.205801,15.987138,19.366229,15.855783"
0.2,2,88,-0.007957514954227538,-0.07675347630429966,-0.009917787536172173,0,"2.331607,6.776355,11.224992,16.890179,19.926408,14.231083"
0.2,2,89,-0.007022762866367997,-0.03502485722865212,-0.013483061489804549,0,"1.993474,5.768343,12.055094,17.457191,20.691691,14.86996"
0.2,2,90,-0.003791556972032445,-0.018889061320415013,-0.012458619606699584,0,"1.89913,5.55947,11.571084,17.909687,19.8677,15.382519"
0.2,2,91,-0.006644572142650681,-0.06616130231046305,-0.008280893958776958,0,"2.119949,8.729259,11.746123,16.331014,20.24094,15.251177"
0.2,2,92,-0.006652979625480872,-0.07922396972299423,-0.00828813040901133,0,"2.382777,5.836402,12.91742,17.54043,20.75342,12.28002"
0.2,2,93,-0.009408438601282317,-0.04694015409654506,-0.013774688942492952,0,"2.136123,5.14176,12.324355,17.98371,20.315943,13.596806"
0.2,2,94,-0.008107471330508252,-0.04045249804518769,-0.011101527327095517,0,"2.138822,4.547676,12.420727,18.25916,20.328443,13.321077"
0.2,2,95,-0.004401202950721706,-0.021928079909311976,-0.014001691096811111,0,"1.804516,7.799396,10.955377,16.922054,19.657637,17.006896"
0.2,2,96,-0.008551525289588543,-0.07124619110934215,-0.010660934130078265,0,"2.28327,6.163171,12.590411,17.437368,20.57079,13.067831"
0.2,2,97,-0.008838968987525704,-0.04408072212274777,-0.01751052318950075,0,"1.986962,7.70815,10.597835,16.262226,20.308353,13.783186"
0.2,2,98,-0.009008197586249921,-0.0731552513622843,-0.0112307274425293,0,"2.204177,8.574012,11.160804,16.416249,19.708608,13.445719"
0.2,2,99,-0.005919782302082926,-0.029509424626229276,-0.014994364889780482,0,"1.831961,8.163644,11.969509,16.825285,20.401291,13.822809"
0.2,2,100,-0.010162349782211396,-0.07006813629100501,-0.012672747446245247,0,"2.245953,7.007477,11.349078,16.879363,20.005555,14.163037"
0.2,2,101,-0.00925027575027349,-0.07210759628684259,-0.011533284504265884,0,"2.302616,6.151589,12.147404,17.442936,19.708053,13.358711"
0.2,2,102,-0.009339248222254872,-0.04658177769376416,-0.016970409954109714,0,"1.978306,8.328246,10.531926,16.431661,19.315808,14.949986"
0.2,2,103,0.018469955703003617,-0.07054119403422374,0.023081997929333742,0,"2.382489,5.411205,10.916283,17.18278,20.174159,12.059828"
0.2,2,104,-0.009890092969950701,-0.049347833596822085,-0.013320854833648171,0,"1.984643,8.312829,11.642309,16.715965,19.706761,15.098296"
0.2,2,105,-0.006246554749304069,-0.07633702235326814,-0.00778132785318858,0,"2.298133,6.79553,12.454128,17.694402,19.278556,14.420999"
0.2,2,106,-0.01001398122232506,-0.04996219733319569,-0.014436645274100157,0,"2.037899,7.556009,10.907214,16.500922,20.13672,13.889488"
0.2,2,107,-0.007214273325216222,-0.035976938752369014,-0.014612733739931882,0,"2.02333,5.592575,11.806622,17.568603,20.021006,14.906389"
0.2,2,108,-0.01029809206872512,-0.06800572102458805,-0.012842770884765486,0,"2.173729,8.076637,11.26844,16.608308,19.760674,13.689164"
0.2,2,109,-0.007437427263406024,-0.037086151004681905,-0.015974790335882755,0,"1.887627,8.655673,10.527041,16.263707,20.0391,15.103548"
0.2,2,110,-0.01085350753182892,-0.06720737940930473,-0.013536546023909912,0,"2.231827,6.568535,11.877342,17.246398,19.763228,13.649517"
0.2,2,111,-0.00893972084299918,-0.07051293697320819,-0.01114587694256311,0,"2.293843,5.892757,12.590995,17.546561,20.580485,13.078784"
0.2,2,112,-0.010211210056199724,-0.050951181873220924,-0.013479306476116976,0,"2.029937,7.922032,10.875101,16.617478,19.526588,14.638119"
0.2,2,113,-0.010208743543960853,-0.06613101610601971,-0.012731665010913648,0,"2.097124,10.010739,10.315484,15.539101,19.317232,14.779068"
0.2,2,114,-0.012054061622000775,-0.07454106989246345,-0.015033907852175676,0,"2.289628,7.400653,10.555245,16.414558,19.796572,13.171169"
0.2,2,115,-0.012516036571324081,-0.07822799890957097,-0.015609878835592117,0,"2.341604,7.248663,10.37407,16.364324,19.81154,12.849982"
0.2,2,116,-0.00855435358838207,-0.08352047428641543,-0.010661400466439541,0,"2.337006,8.054946,11.112619,16.584068,19.258218,14.033474"
0.2,2,117,-0.011102746761204764,-0.05605736387001188,-0.013850568541996455,0,"2.086939,7.639158,10.941448,16.51478,19.990303,13.913485"
0.2,2,118,-0.01189627462865212,-0.05935649586712012,-0.016380195068338724,0,"2.074024,8.814393,10.534882,16.0841,19.3843,13.676741"
0.2,2,119,-0.007914395254966193,-0.05594754386853423,-0.009869138044695913,0,"2.214564,5.415761,11.641614,17.606028,20.094979,12.693269"
0.2,2,120,-0.010972818109405723,-0.06577929827751791,-0.013685891920267507,0,"2.11657,9.244226,10.536503,15.883589,19.446856,14.431434"
0.2,2,121,-0.009941036614857108,-0.0802914920200026,-0.012393829066499884,0,"2.313122,7.941506,10.969123,16.283022,19.859046,12.765323"
0.2,2,122,-0.011293176379656001,-0.05634742208965183,-0.01552809663462898,0,"2.076396,7.925278,10.890771,16.561735,19.581997,14.325986"
0.2,2,123,-0.01212396762261364,-0.06049006654453154,-0.017320375498033433,0,"2.134188,7.73646,10.449898,16.276667,19.565401,13.926551"
0.2,2,124,-0.011453643712842312,-0.05714100081945078,-0.017519185985331365,0,"2.044816,9.634915,9.365225,15.315334,19.496905,14.058542"
0.2,2,125,-0.006646907738677871,-0.05638081585204366,-0.00828625321616816,0,"2.134826,7.088926,10.315585,16.488724,19.829959,13.152328"
0.2,2,126,-0.010830908919071021,-0.06449260972176558,-0.013509003992415919,0,"2.11961,8.884928,10.499683,15.984445,19.510707,14.21825"
0.2,2,127,-0.012746179411392618,-0.06360105802871163,-0.016559492555687186,0,"2.168393,7.655151,10.43726,16.291276,19.606424,13.747123"
0.2,2,128,-0.010972045877184469,-0.06294287414399943,-0.013685635991952633,0,"2.117988,8.553389,10.50808,16.130804,19.455507,13.538948"
0.2,2,129,-0.012114116451922058,-0.061268998994299974,-0.015112216099054943,0,"2.093488,9.237131,9.533362,15.490165,19.549344,13.857116"
0.2,2,130,-0.011683600102140321,-0.060248109794011954,-0.014574863236989907,0,"2.119978,7.812493,10.804654,16.528833,19.620254,14.079985"
0.2,2,131,-0.01201621901132106,-0.059959511870404464,-0.015405918582607023,0,"2.128816,7.574069,10.846885,16.489704,19.960509,13.736235"
0.2,2,132,-0.009194931831045238,-0.06823970828728053,-0.011465139722012713,0,"2.153642,8.911568,10.509431,15.963711,19.507637,14.167859"
0.2,2,133,-0.012046547777246197,-0.06010805055853277,-0.016145069284919683,0,"2.168927,7.115547,10.325332,16.467991,19.826889,13.101937"
0.2,2,134,-0.010587438736469513,-0.06476174057657205,-0.013204903082360386,0,"2.22195,6.994402,10.265768,16.413294,20.002814,13.585178"
0.2,2,135,-0.012721296688993565,-0.06347912151285395,-0.015970702650254423,0,"2.135218,8.293494,10.467694,16.177885,19.546724,13.546653"
0.2,2,136,-0.012005469918252605,-0.06909922572149176,-0.014974588003382,0,"2.225077,7.895349,9.856882,15.898282,19.813556,12.866363"
0.2,2,137,-0.012971664480849358,-0.06770513755987795,-0.0161814728438279,0,"2.207463,7.88154,10.014842,16.003374,19.781339,13.068633"
0.2,2,138,-0.014399529753229728,-0.07185201004822908,-0.018446676967832337,0,"2.242546,8.23631,9.537314,15.775302,19.413578,12.98758"
0.2,2,139,0.016608436740633864,-0.07368486099067699,0.02075820893210789,0,"2.261657,8.346698,9.319061,15.656235,19.322422,12.862804"
0.2,2,140,-0.010596632336786288,-0.07463533448115985,-0.013213917669692876,0,"2.226626,9.068752,9.796177,15.566118,19.409427,13.583758"
0.2,2,141,-0.012624141090862278,-0.06298536411243393,-0.018088994441256043,0,"2.178514,7.440972,10.237139,16.317679,19.757312,13.18224"
0.2,2,142,0.0239235224239873,-0.07291975780906237,0.029892740229207182,0,"2.332313,6.349205,10.822756,16.819781,19.756295,12.603622"
0.2,2,143,-0.012235734289195698,-0.0638139699627785,-0.015263450918085841,0,"2.132793,8.755594,9.748256,15.711768,19.583836,13.6482"
0.2,2,144,-0.01046812888175874,-0.07154553900862005,-0.01305422049694932,0,"2.292032,6.830133,10.607853,16.598179,19.721803,12.812537"
0.2,2,145,-0.01310132699700087,-0.06537184566346266,-0.017354368969556958,0,"2.159113,8.43459,9.89152,15.859503,19.606831,13.508923"
0.2,2,146,-0.010410824810738344,-0.051927192075470446,-0.01875119653644927,0,"2.025182,8.732172,9.821185,15.777349,19.425863,13.830402"
0.2,2,147,0.015490821522618966,-0.07422535763574521,0.01936272052216048,0,"2.288008,7.49585,10.281922,16.266495,19.74726,13.013385"
0.2,2,148,-0.013326236994198638,-0.06649515328434383,-0.017384133341254687,0,"2.172958,8.401543,9.832485,15.84547,19.574622,13.422032"
0.2,2,149,-0.012686068987039379,-0.0684119640964957,-0.01582465858419091,0,"2.213299,7.940665,9.935253,15.965362,19.720045,13.055124"
0.2,2,150,-0.013010021387027804,-0.06491504601944592,-0.017536467418411902,0,"2.180704,7.752002,10.287267,16.205281,19.574283,13.620532"
0.2,2,151,-0.01301586817415622,-0.06494775635335026,-0.016659190269372195,0,"2.153004,8.283963,10.312628,16.110788,19.524533,13.453474"
0.2,2,152,-0.012929257101466555,-0.06451050778476788,-0.017816803695028638,0,"2.189151,7.573509,10.1205,16.227283,19.700023,13.149797"
0.2,2,153,-0.0075107941162398766,-0.0772328926337463,-0.009359824597543864,0,"2.325019,7.413237,10.234609,16.266154,19.745213,12.872915"
0.2,2,154,-0.012845183077927126,-0.06695507609658302,-0.01602371636202274,0,"2.191891,8.031317,10.004239,16.021581,19.584514,13.281423"
0.2,3,1,0.016619270318224008,0.019728146828009108,0.02074840745361939,0,"1.580243,8.54687,8.90252,16.230085,19.905194,5.669924"
0.2,3,2,0.009623597469967623,-0.06475121444363918,0.012033650990080358,0,"2.170653,8.54687,8.90252,16.230085,19.905194,5.669924"
0.2,3,3,0.007262620957462994,-0.0011905325232227024,0.009069504325633915,0,"1.580243,12.845016,8.90252,16.230085,19.905194,5.669924"
0.2,3,4,0.05938498347072897,0.009032275085881933,0.07415481645318656,0,"1.580243,8.54687,13.378578,16.230085,19.905194,5.669924"
0.2,3,5,0.04832134918622669,0.010284029843037973,0.060338776698623975,0,"1.580243,8.54687,8.90252,24.370128,19.905194,5.669924"
0.2,3,6,0.035487994358398466,0.015613459636727889,0.044311777805283614,0,"1.580243,8.54687,8.90252,16.230085,29.882791,5.669924"
0.2,3,7,0.10371364246690898,0.018966170577125352,0.12950780373725468,0,"1.580243,8.54687,8.90252,16.230085,19.905194,8.524904"
0.2,3,8,0.06445421054629397,-0.027129714350964534,0.08049405155989531,0,"1.769729,9.979501,10.394479,18.943433,23.23106,2.866798"
0.2,3,9,0.062420149899119134,-0.020763670085946144,0.07795242586555484,0,"1.737582,9.740717,10.14581,18.491208,22.676749,3.783975"
0.2,3,10,0.06430628698741131,0.009180513235074628,0.08030026334261275,0,"1.611239,8.785625,9.151168,16.68231,20.459505,7.572475"
0.2,3,11,0.05068810508670067,-0.016296122966716377,0.06330090448463288,0,"1.716271,9.58153,9.980032,18.189725,22.307208,4.408393"
0.2,3,12,0.010193597836355343,-0.02593613375754003,0.012735745583300262,0,"1.81654,10.324416,4.793709,19.596646,24.031731,5.248298"
0.2,3,13,0.08872301109764388,-0.007741522562213887,0.11079490434834705,0,"1.710369,9.537311,6.454027,18.10598,22.204558,6.796768"
0.2,3,14,0.04826129984916448,-0.015220542007548757,0.06027015978717032,0,"1.715287,9.57416,9.392147,18.175767,22.2901,4.80429"
0.2,3,15,0.18637976208551948,-0.03575186245792353,0.23275088968283097,0,"1.897613,10.914514,7.693736,9.860842,25.401541,5.240498"
0.2,3,16,0.01950508600402894,0.000554627148224407,0.024356861986262857,0,"1.631597,8.941443,8.701033,21.951905,20.821252,5.598301"
0.2,3,17,0.13556270370117873,-0.012274265201782042,0.16928716103174213,0,"1.728935,9.676218,6.974138,17.313863,22.527019,6.373479"
0.2,3,18,0.0517232874395856,-0.014791601324524131,0.06459321398582729,0,"1.717559,9.591169,8.989045,18.032117,22.329587,5.065014"
0.2,3,19,0.018007551110913317,-0.05727825267249202,0.022501257194615154,0,"2.068031,9.26316,8.90252,16.230085,19.905194,5.669924"
0.2,3,20,0.028118181697541284,-0.023228516589672246,0.03511841583523878,0,"1.776304,10.74451,5.475754,19.035552,23.343975,5.318514"
0.2,3,21,0.10778409940913977,0.01347331887456199,0.13459216376793814,0,"1.580243,9.26316,8.90252,16.230085,19.905194,5.669924"
0.2,3,22,0.01030565358162231,-0.00033967600931610054,0.0128692826134168,0,"1.622993,9.591997,8.734614,20.998268,20.668576,5.610237"
0.2,3,23,0.03628941510393752,0.011390800099835674,0.04531360757232461,0,"1.580243,9.26316,8.90252,16.230085,28.219859,5.669924"
0.2,3,24,0.04314537637637743,-0.013417950420783809,0.05388119376431266,0,"1.692481,10.119285,9.310541,17.851487,21.892616,4.948251"
0.2,3,25,-0.008365272518881263,-0.04173269692313025,-0.012983243588232052,0,"1.858304,11.345882,7.839215,19.295103,24.739944,5.292144"
0.2,3,26,0.01106487424975196,-0.049507855348420816,0.013829640135891164,0,"1.906217,11.693012,7.66203,19.805939,25.545735,5.229244"
0.2,3,27,0.02936142584382168,-0.02940724822081847,0.036672461655177124,0,"1.797188,10.898585,6.941179,18.154906,23.701631,6.129944"
0.2,3,28,0.025710904324796766,-0.058268873086182144,0.032121076547719785,0,"1.990947,12.299917,6.695457,20.417915,15.868313,5.560045"
0.2,3,29,0.07926666136815852,-0.0367438655057995,0.09899351915741716,0,"1.828929,11.131541,8.574584,19.24743,17.775434,4.911756"
0.2,3,30,0.027909688065019485,-0.03072736771658864,0.03485993199121229,0,"1.802465,10.937411,7.213312,18.336993,22.713932,5.926537"
0.2,3,31,0.038994202563817984,-0.04365684139975833,0.04870496245266975,0,"1.858859,11.349918,10.623412,18.13393,17.923076,5.92463"
0.2,3,32,0.09881482260894411,-0.02710455995767791,0.12340190249867089,0,"1.789971,10.845411,6.331976,18.885282,22.440492,5.419433"
0.2,3,33,0.04702004954361355,-0.00889974958401818,0.058718568298614326,0,"1.625381,12.59516,8.725286,16.740921,20.710986,5.606921"
0.2,3,34,0.04346794228007317,-0.008057185524174428,0.05428265948698552,0,"1.661374,9.884304,8.585368,20.714407,21.347137,5.557192"
0.2,3,35,-0.005424532489405548,-0.05508302073234894,-0.006760134721851996,0,"2.032587,9.610266,8.725286,16.740921,20.710986,5.606921"
0.2,3,36,0.045689569537697795,-0.05622816932482434,0.05706895001443901,0,"1.968633,12.14091,6.886009,20.230779,17.346918,5.515373"
0.2,3,37,-0.0065463462355183286,-0.03265851659287702,-0.01013901703043657,0,"1.81173,11.005489,7.317613,18.496678,23.0516,5.820708"
0.2,3,38,0.058225689530223515,-0.026655133412732193,0.07271605963649608,0,"1.78988,10.844738,5.868932,19.078811,23.576637,5.314119"
0.2,3,39,0.01738797402386615,-0.04341366243830557,0.021724096848593666,0,"1.858767,11.349245,10.159332,18.327459,19.05922,5.819119"
0.2,3,40,-0.0037132131307106154,-0.06407598418671687,-0.004620876540800789,0,"2.113466,9.183591,7.778746,21.194194,21.374283,5.596772"
0.2,3,41,0.016376682878323084,-0.026444290270925985,0.02045700766280878,0,"1.807386,8.652108,9.916295,18.025475,26.080805,5.715494"
0.2,3,42,-0.011901801065036629,-0.07432524752625985,-0.014843826193221,0,"2.175258,10.497841,8.659912,16.645536,23.658476,5.72643"
0.2,3,43,-0.009472749660463055,-0.08289485131252024,-0.011808404957792895,0,"2.264972,10.600098,8.672336,15.967391,24.043699,5.754646"
0.2,3,44,-0.010778190484818382,-0.05377979404099989,-0.014344647262754417,0,"2.072493,8.749184,6.587154,18.471843,27.479477,5.43373"
0.2,3,45,-7.749632970234195e-6,-0.0780896048425497,9.825534463381302e-6,0,"2.217656,11.4787,5.721945,18.922617,20.924117,5.443359"
0.2,3,46,0.0007262741148258632,-0.07082905515290218,0.0009246252820385159,0,"2.14753,11.00758,6.419893,18.773093,21.783565,5.488695"
0.2,3,47,-0.010797594786016421,-0.05770977350263616,-0.013469096942202663,0,"2.08952,9.040609,6.932412,18.167459,26.842644,5.48249"
0.2,3,48,0.01442131158598716,-0.04815919800740841,0.01802065862336244,0,"1.910022,11.204541,7.975984,18.853508,24.559699,5.364469"
0.2,3,49,0.02411509631219144,-0.04072436424641925,0.030123927553747154,0,"1.870812,10.920881,7.541278,18.188154,23.152746,5.804993"
0.2,3,50,0.0015420111465113849,-0.0585007260822136,0.0019401989157440402,0,"2.056166,9.758193,8.71439,16.725024,21.202234,5.626836"
0.2,3,51,-0.003621278176371013,-0.06591436869766482,-0.004505613514774576,0,"2.123729,9.402625,7.925591,20.436085,21.754981,5.618377"
0.2,3,52,-0.007182965880679517,-0.03581423181175635,-0.016195839957368174,0,"1.867151,8.959709,9.706889,17.795485,25.677084,5.717317"
0.2,3,53,-0.01114368598421684,-0.07193707407680545,-0.013897725486265583,0,"2.205436,8.700333,9.097064,18.019545,24.745626,5.373758"
0.2,3,54,0.009949794492052124,-0.07074220780668193,0.012442486180835988,0,"2.265077,7.582225,9.035949,17.076203,23.400649,5.817399"
0.2,3,55,-0.0016727067991617387,-0.06816991024400464,-0.002071769252139033,0,"2.204697,8.185796,8.859274,17.372421,23.593824,5.74186"
0.2,3,56,-0.006694385468681805,-0.06710501641464509,-0.008342862719029565,0,"2.164148,8.504104,8.345783,19.420486,27.555311,5.59317"
0.2,3,57,-0.0087419779723996,-0.05600339605464209,-0.010902569047438401,0,"2.003248,10.182685,8.029771,19.455778,26.484216,5.428687"
0.2,3,58,-0.0074264423892912036,-0.05620249690115735,-0.009259742619768946,0,"2.042702,9.225756,8.998209,16.065345,29.899471,5.488851"
0.2,3,59,0.016331313071230185,-0.05107008072553848,0.020406502356862255,0,"1.963208,10.364915,8.795434,15.962563,24.880528,5.479281"
0.2,3,60,-0.009611727905870787,-0.0646857727499118,-0.01198650193721379,0,"2.130257,8.814214,8.420722,18.844166,27.109514,5.574185"
0.2,3,61,-0.002857419913196683,-0.08775947736462322,-0.0035462887334212767,0,"2.35593,9.860752,7.006132,17.937124,27.236232,5.307604"
0.2,3,62,-0.006754095788404118,-0.0461704537062287,-0.00842265446761098,0,"1.946198,9.109877,9.256656,17.819092,25.936942,5.648986"
0.2,3,63,-0.013241177852308616,-0.07244073769992895,-0.01651684528567511,0,"2.200399,8.999898,9.024204,17.790543,24.564434,5.432501"
0.2,3,64,-0.012189260158154244,-0.06081248341802001,-0.018251222333298386,0,"2.10374,9.28347,7.220218,17.913805,26.311949,5.523131"
0.2,3,65,-0.009892363117848649,-0.06645056577249267,-0.01233650475111657,0,"2.137739,9.094802,8.460586,18.477728,26.534341,5.599554"
0.2,3,66,-0.009489096408834894,-0.059190229852779865,-0.011834738215365057,0,"2.031621,10.235211,8.134787,18.987404,26.01326,5.478287"
0.2,3,67,-0.008356322406794094,-0.05942625399841962,-0.010420126318674339,0,"2.064624,9.437763,8.941825,16.162044,28.859305,5.528433"
0.2,3,68,-0.004188712814344802,-0.0431998930501008,-0.005219871173494983,0,"1.917462,9.216052,9.532385,17.603827,25.340649,5.718836"
0.2,3,69,-0.008020726558603754,-0.08567458111289232,-0.009994495057918551,0,"2.32556,9.966932,7.281666,17.72186,26.639939,5.377357"
0.2,3,70,-0.00535327889444665,-0.07927323429064101,-0.00666511519429136,0,"2.256019,9.841783,7.656673,17.702188,26.423391,5.434237"
0.2,3,71,-0.006641673075448319,-0.06277816522302122,-0.008278118684320324,0,"2.119764,9.236207,7.520794,17.893261,26.020697,5.508024"
0.2,3,72,-0.0034515824346885633,-0.07411147686334976,-0.0042916585156292375,0,"2.179443,10.248175,8.720626,16.836371,23.809469,5.67742"
0.2,3,73,-0.010199639029283659,-0.06747700899154477,-0.012719959574781906,0,"2.148147,9.078984,8.554519,18.363197,26.206023,5.571704"
0.2,3,74,-0.010184545032325798,-0.06157976791437918,-0.012702583764663988,0,"2.059475,10.029319,8.283012,18.787928,25.771789,5.470655"
0.2,3,75,-0.010276385750549979,-0.06163568062155107,-0.012817256012020065,0,"2.087079,9.364784,8.955555,16.43346,28.143493,5.512442"
0.2,3,76,0.0025376573660851986,-0.048695508088312,0.0031810645201084675,0,"1.96378,9.180026,9.447687,17.634946,25.21128,5.671092"
0.2,3,77,-0.008587780289711801,-0.08351243744626771,-0.010703144108669516,0,"2.304575,9.805755,7.57201,17.733307,26.294022,5.386546"
0.2,3,78,-0.009777938634124858,-0.062401545554192,-0.012194628277989533,0,"2.126286,8.590189,7.916016,18.830861,28.524017,5.283352"
0.2,3,79,-0.007429407966964132,-0.07387422380556216,-0.009259032370383391,0,"2.188208,9.386747,9.247757,18.086504,27.147229,5.377691"
0.2,3,80,-0.00908978785234766,-0.07213395228070513,-0.011332868458905493,0,"2.176759,9.361657,8.959888,18.054297,26.959474,5.399408"
0.2,3,81,0.003666970680712139,-0.04772121533580581,0.004591052602122003,0,"1.965036,8.669202,9.659237,18.353455,27.095722,5.503453"
0.2,3,82,-0.009065518166034838,-0.07808268839997748,-0.01130107595948407,0,"2.246941,9.616322,7.919805,17.836665,26.427638,5.406027"
0.2,3,83,-0.010558321449058708,-0.053815293777107545,-0.01317127671116794,0,"2.020511,8.858618,9.311317,18.250097,26.962105,5.483964"
0.2,3,84,-0.010914712049277535,-0.0544533123142666,-0.016448654951702585,0,"2.037397,8.945591,8.388292,18.097732,26.431147,5.518779"
0.2,3,85,-0.01156296057348727,-0.06119637797478847,-0.01442397764472067,0,"2.057659,9.835569,9.589712,17.076791,24.16898,5.713513"
0.2,3,86,-0.00837748567503784,-0.06190021361777882,-0.010445936104288567,0,"2.123842,8.331898,9.658228,16.549346,26.386939,5.606967"
0.2,3,87,-0.006244528336021496,-0.06181911603812294,-0.007782423217799539,0,"2.070162,9.746397,8.512194,18.414831,25.874314,5.493369"
0.2,3,88,-0.01146045504475988,-0.06324818647894419,-0.01429546129803208,0,"2.081255,9.696287,9.495459,17.19575,24.234889,5.666657"
0.2,3,89,-0.00818588393782876,-0.0575030573680816,-0.010207771386557374,0,"2.064308,8.954642,8.494272,18.046534,26.120028,5.504397"
0.2,3,90,-0.00879932097984274,-0.05704632726764666,-0.010973915727259254,0,"2.050177,8.882164,9.263464,18.173505,26.562493,5.475386"
0.2,3,91,-0.01074343487842584,-0.06360382610045869,-0.013399992648858328,0,"2.105845,9.303969,8.966996,16.659641,27.546983,5.499117"
0.2,3,92,-0.010307323424376631,-0.06832762295405649,-0.012854218156575697,0,"2.156831,9.065803,8.632797,18.267755,25.932425,5.548498"
0.2,3,93,-0.005327263528742932,-0.06356811583650349,-0.006636550831138399,0,"2.082773,9.857744,8.406536,18.621697,25.570563,5.464296"
0.2,3,94,-0.006170822297566237,-0.06361247342940352,-0.007689934818781663,0,"2.136548,8.443225,9.552555,16.756212,26.083188,5.577881"
0.2,3,95,-0.012796262949033462,-0.06385003559483429,-0.016857278684546492,0,"2.127558,8.67896,9.361542,17.067126,25.997751,5.558947"
0.2,3,96,-0.009839642085677463,-0.07192286217612882,-0.012269302588963832,0,"2.176482,9.254376,9.753917,17.004906,25.492964,5.555953"
0.2,3,97,-0.010676665475008526,-0.0768527885226061,-0.013313305341288717,0,"2.23351,9.450932,9.14816,16.488402,24.693989,5.611837"
0.2,3,98,-0.008420687801962675,-0.06437298755693399,-0.010499267238325782,0,"2.125039,9.144229,8.455842,17.484833,25.497193,5.549878"
0.2,3,99,-0.010553715917285262,-0.07057243822679221,-0.013161340446603276,0,"2.167884,9.236018,9.537559,17.084894,25.493669,5.55494"
0.2,3,100,-0.012597390527429269,-0.06881838924679236,-0.015713819742232654,0,"2.148285,9.389543,9.878543,15.827697,24.91148,5.55948"
0.2,3,101,-0.013199965164186358,-0.06586130978798156,-0.01816368079056195,0,"2.130747,9.2705,9.087405,16.591493,25.156173,5.554551"
0.2,3,102,-0.007766628876054805,-0.05506964983827438,-0.009684833848760177,0,"2.032365,8.995448,9.456549,17.222348,26.109915,5.478579"
0.2,3,103,-0.01128765506330743,-0.07345342089237254,-0.014077128345565626,0,"2.199615,9.375016,9.199558,16.610726,24.929976,5.589622"
0.2,3,104,-0.0144906350673289,-0.07230518438248672,-0.018921442443823377,0,"2.190109,9.166089,9.715246,17.034804,22.384585,5.621465"
0.2,3,105,0.0033296543818973497,-0.07365657339074547,0.0041763058149044685,0,"2.204242,9.143109,9.839958,17.097332,21.524185,5.641862"
0.2,3,106,-0.011994575460633743,-0.06203709926146349,-0.01496274730367314,0,"2.093329,9.025402,9.654571,17.225078,24.153127,5.54156"
0.2,3,107,-0.004605913142720288,-0.07140362050259262,-0.005733806716558154,0,"2.215973,8.480547,9.411703,16.649831,24.820961,5.42289"
0.2,3,108,-0.01249159993052647,-0.06479519197503082,-0.015582718396767559,0,"2.103539,9.493653,9.4815,17.104763,24.332568,5.626014"
0.2,3,109,-0.009867806842252642,-0.07387452616900235,-0.012303985935338213,0,"2.207153,9.307473,9.194905,16.580398,24.962536,5.576077"
0.2,3,110,-0.012847578411526096,-0.06410108902899206,-0.01817548490235628,0,"2.11218,9.072413,9.577959,17.117631,24.288029,5.547313"
0.2,3,111,-0.011472679617765843,-0.07085110979844365,-0.01430882791684085,0,"2.199717,8.698826,9.400125,16.705002,24.76825,5.465418"
0.2,3,112,-0.011640606114616526,-0.06578970717618407,-0.01451979042605056,0,"2.119484,9.361177,9.467937,17.038136,24.405181,5.599241"
0.2,3,113,-0.010949171291727984,-0.07243552468296362,-0.013654700532956282,0,"2.198683,9.027596,9.139374,17.664587,24.201126,5.463985"
0.2,3,114,-0.012485804182570158,-0.06685462270908686,-0.015574966605929497,0,"2.140609,9.253098,9.192042,16.665378,24.694242,5.565702"
0.2,3,115,-0.013131018197531102,-0.06551736318824102,-0.01805260905656389,0,"2.125112,9.088026,9.60084,17.103827,23.970788,5.55967"
0.2,3,116,-0.007823482208027496,-0.06531715380371499,-0.009753270201382058,0,"2.137947,8.760146,9.420492,17.061739,25.395556,5.569366"
0.2,3,117,-0.013188013732865695,-0.06941323360614267,-0.016451212645035546,0,"2.15524,9.3523,9.851327,16.028882,24.490331,5.56981"
0.2,3,118,-0.012122582313582247,-0.06609396521125077,-0.015121582817857138,0,"2.117898,9.439058,9.520457,17.093103,24.007904,5.625255"
0.2,3,119,-0.011147888578773123,-0.07216552287001937,-0.013902916426322576,0,"2.171183,9.681929,9.585932,16.801788,22.520769,5.565919"
0.2,3,120,-0.012998283400300906,-0.06485944527803414,-0.016778069548089636,0,"2.101594,9.632575,10.015918,15.911341,23.15508,5.705341"
0.2,3,121,-0.0125850805365147,-0.06279607865487326,-0.016631987261340242,0,"2.105705,8.961795,9.712673,16.477324,25.046874,5.649826"
0.2,3,122,-0.009487499279502902,-0.06780031724838587,-0.01183059342663989,0,"2.154815,9.045569,9.842222,15.980749,23.906063,5.598673"
0.2,3,123,-0.011471410312217422,-0.06641682899807243,-0.014308350332689568,0,"2.124038,9.373476,9.574084,16.907711,23.99093,5.620825"
0.2,3,124,-0.0068162982178158835,-0.06990661588219821,-0.008494401716582722,0,"2.16104,9.321265,9.828647,16.196536,24.139373,5.578418"
0.2,3,125,-0.007711293664494018,-0.06666961697123842,-0.009612836839535177,0,"2.135906,9.101036,9.619908,17.092323,23.706421,5.569968"
0.2,3,126,-0.005656029970982766,-0.06614501822657395,-0.007046454754417397,0,"2.116274,9.554827,9.965806,16.098585,23.026664,5.69136"
0.2,3,127,-0.012161429993086377,-0.06435296955093404,-0.015170528720249987,0,"2.119707,8.995844,9.713102,16.570237,24.603159,5.645099"
0.2,3,128,-0.012373012922423869,-0.06786822303355641,-0.015433865232039407,0,"2.148837,9.238596,9.279241,16.726949,24.309299,5.574995"
0.2,3,129,-0.003619586928906417,-0.06716580476548793,-0.004503189020920728,0,"2.129885,9.393563,9.552922,17.083387,23.737351,5.624624"
0.2,3,130,-0.013735396455367307,-0.06853854796458804,-0.017473941070975496,0,"2.160686,9.065656,9.82106,16.156424,23.652483,5.602471"
0.2,3,131,-0.010887496628732495,-0.0703106698800901,-0.013578214903542052,0,"2.189265,8.741352,9.359932,17.160507,24.571776,5.506142"
0.2,3,132,-0.006324049677424559,-0.06684578684648823,-0.007880470179889187,0,"2.15371,8.781598,9.340851,17.383879,23.603201,5.594955"
0.2,3,133,-0.005314367275487726,-0.06941072363558554,-0.006618987426024736,0,"2.159818,9.231318,9.747346,16.394426,24.050011,5.581174"
0.2,3,134,-0.013184920454544852,-0.06898836587258736,-0.016447456020692225,0,"2.165582,9.082394,9.803424,16.302821,23.441167,5.605637"
0.2,3,135,-0.008896930995466876,-0.06862213069304003,-0.01109291529636397,0,"2.1557,9.226512,9.351908,16.778258,23.988513,5.58274"
0.2,3,136,-0.013186528926621165,-0.06579101901300201,-0.01895865027270087,0,"2.131395,9.024218,9.713459,16.647665,24.233397,5.64116"
0.2,3,137,-0.0031421650725469673,-0.07065472705717155,-0.003906136522397019,0,"2.189406,8.81214,9.419151,17.139556,24.207244,5.525359"
0.2,3,138,-0.013554398173500345,-0.06763669296286787,-0.016915302917748343,0,"2.144913,9.111878,9.635797,17.082737,23.486115,5.57855"
0.2,3,139,-0.007034440218374817,-0.07031069933827006,-0.00876670589224171,0,"2.165878,9.295402,9.809746,16.336247,23.846908,5.585592"
0.2,3,140,-0.01118852142122027,-0.06713360942768677,-0.013954913460707707,0,"2.12853,9.490036,9.924045,16.254621,22.919651,5.67971"
0.2,3,141,-0.004727216708055894,-0.06665246975272704,-0.005886471296335349,0,"2.139497,9.071639,9.571546,17.030722,22.970901,5.650828"
0.2,3,142,-0.01397033651826869,-0.06970630420175737,-0.01891802134608045,0,"2.161474,9.258108,9.770046,16.451993,23.700907,5.596464"
0.2,3,143,-0.005685456548475711,-0.06870630635601702,-0.007082561547458177,0,"2.151575,9.15106,10.168774,16.479956,22.733427,5.658257"
0.2,3,144,-0.012286367066670363,-0.06864059072831181,-0.01532547321244343,0,"2.155012,9.213937,9.488049,16.728541,23.779332,5.595324"
0.2,3,145,-0.014120895208463966,-0.07045981929468426,-0.018549232085221815,0,"2.187703,8.795517,9.451298,17.161566,24.08885,5.533176"
0.2,3,146,-0.009215858326716793,-0.06964402284577004,-0.011490920981702846,0,"2.171998,8.932131,9.875042,16.831988,23.332341,5.596822"
0.2,3,147,-0.013795314433308621,-0.06883693540451033,-0.01769995665706431,0,"2.157841,9.166968,9.552547,16.745782,23.704834,5.595574"
0.2,3,148,-0.010193478498387054,-0.06901281972754991,-0.012711883035016913,0,"2.15884,9.091863,9.476042,17.405361,23.758396,5.583155"
0.2,3,149,-0.012642813320741178,-0.06923076966394585,-0.015770438519990493,0,"2.164458,9.083972,9.74886,16.486578,23.494038,5.60189"
0.2,3,150,-0.006781178099100849,-0.07078164285578512,-0.008450326886275839,0,"2.188104,8.857278,9.495289,17.140439,23.804806,5.547888"
0.2,3,151,-0.003872660742164638,-0.07014653357716043,-0.004818470823488019,0,"2.166239,9.242771,9.760913,16.549128,23.48152,5.600631"
0.2,3,152,-0.001600111114520574,-0.06942631419721146,-0.001980801513088326,0,"2.163209,9.166822,9.579664,16.793953,23.484792,5.599889"
0.2,3,153,-0.0019037026557031953,-0.06841600876908412,-0.0023601641532834394,0,"2.152428,9.120913,9.649039,17.074748,23.302526,5.585702"
0.2,3,154,-0.004203794176058729,-0.06683799711683382,-0.005232800420373829,0,"2.141149,9.047863,9.713757,16.712188,23.925261,5.637877"
0.2,3,155,-0.001874559542716106,-0.06963956820785837,-0.002323466070272895,0,"2.169664,9.096343,9.788728,16.424818,23.26507,5.608275"
0.2,3,156,-0.011304214577615535,-0.0699078838677088,-0.014098692558493997,0,"2.172651,9.010263,9.79466,16.851423,23.236464,5.600721"
0.2,3,157,-0.013600777094519451,-0.06965129717284471,-0.016966591951904197,0,"2.167189,9.052047,9.587574,17.362759,23.446651,5.589817"
0.2,3,158,-0.004293246902149727,-0.07158445223639177,-0.005343319195432628,0,"2.189396,9.004523,9.706773,16.808832,23.457236,5.613762"
0.2,3,159,-0.006003304870502841,-0.07027934684642231,-0.007479082169247697,0,"2.183263,8.803254,9.576854,17.42102,23.270147,5.60321"
0.2,3,160,-0.0020811033925544936,-0.0745984653024907,-0.0025801494748926013,0,"2.222623,8.916621,9.578374,17.494237,22.608035,5.554415"
0.2,3,161,-0.003676134958245967,-0.06811160048072468,-0.004573567230456821,0,"2.154669,9.025989,9.691193,16.84253,23.705724,5.623965"
0.2,3,162,-0.0018303418671734553,-0.07021382842362313,-0.0022681057710898234,0,"2.171004,9.071054,9.608852,17.3081,23.26964,5.595092"
0.2,3,163,-0.00033590610415560994,-0.0704353606534849,-0.00040187191811302814,0,"2.175558,9.036234,9.781424,16.881986,23.094484,5.604178"
0.2,3,164,-0.0036731626603329695,-0.07105210634729672,-0.004569121177651736,0,"2.188438,8.908746,9.531948,17.122833,23.568102,5.56015"
0.2,3,165,-0.013684789459160712,-0.07065902082723795,-0.017071250817926154,0,"2.184404,8.863726,9.599919,17.356651,23.122554,5.606253"
0.2,3,166,-0.013399768209651832,-0.07170463802599131,-0.016715069033524765,0,"2.189515,9.03145,9.708185,16.846494,23.27846,5.615046"
0.2,3,167,-0.013590267368482468,-0.0678124038523402,-0.017780146554946794,0,"2.149287,9.067567,9.714005,16.765958,23.668482,5.635142"
0.2,3,168,-0.0012834897097153155,-0.0708410975372242,-0.0015850667959638742,0,"2.182001,8.999975,9.511295,17.26296,23.336124,5.606869"
0.2,3,169,-0.004957268480798177,-0.0707735103265031,-0.006172719503912183,0,"2.180927,9.006018,9.556316,17.199465,23.29585,5.60642"
0.2,3,170,-0.0011548264671669398,-0.07123836327874068,-0.0014242991939450445,0,"2.189874,8.943477,9.666354,16.800636,23.169704,5.619732"
0.2,3,171,-0.0042390181858143906,-0.07038916348039544,-0.005275899541856033,0,"2.174146,9.049791,9.618436,17.223522,23.252984,5.599198"
0.2,3,172,-0.014059735743315907,-0.0701582773719076,-0.01756076682500346,0,"2.16768,9.152802,9.772088,17.019465,22.766203,5.667702"
0.2,3,173,-0.013772699736060785,-0.07063050756002341,-0.017181036007178796,0,"2.179802,9.046092,9.736817,16.850757,22.91906,5.651478"
0.2,3,174,-0.011671921190412127,-0.07023835151237692,-0.014557784116021044,0,"2.172647,9.103222,9.859105,16.758578,22.750598,5.659276"
0.2,3,175,-0.014088444255446203,-0.07030088972936925,-0.01775766453309635,0,"2.174027,9.087022,9.80864,16.832059,22.841473,5.650466"
0.2,3,176,-0.013833377604839403,-0.06902077786368165,-0.019272345662921617,0,"2.158929,9.096315,9.74072,17.106737,22.622325,5.662457"
0.2,3,177,-0.0006729305929410296,-0.07324904829725759,-0.0008220289501518208,0,"2.202439,9.06978,9.743805,17.300867,21.883585,5.651464"
0.2,3,178,-0.003884500616923918,-0.06860694146569932,-0.0048336403953930795,0,"2.158121,9.067936,9.718972,16.855109,23.370999,5.637862"
0.2,3,179,-0.011506500770388341,-0.07076649982807469,-0.014351083254773633,0,"2.176705,9.1002,9.793074,16.86585,22.765325,5.645632"
0.2,3,180,-0.014132602062732357,-0.07051987956697403,-0.018152716780192646,0,"2.171413,9.155017,9.762615,17.022022,22.7026,5.659995"
0.2,3,181,-0.013945180818880088,-0.06957745947733832,-0.01971678939619588,0,"2.164117,9.107944,9.736474,17.094748,22.582702,5.655624"
0.2,3,182,-0.014146520777119117,-0.07102628288661945,-0.017647746654023216,0,"2.181519,9.066091,9.733222,16.881431,22.829981,5.646476"
0.2,3,183,-0.004363656158463636,-0.07094549637689457,-0.005431402421563758,0,"2.185354,8.914119,9.61914,17.30301,22.999559,5.608788"
0.2,3,184,-0.003532395473996603,-0.06856792693509126,-0.004393958402359621,0,"2.156076,9.083987,9.714212,16.810765,23.454499,5.632862"
0.2,3,185,0.0021836417397605823,-0.07307312788219189,0.0027450753812899853,0,"2.200383,9.085831,9.739045,17.256523,21.967085,5.646464"
0.2,3,186,-0.012705472750867924,-0.06906515365988158,-0.015848725924245688,0,"2.163443,9.084295,9.718351,16.885058,23.206597,5.635129"
0.2,3,187,-0.014076408752506923,-0.07023315011375439,-0.01966512466661785,0,"2.163751,9.31243,9.867188,16.624962,22.491037,5.679323"
0.2,3,188,-0.01405327855708878,-0.07012285801455266,-0.01835297821916991,0,"2.168068,9.197088,9.717957,16.981825,22.633842,5.653704"
0.2,3,189,-0.01442256107366587,-0.0719621959613833,-0.01966180274616694,0,"2.182883,9.250592,9.79255,16.994872,22.001652,5.6704"
0.2,3,190,-0.014534491524082106,-0.07252357704328953,-0.019089250019424922,0,"2.188472,9.274492,9.793119,16.75189,22.431864,5.654829"
0.2,3,191,-0.010605334252426334,-0.07300842858676425,-0.013225190517868357,0,"2.192539,9.302251,9.802559,16.694747,22.406725,5.654697"
0.2,3,192,0.00240121443352941,-0.0726092826566456,0.0030166537088670564,0,"2.19132,9.211148,9.836689,16.788169,22.313398,5.657124"
0.2,3,193,0.0030984771821695707,-0.07059237969640726,0.0038868577149211436,0,"2.171939,9.199432,9.737746,16.949549,22.580435,5.654274"
0.2,3,194,-0.010945122244423634,-0.07234198996395136,-0.013649667640398155,0,"2.189836,9.184156,9.728225,16.987652,22.392464,5.627026"
0.2,3,195,-0.00020961285030134181,-0.07198329529459009,-0.00024377646259043928,0,"2.183814,9.254575,9.792645,16.954375,22.073354,5.667805"
0.2,3,196,-0.014285086727004617,-0.07128179321827169,-0.018089655883279626,0,"2.182677,9.100824,9.743205,16.859841,22.763628,5.647868"
0.2,3,197,-0.014199705539773226,-0.07085528735811648,-0.01809626334788178,0,"2.174254,9.174929,9.767699,16.977,22.657477,5.659134"
0.2,3,198,-0.014127523847095608,-0.07048949012715032,-0.019409904550140716,0,"2.167866,9.306107,9.854843,16.646116,22.481175,5.675241"
0.2,3,199,0.00033522379138700774,-0.07062409629460983,0.0004362495137936184,0,"2.171465,9.209989,9.730484,16.943503,22.600179,5.653892"
0.2,3,200,-0.010710931702307275,-0.07259658173282003,-0.013357158324126761,0,"2.190846,9.221705,9.829427,16.782123,22.333142,5.656742"
0.2,3,201,-0.004537385507613516,-0.07135128524119178,-0.005648245817389208,0,"2.180827,9.166163,9.779528,16.713832,22.946563,5.639142"
0.2,3,202,-0.011806879700917742,-0.07146908157301592,-0.014726006349404519,0,"2.181325,9.180898,9.781714,16.753923,22.801028,5.643919"
0.2,3,203,0.0008766659890667588,-0.0704293434295561,0.0011123274946961414,0,"2.170637,9.18543,9.726841,16.876685,22.842737,5.64593"
0.2,3,204,-0.014478213364484108,-0.07223779710869377,-0.020257979154518463,0,"2.187474,9.215659,9.812329,16.797883,22.418075,5.65494"
0.2,3,205,-0.014158617503927303,-0.07064654729830876,-0.018973418507361284,0,"2.170858,9.23348,9.856078,16.607899,22.791951,5.684954"
0.2,3,206,-0.010587299667658416,-0.07136394118365619,-0.013203080518758348,0,"2.178596,9.217582,9.804545,16.773438,22.590695,5.662827"
0.2,4,1,0.02638056814376697,-0.005965352471553775,0.03294425726056603,0,"1.597564,8.262375,26.777795,23.87024,21.425659,11.583837"
0.2,4,2,0.03259174156777844,-0.08632661534146717,0.04072053807548294,0,"2.199628,8.262375,26.777795,23.87024,21.425659,11.583837"
0.2,4,3,0.03766535406591867,-0.016651849242163702,0.047038816727980895,0,"1.597564,12.418179,26.777795,23.87024,21.425659,11.583837"
0.2,4,4,0.04933128298893008,-0.00965671655792845,0.06160491300229978,0,"1.597564,8.262375,40.191692,23.87024,21.425659,11.583837"
0.2,4,5,0.04597701789700297,-0.007971353448597868,0.057415849360255594,0,"1.597564,8.262375,26.777795,35.830361,21.425659,11.583837"
0.2,4,6,0.043319535223062804,-0.00675607103837024,0.054097011035552534,0,"1.597564,8.262375,26.777795,23.87024,32.163488,11.583837"
0.2,4,7,0.03402660860049597,-0.006213089869911752,0.04249232170138606,0,"1.597564,8.262375,26.777795,23.87024,21.425659,17.400742"
0.2,4,8,0.021444776882009412,-0.036948093947343635,0.02678841970629231,0,"1.79084,9.647534,13.363899,27.856947,25.004935,13.522801"
0.2,4,9,0.015651870469172643,-0.03853979368454872,0.019554918116770167,0,"1.823845,9.878413,8.892736,28.521398,25.601481,13.845962"
0.2,4,10,0.014898588263327787,-0.04965389587668429,0.018617031771357546,0,"1.868179,10.186255,20.816063,13.460508,26.396876,14.276845"
0.2,4,11,0.008990451284448189,-0.05446028557356273,0.01124043873821541,0,"1.914744,10.506928,19.822441,9.732256,27.225412,14.72568"
0.2,4,12,0.0076815772167315765,-0.06457398029221398,0.009608506509478046,0,"1.977417,10.934497,18.497611,20.707945,14.013022,15.324128"
0.2,4,13,0.0018994176443924418,-0.07144898562501102,0.0023897445573394654,0,"2.043379,11.379884,17.117581,20.180896,10.98796,15.947511"
0.2,4,14,0.003961676305657065,-0.06312234111885573,0.004962913054296747,0,"2.132339,6.433928,15.27754,19.478164,21.271612,16.778689"
0.2,4,15,-0.001427451264978698,-0.09101420815545955,-0.0017598007284560513,0,"2.321043,9.978493,11.444132,18.014138,21.220263,10.754445"
0.2,4,16,-0.006828074454658962,-0.09902376030885161,-0.008501835292953536,0,"2.449091,10.264536,8.888647,17.038121,21.186031,9.646768"
0.2,4,17,0.07026247652872238,-0.02011281803888587,0.08774537848692576,0,"1.783237,10.645932,5.485183,15.736765,21.140388,15.92563"
0.2,4,18,0.024760141637164598,-0.07860047611147328,0.03093888827720641,0,"2.128385,8.659589,23.228333,22.514661,21.378113,12.307466"
0.2,4,19,0.12006540900542689,-0.10259271104848111,0.14995745198256316,0,"2.597379,10.778362,4.311378,15.284906,21.124539,16.166841"
0.2,4,20,0.019944089339294424,-0.03195209067045616,0.024913186510275367,0,"1.753094,8.681657,23.031141,22.439351,21.375472,12.347668"
0.2,4,21,-0.008585194707817462,-0.04283387432803339,-0.012316334181468894,0,"1.904691,10.38843,7.78202,16.615381,21.171204,15.456608"
0.2,4,22,-0.00635021258803185,-0.031648462898198115,-0.01773789476573384,0,"1.868189,10.676587,5.21261,15.632168,21.136719,15.981466"
0.2,4,23,0.24709940571205483,-0.07599595943090093,0.3085846714584678,0,"2.343437,10.935316,2.949408,14.749368,21.105756,16.452721"
0.2,4,24,0.013986283722470011,-0.04485223609297338,0.017476591120989766,0,"1.847643,9.057239,19.67522,21.157687,21.330519,13.031842"
0.2,4,25,-0.008840237395756196,-0.08574170800200194,-0.011017843474220523,0,"2.275416,9.464755,20.628366,6.214752,15.456093,14.683049"
0.2,4,26,0.07188451234005495,-0.09095736576122636,0.08978859117533367,0,"2.35339,9.395814,22.584328,2.57394,13.765196,14.822564"
0.2,4,27,0.22382293590989097,-0.08920825594852978,0.27952145050085,0,"2.397632,10.421798,10.163498,8.595001,17.768913,16.047574"
0.2,4,28,0.00853091206712084,-0.05557065442754975,0.010666865881626311,0,"1.936261,9.284656,18.089927,19.063875,20.736918,13.534463"
0.2,4,29,-0.014184704951141524,-0.08517233131447795,-0.017691896209888397,0,"2.333504,8.564735,9.438814,23.130866,9.711249,13.956662"
0.2,4,30,0.027238605474701447,-0.08785688258959254,0.03403618487914506,0,"2.405449,8.241081,7.708566,25.363977,6.793273,13.828492"
0.2,4,31,0.17732482228855215,-0.09195977442590411,0.2214575602440526,0,"2.447186,9.546947,8.287769,15.154851,12.524443,15.288612"
0.2,4,32,0.0031968002203723376,-0.06324701513981094,0.004007804225025349,0,"2.018996,9.328371,16.456192,18.412371,19.368172,13.826821"
0.2,4,33,0.02361635138540739,-0.0850771358124122,0.029512196319392947,0,"2.204675,13.364441,11.492799,14.385299,11.355277,11.060445"
0.2,4,34,0.00018823908235754498,-0.06873174081741625,0.0002522295585926926,0,"2.144348,7.58818,14.646748,18.629353,19.618888,15.825646"
0.2,4,35,0.030250674013412103,-0.08923326442625584,0.0377978529798918,0,"2.36395,9.888325,9.711049,15.523418,13.342279,14.678573"
0.2,4,36,-0.000326423650508486,-0.06863122994423525,-0.00039048127437517344,0,"2.075409,9.421695,15.331992,17.930879,18.363856,13.96878"
0.2,4,37,0.12351353707064722,-0.06849437293834298,0.1542547901414022,0,"2.349623,7.184689,8.454617,13.00489,24.181143,11.898311"
0.2,4,38,-0.0010292633355374087,-0.07408514899885867,-0.0012667910910809654,0,"2.093577,10.680572,15.673718,18.984895,13.186812,15.272644"
0.2,4,39,0.02744485128648375,-0.08462365648217417,0.0342929270951301,0,"2.228851,12.007095,11.267572,14.674945,13.406175,11.835843"
0.2,4,40,-0.002250106499891979,-0.07201539978768805,-0.002791837437480571,0,"2.158369,8.324485,14.083551,17.970285,18.583435,15.160677"
0.2,4,41,0.01650192352081639,-0.08656475898924978,0.020628417173594205,0,"2.32748,9.807412,10.166207,15.386554,14.734398,14.090002"
0.2,4,42,-0.002748687711228427,-0.07195100164221974,-0.0034144574311937848,0,"2.116857,9.485981,14.471022,17.506825,17.758946,13.988984"
0.2,4,43,0.0003494132730802467,-0.07659466856728488,0.0004554597986934361,0,"2.316735,8.150496,9.423624,13.839849,21.435489,12.358255"
0.2,4,44,-0.003455000191544422,-0.07585773279160811,-0.0042954903159167085,0,"2.130331,10.258861,14.632023,18.127387,14.56159,14.786912"
0.2,4,45,-0.007856400499009564,-0.08382250364716338,-0.009789755242607556,0,"2.241197,11.151389,11.196549,14.906826,14.698249,12.345632"
0.2,4,46,0.052507953985406294,-0.08743630779271895,0.06559121034835769,0,"2.325433,10.544896,9.71763,14.503619,14.502506,12.96954"
0.2,4,47,-0.0050274393980620485,-0.0750526448651347,-0.006259276809551725,0,"2.151244,9.662462,13.67878,17.006291,17.216206,13.819076"
0.2,4,48,0.007164151664948732,-0.08236497514152014,0.008966814010960333,0,"2.318754,9.57321,9.238918,13.509359,18.584734,11.849004"
0.2,4,49,-0.0057935030922329125,-0.07755254522489201,-0.007215275453531386,0,"2.16143,10.144584,13.733156,17.357715,15.232114,14.297259"
0.2,4,50,0.019047473558141716,-0.08554707633002077,0.023806921794964686,0,"2.300867,10.330315,10.210226,14.747596,15.268754,12.97623"
0.2,4,51,-0.007121073350432148,-0.0770266831093026,-0.008873211805457401,0,"2.17599,9.77377,13.100683,16.629842,16.891631,13.678602"
0.2,4,52,0.04789681036976115,-0.08248929104011841,0.059831803481479984,0,"2.295433,9.724585,9.945036,14.153547,17.806018,12.291829"
0.2,4,53,-0.004970005120103099,-0.07860078075230156,-0.0061866695354053924,0,"2.183612,10.074584,13.101796,16.823687,15.661098,13.963021"
0.2,4,54,0.03192916105009088,-0.08623680793274995,0.039893117397199584,0,"2.285071,9.314746,18.763428,9.032556,14.498609,14.561985"
0.2,4,55,-0.010261794611828925,-0.05120189511486463,-0.013969012291283264,0,"1.97433,10.084465,8.058108,17.701295,19.261201,15.206617"
0.2,4,56,0.014594118222531243,-0.08433001097752163,0.01824548479611232,0,"2.256514,10.720259,10.903587,16.277499,13.867073,12.614137"
0.2,4,57,-0.00847131296835663,-0.07862183277916093,-0.010558926825425571,0,"2.202037,9.572254,12.49036,17.713346,15.69489,13.724945"
0.2,4,58,-0.005397219881495532,-0.09697629499278851,-0.006715565212908309,0,"2.429734,9.981221,8.980339,18.053579,19.273557,10.365062"
0.2,4,59,-0.00453155100119842,-0.07916012147517032,-0.005639009711417814,0,"2.189862,9.881262,13.017421,18.319907,14.31196,14.240493"
0.2,4,60,0.016778176175111112,-0.06723737381795258,0.020968561001342034,0,"2.174815,10.286637,2.304423,28.033061,16.208014,12.140647"
0.2,4,61,-0.006346024177856445,-0.07298699372156642,-0.007906377096793371,0,"2.193088,10.124652,4.966949,24.86629,15.923113,12.544202"
0.2,4,62,-0.0059053280745450425,-0.07114952513033518,-0.007356516195703017,0,"2.182033,8.68265,8.078233,23.650929,17.524898,14.065182"
0.2,4,63,0.03542616990374106,-0.07132265116829539,0.04425628675571269,0,"2.245992,9.122038,4.330819,23.385527,18.15099,12.380389"
0.2,4,64,-0.008141415747703544,-0.07864327745757493,-0.010146961903361673,0,"2.19919,9.754722,11.567454,19.164177,14.951798,13.930475"
0.2,4,65,-0.009369332734936967,-0.046743723126425954,-0.014049206283113916,0,"1.93793,8.946591,9.217289,24.022055,11.748814,17.444329"
0.2,4,66,-0.013561453229234273,-0.06766337792425212,-0.019056210998748255,0,"2.095607,10.333182,10.499264,18.548414,11.572111,14.870561"
0.2,4,67,-0.012394306471562352,-0.0618411265964158,-0.017141158699885486,0,"2.052538,8.960659,15.463624,15.227095,11.723557,17.166996"
0.2,4,68,0.022554312419206288,-0.05247698302198482,0.028177831937825526,0,"1.998388,9.065883,10.154906,19.616847,11.61879,16.859561"
0.2,4,69,-0.008350717538227165,-0.07441483508520079,-0.010409383830182473,0,"2.165339,9.639913,11.332027,19.239622,14.396296,14.418656"
0.2,4,70,-0.011432850588927934,-0.05704841793627417,-0.014696647607303492,0,"2.031455,9.180686,10.390327,19.541402,12.174289,16.37138"
0.2,4,71,0.043552454686924064,-0.044632348412364235,0.054397329116641524,0,"1.940001,9.117822,8.532132,21.67703,9.702214,17.947237"
0.2,4,72,-0.010144232854713837,-0.07345202274129171,-0.012649278783923051,0,"2.157692,9.496514,11.830627,18.37396,14.696101,14.42866"
0.2,4,73,0.0398577330322613,-0.08434321714700403,0.049793458635977395,0,"2.279382,9.926811,12.676247,13.485623,14.630669,13.222631"
0.2,4,74,-0.010714712295585344,-0.053460574337149944,-0.014881641609904309,0,"1.993677,9.109955,9.793755,22.265983,12.229121,16.740712"
0.2,4,75,-0.010590157657482236,-0.05282208601800195,-0.01897004584780579,0,"2.001628,9.248016,9.383925,20.431059,10.861065,17.008983"
0.2,4,76,0.13565688335569165,-0.07412434763213904,0.1694202150664561,0,"2.195082,8.381329,13.598687,22.013644,3.525764,16.831814"
0.2,4,77,-0.01039986759821937,-0.05529227432788057,-0.012973038390801439,0,"2.01063,9.800592,8.9814,18.42002,16.63365,15.477483"
0.2,4,78,0.09289685833401679,-0.07096531695569477,0.11602279145530459,0,"2.157818,8.66516,12.675206,21.294919,6.125633,16.560948"
0.2,4,79,-0.011664367176154797,-0.0581958893151863,-0.016937669068125813,0,"2.034944,9.611345,9.596997,18.89917,14.881949,15.658061"
0.2,4,80,-0.011026794876599322,-0.07548878173543747,-0.013750870529785506,0,"2.178371,9.338812,12.34367,18.773251,13.236352,14.579141"
0.2,4,81,-0.015419690689662369,-0.08140964780554712,-0.01923502592420237,0,"2.24919,9.553163,12.783799,15.774083,12.204029,14.126888"
0.2,4,82,0.029289504388525834,-0.0855521849457002,0.03659667186003368,0,"2.292601,9.627032,13.282147,14.6921,12.199847,13.691251"
0.2,4,83,0.027351842988963277,-0.06275440310608343,0.03417132101596465,0,"2.085898,9.395751,10.380571,18.267092,10.852701,16.137708"
0.2,4,84,-0.011403891383178998,-0.0733332397079248,-0.01422230861043633,0,"2.16288,9.348302,12.016484,18.688891,12.839075,14.838902"
0.2,4,85,-0.005949855955732877,-0.06498748702493475,-0.007413659413496365,0,"2.101229,9.386262,10.70775,18.351452,11.249973,15.877947"
0.2,4,86,-0.012570897075114572,-0.07209598501160215,-0.015679917430210105,0,"2.152569,9.354629,11.79836,18.632651,12.574223,15.012076"
0.2,4,87,0.01386382229701231,-0.0849453390386571,0.01733368052549955,0,"2.275133,9.611862,12.803264,17.196025,12.048066,13.892368"
0.2,4,88,0.013642109792565119,-0.06206853604992543,0.017051103271447432,0,"2.071513,9.252548,10.792478,19.150506,12.153252,15.958211"
0.2,4,89,-0.011189287197763863,-0.0847244346249468,-0.013951476412136454,0,"2.319397,8.729464,9.996291,21.904735,10.126701,13.985033"
0.2,4,90,-0.01405556365747032,-0.07013329515114922,-0.018597460262809007,0,"2.12099,10.203177,10.880015,18.086026,11.67743,14.746615"
0.2,4,91,-0.003973916125436251,-0.07371067584796674,-0.004944023464368952,0,"2.168591,9.387717,11.9626,18.156223,12.512524,14.864545"
0.2,4,92,-0.012552412280570123,-0.06535162802521682,-0.015658518924781567,0,"2.084953,9.059407,15.016987,15.31826,11.803635,16.660312"
0.2,4,93,-0.012503132183428852,-0.06238643791128336,-0.016709141987404683,0,"2.070218,9.601648,10.128113,18.378322,14.435629,15.402865"
0.2,4,94,0.01534472585700074,-0.061452526249462146,0.019177093359453834,0,"2.067296,9.242765,10.789234,18.913515,12.179245,15.997298"
0.2,4,95,0.031084382211035082,-0.08436151855430393,0.03883773041301941,0,"2.270804,9.602079,12.80002,16.959034,12.07406,13.931455"
0.2,4,96,-0.010449320875154778,-0.0655505085179944,-0.013032231235578395,0,"2.100835,9.30265,11.124362,18.587768,12.161714,15.652991"
0.2,4,97,-0.014110802452732994,-0.07040422949991589,-0.01984463356229095,0,"2.145518,9.428768,11.347233,17.860175,11.623846,15.327023"
0.2,4,98,0.024742030653038698,-0.07971130656122338,0.030916549593345333,0,"2.228757,9.555876,12.259764,17.186098,11.795365,14.429921"
0.2,4,99,-0.011190297071884032,-0.06802413436976781,-0.013956908397864731,0,"2.122006,9.344854,11.313595,18.354157,12.100656,15.449146"
0.2,4,100,0.09005479065166615,-0.052502971050984254,0.11246914491243298,0,"1.94908,10.33425,13.826975,12.685608,14.488402,16.585917"
0.2,4,101,0.020871824877594772,-0.08000542796830923,0.02608369875523031,0,"2.256437,8.996912,10.634724,20.368214,10.853637,14.418513"
0.2,4,102,0.025588573605835913,-0.07215644282394547,0.03197178433366721,0,"2.162702,9.4495,11.58666,17.512493,11.720543,15.127"
0.2,4,103,0.014918884747532495,-0.07201990849656711,0.018647962948591168,0,"2.14221,10.09484,11.19731,17.700702,11.765196,14.643327"
0.2,4,104,0.009214258693718311,-0.0682391916142782,0.011523359805246214,0,"2.112079,9.141698,14.644788,15.39423,11.870367,16.238074"
0.2,4,105,-0.012590504648504927,-0.06579732359792825,-0.01570597550422745,0,"2.099752,9.593567,10.57072,17.944282,14.063695,15.190202"
0.2,4,106,0.021984939958692853,-0.07036232564795068,0.02747129423554251,0,"2.143059,9.379572,11.558628,17.924144,12.117885,15.22877"
0.2,4,107,0.026885588661851725,-0.08426193897470344,0.033594456855203125,0,"2.307657,8.866741,10.460865,20.88296,10.472916,14.008676"
0.2,4,108,0.006087000640167035,-0.05737887120991478,0.007615480037973299,0,"1.998196,10.204067,13.653112,13.200353,14.107673,16.176079"
0.2,4,109,-0.013333795905739396,-0.0665311720818296,-0.017819068696386636,0,"2.084918,9.872796,13.216119,15.133439,13.655739,15.407446"
0.2,4,110,0.006322914809069047,-0.06702414539449317,0.007912487060624307,0,"2.085077,10.107138,13.79665,13.791552,13.771014,15.365236"
0.2,4,111,-0.010292988793542117,-0.0635604795855338,-0.012837508363667594,0,"2.066974,9.395969,15.024422,12.711946,14.792312,16.191315"
0.2,4,112,-0.013230170846765605,-0.06600806386240866,-0.019195576889237065,0,"2.081882,10.433888,11.703484,14.124321,15.661124,14.580981"
0.2,4,113,-0.011689886688974886,-0.06694587467415997,-0.014581040851698368,0,"2.107802,9.577342,11.853896,15.837922,14.390509,15.192401"
0.2,4,114,-0.009848055000442139,-0.07865983040297395,-0.012278125667284645,0,"2.23338,9.271515,11.397698,17.308311,14.148129,14.053666"
0.2,4,115,-0.008444080342030391,-0.07547537585129369,-0.010525705877697467,0,"2.193667,9.426936,11.773599,16.623651,14.141386,14.407401"
0.2,4,116,-0.010361738125644197,-0.06916695615070594,-0.01292195895905851,0,"2.11205,9.819523,13.144066,15.240213,13.413787,15.19402"
0.2,4,117,-0.012876276912921763,-0.06876876729544038,-0.016062091857470873,0,"2.10951,10.287098,11.883536,14.399281,15.084941,14.505299"
0.2,4,118,0.008199670193638816,-0.06855600110306026,0.010256470272052232,0,"2.124456,9.586833,10.939562,17.582582,13.75375,15.012983"
0.2,4,119,0.008803934703995419,-0.06939601211323707,0.011011256126895685,0,"2.131187,9.573312,12.00888,15.827282,14.026095,15.014815"
0.2,4,120,-0.007749505550007373,-0.06675589016269365,-0.009660532432536006,0,"2.097036,9.422168,14.650985,13.222302,14.360931,15.847244"
0.2,4,121,-0.012263211181122564,-0.06164397874458053,-0.01529830467704002,0,"2.039418,10.095581,13.508226,13.629308,13.790398,15.834547"
0.2,4,122,-0.013960732982997485,-0.06966312059846044,-0.017720298982130803,0,"2.112183,10.014808,13.627842,14.121974,13.50985,15.158845"
0.2,4,123,0.034228656996255595,-0.07053162482002262,0.042760693458066434,0,"2.114813,10.143946,15.593269,11.21315,13.700894,15.209298"
0.2,4,124,-0.012959840513940927,-0.06903683441622349,-0.016166375058763338,0,"2.122848,9.679684,11.715173,16.521008,13.744941,15.045702"
0.2,4,125,0.026960957806175117,-0.07322280320715253,0.033685817141379304,0,"2.150946,10.39446,10.90324,16.672988,12.888384,14.107857"
0.2,4,126,0.007100371689012244,-0.06792266949515881,0.008883561716922173,0,"2.105994,9.584213,14.026358,13.797416,14.115506,15.557346"
0.2,4,127,0.007762982687234193,-0.07173062231504823,0.009711949065555947,0,"2.13485,9.937866,13.487168,14.397325,13.292212,14.986852"
0.2,4,128,-0.008754520987906234,-0.07119275356966218,-0.010914438607882493,0,"2.143763,9.658597,11.893277,16.39652,13.488122,14.892567"
0.2,4,129,-0.0053529161089927646,-0.0709937590708085,-0.006666729966506746,0,"2.132615,10.164774,12.033579,14.628414,14.604788,14.442231"
0.2,4,130,-0.013064789849279652,-0.06518378720387365,-0.018744563830184344,0,"2.073966,10.005177,13.387488,13.98677,13.526003,15.549937"
0.2,4,131,-0.009631206654412344,-0.07130991980155152,-0.012009171666398644,0,"2.134738,9.77513,13.084021,15.329191,13.212161,15.016165"
0.2,4,132,0.0006877189783574436,-0.06935281697453802,0.000876110816374065,0,"2.122186,9.444,14.339787,13.647598,14.001447,15.560518"
0.2,4,133,-0.0058396744617406115,-0.07176332217287383,-0.007274377868763782,0,"2.150283,9.595745,12.353482,15.523534,13.71997,14.875916"
0.2,4,134,0.02626416464043613,-0.07444407233015228,0.03281600081780989,0,"2.172399,10.140199,10.838774,16.898573,12.91691,14.07405"
0.2,4,135,-0.01020703606711729,-0.07029323450051167,-0.012728493281989495,0,"2.130531,9.560031,13.756282,14.189427,13.820691,15.312773"
0.2,4,136,0.014888102362799593,-0.07280701887371568,0.01860971998822969,0,"2.161217,9.217853,13.719205,15.771427,12.052206,15.482518"
0.2,4,137,-0.0030688468255331805,-0.07124314427107868,-0.0038144333125361696,0,"2.137374,10.00695,12.314516,14.818917,14.179357,14.615612"
0.2,4,138,-0.00684753536318962,-0.06807585403268386,-0.008533866374104748,0,"2.102887,9.929841,13.286873,14.284656,13.305674,15.312762"
0.2,4,139,-0.0075298727638832995,-0.0722272090692918,-0.009384899253333467,0,"2.150183,9.558887,13.594202,14.453536,13.551247,15.115126"
0.2,4,140,0.020375265953598922,-0.07306282675493751,0.02546188626242496,0,"2.153698,9.738135,13.033984,15.40334,13.044139,14.867952"
0.2,4,141,0.026346170847639787,-0.07296139032953425,0.03291803587126085,0,"2.161237,9.641025,12.041697,16.292781,13.274106,14.764954"
0.2,4,142,0.017567118642050853,-0.07332887859070546,0.02195527524696428,0,"2.166682,9.588648,12.425201,15.565292,13.467313,14.751078"
0.2,4,143,-0.01238751640073614,-0.07281983506325253,-0.01545073980235201,0,"2.151924,10.062837,12.158616,14.819359,14.204661,14.389674"
0.2,4,144,-0.011237587066014425,-0.07414423410285004,-0.014014433340651666,0,"2.163374,9.836144,13.719196,13.807308,13.318247,14.756206"
0.2,4,145,-0.014917012859188176,-0.07443039197544261,-0.020060482130704896,0,"2.174154,9.771703,12.955311,14.164738,13.639584,14.615959"
0.2,4,146,0.020130146162198843,-0.07448840387357962,0.025156148655061883,0,"2.163646,9.98221,13.740798,13.535935,13.273834,14.687794"
0.2,4,147,-0.00942681822738181,-0.0735427116431558,-0.01175338372259388,0,"2.166176,9.654241,12.644467,15.227066,13.435066,14.740531"
0.2,4,148,0.041240444389958636,-0.08113682023236368,0.05151932037213425,0,"2.249323,9.549151,12.664989,15.130708,13.478604,13.935366"
0.2,4,149,0.02804728229149228,-0.07038278702751698,0.03504165690421801,0,"2.1271,9.866392,13.183226,14.425664,13.334495,15.083196"
0.2,4,150,0.02839622323341275,-0.07562718739260323,0.0354787071314826,0,"2.186612,9.735279,12.926725,14.432962,13.400325,14.534448"
0.2,4,151,-0.008144442733020023,-0.07419128697683831,-0.010151853740790029,0,"2.168052,9.977891,12.262813,14.97848,13.871222,14.345876"
0.2,4,152,0.016976341941424358,-0.0754028035929237,0.021218060067611066,0,"2.177613,9.78898,13.563296,14.135104,13.132544,14.65132"
0.2,4,153,-0.00981627151419315,-0.07489542425362859,-0.012239376160517512,0,"2.179952,9.637395,12.667689,15.318235,13.229893,14.638257"
0.2,4,154,-0.0072092889074589165,-0.07370446490583041,-0.008984200817279908,0,"2.166598,9.557933,13.459134,14.673627,13.32671,14.950419"
0.2,4,155,0.0185018868543041,-0.07043006975846013,0.02312184424107866,0,"2.127078,9.867061,13.203028,14.532893,13.122066,15.115117"
0.2,4,156,-0.014198621225969968,-0.07441693061631866,-0.01771196033946891,0,"2.169393,9.725526,13.053194,15.371178,12.895163,14.741512"
0.2,4,157,-0.009755877126227268,-0.08085563029248312,-0.012162470030180783,0,"2.243513,9.546569,12.726947,15.550676,13.097787,14.036308"
0.2,4,158,-0.010730373838744813,-0.07790961552076174,-0.013380109784766059,0,"2.214503,9.543845,12.087897,16.420323,13.075723,14.2951"
0.2,4,159,0.01946798668733437,-0.08078687346171604,0.024330849228305085,0,"2.241638,9.770196,11.734981,16.464031,12.797895,13.777561"
0.2,4,160,0.02002450206825493,-0.07501827490594126,0.025024357796248897,0,"2.179056,9.59331,13.171775,14.972028,13.238574,14.754943"
0.2,4,161,0.02670058147194009,-0.0757350436015942,0.03336129930152398,0,"2.182637,9.696799,13.008295,15.438329,12.779974,14.639074"
0.2,4,162,0.029085406137786075,-0.07849292184123124,0.03634004086183107,0,"2.220274,9.545398,12.20388,16.312616,12.930441,14.267065"
0.2,4,163,-0.006125460999546342,-0.07600137935923151,-0.007630195708884235,0,"2.19145,9.623356,12.687041,15.39421,13.058916,14.553029"
0.2,4,164,0.01972171372638346,-0.08096065127845523,0.02464773458621272,0,"2.244459,9.547668,12.736422,15.58791,12.948827,14.051404"
0.2,4,165,-0.008877212921142814,-0.07552950049749468,-0.011066567209095046,0,"2.181518,9.907102,12.349644,15.11108,13.593356,14.309378"
0.2,4,166,0.008833780502043118,-0.07497290031120239,0.011049918933698,0,"2.180305,9.557138,13.346578,14.857037,13.139596,14.813164"
0.2,4,167,-0.008078000954165538,-0.07643250029372885,-0.0100683247428906,0,"2.189499,9.749677,13.43338,14.408267,12.977791,14.563915"
0.2,4,168,0.010175234323567716,-0.07942649308106996,0.012726173354375536,0,"2.229467,9.615901,12.77066,14.9392,13.194198,14.166852"
0.2,4,169,0.02769300549975598,-0.07350024712798163,0.03460003190457239,0,"2.162806,9.787778,13.053945,14.573382,13.107134,14.793004"
0.2,4,170,0.028669779553796577,-0.07975680900822486,0.03582134230219558,0,"2.230793,9.587686,12.789343,15.418822,12.975212,14.175004"
0.2,4,171,0.026671189936510766,-0.07653841301875246,0.03332479722666648,0,"2.192758,9.848112,12.422003,15.221581,13.361801,14.278963"
0.2,4,172,0.010118639605881977,-0.077274278451089,0.012654963113851392,0,"2.199417,9.716924,13.325116,14.635903,12.848831,14.491077"
0.2,4,173,0.0048032103666540305,-0.07690175923375675,0.006017221176949028,0,"2.201045,9.611657,12.703167,15.457522,12.916434,14.482005"
0.2,4,174,0.022858619130856725,-0.07619010855112163,0.02856375768302566,0,"2.191745,9.556475,13.252782,15.009878,12.983668,14.698785"
0.2,4,175,0.055175475632388574,-0.07976367930307375,0.06892036509521626,0,"2.232751,9.605445,12.77285,15.078347,13.029169,14.160191"
0.2,4,176,0.02127664238793061,-0.08103910682005402,0.026589473288329946,0,"2.245247,9.548584,12.744319,15.618939,12.824694,14.063985"
0.2,4,177,0.02895278636150114,-0.07670198275091288,0.03617398446310105,0,"2.193692,9.67286,12.970879,15.494288,12.683983,14.55371"
0.2,4,178,0.02500466794538355,-0.07718954263533588,0.03124388842895931,0,"2.200188,9.661624,12.937874,15.424965,12.741514,14.488124"
0.2,4,179,-0.007634210684608703,-0.08011131264233529,-0.009513222305295,0,"2.236178,9.368034,13.493683,15.418849,12.14459,14.504658"
0.2,4,180,-0.01077939217909783,-0.08044123947279037,-0.013440689224779312,0,"2.240735,9.456656,13.163081,15.213426,12.565901,14.301009"
0.2,4,181,-0.002351236925336964,-0.08284537317560528,-0.0029154193939833206,0,"2.26564,9.52853,12.818273,15.696363,12.184491,13.957756"
0.2,4,182,0.03915901761511979,-0.07865276433548193,0.04891951569428932,0,"2.218771,9.529737,13.351388,15.11311,12.130065,14.557147"
0.2,4,183,0.054703662413014865,-0.08066607562739092,0.06833141312205337,0,"2.240829,9.545443,12.845497,15.534634,12.708922,14.146179"
0.2,4,184,0.0378587689538099,-0.08060619683447875,0.04729631642504595,0,"2.242143,9.47274,13.099868,15.306869,12.505589,14.271989"
0.2,4,185,0.03740719364546519,-0.0803430518688437,0.046732345474324366,0,"2.238345,9.398889,13.375369,15.478055,12.154496,14.441697"
0.2,4,186,0.03629309135304005,-0.08260178259193758,0.04534167296398406,0,"2.262896,9.532636,12.812528,15.709316,12.187748,13.985945"
0.2,4,187,0.04127289404453189,-0.0776590644594485,0.05155897334843129,0,"2.20905,9.601908,12.716606,15.510282,12.7977,14.422819"
0.2,4,188,-0.014743766443973105,-0.07796433147974258,-0.018391825146949495,0,"2.207691,9.689631,13.234897,14.825599,12.741364,14.430379"
0.2,4,189,0.023285196367138765,-0.08110047383591501,0.029097672904477956,0,"2.245904,9.549347,12.750899,15.644796,12.72125,14.074469"
0.2,4,190,0.033561685868425215,-0.08364912771594185,0.04193108852893157,0,"2.273095,9.46356,13.302514,15.402624,12.040459,14.02097"
0.2,4,191,0.03943962864085906,-0.08176222734974001,0.049270705652258995,0,"2.250182,9.589668,12.986801,15.637955,12.177526,14.088127"
0.2,4,192,0.03777297555721319,-0.08079954854614059,0.04718923010354947,0,"2.243483,9.492228,13.081023,15.36205,12.450912,14.241345"
0.2,4,193,0.04048287110894845,-0.08157407776201776,0.05057340899662943,0,"2.248842,9.57018,13.005645,15.582774,12.232203,14.11877"
0.2,4,194,0.016184781188273215,-0.0809430486287067,0.020230981266232462,0,"2.244376,9.50522,13.06846,15.398838,12.41446,14.220916"
0.2,4,195,-0.0064266629003609495,-0.08221164239599335,-0.00800477094390828,0,"2.255999,9.698964,12.608996,15.440364,12.615273,13.844826"
0.2,4,196,-0.012452372762529557,-0.07980591453149175,-0.015529984490039034,0,"2.229177,9.620659,13.103994,15.119452,12.72453,14.253538"
0.2,4,197,0.024838687386795594,-0.08058761999528107,0.031037468669823487,0,"2.238707,9.602831,12.925174,15.367189,12.570151,14.158503"
0.2,5,1,0.1415653932113427,0.16690951625407946,0.1767382758592556,0,"1.02064,8.446315,9.030503,22.137715,12.04663,14.034347"
0.2,5,2,0.17233456726546287,0.09538299090317015,0.21517918414995285,0,"1.230991,8.446315,9.030503,22.137715,12.04663,14.034347"
0.2,5,3,0.08923037239744852,0.14167150389026173,0.1113911564643737,0,"1.02064,12.694154,9.030503,22.137715,12.04663,14.034347"
0.2,5,4,0.030876495969468374,0.1541385560799555,0.02244630282660376,0,"1.02064,8.446315,13.570576,22.137715,12.04663,14.034347"
0.2,5,5,0.030989984053723916,0.15467807310458478,0.029292272732552194,0,"1.02064,8.446315,9.030503,33.231573,12.04663,14.034347"
0.2,5,6,0.03264065283837154,0.16289874172082958,0.03540593232681738,0,"1.02064,8.446315,9.030503,22.137715,18.094937,14.034347"
0.2,5,7,0.03931517794659936,0.166062018639914,0.049053403525064154,0,"1.02064,8.446315,9.030503,22.137715,12.04663,21.07652"
0.2,5,8,0.049752681359173864,0.2348097769750198,0.06207007917554802,0,"0.832642,9.862169,10.543807,25.835668,14.062729,16.381738"
0.2,5,9,0.034417163321994175,0.17174738651881916,0.04167067615822945,0,"0.955398,10.334155,11.048262,27.068319,14.734764,17.164201"
0.2,5,10,0.06423804466439136,0.22048691918026153,0.08016227182886526,0,"0.934216,5.304379,11.720875,28.711853,15.63081,18.207486"
0.2,5,11,0.04064129057135514,0.199067692155262,0.0507011451460091,0,"0.948306,6.533311,11.272466,27.616164,15.033446,17.511963"
0.2,5,12,0.02266548469892207,0.11317156778363796,0.010671035797183037,0,"1.179753,7.022235,10.45039,25.607399,13.938278,16.236837"
0.2,5,13,0.02050014247033642,0.09982693842845414,0.025574646706606807,0,"1.244203,6.549312,10.43482,25.569354,13.917537,16.212687"
0.2,5,14,0.03626958698918965,0.10593816767959716,0.045265233960606555,0,"1.146955,10.356978,9.442547,23.144634,12.595594,14.67352"
0.2,5,15,0.023563679788488615,0.1176088774043457,0.02297816517325485,0,"1.111873,9.079764,11.821906,28.958722,15.765401,8.974756"
0.2,5,16,0.03608530598132438,0.18009479599990103,0.03790977768023662,0,"0.976983,6.744217,12.202964,29.889832,16.273037,13.478001"
0.2,5,17,0.03317781593857628,0.16560574435177322,0.029432399189094516,0,"1.004239,7.346002,11.742885,28.765633,15.66013,13.677254"
0.2,5,18,0.04387345742146722,0.12573539681261126,0.05475563229533553,0,"1.18892,5.772723,10.828743,26.531919,14.442321,9.825056"
0.2,5,19,0.03197494501232414,0.15958158094836444,0.03339063307697354,0,"0.992313,9.573439,11.011676,26.978919,14.686023,15.941002"
0.2,5,20,0.022776352185238893,0.11366738064338788,0.025178225540795407,0,"1.130921,9.501119,9.890404,24.239034,13.192254,14.066534"
0.2,5,21,0.026541147904587264,0.10527995599590395,0.03311699789384126,0,"1.151373,8.752106,12.889506,31.56739,9.123326,13.720169"
0.2,5,22,0.04828389923577036,0.090176263998653,0.06027205792079249,0,"1.238766,7.351513,11.534186,28.255677,10.677885,11.073251"
0.2,5,23,0.02930451889855328,0.14626624154974383,0.02752167536820549,0,"1.031292,9.203054,11.09876,27.191712,14.017997,15.129707"
0.2,5,24,0.07970225545249493,0.09031059977569408,0.09950573592974499,0,"1.211145,8.730586,14.204907,19.989736,13.974385,13.345012"
0.2,5,25,0.028616565449222166,0.14283166596059974,0.027082404887623923,0,"1.051145,8.493692,9.892854,31.0246,12.367922,13.919458"
0.2,5,26,0.017590612526476625,0.08781696448272694,0.012070296293364507,0,"1.222239,8.74638,8.439007,34.045889,14.081483,13.306716"
0.2,5,27,0.015690794644527706,0.07831439002511587,0.015317201874385067,0,"1.25771,8.796392,7.584002,36.030584,14.420625,13.185444"
0.2,5,28,0.014794591955067595,0.07388338732040603,0.0039222669028845525,0,"1.2897,7.854185,9.738928,31.938183,12.244325,11.563274"
0.2,5,29,0.01786005421131625,0.06371792000805114,0.022286851432710586,0,"1.335652,7.629423,9.512297,32.729261,11.948714,10.968875"
0.2,5,30,0.011112909685250156,0.05551588461192111,-0.0017130175705649675,0,"1.351881,8.350268,10.893518,28.409822,13.8532,11.988124"
0.2,5,31,0.008609726212763949,0.04303140265592627,-0.006450748690614516,0,"1.405665,8.326365,11.060298,27.974026,14.100747,11.666236"
0.2,5,32,0.014137285424562713,0.07061716290357323,-0.0003382359158111692,0,"1.327884,7.949983,7.287743,26.669244,18.757076,11.50277"
0.2,5,33,0.08347200240284797,0.04962963152686839,0.10422337222345479,0,"1.448391,7.245968,6.844117,28.514753,13.112119,17.091009"
0.2,5,34,0.02065105350884772,0.10305838685666277,0.02345557517978758,0,"1.164836,8.774072,10.992108,28.884727,15.323187,10.327392"
0.2,5,35,0.009066589489240688,0.04526815051806907,0.0048821944040750576,0,"1.439457,6.58287,9.141949,34.783006,16.395578,10.752735"
0.2,5,36,0.007655666395142713,0.03824660709293898,-0.0016304310795884902,0,"1.498199,6.579191,7.423951,32.103405,14.622107,14.633673"
0.2,5,37,0.03341263575343307,0.031224096498994436,0.041716272395271314,0,"1.55748,6.213786,6.829647,32.639852,14.50526,15.351391"
0.2,5,38,0.01281780046058501,0.02245021489616797,0.016000637384622596,0,"1.498399,8.81396,6.977775,37.596795,16.262615,8.222275"
0.2,5,39,0.012072536420825801,0.021797625165645484,0.015070150968772067,0,"1.567783,6.572708,9.625989,27.657635,16.373522,9.594841"
0.2,5,40,0.001711614734954824,0.008557249147133378,-0.0019331803765978983,0,"1.629763,7.087093,7.433489,30.323187,19.926228,10.560812"
0.2,5,41,-3.6027403818677674e-5,-0.0001790048830984381,-0.0002382827779629504,0,"1.689686,6.959284,7.049438,30.054022,21.206546,10.393737"
0.2,5,42,-0.0007936108101722514,-0.00941488085523752,-0.0009886711213801247,0,"1.713323,6.661271,9.805267,36.720386,14.229962,10.251642"
0.2,5,43,0.00866451669104206,-0.01993975774379654,0.010824805997241282,0,"1.781389,6.446638,10.22494,38.395576,13.475444,10.043125"
0.2,5,44,0.00578854210855502,0.028929282553461444,-0.0038753233099523277,0,"1.603395,5.084083,11.058235,25.500698,16.046872,14.208894"
0.2,5,45,0.00433256482478008,0.021626504501645827,0.003673279438231619,0,"1.545075,6.823647,8.886708,34.720879,15.827081,14.374167"
0.2,5,46,-0.0012851667610017119,-0.006377868480415466,-0.010396864028169306,0,"1.714237,6.893755,9.285653,27.574799,15.615527,14.423378"
0.2,5,47,-0.002743248391495878,-0.013665069610235892,-0.00937681940831564,0,"1.761868,6.945579,9.309604,26.373432,15.485518,15.035155"
0.2,5,48,0.008137803533762679,-0.008167695455508328,0.010164132208858367,0,"1.876157,4.696767,6.784662,33.850248,18.371949,14.63284"
0.2,5,49,0.0013044160822910285,-0.005204242157694439,0.0016301909724307784,0,"1.794148,5.29903,7.496877,32.870878,17.660082,14.138405"
0.2,5,50,-0.0009159773499868939,-0.028898309376829176,-0.0011366104996397702,0,"1.87745,6.010451,10.44481,29.976692,18.863247,11.500315"
0.2,5,51,0.00702356374152326,-0.033677734498536616,0.008779095015513196,0,"1.858306,7.818372,6.606789,38.071398,18.377273,11.022237"
0.2,5,52,0.002922425059683199,0.01462154276144817,-0.0060097514484056536,0,"1.644884,5.538492,10.316122,27.595815,16.435272,13.677782"
0.2,5,53,0.007498993851686991,-0.03165193203599184,0.009372283014603133,0,"1.956485,5.647476,9.253689,26.476196,18.799794,10.624843"
0.2,5,54,0.0021731590066935576,0.010853823432602494,0.00027944435817281454,0,"1.611062,6.627447,8.94787,33.346765,16.322533,13.749277"
0.2,5,55,0.005308812424422584,-0.02839980036926463,0.006636479001618928,0,"1.838123,7.296485,7.368589,35.518243,18.154023,11.345048"
0.2,5,56,0.001215944680252908,0.006100755813612108,-0.006783292040294792,0,"1.676529,5.831034,9.824787,28.91622,16.721731,13.288992"
0.2,5,57,-0.00379316504494052,-0.02709510693232267,-0.004729952576865704,0,"1.896573,5.94086,9.028757,28.290445,18.399828,11.120128"
0.2,5,58,-0.002679431404995405,-0.03219504062535217,-0.003337902593494424,0,"1.945741,5.82653,9.042238,27.447725,18.746044,10.681943"
0.2,5,59,-0.0034128282495246285,-0.017023633809499904,-0.005870951078434439,0,"1.742914,7.485626,10.990843,27.239521,17.308862,9.724948"
0.2,5,60,-0.003153227757775379,-0.036788418617987956,-0.003928409183381346,0,"1.885039,7.503865,9.05123,30.635279,18.442923,9.386351"
0.2,5,61,-0.005067313244098845,-0.0422376605001544,-0.006317264875123393,0,"1.937943,6.556158,12.494795,29.69123,13.036903,11.945745"
0.2,5,62,-0.0010539736263406887,-0.04741687342051887,-0.0013043085060646664,0,"1.980438,6.488991,13.402497,29.630765,11.675301,12.204416"
0.2,5,63,-0.00859659548123362,-0.042880864339940705,-0.014808050471862691,0,"1.989861,6.819087,10.6347,20.681814,19.615798,12.652552"
0.2,5,64,-0.009339788967169759,-0.04658621000828331,-0.01653715438929977,0,"2.037273,6.845392,10.772941,18.008719,20.513437,13.052708"
0.2,5,65,0.012346884240790912,-0.03410962055604373,0.015426706000127521,0,"1.874579,7.749198,10.104527,23.436183,15.532576,11.921324"
0.2,5,66,-0.0036391211895418626,-0.030077582059028815,-0.004536845246166404,0,"1.876972,6.299962,10.388096,28.886607,18.308135,11.570483"
0.2,5,67,-0.004149531027865911,-0.05196343267723115,-0.005168754172490589,0,"2.032247,6.598012,11.59928,27.877169,19.851178,7.232298"
0.2,5,68,-0.006457343877858404,-0.036260454378048576,-0.008054560173554937,0,"1.954705,5.738951,12.70706,22.695951,17.36319,12.162236"
0.2,5,69,-0.006128257820574574,-0.05584116252993471,-0.00763872326182391,0,"2.176134,5.176529,11.339433,24.577186,18.515361,12.636061"
0.2,5,70,-0.008698309623444778,-0.056879253739989144,-0.0108478193964745,0,"2.136007,5.984574,12.259305,21.493625,17.585163,11.145681"
0.2,5,71,-0.007078955962765596,-0.06795210508799134,-0.008822884043141854,0,"2.197111,6.358293,14.695617,19.824182,17.221915,11.604554"
0.2,5,72,-0.009860951492222854,-0.04917914669597723,-0.019107904610264542,0,"2.112841,5.621733,13.1571,17.553129,14.894145,16.95074"
0.2,5,73,0.05493315114676296,-0.046988305329589586,0.06860957643335275,0,"2.126364,5.459283,13.416737,15.832456,14.067974,18.570601"
0.2,5,74,0.14243609197352072,-0.05001594244792007,0.17787973921329958,0,"2.269594,5.352558,12.48235,11.693042,22.327504,13.904911"
0.2,5,75,-0.0045453643741731765,-0.04600293639265159,-0.005664540193424883,0,"1.992118,6.355321,12.492721,26.691531,14.585335,12.272272"
0.2,5,76,-0.00946694867433316,-0.04722266407540682,-0.016214158045893587,0,"2.04981,6.641263,11.170297,17.932787,19.576889,13.702379"
0.2,5,77,-0.01034659898740915,-0.055877616204514674,-0.012906372957253054,0,"2.132141,5.924074,12.408938,20.836876,17.13666,12.113184"
0.2,5,78,-0.005653825082176351,-0.0652359930233188,-0.00704392842603857,0,"2.183002,6.235444,14.439197,19.445673,16.833954,12.495581"
0.2,5,79,-0.007109672552977365,-0.038314102916595025,-0.008868643521970587,0,"1.980796,5.719412,12.782067,21.838814,16.951683,12.960318"
0.2,5,80,-0.004875148357731516,-0.054685726036051374,-0.006074189825829551,0,"2.165549,5.250663,11.642376,23.40651,17.911825,13.355173"
0.2,5,81,-0.006860038915992182,-0.04422339760076662,-0.008555437358231804,0,"1.966764,6.400294,12.605179,27.668213,13.346443,12.779908"
0.2,5,82,-0.00754251966261251,-0.044767621462562995,-0.00940755012277722,0,"1.97662,6.931472,13.878551,18.351988,15.001432,13.645528"
0.2,5,83,0.011466444621716811,-0.02688181869155165,0.014325450781037863,0,"1.892499,6.176833,10.894857,21.948262,15.468463,14.888438"
0.2,5,84,-0.009426566683021637,-0.059368735233773604,-0.011756609560408193,0,"2.133727,6.225675,13.848471,19.862771,16.606372,12.89439"
0.2,5,85,0.14959310345725096,-0.047759524785900564,0.18681650270006012,0,"2.162625,5.953893,13.143292,11.123923,20.042619,14.642271"
0.2,5,86,-0.009121926151694854,-0.045991571145764264,-0.01137953026656556,0,"1.999013,6.325866,12.694865,24.910829,14.462471,13.090302"
0.2,5,87,-0.007115398944603676,-0.062373974768398045,-0.008869785401660835,0,"2.154433,6.837524,12.937337,17.977313,15.60764,14.505189"
0.2,5,88,0.006712810945329808,-0.05881000118522876,0.008397318863095471,0,"2.125195,6.651023,12.911459,18.620896,15.831647,14.24771"
0.2,5,89,-0.009210792651362319,-0.05048570658846352,-0.011489380007548233,0,"2.116055,5.672102,13.032406,18.10042,15.267898,16.14448"
0.2,5,90,-0.009765845359254963,-0.048715523451679205,-0.016246955285982356,0,"2.063465,6.521669,11.376736,18.416802,19.170184,13.437513"
0.2,5,91,-0.009198927659699244,-0.058900365072298906,-0.011472462021334645,0,"2.133463,6.175394,13.608549,20.025122,16.694753,12.764189"
0.2,5,92,-0.009569153224985149,-0.047748678884898525,-0.01233464028557843,0,"2.02102,6.258877,12.64721,24.231837,14.908169,12.927449"
0.2,5,93,-0.008904818570149995,-0.04665975310495204,-0.011108250024386868,0,"2.00229,6.763467,13.633615,18.766136,15.357304,13.390137"
0.2,5,94,-0.008242605836986647,-0.04111813978835893,-0.013442814196486186,0,"2.005783,5.753513,12.719878,21.671824,16.982512,12.819129"
0.2,5,95,-0.01232081560684586,-0.06147498307375362,-0.016904994350481983,0,"2.150713,6.685192,12.849271,18.453907,15.862477,14.106521"
0.2,5,96,-0.012926583445731294,-0.06449854288645857,-0.017468949827860125,0,"2.175153,6.840612,12.870836,17.917587,15.675805,14.321086"
0.2,5,97,-0.01017538124769042,-0.06168775672442679,-0.012691113506924992,0,"2.212651,5.701058,11.681278,21.076746,17.593853,13.845828"
0.2,5,98,-0.00398886248942363,-0.05128452219349533,-0.004968288692538625,0,"2.106158,6.130354,11.063926,20.1683,16.556103,14.832324"
0.2,5,99,-0.008395976646741014,-0.057754336807363534,-0.010470062162062366,0,"2.128905,6.167887,13.184443,20.048985,16.671645,13.108878"
0.2,5,100,-0.008699946639366615,-0.057348449000544546,-0.010849746440517616,0,"2.139293,6.076719,12.485921,20.350328,16.893184,12.481167"
0.2,5,101,-0.01067079513231883,-0.062324958588246715,-0.013309603072678797,0,"2.206389,5.890784,11.879537,20.550219,17.274178,13.925038"
0.2,5,102,-0.010345235660530241,-0.05160516114234358,-0.017352999791318213,0,"2.08196,6.574817,11.625752,18.333599,18.587787,13.584775"
0.2,5,103,-0.009816951488896643,-0.05077013535249025,-0.012246250576705975,0,"2.046474,6.355797,12.684481,23.179462,15.036109,13.159721"
0.2,5,104,0.0037465809123671022,-0.05313928831097359,0.004691819143393228,0,"2.125872,5.86664,13.005478,18.069948,15.335882,15.840581"
0.2,5,105,-0.009572278012675182,-0.05989522250343099,-0.011938435274943177,0,"2.140395,6.286214,13.485596,19.673866,16.524928,13.023671"
0.2,5,106,-0.009832962222983686,-0.06196305509697385,-0.012263448566388974,0,"2.136962,6.808571,12.005229,21.931739,17.994782,10.991252"
0.2,5,107,-0.008403951994633717,-0.0601317856294696,-0.010479427619265513,0,"2.12277,6.842266,12.364555,20.178497,16.804678,13.854011"
0.2,5,108,-0.006509675520387891,-0.05788368286952407,-0.008114508970796686,0,"2.136536,6.20424,12.465693,20.321689,16.878433,12.709974"
0.2,5,109,0.004282413391112396,-0.06280232332611757,0.005363353965756268,0,"2.201175,6.048966,12.044753,20.111447,17.007783,13.991046"
0.2,5,110,-0.010798777314921444,-0.05387293191126297,-0.016770432858247017,0,"2.09741,6.61911,11.833265,18.264264,18.102457,13.707494"
0.2,5,111,-0.009477587082640657,-0.06252191339959454,-0.011819533841109814,0,"2.143314,6.813911,12.149497,21.262714,17.608285,11.54622"
0.2,5,112,-0.010193444169569792,-0.05321990022742141,-0.01271578445245293,0,"2.06776,6.436576,12.71554,22.302483,15.142725,13.353282"
0.2,5,113,-0.009031302984230154,-0.06071808700355777,-0.011262686522014786,0,"2.146177,6.378581,13.383136,19.381153,16.383408,13.239907"
0.2,5,114,-0.009895630935841029,-0.058642976780221,-0.012342535390216014,0,"2.145258,6.203964,12.550073,19.944871,16.690288,12.78782"
0.2,5,115,-0.010919062519516246,-0.05448163021195568,-0.01480018885339729,0,"2.057704,7.048907,13.122696,19.579577,16.193206,12.327557"
0.2,5,116,-0.010989045035823923,-0.05531780636634084,-0.013708768075113203,0,"2.082572,6.942444,11.697501,20.376012,16.754181,12.774577"
0.2,5,117,0.017990214188531743,-0.0508402521750127,0.02247799979890952,0,"2.065271,6.549868,12.780473,18.198884,15.244602,14.877724"
0.2,5,118,-0.008023053047205091,-0.06069889649955802,-0.01000363794693454,0,"2.130248,6.769898,12.254659,20.752076,17.214338,12.101468"
0.2,5,119,-0.01091085797020405,-0.0569262156978672,-0.013610730178651942,0,"2.097921,6.925471,11.893057,19.966275,16.574451,13.032328"
0.2,5,120,-0.011087886007344689,-0.056253647435899626,-0.013831962135186698,0,"2.077146,7.014188,13.080719,19.302578,16.106973,12.659811"
0.2,5,121,-0.011170145425208064,-0.05572971973420912,-0.01631941802424529,0,"2.11031,6.656023,12.006193,18.206485,17.698015,13.809759"
0.2,5,122,-0.010826076186027737,-0.05522825939557442,-0.013505282884800976,0,"2.085549,6.5039,12.741423,21.571667,15.231571,13.514583"
0.2,5,123,-0.011697194071078604,-0.059773310374576366,-0.014591957303950659,0,"2.150232,6.310027,12.603533,19.60699,16.521207,13.043364"
0.2,5,124,-0.01007575571057724,-0.06290720870033847,-0.012566401434611851,0,"2.148611,6.818361,12.26972,20.705193,17.286205,12.008696"
0.2,5,125,-0.010683016413961247,-0.0532967542956921,-0.016257754954610903,0,"2.083469,6.598318,12.795534,18.152001,15.316469,14.784951"
0.2,5,126,0.010051620015680319,-0.05490707786289628,0.012565686102963158,0,"2.094285,6.634988,12.707898,18.577533,15.644758,14.322241"
0.2,5,127,0.012558037493694853,-0.06041077247954413,0.01569695260763082,0,"2.15438,6.398429,12.648084,19.325423,16.380307,13.256318"
0.2,5,128,-0.011473284220031476,-0.057244632975113036,-0.016135873017308233,0,"2.121078,6.686785,12.1503,18.158335,17.36098,13.89498"
0.2,5,129,0.008856870077744118,-0.05770301476825319,0.01107443891196025,0,"2.093389,6.985257,13.045739,19.071747,16.035111,12.93669"
0.2,5,130,-0.011656606877031194,-0.058156692308690035,-0.017046346039311946,0,"2.110737,6.911328,12.056019,19.624827,16.424677,13.247121"
0.2,5,131,-0.011397443984590052,-0.05686917570831323,-0.015293759732179751,0,"2.100407,6.560008,12.762992,20.962654,15.30561,13.649"
0.2,5,132,-0.01166669229470919,-0.06318407461293865,-0.014553016333399851,0,"2.153028,6.82207,12.369906,20.240592,17.017805,12.394093"
0.2,5,133,-0.011557335124597175,-0.05865159836622741,-0.014417588417737173,0,"2.096882,7.203751,12.43718,19.333157,16.226356,13.558005"
0.2,5,134,-0.008876169388815136,-0.06186391634899904,-0.011068677079851819,0,"2.159075,6.689576,11.836673,19.673971,16.635299,14.084739"
0.2,5,135,-0.009886503639643697,-0.0612267880069887,-0.01233049236019268,0,"2.148087,6.73885,12.038184,19.5736,16.535268,13.893397"
0.2,5,136,-0.010095068403534607,-0.05845443203862273,-0.012591630266142462,0,"2.104296,6.935971,12.844227,19.172117,16.135143,13.128031"
0.2,5,137,-0.01181522895423275,-0.05895028338420024,-0.016727775894827532,0,"2.111577,6.903114,12.709887,19.239031,16.20183,13.255592"
0.2,5,138,-0.010802105663575728,-0.06324598729746736,-0.013473347235409883,0,"2.155749,7.229303,12.101718,17.208523,17.663541,13.241292"
0.2,5,139,-0.006812191984687868,-0.05801286672439874,-0.008492244519659076,0,"2.109602,6.671523,12.652779,20.336965,15.698599,13.581049"
0.2,5,140,-0.012004844090515247,-0.05989894533210504,-0.016344043784771806,0,"2.122135,6.892697,12.736712,19.01879,16.114159,13.433174"
0.2,5,141,-0.007183595632518074,-0.06342098575163345,-0.008954684609600083,0,"2.156711,6.82516,12.453394,19.853424,16.794138,12.715258"
0.2,5,142,-0.011886301614178718,-0.05930785664629502,-0.01608589198806938,0,"2.121435,6.899541,12.191822,19.340287,16.299865,13.426115"
0.2,5,143,-0.010730987890460052,-0.05967953443435023,-0.013385429549916561,0,"2.109869,7.14322,12.509456,19.097229,16.134597,13.685185"
0.2,5,144,-0.008672376854717535,-0.05849691261342403,-0.010815031808435127,0,"2.130064,6.712421,12.270389,18.11821,17.080117,13.965998"
0.2,5,145,-0.00900222842496392,-0.0582051147270314,-0.011227007245277865,0,"2.112812,6.606768,12.780966,20.455142,15.367309,13.761014"
0.2,5,146,-0.011346603719981684,-0.056609887176754095,-0.01663038399439118,0,"2.100488,6.873231,12.666666,18.128991,15.429812,14.815601"
0.2,5,147,0.012151086369319745,-0.060686936073340345,0.015188840854813201,0,"2.117161,7.039605,12.981763,19.867798,14.593732,13.848061"
0.2,5,148,-0.011814733787087913,-0.05895383343604063,-0.015220416490723171,0,"2.127912,6.766944,12.388951,18.409808,16.66572,13.946342"
0.2,5,149,-0.00848742045021239,-0.061304476308345034,-0.01058336607761079,0,"2.139467,7.198723,12.340515,16.849088,16.739343,14.11482"
0.2,5,150,-0.008690060494562979,-0.058675599393137386,-0.010837069648706732,0,"2.117248,6.705401,12.707557,19.854133,15.595982,13.819982"
0.2,5,151,-0.012020001776495206,-0.06059221313361647,-0.014994859308027575,0,"2.130946,6.884016,12.759066,18.835256,16.0411,13.58116"
0.2,5,152,-0.011543050422309683,-0.060201241652560036,-0.014399363354119843,0,"2.130361,6.88972,12.304991,19.10317,16.195855,13.575277"
0.2,5,153,-0.01044148501848277,-0.059887550427031755,-0.013023860524971731,0,"2.135765,6.779221,12.469265,18.327771,16.500734,14.008799"
0.2,5,154,-0.010335622713366481,-0.05793376547792558,-0.012892152797541079,0,"2.11288,6.867795,12.700694,18.093757,15.470811,14.733182"
0.2,5,155,-0.009563316105046857,-0.06050291111353253,-0.011927092311218968,0,"2.12071,7.09278,12.569686,18.900622,16.058132,13.791169"
0.2,5,156,-0.011313314187192601,-0.059295833928701476,-0.014112706069439138,0,"2.123166,6.645738,12.795944,20.032217,15.418725,13.85436"
0.2,5,157,-0.009121910181517076,-0.060267579721534945,-0.011375944887078882,0,"2.148689,6.542996,12.73058,18.535964,15.709545,14.233452"
0.2,5,158,-0.007356885763736615,-0.06051121392165483,-0.009171807593596759,0,"2.125366,7.001127,12.596501,18.839846,16.000034,13.864883"
0.2,5,159,0.01277998945311887,-0.061210840729991445,0.015974315211369716,0,"2.138296,6.876782,12.777694,18.682312,15.980218,13.704481"
0.2,5,160,-0.012209453569172446,-0.06092440255541548,-0.015485221972833724,0,"2.137808,6.881535,12.399298,18.905573,16.10918,13.699579"
0.2,5,161,-0.00882212042556645,-0.06009544769440243,-0.011001625044989471,0,"2.131806,6.678214,12.808426,19.679778,15.461572,13.932147"
0.2,5,162,-0.008545230691500715,-0.06066201343217315,-0.010655717143873977,0,"2.142315,6.789453,12.536194,18.259407,16.363246,14.060847"
0.2,5,163,-0.01183775830094063,-0.05906889709474358,-0.015206378216203992,0,"2.123223,6.863264,12.729051,18.064395,15.504977,14.664499"
0.2,5,164,-0.008585314119054438,-0.061221685154823895,-0.010705631595933407,0,"2.129757,7.050748,12.619877,18.736783,15.994411,13.879488"
0.2,5,165,-0.010570657352585888,-0.060905094540239846,-0.013184910506590708,0,"2.141688,6.824481,12.543533,18.50553,15.722845,14.481402"
0.2,5,166,-0.012346100053353367,-0.06159977083119402,-0.017282416185403535,0,"2.13746,6.923491,12.78748,19.010475,15.126351,14.26522"
0.2,5,167,-0.012258533793705355,-0.06116362531438997,-0.016970007205603307,0,"2.152605,6.619828,12.759664,18.62433,15.205832,14.575156"
0.2,5,168,0.026511838867414393,-0.06247645374721002,0.03312229540230249,0,"2.157494,6.97287,12.554862,17.329518,15.653425,14.736833"
0.2,5,169,-0.009586899085001911,-0.060519161356940965,-0.01195653752838477,0,"2.136081,6.727316,12.766165,19.288068,15.493547,14.066262"
0.2,5,170,-0.012450657418204126,-0.062119521102133,-0.017911616946374206,0,"2.153206,6.923754,12.597122,17.721228,15.621449,14.602719"
0.2,5,171,0.019607630182418116,-0.062270821347129704,0.024500604828530892,0,"2.151431,6.859669,12.837617,18.242333,15.358352,14.228018"
0.2,5,172,0.017424683741126934,-0.061121360886292664,0.021774360655974268,0,"2.143311,6.830346,12.592547,18.461664,15.662096,14.439171"
0.2,5,173,-0.012531179092241138,-0.06252067635138664,-0.01817460836691573,0,"2.15686,6.909897,12.642741,17.753955,15.630508,14.55578"
0.2,5,174,-0.012444948970249817,-0.06209423721714393,-0.017103349222002073,0,"2.143729,6.909677,12.801373,18.828327,15.217926,14.274531"
0.2,5,175,-0.005760810044332668,-0.06172791989255154,-0.007178402173269427,0,"2.156358,6.656621,12.778193,18.506539,15.284161,14.532811"
0.2,5,176,-0.012331552865483146,-0.0615311515634675,-0.016270403096190073,0,"2.14402,6.874714,12.477888,18.740909,16.03695,13.803163"
0.2,5,177,-0.012005701686896963,-0.05989561458341466,-0.01824955912168577,0,"2.131853,6.859489,12.752682,18.039927,15.533448,14.607264"
0.2,5,178,-0.012326358889311016,-0.06150014325511498,-0.01753776204624556,0,"2.147255,6.82717,12.598084,18.407539,15.715005,14.454682"
0.2,5,179,0.008577732826851316,-0.062276463239275534,0.01072700814123273,0,"2.143247,7.083945,12.603008,18.056208,15.98572,14.139358"
0.2,5,180,-0.01210708766324897,-0.06183763118653889,-0.015103296874390187,0,"2.154171,6.727828,12.748995,18.431484,15.401087,14.467235"
0.2,5,181,0.01996486267287178,-0.06466398390062808,0.02494729704002485,0,"2.175256,6.83714,12.62729,18.65334,15.692313,14.018229"
0.2,5,182,-0.010223219209747014,-0.060744685836436906,-0.012751086753970686,0,"2.13907,6.855764,12.731783,18.142163,15.559925,14.509091"
0.2,5,183,-0.01261870543976646,-0.06296114190865026,-0.017356037068344404,0,"2.159906,6.898349,12.680757,17.781227,15.638058,14.516664"
0.2,5,184,-0.012526373573325755,-0.06250004209857876,-0.017331431487858373,0,"2.148957,6.898166,12.81295,18.676537,15.294239,14.28229"
0.2,5,185,-0.009994419296519971,-0.06203328879308875,-0.012465050747703987,0,"2.1492,6.869031,12.543379,18.603688,15.976759,13.889484"
0.2,5,186,-0.012427716791062733,-0.06200727301659984,-0.01732591642430427,0,"2.151898,6.82941,12.643542,18.325881,15.708472,14.432416"
0.2,5,187,0.020361012828010103,-0.062279833478960135,0.025441394598783584,0,"2.157664,6.746624,12.769302,18.345835,15.446874,14.442877"
0.2,5,188,0.013767280062502083,-0.06074484021311866,0.01720707920897191,0,"2.139053,6.856343,12.772374,18.019537,15.557174,14.559568"
0.2,5,189,-0.01119228253943501,-0.06253465824338239,-0.013960758750981933,0,"2.150376,6.984027,12.671977,18.095651,15.836629,14.224292"
0.2,5,190,0.016190615367069096,-0.06459480618104604,0.020234183726654975,0,"2.172803,6.916854,12.63544,18.44732,15.81948,13.995844"
0.2,5,191,-0.012161047774721467,-0.06141716120004349,-0.015170784643458363,0,"2.144667,6.866428,12.749552,18.090834,15.600892,14.465614"
0.2,5,192,-0.012679926742142451,-0.06326998065830826,-0.016595767936420022,0,"2.161111,6.903298,12.933159,17.692217,15.274605,14.857971"
0.2,5,193,0.02257237449551798,-0.06291939836755259,0.02820299497401535,0,"2.163514,6.761406,12.891621,18.065777,15.227395,14.734388"
0.2,5,194,-0.012376884895463994,-0.062648607784654,-0.015440003963420407,0,"2.152564,6.94692,12.708585,18.090672,15.73509,14.309308"
0.2,5,195,-0.012900898948601547,-0.0643705257746006,-0.017399610658130546,0,"2.171877,6.905823,12.800391,18.070539,15.507864,14.440965"
0.2,5,196,-0.012786418289494396,-0.06380179749157053,-0.01662303960247022,0,"2.170401,6.811636,12.871961,18.063991,15.297925,14.641156"
0.2,5,197,0.020430941664870955,-0.06516968232037706,0.025529440061607178,0,"2.177248,6.923219,13.013142,17.741485,15.187693,14.587628"
0.2,5,198,-0.01151727394025537,-0.0625377917486499,-0.014366591385996053,0,"2.156117,6.845044,12.705142,18.228481,15.621675,14.458285"
0.2,5,199,0.013827921521546873,-0.06436959349741511,0.017283710589718226,0,"2.172423,6.894954,12.812132,18.045047,15.535854,14.420985"
0.2,5,200,-0.011522386289440746,-0.06400259330906533,-0.014372609603869796,0,"2.171193,6.816466,12.871773,18.03959,15.360905,14.587811"
0.2,5,201,0.025357422807023952,-0.06347840833929236,0.03168096714372104,0,"2.16345,6.89285,12.922772,17.729779,15.341472,14.76849"
0.2,5,202,-0.010380210874041399,-0.06313598081761762,-0.012946533064283061,0,"2.162445,6.888726,12.712437,17.803954,15.644349,14.484068"
0.2,5,203,-0.006016476790462302,-0.06283774396214371,-0.007497389162924417,0,"2.153317,6.888574,12.822598,18.550045,15.357833,14.288756"
0.2,5,204,-0.012253653243723376,-0.062423358543151175,-0.015286174540477954,0,"2.155769,6.831277,12.681425,18.257832,15.703027,14.413861"
0.2,5,205,-0.012743337957543526,-0.06358279678112405,-0.017577552453113432,0,"2.165045,6.860101,12.7952,18.102342,15.546295,14.419428"
0.35,1,1,0.0,0.0,0.0,0,"1.6,10.0,10.0,20.0,20.0,20.0"
0.35,1,2,0.005112439906902167,-0.07983937369729821,0.007900382214241483,0,"2.203701,10.0,10.0,20.0,20.0,20.0"
0.35,1,3,0.011102557690146172,-0.013695698912695356,0.017071161430516582,0,"1.6,15.024932,10.0,20.0,20.0,20.0"
0.35,1,4,0.008470387019955127,-0.005072652554827423,0.01302107499938418,0,"1.6,10.0,15.024932,20.0,20.0,20.0"
0.35,1,5,0.014868673071365001,-0.004242027064179408,0.022854311505167854,0,"1.6,10.0,10.0,30.025,20.0,20.0"
0.35,1,6,0.012848501622994994,-0.0011846293855248373,0.019747815635564325,0,"1.6,10.0,10.0,20.0,30.025,20.0"
0.35,1,7,0.008592546640809474,-0.0003339228118839423,0.01320627605286042,0,"1.6,10.0,10.0,20.0,20.0,30.025"
0.35,1,8,-0.00041292469299849144,-0.033444849014336725,-0.0006166433502550889,0,"1.793809,11.674956,11.674956,9.975047,23.341667,23.341667"
0.35,1,9,0.04053261028337953,-0.03627894175678864,0.06231508170751465,0,"1.826904,11.954119,11.954119,6.634648,23.898611,23.898611"
0.35,1,10,0.0047060883085159435,-0.04718784729384918,0.007258286413692139,0,"1.860211,12.233283,12.233283,16.658333,11.088904,24.455556"
0.35,1,11,-0.003505709991058853,-0.03427408988064634,-0.005369575131945942,0,"1.950019,6.279625,12.977721,15.544445,18.143519,25.940741"
0.35,1,12,0.002746032681960243,-0.02190107927470697,0.004232226327067379,0,"2.010653,4.827921,13.474014,14.801852,17.834105,26.930864"
0.35,1,13,-0.004502611941328221,-0.06657647216068313,-0.006884362062663463,0,"2.071861,10.062034,13.970308,14.05926,17.524691,14.554321"
0.35,1,14,-0.008900142701194345,-0.07502690492139635,-0.013638489640316387,0,"2.154314,10.072373,14.632033,13.069138,17.11214,11.975881"
0.35,1,15,-5.795309013125683e-5,-0.07698744087253778,-4.765616817931084e-5,0,"2.265643,10.086158,8.814512,11.748979,16.562071,21.904612"
0.35,1,16,0.17977805702597277,-0.008854320031804114,0.2763100838207698,0,"1.674494,10.114878,13.444145,8.998752,15.416095,22.539483"
0.35,1,17,0.0014050607687141627,-0.07018115776281962,0.002197224581466456,0,"2.11235,10.019146,10.574012,18.166438,19.236016,20.423247"
0.35,1,18,-0.004815605294894409,-0.049642537696517774,-0.00737451841497061,0,"2.091894,7.144245,10.657746,12.842999,27.042915,16.739825"
0.35,1,19,0.04546491511394797,-0.023771067095319842,0.0698889341234632,0,"1.834039,8.399308,12.344931,9.560482,21.498088,19.544326"
0.35,1,20,-0.0010679134171294041,-0.06361185118681292,-0.001607084099306877,0,"2.065116,9.749157,10.869162,16.7321,19.613028,20.27676"
0.35,1,21,0.05230827641735185,-0.09540220800695069,0.08044519663437222,0,"2.536386,8.334851,13.20869,6.638859,20.605113,20.059827"
0.35,1,22,-0.0026031731219925127,-0.022936418813624272,-0.003988542803977167,0,"1.746099,9.722457,10.53477,17.772925,20.100852,20.009971"
0.35,1,23,0.004118454314021036,-0.010544065753986146,0.006335425708191702,0,"1.678376,8.127505,14.96774,16.896563,25.222635,17.523667"
0.35,1,24,-0.008748382892757322,-0.0688099944001506,-0.01340859047831748,0,"2.164044,9.75969,9.839979,12.606906,18.005499,21.174455"
0.35,1,25,0.011610633196437075,-0.06704507449179256,0.017880733070789523,0,"2.26854,5.902677,11.495492,19.547835,16.664318,15.364209"
0.35,1,26,-0.001644472242111299,-0.04195049500247844,-0.002504863703773813,0,"1.870437,10.712468,11.645045,11.570482,22.228775,22.01209"
0.35,1,27,-0.008442533245379592,-0.037870462990250264,-0.012955165731703688,0,"1.924074,8.147195,12.559921,11.070208,21.264872,19.007559"
0.35,1,28,-0.006700745298876158,-0.05478913435704022,-0.010269068011759308,0,"2.138968,6.330161,12.08899,16.06506,18.327824,16.270718"
0.35,1,29,0.0960732688083182,-0.07519011069143411,0.14769781810045368,0,"2.409636,6.18914,13.717358,9.293411,19.864737,17.026419"
0.35,1,30,-0.00478962076017279,-0.0356030853131947,-0.0073421342969540795,0,"1.851947,9.133287,11.065195,16.359657,20.0615,19.512712"
0.35,1,31,-0.002641225741016667,-0.07208029244971248,-0.004020591160622866,0,"2.157725,10.583569,10.636892,11.793545,22.461398,8.953103"
0.35,1,32,-0.005499597099971811,-0.04211408366049968,-0.008429811989073444,0,"1.984187,6.996297,12.587581,14.919294,18.863165,23.109446"
0.35,1,33,-0.010213549653140424,-0.07217876137865209,-0.0156586291964311,0,"2.306779,7.016413,13.056876,10.498231,20.143972,16.579913"
0.35,1,34,0.08372557867813883,-0.0763952621431534,0.12872099749464216,0,"2.385241,6.663849,13.388825,9.521367,20.157717,16.091113"
0.35,1,35,-0.0007042373256596522,-0.06741454497469798,-0.001046095804070557,0,"2.130081,8.96272,14.264048,13.233268,10.862928,19.299497"
0.35,1,36,-0.006537665326046249,-0.05379534990935381,-0.010018960967613885,0,"2.098245,7.447228,11.25879,12.908044,24.346247,17.166437"
0.35,1,37,0.062124308168149935,-0.07925473257849266,0.0955230113341311,0,"2.279132,9.261182,11.891267,10.48658,20.870353,10.94889"
0.35,1,38,-0.007008466173509971,-0.04903757353805187,-0.010745105698565516,0,"2.032505,7.373627,12.471528,14.180504,19.197696,21.082684"
0.35,1,39,0.0003017815672101067,-0.06730172049736055,0.0005000187034260861,0,"2.140099,8.785428,13.62431,12.92196,13.671088,18.197297"
0.35,1,40,-0.007204241239201048,-0.05659993363995186,-0.011041929243720994,0,"2.105204,7.670217,11.653041,12.910363,22.567054,17.338247"
0.35,1,41,-0.007300598438527939,-0.06448331880930055,-0.011185782336040395,0,"2.088159,10.350699,12.648788,8.713537,21.102587,19.448859"
0.35,1,42,-0.005783941988723613,-0.07637249459020462,-0.008848400239171661,0,"2.214362,10.298635,12.325336,8.775707,20.867678,14.092286"
0.35,1,43,-0.007827812879221971,-0.05434782453347271,-0.012001523308438108,0,"2.062496,7.860985,12.447163,13.27968,19.476027,19.917617"
0.35,1,44,0.003966930003060231,-0.06894270536987535,0.006133958272404039,0,"2.126247,10.065509,13.408533,10.168839,16.467978,18.696512"
0.35,1,45,-0.007901165198164323,-0.059153058083810744,-0.012111675444301834,0,"2.108707,8.069349,11.945622,12.453438,21.550541,17.564625"
0.35,1,46,-0.008751321796350374,-0.05792589273732021,-0.013418962166898196,0,"2.150276,6.625333,12.178395,15.612476,18.081763,15.957822"
0.35,1,47,-0.011483863951960811,-0.07163497389244278,-0.017611299025741114,0,"2.205839,8.702042,12.290431,11.823777,19.243569,14.169132"
0.35,1,48,0.035204294001700845,-0.0742576194375944,0.05414629089142242,0,"2.22999,8.842233,12.264309,11.581128,19.204826,13.211052"
0.35,1,49,-0.010313302153921622,-0.07121591505499636,-0.015812459207949547,0,"2.191478,8.704552,12.906909,12.44013,16.400063,15.390294"
0.35,1,50,-0.002879765692684869,-0.09779180994950344,-0.004373378251291082,0,"2.476086,8.812492,12.408272,14.280013,15.06413,12.741607"
0.35,1,51,-0.01026083371367685,-0.04921997460428351,-0.01574365130648636,0,"2.013263,8.258071,12.534646,11.605171,20.231415,17.963233"
0.35,1,52,-0.005612503840038839,-0.06412453212746655,-0.008591501196948015,0,"2.175614,6.700241,16.026498,12.409392,19.065475,9.504375"
0.35,1,53,0.00871743954969165,-0.06859565362483404,0.013434946635611067,0,"2.165971,9.249625,10.87104,12.573987,18.182161,19.229429"
0.35,1,54,-0.009234291197145077,-0.0712960920273487,-0.014154057580781532,0,"2.19387,8.704133,12.804162,12.337404,16.873981,15.186767"
0.35,1,55,-0.010417526433086114,-0.05318656204964553,-0.015982342482699974,0,"2.044996,8.332063,12.493943,11.641606,20.066774,17.330883"
0.35,1,56,-0.006048017568970204,-0.07245522334545206,-0.00925637169107707,0,"2.289873,7.297253,12.929135,10.719153,19.993905,16.178116"
0.35,1,57,-0.008416708420229947,-0.07465314418816088,-0.01289568864944915,0,"2.162877,9.843975,14.241765,12.861577,17.467378,12.341422"
0.35,1,58,-0.011681328769593926,-0.060489351545325296,-0.01792078305779307,0,"2.159509,6.971257,12.197068,14.981025,18.275397,15.659707"
0.35,1,59,0.0009582770994045076,-0.06942655367597783,0.0015101458436810877,0,"2.170994,9.583408,10.248378,12.476385,18.211844,20.006901"
0.35,1,60,0.003333580003640726,-0.06549042413158608,0.005158690005512612,0,"2.180643,7.033703,15.40382,12.311789,19.095158,10.281807"
0.35,1,61,-0.009679113269321119,-0.06898899301257082,-0.014838956615333465,0,"2.172602,9.158358,11.107604,12.448952,18.359063,18.386046"
0.35,1,62,-0.01084557675446196,-0.05915932698417006,-0.016637010666283716,0,"2.025278,9.940192,12.115853,14.645641,16.768149,14.846534"
0.35,1,63,0.007227401780237712,-0.0493840870131122,0.011134536556815955,0,"2.103905,7.425468,10.094618,13.097887,19.0616,19.518272"
0.35,1,64,-0.007802957979883912,-0.07173184293632373,-0.011953971927850915,0,"2.153016,9.440826,13.550568,12.900962,17.733082,13.537561"
0.35,1,65,0.029291014284835836,-0.06998973069189518,0.04505572994786444,0,"2.198098,8.413505,12.27487,12.349984,19.082207,14.417561"
0.35,1,66,-0.009098030012182047,-0.05990292173693257,-0.013950763067046984,0,"2.047472,9.445252,12.129389,14.701539,17.019357,14.982063"
0.35,1,67,-0.007934438962600427,-0.054577340488585147,-0.012165276098408395,0,"2.063953,8.105207,12.444464,12.198173,19.768211,17.052353"
0.35,1,68,-0.000935196313951859,-0.06783776159626378,-0.0014008346997512744,0,"2.170418,8.793749,11.28918,12.870964,18.345118,17.931656"
0.35,1,69,-0.009658929569520337,-0.06973658370234961,-0.01480753364362486,0,"2.188132,8.415247,12.70298,12.778007,17.10755,15.26559"
0.35,1,70,-0.007876872638094242,-0.07298164421993095,-0.012066900887754195,0,"2.162316,9.365073,13.900982,13.214818,17.602048,12.894468"
0.35,1,71,-0.010284411893629171,-0.05919503463131691,-0.01577452337125676,0,"2.066011,8.618233,12.613148,14.564859,16.957021,16.844384"
0.35,1,72,-0.012289004770879757,-0.05816253708994066,-0.018855986909856723,0,"2.058704,8.179504,14.040169,14.60851,17.23141,12.967867"
0.35,1,73,-0.01290572127951629,-0.05632812121656303,-0.019804820467364162,0,"2.040255,8.077138,14.498669,14.898101,17.045792,12.140571"
0.35,1,74,0.009128432427863643,-0.04536486169133014,0.014054115314617088,0,"2.02632,7.179209,11.627594,14.825749,17.789061,17.753755"
0.35,1,75,-0.008268341037435957,-0.06904855074586852,-0.012670674010105132,0,"2.139472,9.000687,13.522083,13.483307,17.633217,13.704348"
0.35,1,76,0.02784905806822156,-0.07019941020665521,0.04283966473802181,0,"2.149454,8.737243,13.443314,16.270776,14.911234,12.479869"
0.35,1,77,-0.008286167772523535,-0.057523708830086756,-0.012704271842669645,0,"2.078133,8.21054,12.610939,12.876939,18.958715,16.290272"
0.35,1,78,-0.004851194406149671,-0.05190297776097334,-0.007428000251953171,0,"2.053516,7.578502,12.061982,14.783516,17.48806,16.689847"
0.35,1,79,-0.004326067024892911,-0.06646323399615667,-0.0066130867486271505,0,"2.125074,8.763625,13.278732,13.700008,17.609024,14.201931"
0.35,1,80,-0.011427270096141745,-0.0601107916689073,-0.01753051766550008,0,"2.139497,7.155517,12.580667,14.967205,18.070463,15.073183"
0.35,1,81,-0.008939289947639924,-0.05886718178308367,-0.013707348703628441,0,"2.061711,8.528046,12.927401,14.620399,16.971816,16.060414"
0.35,1,82,0.03031206908029318,-0.06768159730205728,0.04662377259563344,0,"2.16328,8.358894,13.002261,13.131355,17.097257,14.744753"
0.35,1,83,-0.005795950639560258,-0.05940519805965043,-0.008875983739705495,0,"2.046268,9.217215,12.524268,14.734299,17.023763,14.50848"
0.35,1,84,-0.010775912025358745,-0.05738431713242789,-0.01653089604912379,0,"2.071805,8.188306,12.92556,13.213799,18.639894,15.598654"
0.35,1,85,-0.011166269234539975,-0.06703576427312234,-0.017125653910772892,0,"2.12284,8.846752,13.684847,13.719105,17.535313,13.443718"
0.35,1,86,-0.010151944314408017,-0.05206534146981673,-0.015574765918533129,0,"1.998283,8.311974,13.378209,15.586281,17.998423,14.19692"
0.35,1,87,-0.010276466486146987,-0.05756497871564611,-0.0157631887245009,0,"2.098298,7.15226,14.140851,14.267331,18.396804,14.329338"
0.35,1,88,-0.012180172844429267,-0.05845182421338708,-0.018688564828947332,0,"2.094984,7.382575,14.1422,14.263541,18.923747,12.200383"
0.35,1,89,-0.010064714660879598,-0.06650615492460651,-0.015432932462392968,0,"2.192115,7.288832,13.946055,12.856747,18.205581,13.398361"
0.35,1,90,-0.009055052235864185,-0.054545002415195915,-0.013887591616105227,0,"2.030215,8.141423,13.47285,15.131358,18.032949,14.063827"
0.35,1,91,0.006751734313139292,-0.058162513308124456,0.010408193641431085,0,"2.085832,7.49832,14.201611,14.369301,18.610754,12.190414"
0.35,1,92,-0.006213210826389811,-0.05972095478354085,-0.009517111338224193,0,"2.122861,7.309088,12.900334,14.955687,17.899684,14.584414"
0.35,1,93,-0.01070251895137502,-0.06519767531972397,-0.016413893437352056,0,"2.109009,8.718475,13.820484,13.915605,17.453726,13.226527"
0.35,1,94,-0.011332528260228899,-0.05720691873220251,-0.017386468667751676,0,"2.066537,8.169778,13.187745,13.494515,18.374211,15.022306"
0.35,1,95,-0.007051385464677467,-0.057491596872548185,-0.010806521794777646,0,"2.08859,7.306373,14.200487,14.372459,18.171635,13.964543"
0.35,1,96,-0.010860890867981091,-0.05269232389369086,-0.016664026057970183,0,"2.00526,8.272834,13.564953,15.471584,17.839651,13.854194"
0.35,1,97,0.005488103531859654,-0.05836435034966454,0.008466196963777817,0,"2.058131,8.452892,13.189279,14.666683,16.984145,15.407106"
0.35,1,98,-0.010984032701653759,-0.05830999735673682,-0.016850263893919776,0,"2.06274,8.293776,13.358001,14.617119,17.255247,14.87099"
0.35,1,99,0.00666336577199816,-0.055423208319198815,0.010270904318619656,0,"2.001643,8.970522,14.643113,13.96744,17.480402,13.108629"
0.35,1,100,-0.010097505129771683,-0.05931897787371102,-0.01548719509339258,0,"2.102511,7.585922,13.190797,14.790979,17.829804,14.33845"
0.35,1,101,-0.009757280506689853,-0.0586536528721253,-0.014964653389970967,0,"2.040082,9.066464,13.006396,14.690175,17.094508,13.853135"
0.35,1,102,-0.011086611134362583,-0.058602231485946475,-0.01700776201236072,0,"2.048143,8.773062,13.205411,14.637223,17.274029,13.871703"
0.35,1,103,-0.010256464376293642,-0.0564295764379255,-0.015733057749235946,0,"2.00832,9.18257,14.020958,14.220403,17.251081,13.323647"
0.35,1,104,0.003880592948754685,-0.05702140901545838,0.0059948519817261126,0,"2.023927,8.916426,13.882597,14.315499,17.347535,13.49278"
0.35,1,105,-0.009200569289242492,-0.057184672683349536,-0.014109820416204288,0,"2.062149,8.154337,13.406232,13.728446,18.152807,14.542017"
0.35,1,106,0.006434632758551728,-0.05824928307914099,0.009920879132604976,0,"2.046828,8.657068,13.420954,14.680702,17.23599,13.583181"
0.35,1,107,-0.011185107570569118,-0.05798771191294459,-0.017159474174132924,0,"2.058987,8.257669,13.548112,14.663949,17.220337,14.41592"
0.35,1,108,-0.011298606254581003,-0.0533879319261721,-0.017336387425508096,0,"2.011079,8.240217,13.720572,15.376004,17.707341,13.56859"
0.35,1,109,-0.007815225473409872,-0.0638515529170755,-0.011977065134694376,0,"2.097503,8.611579,13.933515,14.079354,17.385737,13.045534"
0.35,1,110,-0.0081759597542645,-0.058894347341687844,-0.01253415312794115,0,"2.092096,7.667784,13.408775,14.808833,17.699135,13.972136"
0.35,1,111,-0.009241009112281881,-0.057623377107625925,-0.014171737386143413,0,"2.073761,7.67922,14.084338,14.504193,17.834394,13.645074"
0.35,1,112,0.00437849756793922,-0.0496133908284867,0.0067561088983773,0,"2.015424,7.413977,13.622051,15.247155,17.834199,14.382568"
0.35,1,113,-0.011787934958387229,-0.0615958676753634,-0.018084033512181436,0,"2.083755,8.411949,13.881604,14.273987,17.46048,13.268373"
0.35,1,114,-0.011499574914580086,-0.05548863989355743,-0.01764413108524912,0,"2.018017,8.605775,14.304401,14.339394,17.441249,13.221378"
0.35,1,115,-0.0024024342653741837,-0.05694084689262306,-0.0036617305294117664,0,"2.033059,8.269628,14.606334,15.62343,16.75039,12.211287"
0.35,1,116,-0.011701711505793529,-0.05717751651660198,-0.01795389130102623,0,"2.057292,8.173552,13.606249,14.044277,17.919071,14.153561"
0.35,1,117,-0.00946015343581765,-0.05622404617303978,-0.014509298424125239,0,"2.016065,8.909638,13.768865,14.694377,17.09703,13.277723"
0.35,1,118,0.002832785544868419,-0.05653022481938121,0.004384186772543153,0,"2.025647,8.704544,13.821443,14.66268,17.219924,13.338948"
0.35,1,119,0.0033706060229654992,-0.06073296951832393,0.005213037058782621,0,"2.076486,8.356145,13.984449,14.378006,17.391366,13.080406"
0.35,1,120,-0.009636049984814973,-0.05704986363279568,-0.014779193933056933,0,"2.05445,8.157483,13.754986,14.186581,17.773525,13.818062"
0.35,1,121,-0.009613558520773767,-0.05566996255094531,-0.014745368529748615,0,"2.021718,8.517664,14.336779,14.432512,17.375339,13.041243"
0.35,1,122,-0.010265665353427727,-0.05388334845883458,-0.015748568633623505,0,"2.015933,8.213037,13.850255,15.296353,17.597083,13.330587"
0.35,1,123,-0.01023059348283327,-0.05776872743086643,-0.01569257577535152,0,"2.055862,8.22758,13.706538,14.702975,17.191247,14.036695"
0.35,1,124,-0.010675325490466292,-0.05743384199984617,-0.016376275487230224,0,"2.068165,7.745535,14.153393,14.569844,17.70296,13.394323"
0.35,1,125,-0.011032908292841452,-0.05202342212045492,-0.0169287636903086,0,"2.009092,7.956663,14.115758,14.984116,17.503949,13.506754"
0.35,1,126,0.005478133001070486,-0.05553628985468402,0.008449351729070353,0,"2.059517,7.608205,13.689754,15.113478,17.562846,13.701087"
0.35,1,127,0.005534113439010414,-0.05579445424845396,0.008535528314758123,0,"2.028003,8.366071,14.228941,14.546006,17.40659,13.151217"
0.35,1,128,0.004705939905441092,-0.0527468545949963,0.007261048650656021,0,"2.014275,7.976742,14.179577,14.96978,17.42759,13.279057"
0.35,1,129,-0.008198878101362899,-0.05727312316588545,-0.012570248994474509,0,"2.063506,7.800799,14.210939,14.624554,17.593432,13.185364"
0.35,1,130,-0.01050095753716732,-0.05429293645067035,-0.016109974655205694,0,"2.01998,8.190387,13.958324,15.229978,17.505201,13.13225"
0.35,1,131,0.009490704326126732,-0.0575391604551834,0.01461744875476223,0,"2.053258,8.202506,13.83856,14.735496,17.167004,13.720674"
0.35,1,132,-0.010898343114614656,-0.056949830740866125,-0.016719297124191734,0,"2.052082,8.144092,13.878933,14.305167,17.652236,13.53848"
0.35,1,133,0.009071335732509062,-0.05587864845478634,0.013972017612338794,0,"2.024804,8.44424,14.363761,14.51011,17.320414,12.891131"
0.35,1,134,-0.0010579248523165097,-0.05364003912303504,-0.0015970965013808458,0,"2.018375,8.008618,14.524841,14.777067,17.681217,12.334945"
0.35,1,135,-0.011154250015815844,-0.05439136195987614,-0.017113983000276473,0,"2.04465,7.621736,14.053334,15.091439,17.648075,12.979091"
0.35,1,136,-0.01216613691862485,-0.05825411959628478,-0.018667099019082686,0,"2.065399,7.970834,14.195437,14.672322,17.614395,12.491177"
0.35,1,137,-0.01075520821036581,-0.05887451120128419,-0.01649827423568026,0,"2.077008,7.926363,13.740371,14.83012,17.338492,13.487367"
0.35,1,138,-0.0118968229142992,-0.0557820808588813,-0.018254513464994376,0,"2.036264,8.17605,13.897417,15.051155,17.341298,12.737614"
0.35,1,139,-0.0028106603803492755,-0.05922342640624853,-0.004287915440109258,0,"2.085366,7.781686,14.129729,14.386124,17.374895,12.659182"
0.35,1,140,-0.00945284279649422,-0.055073060150893076,-0.014498681665167767,0,"2.030834,8.122266,13.986892,15.089335,17.483483,13.053406"
0.35,1,141,0.002216598240636715,-0.05793781290987288,0.003437910512802844,0,"2.061202,7.988551,14.245975,14.709952,17.519627,12.432743"
0.35,1,142,-0.009153250618796354,-0.05605020664253362,-0.014037705442974668,0,"2.036929,8.159564,13.997625,15.025646,17.292047,12.638107"
0.35,1,143,-0.011623173917491143,-0.054736067947366795,-0.01783449826129188,0,"2.043917,7.69763,14.127556,15.059216,17.547694,12.839337"
0.35,1,144,0.010485870390948266,-0.05684343773139945,0.016146569728969884,0,"2.050109,8.132933,13.982222,14.40399,17.551162,13.305495"
0.35,1,145,-0.009932212916211755,-0.058457898143858475,-0.015233616617015916,0,"2.070869,7.951492,13.866754,14.84145,17.289709,13.2629"
0.35,1,146,0.006717982865320731,-0.054584680067973484,0.010354395609535882,0,"2.023355,8.171512,14.048381,15.174665,17.428633,12.96697"
0.35,1,147,-0.007941837414327859,-0.05581629058421095,-0.012175980500458594,0,"2.042032,7.882359,14.279432,15.49902,17.156672,12.121382"
0.35,1,148,-0.009979362841936974,-0.05841216421849824,-0.015306107099762545,0,"2.075123,7.747408,14.290289,14.836463,17.188548,12.178043"
0.35,1,149,-0.006602198190812356,-0.05530953967671092,-0.0101173285974418,0,"2.041819,7.849972,14.107467,15.343347,16.987193,12.62737"
0.35,1,150,-0.012431617608078835,-0.055744351341534576,-0.019076472888817794,0,"2.045046,7.873068,14.130551,15.237781,17.075932,12.594932"
0.35,1,151,-0.009286615920141225,-0.057388381894763016,-0.014241958021175838,0,"2.061995,7.953065,14.024384,14.467199,17.323235,13.096582"
0.35,1,152,-0.004687533709780059,-0.05778351609412342,-0.007173302818945848,0,"2.075499,7.607059,14.315109,14.754424,17.198256,12.732681"
0.35,1,153,-0.01122506439127478,-0.0560993884047028,-0.01722190056917411,0,"2.043342,8.067472,14.050539,14.980442,17.276415,12.653869"
0.35,1,154,-0.0068029963293192285,-0.055884238344398304,-0.010425631054943041,0,"2.044171,7.851664,14.29707,15.483953,17.151462,12.126636"
0.35,1,155,0.01285400194156406,-0.05708190165231708,0.019786337673314947,0,"2.059021,7.936165,14.069831,14.636658,17.294606,12.934924"
0.35,1,156,-0.012078397502063987,-0.05580716939481424,-0.018533566422463385,0,"2.044247,7.907078,14.191904,15.181168,17.070909,12.519205"
0.35,1,157,-0.008871462840293073,-0.05502563294335101,-0.013605170012699452,0,"2.043307,7.760878,14.189408,15.032364,17.464044,12.722876"
0.35,1,158,-0.004458465386105803,-0.056206383223693784,-0.006822090451052809,0,"2.042828,8.069083,14.125228,14.966719,17.237978,12.568319"
0.35,1,159,-0.0005228648593079428,-0.05807346200105097,-0.0007723647853801197,0,"2.069299,7.80236,14.325019,14.846736,17.164755,12.171798"
0.35,1,160,-0.012267567003272802,-0.058111948141009784,-0.01882306589014593,0,"2.065757,7.972433,13.972073,14.850892,17.249056,13.075845"
0.35,1,161,-0.012870736958800566,-0.05720739568866304,-0.01975057922125495,0,"2.058367,7.973744,14.103431,14.539016,17.276994,12.937247"
0.35,1,162,-0.008716040595530695,-0.054801239620620085,-0.013366418445652006,0,"2.029001,8.117763,14.035219,14.976016,17.283503,13.149557"
0.35,1,163,-0.00884697366413312,-0.05618785723491404,-0.01356690680719419,0,"2.050798,7.86726,14.205008,14.859133,17.225454,12.946781"
0.35,1,164,0.012910095069671753,-0.05807123901470368,0.01987308077050165,0,"2.071965,7.735091,14.351613,14.810874,17.16058,12.297951"
0.35,1,165,-0.012268673550186742,-0.05546163583418545,-0.018826192234910902,0,"2.036143,8.05398,14.087951,14.948493,17.263016,13.007623"
0.35,1,166,-0.0033902946131742296,-0.05639580989054178,-0.005180290601264181,0,"2.045212,8.047823,14.142805,14.957544,17.231149,12.521008"
0.35,1,167,-0.01163954785541595,-0.05626304344071234,-0.017858842373336972,0,"2.049867,7.897353,14.19464,14.875535,17.226404,12.875819"
0.35,1,168,-0.010522947354321873,-0.0579967585992724,-0.016141778973045612,0,"2.054895,8.199713,14.160148,14.732038,16.913346,12.795893"
0.35,1,169,-0.012762558550459721,-0.05753726352353832,-0.019584139719090884,0,"2.052962,8.126569,14.165025,14.782092,17.005129,12.783724"
0.35,1,170,-0.00817067845505924,-0.05720973951468698,-0.01252694235953139,0,"2.049361,8.139631,14.145044,14.857719,17.077228,12.612253"
0.35,1,171,-0.003685058892197568,-0.0564152522384373,-0.0056333106184801585,0,"2.049782,7.937731,14.186374,14.872566,17.201541,12.831891"
0.35,1,172,0.004443256878729504,-0.05706857713898733,0.0068596493978762,0,"2.055345,7.990976,14.169304,14.598863,17.238461,12.804467"
0.35,1,173,-0.010084377974334684,-0.057316874666086544,-0.015468096623686395,0,"2.050842,8.118331,14.220632,14.801427,17.011906,12.676532"
0.35,1,174,0.011348948577237733,-0.05552616441196664,0.01747234724472746,0,"2.036828,8.05784,14.156404,14.940094,17.226812,12.863114"
0.35,1,175,-0.012330784697538925,-0.05776686849738849,-0.018920412346983537,0,"2.0615,7.989883,14.059839,14.85876,17.215179,12.919966"
0.35,1,176,-0.007989577310146032,-0.055932087963326424,-0.012249290831259307,0,"2.043582,7.935421,14.243032,15.13399,17.066723,12.4561"
0.35,1,177,0.006855867408896325,-0.05628100881012356,0.010567226253715312,0,"2.048264,7.927316,14.245312,14.879296,17.196302,12.753277"
0.35,1,178,-0.008685724795734272,-0.05803021406604433,-0.013318088405150474,0,"2.063119,7.955181,14.322525,14.783385,17.031309,12.38719"
0.35,1,179,-0.00941605454457322,-0.057892745496808846,-0.014440624119955947,0,"2.056609,8.094995,14.259356,14.812212,17.006821,12.374998"
0.35,1,180,0.014649129325099155,-0.057354524882243935,0.02254545978453537,0,"2.049948,8.066006,14.36538,15.163762,16.887449,12.180652"
0.35,1,181,-0.005064154730522466,-0.057111180051236686,-0.007752502601251876,0,"2.054445,8.003481,14.201984,14.693013,17.179959,12.700498"
0.35,1,182,-0.011070635742410517,-0.05730899345353874,-0.016983904702530972,0,"2.050847,8.053501,14.332701,15.069612,16.945951,12.284621"
0.35,1,183,0.013513575590441355,-0.058973057087993816,0.02080106994608799,0,"2.06415,8.160925,14.321542,14.607176,17.01893,12.471859"
0.35,1,184,-0.003506094332582685,-0.05644111868888078,-0.005358241667627106,0,"2.047005,7.973004,14.256117,15.046187,17.058757,12.458726"
0.35,1,185,-0.01261365088156668,-0.05757023593838917,-0.019355262120937897,0,"2.057955,8.004426,14.132978,14.865317,17.186947,12.790067"
0.35,1,186,-9.847076594773672e-5,-0.05715591842938667,-0.00012059662567809326,0,"2.049081,8.05744,14.360362,15.041027,16.962591,12.260613"
0.35,1,187,-0.012282134772148505,-0.05716466466797293,-0.01884596501884994,0,"2.049077,8.111465,14.266972,14.817539,17.017554,12.587205"
0.35,1,188,0.011011202414837166,-0.05758302716214818,0.016954363289547247,0,"2.053881,8.092019,14.299241,14.826527,17.013316,12.335927"
0.35,1,189,-0.011414597837573055,-0.05772268086547459,-0.017512325980588855,0,"2.059303,7.975507,14.351883,14.802504,17.033723,12.346087"
0.35,1,190,-0.006852416887952148,-0.05597356864652315,-0.010501538675057043,0,"2.043027,7.95904,14.285638,15.094675,17.063234,12.403511"
0.35,1,191,-0.01244720499212504,-0.05637083946595741,-0.019100092520267356,0,"2.04568,7.969654,14.332926,15.013194,17.089964,12.506758"
0.35,1,192,-0.003632151499818059,-0.05653181766951172,-0.005551933241579543,0,"2.049344,7.974969,14.26266,14.789416,17.183147,12.66412"
0.35,1,193,-0.0072793583330129875,-0.05666923825175996,-0.01115734127353396,0,"2.0493,7.988714,14.278943,14.831351,17.146387,12.596869"
0.35,1,194,-0.00818830303550145,-0.05794194554757275,-0.01255363614010574,0,"2.057498,8.083262,14.335152,14.647994,17.110222,12.585674"
0.35,1,195,-0.005302282272559989,-0.05765822789069671,-0.0081181924118931,0,"2.053949,8.085103,14.360583,14.850198,17.015013,12.388585"
0.35,1,196,-0.0034501231577637086,-0.05684255323299643,-0.005272002250260754,0,"2.050075,8.004779,14.29255,14.834492,17.124492,12.562155"
0.35,1,197,-0.011449545996467348,-0.05735796810358181,-0.017566234853809412,0,"2.055002,8.016544,14.193926,14.870781,17.163422,12.681817"
0.35,1,198,0.008689983142875399,-0.05635710786979776,0.01338616480539434,0,"2.044776,7.987568,14.36055,14.994011,17.082602,12.445727"
0.35,1,199,-0.00924047970702133,-0.05697092125884602,-0.014171274701576475,0,"2.047606,8.105744,14.305588,14.830966,17.02226,12.512766"
0.35,1,200,-0.01274013299578304,-0.057525952613178534,-0.01954967941653489,0,"2.056125,7.992445,14.376347,14.818437,17.035734,12.311834"
0.35,1,201,-0.01005796835088709,-0.0577594246739498,-0.01542726896526736,0,"2.054621,8.082241,14.362405,14.689678,17.099483,12.51149"
0.35,1,202,-0.011109175460364003,-0.05665010281496004,-0.017043491776498526,0,"2.047792,8.003451,14.315564,14.842476,17.129621,12.520819"
0.35,1,203,-0.012149999968044615,-0.057819499304225995,-0.018642531535062068,0,"2.055691,8.104954,14.323617,14.656135,17.082836,12.447373"
0.35,1,204,-0.005526929461586987,-0.05742681110682318,-0.008463582690693305,0,"2.055553,7.986515,14.384588,14.760903,17.163369,12.358536"
0.35,1,205,-0.012366265952083066,-0.05692668319163764,-0.018975396315939433,0,"2.04893,8.085872,14.318755,14.819289,17.045778,12.487061"
0.35,1,206,-0.012112171626493034,-0.056577096259708526,-0.018585060543767212,0,"2.046641,8.011227,14.313221,14.945395,17.068244,12.351668"
0.35,1,207,-0.007041557362181859,-0.05708316218245621,-0.01079163644880965,0,"2.050438,8.04803,14.337423,14.834689,17.073634,12.403387"
0.35,2,1,0.10930829428611148,-0.28738301430103436,0.16815319809593,0,"13.6,13.6,13.6,13.6,13.6,13.6"
0.35,2,2,0.140660843232222,-0.3050979597385919,0.2163492315655583,0,"20.424998,13.6,13.6,13.6,13.6,13.6"
0.35,2,3,0.11753729616769276,-0.2912099085426443,0.1808026122119153,0,"13.6,20.424998,13.6,13.6,13.6,13.6"
0.35,2,4,0.11664460698933354,-0.2898306201306119,0.17942987428937102,0,"13.6,13.6,20.424998,13.6,13.6,13.6"
0.35,2,5,0.11639185571410955,-0.2893497130453257,0.17904115594202014,0,"13.6,13.6,13.6,20.424998,13.6,13.6"
0.35,2,6,0.11621039398827149,-0.2885820354360883,0.17876184999719374,0,"13.6,13.6,13.6,13.6,20.424998,13.6"
0.35,2,7,0.11422252494543558,-0.2879328392940024,0.1757062959182179,0,"13.6,13.6,13.6,13.6,13.6,20.424998"
0.35,2,8,0.06803048818704918,-0.24679270850107232,0.10469048741262516,0,"6.776141,15.874999,15.874999,15.874999,15.874999,15.874999"
0.35,2,9,0.042638372998925755,-0.2077326753449249,0.06564370926811108,0,"4.511047,16.254165,16.254165,16.254165,16.254165,16.254165"
0.35,2,10,0.09375103250016015,-0.2712943389184434,0.14423420505460938,0,"10.566691,7.660193,16.759721,16.759721,16.759721,16.759721"
0.35,2,11,0.08646125312003448,-0.2664642048766074,0.1330277654526109,0,"9.555625,12.504632,8.713127,17.812961,17.812961,17.812961"
0.35,2,12,0.07353728501837241,-0.2559322585475538,0.11315893538594335,0,"8.207679,12.13951,13.90895,10.117323,19.217282,19.217282"
0.35,2,13,0.05392108490781057,-0.2365668550813124,0.08299989749802356,0,"6.41152,11.652683,14.011934,15.781377,11.989717,21.08971"
0.35,2,14,0.024573338115483675,-0.18631413496456228,0.037867590967065656,0,"4.031083,11.003582,14.149245,16.508503,18.277948,14.486282"
0.35,2,15,0.004859922285226365,-0.10985574191107059,0.007528428179351787,0,"2.500931,10.570852,14.240786,16.993254,19.057606,13.496496"
0.35,2,16,0.07921519904299737,0.22597809249836143,0.06734513260992137,0,"0.845741,9.993887,14.36284,17.639588,20.09715,21.276779"
0.35,2,17,0.12528550437799488,0.35733824290115646,0.1416168885764646,0,"0.640157,16.712159,10.404188,14.773156,18.049904,19.622744"
0.35,2,18,0.08045398089128075,-0.26023832686089804,0.12379169185534783,0,"8.78755,9.168565,15.70046,16.428627,16.974751,17.236891"
0.35,2,19,0.04375063403360317,0.12482705493612295,0.026885133434615183,0,"1.067502,10.755217,20.780082,13.258472,16.71726,18.37748"
0.35,2,20,0.4200477360588999,1.1977650404974431,0.6319294163395589,0,"0.241117,14.620275,15.485791,13.586087,17.46964,19.333746"
0.35,2,21,0.06499098015414577,-0.24505528286212175,0.10001805810058789,0,"7.107068,10.077139,15.664682,15.95487,17.057233,17.586367"
0.35,2,22,0.08360109009970432,-0.26796838806635337,0.12863271964270734,0,"9.476789,13.822647,17.257359,11.813559,13.333937,14.063721"
0.35,2,23,0.00534323854510933,-0.060061112435982444,0.008244463128351531,0,"1.967511,10.632,14.84526,16.668582,18.969948,20.074603"
0.35,2,24,0.20537291994090112,0.585784805640997,0.2203281301197414,0,"0.446094,11.174487,18.023353,21.519623,14.131359,16.408991"
0.35,2,25,0.05982781335760537,-0.24127870444219174,0.09208062845486842,0,"6.7447,11.978673,14.594684,12.017679,18.369628,18.749234"
0.35,2,26,0.06296735719619646,0.17963276207425172,0.05079846689596601,0,"0.91562,13.870739,15.910954,14.369638,16.728873,18.427529"
0.35,2,27,0.0028522556747645504,-0.03167049206849267,0.0044007382571098486,0,"1.718887,13.238466,15.869909,14.633843,16.7836,18.287335"
0.35,2,28,0.3172101136179685,0.9046726868950583,0.39698117582284687,0,"0.320415,12.389105,17.406028,19.178891,14.887802,17.110696"
0.35,2,29,0.0459648385307416,-0.22214290635465103,0.07076398762463032,0,"5.461581,12.047078,15.063241,13.211211,17.789324,18.476144"
0.35,2,30,0.3032690133640517,0.8649040152518481,0.38444864702574333,0,"0.324863,12.846562,18.339214,14.558465,23.200923,13.899032"
0.35,2,31,0.04134269775620358,-0.2168277015685342,0.06365724652540161,0,"5.187577,11.851662,14.733147,15.577558,13.858247,19.891263"
0.35,2,32,0.12549409291904673,0.3579454221017092,0.13525274725060676,0,"0.645937,12.387026,17.177875,17.917415,16.090951,16.984303"
0.35,2,33,0.03465986652274643,-0.2025921471589526,0.053378581071623854,0,"4.54235,12.103736,15.41568,13.995578,17.506262,18.227504"
0.35,2,34,0.053402327972348715,-0.2327435804201178,0.08220055056558173,0,"6.012084,14.12841,9.672963,18.115856,17.426015,17.032975"
0.35,2,35,0.0033292248525584878,-0.03147425389878675,0.005133698365362427,0,"1.734261,11.31741,18.928885,14.068035,16.835386,18.153396"
0.35,2,36,0.016114832881384576,0.04601342908113659,-0.009187687987121884,0,"1.439611,6.984778,15.09039,14.391452,18.082851,19.789367"
0.35,2,37,0.3027585260194908,0.863586790600184,0.3090675887944362,0,"0.35571,9.763818,16.73049,14.672689,21.886971,16.118303"
0.35,2,38,0.027953606085893073,-0.19217781448466542,0.0430659622238726,0,"4.191795,11.503683,15.066037,15.426747,15.196367,19.262437"
0.35,2,39,0.16508715543014918,0.47089309875591945,0.16885889386587338,0,"0.546504,9.311756,15.931409,16.731727,17.468991,18.12704"
0.35,2,40,0.0234224849264512,-0.1777309524664021,0.03609419927736024,0,"3.747147,11.638395,15.501635,14.451602,17.50005,18.21076"
0.35,2,41,0.13159321141310312,0.375356213677141,0.1340953097181128,0,"0.637508,9.956676,16.426251,14.975509,20.54678,16.741548"
0.35,2,42,0.019054866838918477,-0.1670037174991378,0.029375729101733916,0,"3.492278,11.245845,15.292739,15.351541,16.088103,18.842289"
0.35,2,43,0.0832010560612415,0.2373609055601118,0.06409661270205125,0,"0.826739,9.691125,15.921021,16.250633,17.772448,18.003735"
0.35,2,44,0.01611692937108476,-0.1534193907406968,0.02485303336331976,0,"3.186817,11.313845,15.571533,14.751441,17.545449,18.176256"
0.35,2,45,0.06625131014141628,0.18901911112386566,0.04379162949222121,0,"0.917661,10.106325,16.222848,15.150662,19.670177,17.150195"
0.35,2,46,0.013333404215959962,-0.1434620143102778,0.020569608731220407,0,"3.003331,11.055923,15.447757,15.318061,16.685115,18.560273"
0.35,2,47,0.04430211923127136,0.12641209890682206,0.020985198871161737,0,"1.076913,9.952356,15.902796,15.939635,17.926052,17.944234"
0.35,2,48,0.01150165594832779,-0.1314210996517984,0.017747872639984508,0,"2.793744,11.086927,15.626743,14.949473,17.608883,18.137585"
0.35,2,49,0.025687852140759596,-0.16167155626989727,0.03956725917998011,0,"3.198166,15.649977,16.562723,16.485631,17.230662,15.780529"
0.35,2,50,-0.00487930102882051,-0.01391022345167581,-0.009006526962908233,0,"1.701674,8.428424,15.335779,14.740482,17.940819,19.121227"
0.35,2,51,0.02653576948686923,0.07571946305490809,0.011470162434121217,0,"1.233405,10.702043,16.168029,15.366496,19.046966,17.196607"
0.35,2,52,0.009922265270024804,-0.1239093054092008,0.015316427460106086,0,"2.6796,10.996943,15.567803,15.326133,17.078757,18.332995"
0.35,2,53,0.014988653767928344,0.0427744869983019,0.004018843189654259,0,"1.365087,10.641044,15.969397,15.860637,17.946488,17.684432"
0.35,2,54,0.008555492597151075,-0.1139328353594479,0.01321043431879948,0,"2.536337,11.012613,15.683852,15.101334,17.665151,18.06206"
0.35,2,55,0.010684595208899927,0.030491981561950793,0.0026607210314884555,0,"1.41805,10.736251,16.06702,15.409043,18.67208,17.39871"
0.35,2,56,0.007349185014203495,-0.10742951513770305,0.011352932213174044,0,"2.453797,10.953494,15.651006,15.339952,17.344311,18.177281"
0.35,2,57,0.003682988568003248,0.010511778566529684,0.0002876111070366019,0,"1.513933,10.700875,15.940022,15.713382,17.978739,17.708053"
0.35,2,58,0.020001854996275194,0.05707771485673527,0.0071963018738377404,0,"1.30539,10.675787,16.069208,15.599241,18.511055,17.436422"
0.35,2,59,0.004800857307157244,-0.0893305196129122,0.007426608758966821,0,"2.246576,10.90721,15.720706,15.383166,17.538768,18.053805"
0.35,2,60,-0.004334954304739409,-0.041755538169385036,-0.006640036680827056,0,"1.819109,11.089019,17.166769,13.842139,16.408358,14.865501"
0.35,2,61,0.032967495878394794,0.09406589914492611,0.017704789184514957,0,"1.161455,11.322891,18.746571,12.467098,15.437618,21.899943"
0.35,2,62,0.002866637651609943,-0.08931753071684116,0.004453851974734246,0,"2.254634,10.696191,14.99175,16.238894,18.454274,14.89707"
0.35,2,63,0.01474263337359722,0.042059264802100135,0.01103069258682815,0,"1.364587,10.916191,17.023665,14.362425,17.261624,16.290389"
0.35,2,64,0.0025623208756504518,-0.07376395159200197,0.003977773393848694,0,"2.089375,10.908707,15.937866,15.213043,17.492577,17.759902"
0.35,2,65,0.0027797166462624687,-0.09276405241334235,0.004322114907564956,0,"2.277714,11.191804,16.80363,13.86543,16.6596,16.653424"
0.35,2,66,-0.0020697407601833057,-0.0833446577761913,-0.0031362024590204235,0,"2.219777,10.533402,13.106351,15.443242,17.744357,15.708091"
0.35,2,67,0.0018501550286430448,-0.021606828327330185,0.0028551716261547844,0,"1.691613,11.100356,16.415017,13.007167,15.888829,19.234757"
0.35,2,68,-0.006093656606559116,-0.07492271253249536,-0.009325188130596698,0,"2.214949,7.845729,15.718561,14.06999,17.261247,16.160299"
0.35,2,69,-0.006475041848085389,-0.07883411847591681,-0.009909244458032457,0,"2.301211,6.947444,15.693337,13.976015,17.340855,15.805793"
0.35,2,70,-0.0026340035966784577,-0.007492845943719469,-0.013669261994372468,0,"1.668712,8.477117,14.414743,14.875265,17.612332,17.511666"
0.35,2,71,-0.0035716085526374336,-0.01017442385517707,-0.010767930732534958,0,"1.706608,7.94977,14.772799,13.41506,16.819273,16.322442"
0.35,2,72,-0.008532331353517818,-0.057100202881126425,-0.013082834523183623,0,"2.110847,6.708678,13.748241,15.756902,18.733169,13.876817"
0.35,2,73,-0.0016433520858897767,-0.059688751659100286,-0.0024936002809637925,0,"2.183519,5.977847,13.303779,16.215191,19.207225,12.983829"
0.35,2,74,0.009125323546193555,0.026076653272918415,-0.01635681226678659,0,"1.559859,6.001594,17.270873,13.425379,17.207245,16.793058"
0.35,2,75,-0.004640650316275094,-0.06980784171028544,-0.007094778408785821,0,"2.104621,9.777722,13.800437,15.106931,17.654838,15.888918"
0.35,2,76,-0.0038952155728507122,-0.08109726888977598,-0.00594302855412171,0,"2.25163,8.489375,15.757711,14.070577,17.353438,14.448567"
0.35,2,77,0.0020030330952033456,-0.09845560945360113,0.003131472463708762,0,"2.400375,9.196679,15.727959,15.749289,18.324553,15.013165"
0.35,2,78,-0.010068967936525404,-0.028778517408571472,-0.01545976401357474,0,"1.816882,8.157564,14.931992,13.804098,17.070153,16.104229"
0.35,2,79,-0.004909432906083685,-0.013988913037069832,-0.012949574686568911,0,"1.704882,8.546389,14.467807,15.004944,17.695959,17.438928"
0.35,2,80,-0.006549385679186218,-0.03352140933033032,-0.010047880098241146,0,"2.088748,5.104843,12.1591,15.620985,19.070239,17.879803"
0.35,2,81,0.0015134135416260083,0.004325375152618327,-0.003048681682803589,0,"1.798934,4.858254,14.978314,14.527544,18.29556,17.520014"
0.35,2,82,-0.00532282551028492,-0.06132297873235864,-0.00814779446358041,0,"2.052625,8.956593,13.99675,15.010367,17.761625,16.160768"
0.35,2,83,-0.00060479665720293,-0.07529431509463229,-0.000889024278674877,0,"2.33272,6.377706,12.99663,14.983955,17.949847,13.300887"
0.35,2,84,-0.006772443637257238,-0.02734819612103744,-0.010394024081479866,0,"1.802273,8.08648,14.94592,14.78106,17.942324,18.15117"
0.35,2,85,-0.007371582799513779,-0.07829234164879977,-0.011287451748154459,0,"2.364689,6.106905,14.023972,14.644864,18.276829,15.220599"
0.35,2,86,-0.009818751734138747,-0.03811561395810692,-0.015070177928615092,0,"2.102277,4.752477,14.504103,14.517608,18.382898,16.185369"
0.35,2,87,-0.0025157069888794054,-0.007167008235729855,-0.00730100537146311,0,"1.797977,6.021995,12.411108,15.732491,19.151016,16.66687"
0.35,2,88,-0.008496475315224229,-0.06920803585525974,-0.013021213406093732,0,"2.214834,6.793119,15.146298,14.268761,17.642548,15.949306"
0.35,2,89,-0.008464424785274635,-0.060079496337324366,-0.012976864614703099,0,"2.042534,8.431923,16.94108,13.63678,16.945734,13.94936"
0.35,2,90,0.04646323455742192,-0.08047100808850446,0.07145377608584169,0,"2.424647,5.563312,14.819308,14.095277,17.741453,12.277394"
0.35,2,91,-0.008630392322408309,-0.03910465331308696,-0.013243227071003963,0,"1.90202,7.665524,14.924818,14.666763,17.908845,17.172207"
0.35,2,92,-0.004920789593471255,-0.014018172661569378,-0.014650463831421379,0,"1.711895,8.061407,16.041539,14.238773,17.284287,15.858497"
0.35,2,93,-0.007040111460938032,-0.06990316406247436,-0.010782518025845178,0,"2.251649,6.432355,14.360233,14.577182,18.111405,15.326915"
0.35,2,94,-0.010754232522359401,-0.03921310436056863,-0.016507351011808502,0,"2.053805,5.317637,14.575418,14.398689,18.164107,16.171846"
0.35,2,95,-0.009131741264795977,-0.03743777070993753,-0.01401465925620149,0,"1.887738,7.747524,14.926014,14.522986,17.769063,16.99421"
0.35,2,96,-0.010414266492608104,-0.05295602234300229,-0.015977456212692004,0,"2.060896,6.950053,13.945533,15.431434,18.455999,14.248052"
0.35,2,97,-0.005195647652060149,-0.06328976382030735,-0.007951273702794193,0,"2.14687,7.020437,15.11058,14.191317,17.547149,15.975126"
0.35,2,98,-0.0023216189851247137,-0.05530145512273,-0.0035384054035683676,0,"2.004335,8.386196,16.606232,13.664666,16.966471,14.308505"
0.35,2,99,-0.009048945155079698,-0.07148822695621058,-0.013869091332736533,0,"2.270565,6.44836,14.175308,14.504736,18.075716,15.367871"
0.35,2,100,-0.009915246357351356,-0.03895280307825044,-0.01521803254633669,0,"2.071272,5.495647,12.615386,15.286421,18.727592,17.31194"
0.35,2,101,-0.001995971406272185,-0.028729542691291576,-0.0030522032833785184,0,"1.90586,6.350369,13.279303,15.124805,18.540395,16.090923"
0.35,2,102,-0.008812942203009544,-0.05815398423900451,-0.013513545390802878,0,"2.106101,6.908723,14.805367,14.346898,17.71269,15.994426"
0.35,2,103,-0.01113945346630875,-0.035483608470463335,-0.01710141274624466,0,"1.945401,6.462004,13.584516,14.969223,18.374854,16.071624"
0.35,2,104,-0.001307771178389095,-0.031002698190213895,-0.0019932686298663183,0,"1.919011,6.387578,13.381041,15.072944,18.485214,16.08449"
0.35,2,105,-0.00031783637721562587,-0.0008897576626722137,-0.009399661689870498,0,"1.687073,6.926925,14.017644,14.966214,18.11154,16.932763"
0.35,2,106,0.009399013995763535,-0.061735986653912445,0.014478785201094913,0,"2.169672,6.5281,14.149031,14.581649,18.081687,15.628686"
0.35,2,107,-0.0101449044855615,-0.03871616372775677,-0.015571127070247881,0,"2.035611,5.50807,14.410267,14.493778,18.199231,16.155142"
0.35,2,108,-0.011209236942885135,-0.0501722938091403,-0.017200763298320043,0,"2.041504,6.868692,13.885364,15.354399,18.442475,14.551981"
0.35,2,109,-0.010583990906181145,-0.030176313622752728,-0.018029889922658263,0,"1.838093,7.874852,14.707413,13.998285,17.287603,16.098795"
0.35,2,110,-0.010385301705088163,-0.038702913384738524,-0.01594060660171137,0,"2.050125,5.656519,12.776907,15.233555,18.668802,17.105221"
0.35,2,111,-0.007527284443371762,-0.03742913578384264,-0.011548734720429443,0,"1.897308,7.533185,14.702431,14.597359,17.870028,16.840446"
0.35,2,112,0.002999966332986614,-0.0659199088349632,0.004646181973532393,0,"2.215383,6.450634,14.076843,14.582151,18.125573,15.485163"
0.35,2,113,-0.0025725446435613973,-0.007316004661647502,-0.014434477466454487,0,"1.729203,6.849421,13.945456,14.966716,18.155425,16.78924"
0.35,2,114,-0.006696973406220185,-0.019081513519008997,-0.01810022282366741,0,"1.80743,6.782943,13.967354,14.902621,18.15045,16.571894"
0.35,2,115,-0.008743664465567718,-0.057616379497232736,-0.013407359921222911,0,"2.131791,6.517084,14.054945,14.646245,18.130548,15.702509"
0.35,2,116,-0.008467111158774496,-0.04464603390575189,-0.012989295392157818,0,"2.117371,5.43014,13.10404,14.967803,18.497809,15.054645"
0.35,2,117,-0.009687112654679775,-0.04477549486990695,-0.014864276080035821,0,"2.080182,5.779992,13.370438,14.906063,18.393179,15.352278"
0.35,2,118,-0.006765326829090792,-0.022131950684773194,-0.010385892025437826,0,"1.866821,6.198593,13.523356,15.005523,18.324833,16.075838"
0.35,2,119,-0.011244158173028316,-0.05229438041324824,-0.01725329307597584,0,"2.086882,6.46399,13.966347,14.706125,18.162929,15.76473"
0.35,2,120,-0.009373721171258769,-0.037922680120860336,-0.014386303286277519,0,"1.918897,7.164549,14.4065,14.679059,17.985452,16.563553"
0.35,2,121,-0.010568675856001767,-0.04405999119959289,-0.01621955714913073,0,"2.053022,6.0105,13.543115,14.868229,18.325225,15.554157"
0.35,2,122,-0.011403398082561777,-0.0449909790441821,-0.017501961484509818,0,"1.96839,7.605176,13.07762,15.21616,18.221398,15.56036"
0.35,2,123,-0.010248468181095727,-0.04518248320549115,-0.015726818277067248,0,"1.957256,7.955141,12.855512,15.336557,18.225092,15.46123"
0.35,2,124,-0.010986431245369688,-0.043958306491531984,-0.016861670388223546,0,"1.927114,8.106523,14.811218,14.470586,17.602692,14.095329"
0.35,2,125,-0.0014189268518342167,-0.03954318305040548,-0.0021595123918644044,0,"1.8829,8.450801,14.467711,14.703364,17.705426,15.160116"
0.35,2,126,-0.012116734766408734,-0.04416369110081045,-0.018598751209595712,0,"2.024347,6.41677,13.697214,14.840751,18.221925,15.488484"
0.35,2,127,0.006001625130935542,-0.0574727236652576,0.009254961322090804,0,"2.163445,6.09996,12.966681,15.85413,19.054488,14.412041"
0.35,2,128,-0.005458598077104224,-0.03606926369087973,-0.0083700512330937,0,"1.891128,7.578856,14.417291,14.307593,17.582084,15.817669"
0.35,2,129,-0.01130822516651466,-0.044730174379824295,-0.017355828180253163,0,"1.977682,7.407028,13.180886,15.153592,18.221486,15.548381"
0.35,2,130,-0.010681978909608744,-0.05097608464733244,-0.01638997507105537,0,"2.07642,6.45612,13.921491,14.728562,18.172762,15.718689"
0.35,2,131,-0.00950771338350884,-0.04926513198831582,-0.014586137842638791,0,"2.038641,6.793354,13.854005,15.268791,18.405717,14.708065"
0.35,2,132,-0.0018922193614118253,-0.03716964817909277,-0.002888204079841916,0,"1.958489,6.454465,13.603299,14.947811,18.349366,15.974434"
0.35,2,133,-0.010545596814818248,-0.044472746184456964,-0.01618386437201827,0,"1.943213,7.824773,14.625551,14.53228,17.705898,14.327521"
0.35,2,134,-0.006110762550556196,-0.03325324811884524,-0.009373893665895028,0,"1.868719,7.631734,14.539046,14.138696,17.443323,15.997077"
0.35,2,135,-0.010595969608975159,-0.051917644378118494,-0.01625727877267781,0,"2.017235,7.722205,14.336099,14.606413,17.707671,14.621638"
0.35,2,136,-0.010575334275290947,-0.06064653918875476,-0.01622086834177343,0,"2.160123,6.574971,13.332703,15.571434,18.701829,14.140516"
0.35,2,137,-0.010221911149933852,-0.05031538368204644,-0.015683241013824845,0,"2.026975,7.340355,13.843976,14.54222,17.83814,15.240345"
0.35,2,138,0.0014524881233636032,-0.050117651202498864,0.0022593242162214366,0,"2.028918,7.249171,13.845647,14.663315,17.932736,15.151632"
0.35,2,139,-0.01103884905110355,-0.044727653155372166,-0.016941818754321325,0,"1.985436,7.241923,13.26694,15.101452,18.221559,15.538398"
0.35,2,140,-0.008808943093965276,-0.049866037003440444,-0.013511857344215894,0,"2.067714,6.449561,13.884112,14.747261,18.180956,15.680322"
0.35,2,141,-0.008904858675320104,-0.05084169840433157,-0.013658747530744003,0,"2.01842,7.504542,14.229618,14.645469,17.79338,14.766113"
0.35,2,142,0.0037751469295856225,-0.058148218187794865,0.005833395536696151,0,"2.137316,6.548602,13.393455,15.449653,18.621845,14.365178"
0.35,2,143,-0.008021030374827983,-0.044820787653366494,-0.012303608851378323,0,"1.956662,7.590006,14.470828,14.583692,17.791902,14.521015"
0.35,2,144,-0.01152046612495829,-0.04847238320985925,-0.01768001351085044,0,"2.036257,6.730577,13.827874,15.197451,18.375085,14.838135"
0.35,2,145,-0.00413592196950861,-0.03562351638260443,-0.006337437545185121,0,"1.894373,7.429157,14.398741,14.255705,17.57309,15.912311"
0.35,2,146,-0.006046548398638781,-0.04002676739102623,-0.009271557719283674,0,"1.934217,7.282352,14.231193,14.454697,17.747883,15.654455"
0.35,2,147,-0.011297352441211123,-0.05463103337940213,-0.017333791715251415,0,"2.096208,6.695305,13.561002,15.250662,18.447053,14.623033"
0.35,2,148,-0.000983249117541351,-0.052100098827320196,-0.0014831538967982616,0,"2.120279,6.090022,13.018092,15.34399,18.621417,15.79048"
0.35,2,149,-0.011422327258142078,-0.046120968229356456,-0.017530446352511803,0,"1.983648,7.339858,14.228705,14.710408,17.930155,14.732592"
0.35,2,150,-0.011085330289085989,-0.04642608486852451,-0.017012343286531936,0,"1.980468,7.52689,13.719673,15.168137,18.148763,14.315263"
0.35,2,151,-0.011284646618200308,-0.04363761423131568,-0.01732017744289456,0,"2.01678,6.479329,13.204185,15.444151,18.6548,15.079189"
0.35,2,152,-0.00046301117726950896,-0.050022725839083945,-0.0006847048693242597,0,"2.060457,6.48763,14.145944,15.102402,18.371034,14.153834"
0.35,2,153,-0.010230578073113816,-0.04562804702786387,-0.01569908285046348,0,"1.997879,7.116169,13.413441,15.10161,18.246471,15.307637"
0.35,2,154,-0.011568313589626912,-0.04781475763688023,-0.017753905209335286,0,"2.03427,6.678267,13.806097,15.138001,18.349558,14.946526"
0.35,2,155,-0.01003380705964797,-0.04591826703223045,-0.015396504520382215,0,"1.990413,7.185954,14.140124,14.732132,17.978783,14.858574"
0.35,2,156,-0.011074362075824502,-0.05302491003592977,-0.016991936305712635,0,"2.084179,6.648875,13.583704,15.182344,18.409531,14.767275"
0.35,2,157,-0.009704917982122786,-0.043740702216435,-0.014892198165445375,0,"2.01804,6.468902,13.286356,15.343585,18.582654,15.147405"
0.35,2,158,-0.011642906449447309,-0.04616530216933627,-0.017869436092658175,0,"1.98776,7.341797,13.715929,15.113573,18.160957,14.5108"
0.35,2,159,-0.01078800890420578,-0.044698832491571486,-0.016556311861728623,0,"1.991905,7.10435,13.338653,15.058002,18.22162,15.530079"
0.35,2,160,-0.011423419873371978,-0.04991863016618504,-0.017530082767715074,0,"2.019407,7.323175,14.140884,14.678016,17.864804,14.886508"
0.35,2,161,-0.011649082332123665,-0.04946937942980388,-0.017877150617572016,0,"2.056891,6.651734,13.287371,15.27143,18.430682,15.184649"
0.35,2,162,0.00307915719994053,-0.05242895482036734,0.0047606352633945415,0,"2.077184,6.582466,14.071747,15.016703,18.257533,14.398002"
0.35,2,163,-0.010930229769918746,-0.0460179602081969,-0.016774185020895838,0,"2.006041,7.01735,13.460835,15.051119,18.227605,15.341399"
0.35,2,164,-0.01046415575576762,-0.051161313792229476,-0.016055097665319817,0,"2.062895,6.669425,13.949565,15.023586,18.251547,14.586681"
0.35,2,165,-0.010721131557532584,-0.04688039874267201,-0.016452352905513945,0,"2.015483,6.959354,13.54229,15.04653,18.231596,15.215613"
0.35,2,166,-0.00979943414118757,-0.048754895057198794,-0.015034765123979943,0,"2.051456,6.612568,13.355678,15.19965,18.395889,15.235288"
0.35,2,167,-0.010092743238434322,-0.046009066670252674,-0.015487036140935578,0,"1.993844,7.18757,13.71281,15.068103,18.171118,14.673747"
0.35,2,168,-0.011751341031377432,-0.04719743383340777,-0.018035536662623128,0,"2.032615,6.634677,13.78795,15.08846,18.328286,15.036852"
0.35,2,169,-0.011867452675018045,-0.04908736225997862,-0.018212974868557677,0,"2.02023,7.172053,14.066939,14.705139,17.924324,14.986837"
0.35,2,170,-0.011702864036876245,-0.05160103546325691,-0.017958662375261822,0,"2.074171,6.610186,13.602623,15.125411,18.378264,14.887476"
0.35,2,171,-0.009808930093731747,-0.04578284486460803,-0.015050958423160121,0,"2.009088,6.917225,13.500232,15.016057,18.226659,15.365913"
0.35,2,172,-0.010525133233245668,-0.04612837421073929,-0.016151522788399153,0,"1.999983,7.033548,14.100245,14.748323,18.020969,14.911148"
0.35,2,173,-0.010978063708410606,-0.04721007112143612,-0.016847060913729506,0,"2.024147,6.842418,13.827963,14.929365,18.174148,14.997424"
0.35,3,1,0.06033584108516529,-0.11178245598535495,0.09279176968379338,0,"2.540204,8.54064,18.460056,11.814298,47.497369,56.179979"
0.35,3,2,0.07374762217296718,-0.1758961156033288,0.1134391544047158,0,"3.736239,8.54064,18.460056,11.814298,47.497369,56.179979"
0.35,3,3,0.06984090478898913,-0.12180347543487169,0.10740572658939726,0,"2.540204,12.835669,18.460056,11.814298,47.497369,56.179979"
0.35,3,4,0.07507033018698335,-0.11702333416216792,0.11544038784898195,0,"2.540204,8.54064,27.715085,11.814298,47.497369,56.179979"
0.35,3,5,0.0695926232968993,-0.11418025298963681,0.10702003594166706,0,"2.540204,8.54064,18.460056,17.746436,47.497369,56.179979"
0.35,3,6,0.07824196927525928,-0.1127468051024327,0.12031265758402387,0,"2.540204,8.54064,18.460056,11.814298,71.271053,56.179979"
0.35,3,7,0.07041842395378549,-0.11198700631593897,0.10828804949818807,0,"2.540204,8.54064,18.460056,11.814298,47.497369,84.294968"
0.35,3,8,0.05606330314955226,-0.14230488075084496,0.08624161970001545,0,"2.930907,9.972232,21.545066,13.791673,23.723684,65.551642"
0.35,3,9,0.0493319067257228,-0.14595836420457114,0.07589793614569185,0,"2.996979,10.210845,22.059234,14.121237,15.799123,67.113585"
0.35,3,10,0.05672398385409613,-0.1455427360413786,0.0872587778555454,0,"3.085431,10.529,10.404784,14.560655,36.931287,69.196177"
0.35,3,11,0.05561992887109855,-0.0355694551261039,0.08550277135232873,0,"1.750832,11.19183,16.974682,15.476109,33.40926,73.53491"
0.35,3,12,0.04722039572220312,-0.12333083714600614,0.07264053103082183,0,"2.59261,12.075612,16.479557,16.696715,28.713223,41.833235"
0.35,3,13,0.04097432521714784,-0.12468636085028954,0.06304152069998531,0,"2.601366,12.664804,16.149473,17.510452,25.582532,34.75628"
0.35,3,14,0.04142960337592048,-0.1132384070692398,0.06373509078366973,0,"2.613051,7.723871,15.709362,18.595435,21.408278,62.806991"
0.35,3,15,0.029818193231010884,-0.12136605023131425,0.04589360078166732,0,"2.637428,11.746321,14.792464,12.946292,12.711917,65.015996"
0.35,3,16,0.03162164407496537,-0.12127153521567835,0.0486653179317465,0,"2.653706,12.280629,14.181199,12.146271,6.915331,66.488665"
0.35,3,17,0.033287931386439686,-0.12480495696568755,0.051228176625494004,0,"2.670003,12.814938,13.569935,19.255768,1.399938,67.961335"
0.35,3,18,0.024515888283293024,-0.06978603725043522,0.03771661169035684,0,"2.014088,11.588404,22.680295,18.074442,0.573609,54.533522"
0.35,3,19,0.04328298634093728,-0.051151126032210656,0.06655020246683863,0,"1.847727,11.764972,24.726219,18.660074,0.001574,52.089746"
0.35,3,20,0.040521739913933326,-0.1659142853878836,0.06236810868180909,0,"3.484127,11.05776,18.012239,18.025099,0.000351,43.860993"
0.35,3,21,0.023767252737025023,-0.09713753235218808,0.03658072830761283,0,"2.337917,12.321068,11.578698,20.68126,1.899429,42.531453"
0.35,3,22,0.04011067358006663,-0.08633273756085917,0.06169352192148303,0,"2.231734,12.672776,9.831984,21.774597,0.435254,38.434431"
0.35,3,23,0.021660138057114035,-0.12691996055953533,0.03335827256329804,0,"2.620615,16.340988,16.551669,16.902335,3.0e-5,40.079534"
0.35,3,24,0.02431290606916444,-0.12865781767905907,0.03743631185022994,0,"2.621876,17.777248,16.692054,16.620152,0.0,36.291625"
0.35,3,25,0.032593104431043074,-0.12298507070198927,0.050159301015582525,0,"2.638746,12.625016,16.245623,17.784613,0.0,69.904664"
0.35,3,26,0.13310451688717878,-0.00703023974544786,0.20457538995018776,0,"1.572441,14.754492,13.793986,17.189803,1.111998,69.481175"
0.35,3,27,0.04221163746297423,-0.15106890772245227,0.06495736814059339,0,"3.144807,11.673877,17.309197,17.885883,0.001487,48.131023"
0.35,3,28,0.035261636069793184,-0.10247486991481722,0.05424960005266022,0,"2.38451,12.991053,12.407523,20.051439,0.558464,42.1228"
0.35,3,29,0.027245237484821033,-0.0811955676331909,0.04191755311379797,0,"2.112173,12.380497,21.658858,17.879091,0.132907,52.124524"
0.35,3,30,0.02741377837427042,-0.12249260648560684,0.04219880240765447,0,"2.634625,12.512096,15.085665,13.605632,8.855267,60.859919"
0.35,3,31,0.03265594860530229,-0.12384302329681168,0.05025634928679962,0,"2.635723,13.244344,16.296631,17.637566,0.0,64.933809"
0.35,3,32,0.042887920621857006,-0.12505799602667125,0.06598277248976614,0,"2.661759,13.402613,14.06689,18.863529,0.368781,63.314368"
0.35,3,33,0.032367769317253825,-0.16093478383239596,0.049833391979705155,0,"3.337812,11.938291,17.768811,17.837972,0.000232,43.23075"
0.35,3,34,0.015446863277330525,-0.11937669468585729,0.023804879920803157,0,"2.570025,13.066475,19.189495,15.774482,1.3e-5,37.802744"
0.35,3,35,0.012854809714650545,-0.11832174094307782,0.019820521515377887,0,"2.554802,13.010452,20.043262,15.259641,2.0e-6,33.550807"
0.35,3,36,0.03046163132707699,-0.14315570406596984,0.04689423779835561,0,"2.909966,13.4845,23.394113,12.989309,0.0,56.136981"
0.35,3,37,0.02368127182677824,-0.13478970812389898,0.03646883612483148,0,"2.744417,13.311262,21.870828,13.85376,10.305668,30.393695"
0.35,3,38,0.014517277242132521,-0.05969854705737658,0.022344073977718593,0,"1.893028,15.074976,21.765988,12.325287,1.303442,47.817737"
0.35,3,39,0.017885152041476043,-0.06659327790572868,0.027523952491728343,0,"1.955353,14.058922,15.597977,16.952607,14.232917,32.138424"
0.35,3,40,0.004507166816733895,-0.0729706698810534,0.006966428265876068,0,"1.990914,15.546937,24.077196,17.451941,0.000152,17.841655"
0.35,3,41,0.01861018324762758,-0.06189117935432151,0.02863574142842018,0,"1.888728,16.052745,25.575784,18.092993,8.0e-6,10.671968"
0.35,3,42,0.11888302855300505,-0.11433525244823592,0.18277575638417265,0,"2.4636,16.734017,18.310116,13.036099,0.568172,15.149427"
0.35,3,43,0.02526787431766833,-0.08747447167289117,0.038881872562443465,0,"2.169737,13.106083,21.100734,17.071926,0.172416,45.962008"
0.35,3,44,0.11804820039032077,-0.10980262240360002,0.18149025022387155,0,"2.404088,16.00843,18.868239,13.843264,0.456099,21.311943"
0.35,3,45,0.023586205495416852,-0.0916540288924595,0.03629952263971292,0,"2.208353,13.589807,20.728652,16.533815,0.204464,41.853664"
0.35,3,46,0.07507772061369178,-0.031096659308136793,0.11540552439014773,0,"1.688798,15.896099,17.717419,17.954782,0.0,40.700245"
0.35,3,47,0.017865754344437712,-0.12210793802015389,0.02752400234034391,0,"2.559561,13.742068,21.178594,14.537263,5.848575,32.111454"
0.35,3,48,0.0314469119609203,-0.10120674745306794,0.04838597452167659,0,"2.304728,15.668307,19.009577,14.609208,0.10291,25.992873"
0.35,3,49,0.02207669334515684,-0.09335105218234464,0.03398042912997873,0,"2.224339,13.936223,20.442139,16.213047,0.182813,39.210199"
0.35,3,50,0.019560084698579335,-0.09979540822194796,0.03011605792892802,0,"2.288591,15.32189,19.296089,14.929976,0.11564,28.636338"
0.35,3,51,0.008121250179391352,-0.046353696749833216,0.012506684044038721,0,"1.805034,12.577429,24.101366,13.583236,9.500148,23.952604"
0.35,3,52,0.0178269759789615,-0.06570873025932561,0.027434064450245543,0,"1.955826,12.681705,22.958705,15.106681,5.042949,33.834555"
0.35,3,53,0.01496765639486066,-0.10088391521762949,0.023058427365229894,0,"2.289252,13.485599,29.110393,12.468745,1.0e-6,30.897846"
0.35,3,54,0.041722769551991966,-0.019396116821336244,0.06413518511162597,0,"1.626204,13.716964,26.17371,14.194578,3.0e-6,30.520281"
0.35,3,55,0.013151747406165771,-0.1090524619105479,0.020271906198162548,0,"2.395931,13.737884,22.011113,14.480149,2.814997,31.846258"
0.35,3,56,0.01681756479248132,-0.10660839577379949,0.025904676448170516,0,"2.348994,15.129388,24.077735,13.416317,3.0e-6,28.134414"
0.35,3,57,0.009922329444304295,-0.10016460395497576,0.0153037532554961,0,"2.282099,14.721441,23.89123,13.698044,6.1e-5,29.084437"
0.35,3,58,0.010323687283131839,-0.07262780108298274,0.01590579730040864,0,"2.010678,14.737439,16.186325,16.464023,8.286391,30.466653"
0.35,3,59,0.10550191317186891,-0.11076298654868427,0.1622080691879827,0,"2.455025,13.035551,21.670843,17.987061,0.009727,7.763493"
0.35,3,60,0.023979985150897706,-0.06965022287984098,0.03689289591778322,0,"1.983687,14.735072,21.75013,13.268914,0.71886,41.141959"
0.35,3,61,0.009107270660665655,-0.051107979571421706,0.014024680632468534,0,"1.835583,13.072346,24.097338,14.22802,6.452784,22.934113"
0.35,3,62,0.016384058242075034,-0.0960894820361776,0.025232751188484892,0,"2.232799,14.859023,23.922224,14.323694,7.1e-5,27.21064"
0.35,3,63,0.006878212407334123,-0.07250381049459456,0.010610295459935803,0,"2.007379,14.872356,17.50147,16.628676,5.443926,28.362487"
0.35,3,64,0.022749666748850192,-0.1122988111813634,0.03502493096559389,0,"2.458393,13.433199,20.715584,15.625024,5.0e-6,30.932615"
0.35,3,65,0.014935603481162654,-0.1034019367220066,0.023010518956451786,0,"2.327045,14.039393,22.35546,14.975448,1.191082,29.512158"
0.35,3,66,0.06591939844375375,-0.06200942145393992,0.10134650233038134,0,"1.90923,15.153636,22.151189,13.179728,0.422323,42.821723"
0.35,3,67,0.11809730667371031,-0.10552953870512355,0.18156342428687788,0,"2.375923,13.454115,22.071902,17.897875,0.00487,9.442912"
0.35,3,68,0.018408328234148664,-0.07019190787435271,0.028329970647667235,0,"1.984891,14.870383,22.137974,13.966085,0.21587,37.258575"
0.35,3,69,0.016260859446730565,-0.03366170651098971,0.025009822552846242,0,"1.68591,15.653614,23.981636,14.899596,9.913363,23.440594"
0.35,3,70,0.05865774544192846,-0.07601578934578211,0.09019342345070236,0,"2.034302,14.477507,23.1738,16.869707,2.906573,12.508644"
0.35,3,71,0.01786649011006069,-0.07121785287655567,0.02749775817807959,0,"1.9931,14.804903,22.310612,14.450022,0.399568,33.133586"
0.35,3,72,0.05556513949011475,-0.07517608899566719,0.08543986954778027,0,"2.026041,14.542986,23.001162,16.38577,2.249532,16.63363"
0.35,3,73,0.012657669040440292,-0.07188425451021713,0.01949255134022726,0,"1.998578,14.76125,22.425704,14.772646,0.582048,30.383593"
0.35,3,74,0.017715484919659637,-0.037238773662675494,0.02724739643501356,0,"1.720304,14.456275,20.89071,16.661749,14.092922,23.614226"
0.35,3,75,0.016313037059812775,-0.08750069697695248,0.025118976875055266,0,"2.144555,14.791899,23.416972,14.713369,0.003631,26.611238"
0.35,3,76,0.013259233763272968,-0.04915457990878778,0.020404884140845375,0,"1.80261,14.5234,21.395963,16.272073,10.151082,24.213629"
0.35,3,77,0.024046573908772996,-0.09967187793137178,0.037011387175976296,0,"2.312807,13.284947,19.969407,16.543338,0.004982,27.64195"
0.35,3,78,0.012080611582552574,-0.04774788367910046,0.018592674005748495,0,"1.785787,15.258836,23.312931,15.173553,7.378469,24.14082"
0.35,3,79,0.013025162275390042,9.439238014481016e-5,0.020018641724517006,0,"1.508035,15.305649,21.91474,16.533522,5.970544,19.779941"
0.35,3,80,0.13501205931757945,-0.0612024698273643,0.20753627938525943,0,"1.900212,15.082392,23.047163,15.324046,0.008627,23.600575"
0.35,3,81,0.010715255939088543,-0.0512005237496462,0.016496082567280287,0,"1.818752,14.616565,21.671163,16.114069,7.668241,24.111453"
0.35,3,82,0.016151513983356413,-0.10376784151661295,0.024879478564339086,0,"2.332852,14.070448,22.447193,14.92278,0.693685,29.478099"
0.35,3,83,0.017080775670569266,-0.023311540162175647,0.026264404379660378,0,"1.636498,15.099782,22.003482,16.265065,4.980397,21.396301"
0.35,3,84,0.003862257753514568,-0.07238757834493659,0.005974937994213933,0,"2.004632,14.984786,18.597424,16.765887,3.112962,26.609015"
0.35,3,85,0.023509937280466048,-0.05488035002995024,0.03616252271263587,0,"1.861177,13.484778,24.093981,14.76534,3.930317,22.08537"
0.35,3,86,0.012861463773427978,-0.05506785871658955,0.019796722545114553,0,"1.84708,14.771627,22.072168,16.337047,4.931531,23.066487"
0.35,3,87,0.017024794678264364,-0.05224619162245671,0.0261939304469872,0,"1.819443,15.306853,23.440309,15.553285,4.691894,23.09096"
0.35,3,88,0.013404763553072463,-0.07200954309796928,0.020640846681252212,0,"1.9973,14.892198,22.700952,15.219195,0.173707,28.29327"
0.35,3,89,0.10743103033396066,-0.01425258956334835,0.16512106161578088,0,"1.58492,15.345864,22.275149,16.686592,3.537324,19.456894"
0.35,3,90,0.015275236167539947,-0.0989915705211851,0.023530136351682718,0,"2.274836,14.316529,22.71886,15.344306,0.20796,27.538692"
0.35,3,91,0.011950615953379552,-0.08655342772695057,0.018413754942110172,0,"2.116165,16.454867,20.441656,17.458547,0.025432,26.72799"
0.35,3,92,0.008282459255481007,-0.09824856409819711,0.012782365715692579,0,"2.262381,15.015462,20.095777,17.30569,0.000738,26.934743"
0.35,3,93,0.08638954070899325,-0.04948772273632773,0.13280083210935367,0,"1.803946,16.238763,19.942864,18.168463,0.049536,22.285695"
0.35,3,94,0.014736040591869773,-0.09198452870172555,0.022697664146492547,0,"2.194131,14.636902,22.256194,15.814999,0.165146,26.663192"
0.35,3,95,0.13119307371943853,-0.059464465966694975,0.2016658515062274,0,"1.879999,15.918391,20.40553,17.69777,0.063328,23.161194"
0.35,3,96,0.009945959430833495,-0.08696409055380483,0.015332969895531123,0,"2.140774,14.850483,21.94775,16.128794,0.14127,26.079526"
0.35,3,97,0.034654246368829966,-0.0857974197697221,0.05330711667678378,0,"2.121356,15.649189,19.709705,18.596774,0.055853,20.793202"
0.35,3,98,0.017471872157244765,-0.07435089631573089,0.02689294547138288,0,"2.017818,15.018363,22.202411,15.782125,0.144495,27.043259"
0.35,3,99,0.06809205327473045,-0.07280742652297661,0.1046915175194244,0,"1.993198,15.453246,23.1639,17.337599,0.001095,19.302882"
0.35,3,100,0.012795264006408342,-0.09410687107426721,0.01971597850039858,0,"2.218817,15.010349,19.846052,17.215723,0.004084,26.880455"
0.35,3,101,0.009161507215816978,-0.0846484360365411,0.014126080332636237,0,"2.117901,14.872867,21.389363,16.234976,0.29745,26.167774"
0.35,3,102,0.00973924062015242,-0.08421258963451726,0.015013778569929304,0,"2.097452,16.209853,20.134284,17.343104,0.076062,26.708161"
0.35,3,103,0.013474598228219876,-0.058253935355807966,0.020740777846145253,0,"1.87304,14.807154,21.493044,16.408521,4.624675,23.656908"
0.35,3,104,0.012308151984106131,-0.07199083929088988,0.018955427307858208,0,"1.998522,14.90763,22.017031,15.476977,0.348744,28.012561"
0.35,3,105,0.013118171618788086,-0.08358682083059712,0.020206604174408352,0,"2.108979,14.810967,17.995165,15.810797,6.055946,33.37541"
0.35,3,106,0.019170826730840702,-0.10271232058592546,0.02951936685321721,0,"2.3152,15.45833,18.500062,16.540634,0.007434,32.260884"
0.35,3,107,0.012091985875112876,-0.06690940680639924,0.018620462871736132,0,"1.944729,14.915683,20.994214,16.43054,3.076567,25.090904"
0.35,3,108,0.018908618482585102,-0.07547079307350038,0.029101718681565858,0,"2.017478,15.489422,22.997624,17.344939,0.000646,19.78088"
0.35,3,109,0.008984330076276036,-0.08212222875093943,0.013852413519309714,0,"2.093645,14.924043,18.828909,16.066487,3.842204,31.109655"
0.35,3,110,0.01450869779937876,-0.05877057473182963,0.022330388842749405,0,"1.870728,15.261271,20.80769,15.556934,7.314345,27.685568"
0.35,3,111,0.00932387125391739,-0.08856450058576695,0.014377728162794756,0,"2.159586,15.05217,20.006325,16.939258,0.034039,27.014641"
0.35,3,112,0.008561507585720933,-0.08707831855946453,0.013205233224032498,0,"2.140748,15.412171,17.966475,17.783107,2.004128,26.220822"
0.35,3,113,0.01656099592012295,-0.09813679350186376,0.025505792358178125,0,"2.263114,15.569614,17.980046,17.2804,0.084054,29.519118"
0.35,3,114,0.00909800004891138,-0.0721551805278426,0.014021754187498847,0,"1.996781,15.024671,20.491853,16.572183,2.232284,25.82894"
0.35,3,115,0.007137820999612442,-0.07844616743896043,0.011012490829502924,0,"2.073091,13.880383,18.959165,16.110862,4.694737,27.608788"
0.35,3,116,0.010846973823977188,-0.07060801773325645,0.01670896277596838,0,"1.983377,14.647471,18.738071,16.238576,8.194004,27.500357"
0.35,3,117,0.019719062818498077,-0.08546846489424308,0.030352688513349824,0,"2.129912,14.98472,19.794949,16.822478,0.213199,27.095593"
0.35,3,118,0.007149297227650397,-0.07746626860742685,0.011029601816126944,0,"2.061633,14.06445,18.898875,16.220033,4.427884,27.442159"
0.35,3,119,0.010951473280694396,-0.08484354897165461,0.016877228191553795,0,"2.117879,15.34094,18.071633,17.61357,2.180593,26.285521"
0.35,3,120,0.010413186862240175,-0.08059022154812345,0.01604763458046879,0,"2.078729,14.934167,18.790328,16.183054,3.71956,30.359548"
0.35,3,121,0.00927232604154882,-0.07218402239539039,0.014289695611138409,0,"1.998089,15.018024,20.176114,16.604467,2.374582,25.958952"
0.35,3,122,0.007752218010072395,-0.08258961467804009,0.011959001575670036,0,"2.098894,14.89152,20.92404,16.323462,0.524277,26.241314"
0.35,3,123,0.017325722469349217,-0.08587639988456551,0.02667452425929273,0,"2.133526,15.040939,19.771508,16.910363,0.096331,26.947036"
0.35,3,124,0.00970502024966601,-0.07090006165417459,0.01495402331705982,0,"1.986915,14.70369,18.71463,16.326461,7.340002,27.3518"
0.35,3,125,0.014472111391911227,-0.06743826707584799,0.022278820848978365,0,"1.959083,14.191272,20.628837,15.194218,4.755416,28.368742"
0.35,3,126,0.008860332152586506,-0.08200108240320922,0.01366177289084397,0,"2.091155,15.149329,18.497834,17.210345,2.586644,26.632724"
0.35,3,127,0.007567086596337127,-0.07198012405958029,0.011668761453558718,0,"2.001625,14.669766,19.812645,16.967164,2.780912,23.05244"
0.35,3,128,0.027893360481771177,-0.0822363314091033,0.04291422915202392,0,"2.09862,14.888935,20.254347,17.037325,0.081336,24.627068"
0.35,3,129,0.008209662317471519,-0.07281161759675538,0.012656799175640332,0,"2.005402,14.734564,18.97125,16.444938,5.708082,26.897678"
0.35,3,130,0.006745475834215786,-0.08085419974532308,0.010410781225123567,0,"2.089747,14.480115,18.391241,16.706143,3.760388,26.332825"
0.35,3,131,0.004518685103195935,-0.07067713311249448,0.006982897256259599,0,"1.996238,14.125738,20.033991,15.932197,3.934591,25.559086"
0.35,3,132,0.014736533940515141,-0.0791674669221048,0.022691527785964616,0,"2.078782,14.337561,19.914822,16.52669,0.75592,24.847935"
0.35,3,133,0.006718563949536169,-0.07389622084539643,0.010365676825992556,0,"2.017576,14.668397,19.128512,16.458564,4.782679,26.556054"
0.35,3,134,0.0073599699753404725,-0.06668576521766413,0.011347590860165457,0,"1.958817,14.106231,17.363523,16.693201,7.914611,25.609212"
0.35,3,135,0.00817196339556007,-0.07516843258182257,0.012600126561075398,0,"2.041034,14.14014,17.658544,15.958177,6.559007,29.650344"
0.35,3,136,0.008682944336139956,-0.07255266251767607,0.013384058661371157,0,"2.008176,14.581495,19.453628,16.799,3.391282,24.152091"
0.35,3,137,0.007194702451041409,-0.07096575269591487,0.011095889440536355,0,"1.997637,14.268913,19.794563,16.071146,3.796325,25.734074"
0.35,3,138,0.007345011607880704,-0.07366086164710259,0.011328353046118789,0,"2.015417,14.721128,19.039997,16.509784,4.500965,26.564881"
0.35,3,139,0.008267109494813159,-0.07946416991250561,0.01274866972148242,0,"2.075488,14.564227,18.425605,16.7161,3.651571,26.378857"
0.35,3,140,0.005626318436277925,-0.07660956914132355,0.008688437386424941,0,"2.052099,14.21784,18.848633,16.311009,4.206155,27.303302"
0.35,3,141,0.008068704924153286,-0.0677511192383203,0.012437436126775836,0,"1.96643,14.252657,17.569173,16.705315,7.10727,25.775846"
0.35,3,142,0.004970954870244567,-0.07205723000333367,0.007678744180044161,0,"2.002126,14.722269,19.610108,16.933618,2.835813,23.645203"
0.35,3,143,0.010739295127689468,-0.0651357536573035,0.01654052507718362,0,"1.937928,14.491638,19.394361,16.38282,4.850522,25.498584"
0.35,3,144,0.004320665789821244,-0.07703514594354655,0.006681976624762137,0,"2.052359,14.552128,18.587064,16.660553,3.849692,26.232144"
0.35,3,145,0.011086029290723309,-0.08003854151029996,0.017081445908325388,0,"2.075367,14.903032,20.59009,16.378683,0.836516,26.253694"
0.35,3,146,0.005452338365008386,-0.06954227774770635,0.008417241469638181,0,"1.984459,14.361052,18.072659,16.650877,5.96939,25.855487"
0.35,3,147,0.004173484935443543,-0.07256223397913872,0.006453364662009131,0,"2.015578,14.314534,18.79682,16.621246,3.41128,25.228194"
0.35,3,148,0.0042493348705699464,-0.07577146528209755,0.006571666615567018,0,"2.039415,14.781957,17.709673,17.243251,3.980797,25.890374"
0.35,3,149,0.005896030218758745,-0.06987228068392624,0.00909933991700318,0,"1.980871,15.02107,18.27595,17.314135,3.498732,23.850171"
0.35,3,150,0.00448992569723096,-0.07548514111120432,0.0069412825583952675,0,"2.040174,14.351711,18.753186,16.478196,4.087544,26.72778"
0.35,3,151,0.011072395722508564,-0.07885624378774833,0.017059856155896835,0,"2.067173,14.874743,19.278766,16.916707,1.357674,25.588749"
0.35,3,152,0.005243317442552737,-0.0711166066372852,0.008096838937794185,0,"1.998172,14.446668,18.273677,16.695182,5.154859,25.811031"
0.35,3,153,0.0030511484383463606,-0.07730613859427649,0.004730969932919937,0,"2.053316,14.789128,19.077748,16.872402,2.020301,25.633206"
0.35,3,154,0.011599655559401841,-0.07833955744592193,0.017869936839326694,0,"2.062551,14.846205,19.21176,16.901938,1.566917,25.603568"
0.35,3,155,0.007790484865177842,-0.0779934991819962,0.012015342488114256,0,"2.066472,14.535812,17.563864,16.61356,3.971662,28.461702"
0.35,3,156,0.006064285853931424,-0.07302926463196363,0.009359634360335989,0,"2.012807,14.691193,19.269067,16.880275,3.02152,24.447953"
0.35,3,157,0.007258706996220854,-0.0731598565294441,0.011195439861686252,0,"2.012721,14.952176,18.677478,16.783639,2.924424,26.44638"
0.35,3,158,0.006175082481525673,-0.07333678455078874,0.009530085846643277,0,"2.021853,14.393633,18.843642,16.663105,3.170657,25.295696"
0.35,3,159,0.006265842004562432,-0.07603437357522977,0.009671027488378947,0,"2.04173,14.783152,17.937686,17.181443,3.6412,25.847513"
0.35,3,160,0.007384915767632487,-0.07708616976070536,0.011391525285558646,0,"2.052519,14.591628,18.668845,16.695861,3.532809,26.132321"
0.35,3,161,0.006509023123799805,-0.07580276812845493,0.010044653950118748,0,"2.042363,14.424614,18.80728,16.543897,3.729487,26.545351"
0.35,3,162,0.006626759606379861,-0.07293563577187662,0.010224063749942391,0,"2.01063,14.733413,19.521381,16.923415,2.695679,23.976537"
0.35,3,163,0.0036862176922272975,-0.07246686833061139,0.005704420342953986,0,"2.008386,14.767077,18.952893,16.960106,2.520871,25.115906"
0.35,3,164,0.0037646132620088946,-0.07608720125897786,0.0058268558863437125,0,"2.046704,14.344829,19.036065,16.93115,2.979104,24.358356"
0.35,3,165,0.009281458810150823,-0.07735797773824092,0.014306515180756485,0,"2.060879,14.434066,18.03039,16.793952,3.308016,26.955473"
0.35,3,166,0.0073228412603800405,-0.07369257505278977,0.011294295952737288,0,"2.018978,14.683521,19.272883,16.901838,2.796267,24.473026"
0.35,3,167,0.0022101301435654857,-0.07327813847426094,0.003436221458589836,0,"2.015853,14.770752,18.973702,16.945488,2.435517,25.202123"
0.35,3,168,0.00915336416557498,-0.07632133592984967,0.014109085734496929,0,"2.047806,14.418879,19.043012,16.921359,2.813952,24.570831"
0.35,3,169,0.0067353560592714095,-0.07399957059970297,0.01039154062703651,0,"2.027086,14.459549,18.882659,16.697988,2.97204,25.351948"
0.35,3,170,0.004252953608029743,-0.07626168696571747,0.0065774920440601625,0,"2.04366,14.784148,18.127696,17.129936,3.360529,25.811795"
0.35,3,171,0.006496177688959536,-0.07600700834236047,0.010025021350771324,0,"2.044187,14.485366,18.852358,16.598648,3.433469,26.393327"
0.35,3,172,0.0071022544493666556,-0.07360368455130616,0.010955222837100764,0,"2.017725,14.742698,19.447442,16.914913,2.57997,24.252648"
0.35,3,173,0.0075033206909994165,-0.07389426581567542,0.011571787726173677,0,"2.01947,14.925002,18.74419,16.798433,2.768822,26.310851"
0.35,3,174,0.005773341368436099,-0.07397999746929304,0.00891298604095958,0,"2.024184,14.840648,18.793994,16.818921,2.776335,26.020848"
0.35,3,175,0.00799000680009905,-0.07670711714695778,0.012321300685622816,0,"2.051721,14.633832,18.121943,16.772881,3.07267,27.218434"
0.35,3,176,0.0047608100771268395,-0.07413170150551095,0.0073568833822389434,0,"2.023379,14.724554,19.226526,16.891241,2.660961,24.746946"
0.35,3,177,0.007496432428620375,-0.07643792869968612,0.011562569282510204,0,"2.041086,15.005317,18.801349,17.054224,2.575776,25.917467"
0.35,3,178,0.007211247591926819,-0.07440252770911572,0.011123166797241235,0,"2.029418,14.55051,18.869108,16.75736,2.905296,25.446201"
0.35,3,179,0.006678513767271178,-0.07663160194026383,0.01030559414116694,0,"2.047058,14.786065,19.060407,16.884583,2.087988,25.561359"
0.35,3,180,0.0036151247440437784,-0.07574823584640221,0.005596920966095473,0,"2.039017,14.781916,18.268697,17.099195,3.203129,25.710183"
0.35,3,181,0.0046209326401973234,-0.07401989951477757,0.00714184216556904,0,"2.022124,14.732254,19.184389,16.900282,2.623094,24.822809"
0.35,3,182,0.005062589805423009,-0.07406812699374914,0.007820661876386414,0,"2.022795,14.828999,18.823945,16.840015,2.718908,25.884394"
0.35,3,183,0.006699152039171936,-0.07558630604033789,0.010336751319889426,0,"2.039456,14.532931,18.872582,16.656455,3.263537,26.194793"
0.35,3,184,0.0074791414248268,-0.07388334347334197,0.011534620141462337,0,"2.025213,14.511416,18.897833,16.739238,2.88125,25.326977"
0.35,3,185,0.005999006106029869,-0.07598593601446971,0.009260894772358308,0,"2.036874,14.966222,18.830074,17.036102,2.55228,25.798243"
0.35,3,186,0.0045463088727441545,-0.07430748792747083,0.007027305761190761,0,"2.021777,15.089139,18.841156,17.245434,1.969366,24.798244"
0.35,3,187,0.005409702235862646,-0.07455432873323628,0.008354409053898837,0,"2.026401,14.861547,18.820327,17.011086,2.577999,25.369332"
0.35,4,1,0.010637026407631157,0.010903467863255703,0.016342442471188837,0,"1.459718,15.022712,16.884073,19.096853,12.344531,19.782027"
0.35,4,2,0.01201634206797281,-0.07034846734354863,0.018506053994533242,0,"1.968478,15.022712,16.884073,19.096853,12.344531,19.782027"
0.35,4,3,0.025552266363002132,0.002084368430743777,0.03927078588188945,0,"1.459718,22.559067,16.884073,19.096853,12.344531,19.782027"
0.35,4,4,0.023586961348623203,0.007857347593175343,0.0362471548097527,0,"1.459718,15.022712,25.351109,19.096853,12.344531,19.782027"
0.35,4,5,0.024804002133561324,0.008827087418813495,0.03811713310222814,0,"1.459718,15.022712,16.884073,28.67028,12.344531,19.782027"
0.35,4,6,0.01951049678784051,0.010202291648128636,0.029980674688025302,0,"1.459718,15.022712,16.884073,19.096853,18.54179,19.782027"
0.35,4,7,0.019529849644435285,0.01057697557804943,0.03001021701834007,0,"1.459718,15.022712,16.884073,19.096853,12.344531,29.698041"
0.35,4,8,0.008848846125560778,-0.003255681490324562,0.013601760722481197,0,"1.62276,7.486916,19.706418,22.287995,14.410282,23.087365"
0.35,4,9,0.006468640418211503,0.0061760188148681505,0.009938490450513024,0,"1.65062,4.981127,20.176809,22.819852,14.754574,23.638255"
0.35,4,10,0.004527826210060973,-0.024754432916447393,0.00697224354350531,0,"1.688055,11.673229,20.803997,10.764447,15.21363,24.372774"
0.35,4,11,0.0012004737475531009,-0.028603528976941742,0.0018604241645969882,0,"1.727391,11.114986,21.457318,7.780535,15.691814,25.137899"
0.35,4,12,-0.0017827551164462823,-0.030031715263394716,-0.0027238054500946657,0,"1.780362,10.370671,11.039046,16.565608,16.329392,26.158065"
0.35,4,13,0.006623935204225243,-0.03078221314356444,0.010197047535273174,0,"1.836151,9.595363,8.653858,16.143733,16.993537,27.220738"
0.35,4,14,-0.0027419808228203602,-0.04607567952784755,-0.004189432621202818,0,"1.892537,8.820097,17.557719,15.721859,17.657681,15.062059"
0.35,4,15,-0.006691510115556598,-0.05132296309532752,-0.010256738766576859,0,"1.9686,7.786571,17.669993,15.15936,18.543207,12.622732"
0.35,4,16,-0.00530205945845063,-0.05440234243622014,-0.008119601381077313,0,"2.071487,6.409412,17.819692,14.409362,11.460901,22.59164"
0.35,4,17,0.05889452173148742,0.06556662677399083,0.09048117023302316,0,"1.583469,3.564825,18.131566,12.846867,17.363608,23.528177"
0.35,4,18,0.00834127571808402,-0.05896951298827049,0.012851633055605799,0,"1.902267,13.108281,17.091988,18.055188,13.181042,20.406385"
0.35,4,19,0.004944801184512904,-0.03327702451751602,0.007617687148380903,0,"2.267506,2.95164,18.200871,12.499646,17.642446,23.736297"
0.35,4,20,0.30080294189348783,0.07297470347001744,0.46227219049761514,0,"1.91197,1.627618,18.362583,11.689467,18.293067,24.221909"
0.35,4,21,0.0048960808553159966,-0.054822722812252776,0.007554397615154515,0,"1.903883,11.158408,17.303754,16.994233,14.033045,21.042306"
0.35,4,22,0.13997994180864257,-0.08393826663506838,0.2151837703864825,0,"2.26634,11.604404,14.320078,4.989752,16.479024,20.124724"
0.35,4,23,0.002775749866405274,-0.01581210367996841,0.004274623995532564,0,"1.748589,6.081551,19.200687,19.847031,15.041982,23.052666"
0.35,4,24,0.010502279615268367,0.005316255354849184,0.01613835230291888,0,"1.49103,14.741092,16.629287,17.752261,12.724334,19.798804"
0.35,4,25,-0.0041871736754259745,-0.050112542483140676,-0.006408413564215593,0,"2.130865,4.879455,17.93894,13.375081,16.82276,23.080048"
0.35,4,26,-0.003130172987818022,-0.010895596274102526,-0.00480497891204501,0,"1.900758,4.39753,17.738133,12.051291,17.263637,23.172043"
0.35,4,27,0.004629421287736761,-0.06204032996534262,0.007148444483554339,0,"2.113305,8.899707,15.353682,6.601266,16.995251,21.201475"
0.35,4,28,0.00015838030323322088,-0.025869243122771453,0.0002573342631617473,0,"1.807746,6.550745,18.559519,17.639177,15.367527,22.744134"
0.35,4,29,0.024139283651655612,0.005657451836803107,0.0370972159279378,0,"2.164494,2.43377,12.131124,21.953173,16.237324,18.318321"
0.35,4,30,0.0005606939451967355,-0.03484598126900773,0.0008804888014153356,0,"1.797921,9.65287,19.902951,10.142333,15.782732,24.001302"
0.35,4,31,-0.003298575715678894,-0.028441648086956484,-0.005054362773916021,0,"2.089502,3.826177,13.685486,19.590997,16.146405,19.454917"
0.35,4,32,0.014948327020892651,-0.05384155629056653,0.023003414378843234,0,"2.17574,5.995071,13.40424,12.744723,16.821237,19.615679"
0.35,4,33,-0.0018377782494804523,-0.03257067341228683,-0.002807006092040501,0,"1.867532,6.458094,17.700306,16.823434,15.609812,22.222725"
0.35,4,34,0.010384904082508337,0.0013593423997034781,0.01596008347447697,0,"2.2358,1.217486,23.145153,13.904232,15.619511,14.88997"
0.35,4,35,-0.0036923108263725805,-0.03643331606743481,-0.005655205049948479,0,"1.853917,8.786777,13.056719,16.122045,16.211079,24.280049"
0.35,4,36,-0.010260705720764951,-0.05083577326723346,-0.015742585414772026,0,"2.138747,5.561213,14.936015,13.41261,16.539514,19.511083"
0.35,4,37,-0.009291464659326665,-0.05221258514710836,-0.014252194351072278,0,"2.185013,5.411973,14.4753,12.84414,16.694465,19.059143"
0.35,4,38,-0.004621601391113572,-0.07321911856084078,-0.00706366664046304,0,"2.185052,8.019807,13.964149,18.638532,14.644315,17.341446"
0.35,4,39,-0.004206183165723747,-0.06309009087639168,-0.006430648788007393,0,"2.0249,10.005638,18.109683,10.781353,15.26085,20.354081"
0.35,4,40,-0.004100760403252454,-0.07640183266089982,-0.006261461249244815,0,"2.326476,5.433811,20.422773,12.47005,14.879433,14.220294"
0.35,4,41,0.008854372301066381,-0.07129598201526818,0.013646854522049834,0,"2.245606,5.991469,19.195097,13.078715,15.101374,15.89692"
0.35,4,42,-0.0071206729466345205,-0.051752092031641425,-0.010916098846420419,0,"1.996657,7.415292,17.21433,14.868235,18.209258,13.770789"
0.35,4,43,-0.009629486481260333,-0.054274607500015865,-0.0147705991987018,0,"2.082653,6.267928,17.339079,14.243237,12.307332,22.078214"
0.35,4,44,-0.0060829746239661284,-0.07034872377313797,-0.009311231185192545,0,"2.177315,7.609621,14.126126,17.767545,14.960182,17.703052"
0.35,4,45,-0.005386798880979197,-0.0625424451386642,-0.008245460731853782,0,"2.043745,9.264316,17.580739,11.219891,15.47396,20.213582"
0.35,4,46,-0.005897011402537195,-0.05055522289206402,-0.00903606712445243,0,"2.132178,4.99289,17.438453,13.381335,16.775552,22.485221"
0.35,4,47,-0.0023416117838447,-0.04042002595498192,-0.003577137900192817,0,"1.900477,8.248676,13.369935,15.670472,16.265818,23.485221"
0.35,4,48,-0.0030378717340446577,-0.07262005487393497,-0.0046299157993372475,0,"2.294899,5.45504,19.508314,12.627143,15.156113,15.102092"
0.35,4,49,-0.006562470714874318,-0.06832248508470029,-0.010049270491192919,0,"2.227697,5.919722,18.48525,13.134364,15.341064,16.49928"
0.35,4,50,0.001907220715765659,-0.03828950901204292,0.002951851293198915,0,"2.208192,3.354761,15.599012,17.715895,15.903672,17.135631"
0.35,4,51,-0.006045117348591707,-0.06211292740128727,-0.009257477636211875,0,"2.070894,8.273643,17.250451,12.302552,15.545579,19.70059"
0.35,4,52,0.014236315445936574,-0.06637775594719789,0.021915849781784513,0,"2.098399,8.693296,15.678631,15.194844,14.19209,13.935783"
0.35,4,53,-0.0067628215318995405,-0.054754222410037995,-0.010364493282188622,0,"2.126537,5.607599,17.145149,13.683587,16.344975,21.060314"
0.35,4,54,-0.008516248819342136,-0.05106849907689709,-0.013061361476470024,0,"2.178641,4.526873,15.831532,16.733976,15.688528,17.173654"
0.35,4,55,-0.00975033337590999,-0.03434787680238349,-0.014967050824604866,0,"2.072637,4.164873,19.524326,10.924475,16.516707,18.994726"
0.35,4,56,-0.0010872406653054413,-0.03196492910181037,-0.0016538122494733076,0,"1.972726,5.257265,15.51156,14.821005,16.527706,21.030313"
0.35,4,57,-0.0007445274215540781,-0.06293464898879562,-0.0011104284859878577,0,"2.184586,5.809205,17.989635,13.41547,15.538838,17.254452"
0.35,4,58,-0.0031257179286528955,-0.037627034227691425,-0.004783752350223935,0,"2.083613,4.396309,18.759607,11.339161,16.520509,19.080785"
0.35,4,59,-0.0057912067877243616,-0.05405799827934177,-0.00887156918208959,0,"2.091972,6.150055,16.938569,14.104799,13.012694,21.650359"
0.35,4,60,-0.009596225913966677,-0.05105831634808827,-0.014721210333120488,0,"2.171978,4.698709,15.682279,16.180415,15.830359,17.563226"
0.35,4,61,-0.008086850890923581,-0.05236272526062005,-0.012400713036321162,0,"2.020133,7.105956,16.834611,14.625631,17.930967,14.727504"
0.35,4,62,-0.007434185980939692,-0.05417222137873293,-0.011396642900879328,0,"2.128571,5.599867,16.77696,13.638424,16.377398,20.802109"
0.35,4,63,-0.009464171815386623,-0.065786864789517,-0.014510330304634278,0,"2.212803,5.859942,17.893711,13.180738,15.540806,17.001247"
0.35,4,64,-0.0027872162912814507,-0.06780078032710052,-0.004247269681344756,0,"2.170874,7.267862,14.261108,17.041722,15.223404,18.004391"
0.35,4,65,-0.006223481322319701,-0.04466506053911187,-0.009540995237271976,0,"2.098084,4.872139,18.009857,12.289582,16.304324,18.901386"
0.35,4,66,-0.008805494388859832,-0.053671568716940316,-0.013504509859077696,0,"2.164481,5.081563,16.439242,13.671,19.828431,14.518494"
0.35,4,67,-0.006667525686044233,-0.06448699750677464,-0.010212795261533639,0,"2.180558,6.430706,14.844415,15.946693,17.711501,15.806501"
0.35,4,68,-0.007937388048607543,-0.06180900644664288,-0.012165918537387563,0,"2.16675,6.170413,15.371989,15.337174,17.476971,16.322315"
0.35,4,69,-0.0101791803740874,-0.05951494063827628,-0.01561261837372474,0,"2.1626,5.890872,15.608989,15.164099,18.004951,12.412518"
0.35,4,70,-0.008769919555449854,-0.050684703611472925,-0.013451440727250963,0,"2.123066,5.227919,17.09296,13.407657,17.081371,15.58904"
0.35,4,71,0.03128545244093799,-0.044607898152224656,0.04810737755366368,0,"2.307003,3.683645,15.716454,13.713208,16.344177,17.471031"
0.35,4,72,-0.008796905345022824,-0.05422281177160457,-0.013491012619538556,0,"2.067179,6.532102,16.648251,14.47356,17.666502,15.184759"
0.35,4,73,-0.0071179787224860715,-0.062041295920465575,-0.010906423221261674,0,"2.182719,5.979357,15.309869,15.286484,17.388816,16.474734"
0.35,4,74,-0.011002158940475848,-0.0527270670096433,-0.01688112574659567,0,"2.132976,5.352999,16.795778,13.720794,17.132612,15.736656"
0.35,4,75,-0.00910154282339873,-0.05315609307693492,-0.013959791271531241,0,"2.261826,4.28841,15.803753,13.969658,16.625722,17.062981"
0.35,4,76,0.01800933565165173,-0.05901769680029262,0.027710738254871026,0,"2.195607,5.467216,15.800933,14.871771,13.396225,18.577409"
0.35,4,77,-0.008512674102453596,-0.05449313533359229,-0.013054025213381754,0,"2.16966,5.145783,16.332857,13.871128,18.756396,15.194979"
0.35,4,78,-0.010490331137185675,-0.051282460369644595,-0.01609526208569323,0,"2.137785,5.526498,15.245975,13.463974,16.638364,18.882012"
0.35,4,79,-0.006425115163321742,-0.0584558697463466,-0.009843472848552248,0,"2.157655,5.801157,15.806787,14.923548,17.859561,12.96654"
0.35,4,80,-0.009629374096925799,-0.05131572741739124,-0.014772018123921787,0,"2.165463,4.807544,15.867862,15.770478,16.047401,17.258797"
0.35,4,81,-0.007799926111281817,-0.06374209815320063,-0.011953610046765845,0,"2.199442,5.775389,17.710722,13.270748,15.806107,16.790482"
0.35,4,82,0.020792123663771638,-0.053563763360845285,0.03198473984622752,0,"2.240208,4.465103,15.969091,13.928181,16.710204,16.841927"
0.35,4,83,-0.009745439272336887,-0.05353195111750861,-0.014949209389757565,0,"2.159221,5.126774,16.498665,13.679299,19.379128,14.721521"
0.35,4,84,-0.009338729023679979,-0.05420455339213793,-0.014323764589245724,0,"2.078103,6.335354,16.672839,14.348099,17.577521,15.276741"
0.35,4,85,-0.008943509621971501,-0.050972011734599115,-0.013718081023383372,0,"2.133178,5.17315,17.123827,13.160917,16.334149,19.922199"
0.35,4,86,-0.0093989229478717,-0.039817440656022496,-0.01442401728063028,0,"2.069922,4.998481,15.02426,14.777106,18.563618,17.14216"
0.35,4,87,-0.0068314305328287745,-0.05089175765359613,-0.010472017855452265,0,"2.114469,5.541865,14.9113,15.425668,18.778732,13.083765"
0.35,4,88,-0.009271271359416865,-0.05114125132897038,-0.014221735067166258,0,"2.130057,5.234556,16.755072,13.538375,16.74158,18.782459"
0.35,4,89,-0.00997972605223718,-0.05091295348323491,-0.01531069932916014,0,"2.117584,5.480369,15.280054,15.048209,18.371301,14.223503"
0.35,4,90,-0.005638340949585936,-0.03768305957709461,-0.008645434379057793,0,"2.183117,4.102696,14.898026,14.471854,17.799954,17.378141"
0.35,4,91,-0.009668050255165695,-0.05331672012970741,-0.014830384082256662,0,"2.095501,5.961567,16.377037,14.368725,17.614593,15.626975"
0.35,4,92,-0.005323540145431349,-0.06322929452752976,-0.008147867351643301,0,"2.20008,5.753503,16.997531,13.90672,16.497515,15.007661"
0.35,4,93,-0.009833176471195505,-0.04428214263659905,-0.015089030540648113,0,"2.091455,5.124115,15.353139,14.632042,18.219268,16.78641"
0.35,4,94,-0.010808091773777442,-0.05010232578353985,-0.016584271051645588,0,"2.079551,6.051319,15.982354,12.533872,19.737688,14.733561"
0.35,4,95,-0.008906824967673338,-0.04624442247993904,-0.013664242557143408,0,"2.144001,4.926584,15.341618,13.324005,18.878194,16.067579"
0.35,4,96,-0.007485999364083945,-0.05260761935034611,-0.011477117801139358,0,"2.103562,5.788774,16.204467,14.194605,17.825193,15.700409"
0.35,4,97,-0.010581862385199084,-0.050614619095646296,-0.016236297961293486,0,"2.088427,5.934826,16.117924,12.731692,19.303508,14.900744"
0.35,4,98,-0.010734944613337455,-0.05145936903447748,-0.016471119394721262,0,"2.136983,5.497572,15.504276,13.506778,16.720739,18.357786"
0.35,4,99,0.008041880510709877,-0.05121892480786033,0.012387315967713253,0,"2.120147,5.459136,15.532675,14.826973,18.164853,14.475695"
0.35,4,100,0.0010815536552803658,-0.04576107683157421,0.001686882397865852,0,"2.098359,5.162242,15.593579,14.480167,18.038158,16.611451"
0.35,4,101,-0.008420001591449166,-0.053322668999315176,-0.012912224171673564,0,"2.15484,5.164458,16.548184,13.686215,19.004709,14.89071"
0.35,4,102,-0.00998058426817828,-0.053307375249503186,-0.015310730326352037,0,"2.101733,5.860054,16.446827,14.260737,17.534263,15.645255"
0.35,4,103,-0.007532222728718282,-0.05146845369768391,-0.011548772412086517,0,"2.117548,5.531206,16.802848,12.635156,17.746476,17.571839"
0.35,4,104,0.011824012551620265,-0.058091399035335056,0.018203864660389812,0,"2.14582,5.951794,17.145034,12.366958,17.775944,15.756212"
0.35,4,105,-0.009147587660047935,-0.04809253783233952,-0.01403328252025915,0,"2.106247,5.293649,15.852154,14.127965,17.994456,16.468911"
0.35,4,106,0.007709336932097801,-0.051993143372705136,0.01187663802701644,0,"2.122783,5.502991,15.618867,14.709573,18.150286,14.428182"
0.35,4,107,-0.00979040420929537,-0.05164454200365895,-0.015019332390062382,0,"2.11842,5.526503,16.605518,12.980891,17.813778,17.047896"
0.35,4,108,-0.009401236602456961,-0.04915193613072,-0.014422551947761791,0,"2.073608,5.991186,15.892642,13.423404,16.495077,17.828373"
0.35,4,109,-0.009902180777497249,-0.054657114070294346,-0.015189504015327204,0,"2.111063,6.094411,16.602167,12.7468,17.005536,16.703325"
0.35,4,110,-0.009890261962863137,-0.05575808304417809,-0.015170593458537884,0,"2.156456,5.430961,16.798188,13.225827,18.675069,14.968848"
0.35,4,111,-0.010875534392179817,-0.054823566902603774,-0.016685385604801206,0,"2.124055,5.863604,16.149536,13.749984,17.643464,15.056309"
0.35,4,112,-0.0077251773415839805,-0.050109535333856675,-0.011846060100233813,0,"2.075474,6.103667,15.740648,13.679768,16.438305,17.16451"
0.35,4,113,-0.00856505647419114,-0.054899222504977044,-0.01313431452595773,0,"2.142897,5.542971,16.621931,13.301483,18.302275,15.334792"
0.35,4,114,0.0040465483957740625,-0.054517689240864683,0.006248566183060578,0,"2.125541,5.77844,16.257243,13.745119,17.558322,15.1697"
0.35,4,115,-0.01080794599842904,-0.05180893562128777,-0.016583128980191486,0,"2.136315,5.47347,15.719526,13.542447,16.789384,17.920931"
0.35,4,116,-0.009528541916243293,-0.05095921694508926,-0.014617238438964897,0,"2.095833,5.837776,16.2309,12.896542,18.941692,15.040063"
0.35,4,117,-0.00623239748480826,-0.05325740415296917,-0.009550076682324937,0,"2.106931,5.775482,16.504986,14.170746,17.467321,15.660488"
0.35,4,118,-0.010338211988577518,-0.05446106292713686,-0.01585975657658191,0,"2.11471,5.970725,16.634436,12.909133,17.026715,16.542214"
0.35,4,119,-0.009290345191389663,-0.05526108971932611,-0.01424883395064612,0,"2.152537,5.417965,16.797786,13.308321,18.417992,15.096816"
0.35,4,120,-0.0093440455066549,-0.051836688921439056,-0.014333209353004528,0,"2.120844,5.497577,16.637228,13.104208,17.70025,16.829356"
0.35,4,121,0.027869171090369304,-0.052223048719521964,0.04286090702746659,0,"2.144144,5.407961,16.433566,12.32307,17.868895,16.72819"
0.35,4,122,-0.007090492476993743,-0.0531839533542381,-0.010868943507753415,0,"2.11312,5.714195,16.493082,13.8628,17.53425,15.838439"
0.35,4,123,-0.0068391988724868236,-0.05252351338160907,-0.01048307944794169,0,"2.137929,5.469178,16.445469,12.631016,17.801966,16.55024"
0.35,4,124,-0.009504425142227315,-0.053025147412152154,-0.014579061462588278,0,"2.117249,5.673344,16.485147,13.657502,17.578869,15.957072"
0.35,4,125,-0.010064860528517109,-0.049733844054885956,-0.015442178872047796,0,"2.086895,5.850669,16.036552,13.301888,16.638515,17.578615"
0.35,4,126,-0.011708361534080605,-0.052592392653650386,-0.0179665783395863,0,"2.107111,5.888713,15.996885,13.571894,17.002346,16.095827"
0.35,4,127,-0.011570002524325112,-0.05267306148086179,-0.01775388757827835,0,"2.104825,5.953949,15.890162,13.649841,16.886029,15.973573"
0.35,4,128,-0.011520499936142466,-0.05111783308436388,-0.017678642426132235,0,"2.107323,5.784601,15.986212,12.990063,16.931553,17.014363"
0.35,4,129,-0.011245458063281475,-0.05321493737306454,-0.017254795719973723,0,"2.132618,5.602484,16.158896,13.782197,14.898683,18.589473"
0.35,4,130,-0.00967151005042035,-0.05561247703661781,-0.01483446658488824,0,"2.156935,5.506926,16.394026,13.536955,16.621916,16.387873"
0.35,4,131,-0.011339339750652527,-0.050737181210258525,-0.01740041763963565,0,"2.098522,5.793351,16.096131,13.341066,16.635749,17.380158"
0.35,4,132,-0.010208569780211446,-0.04922757900381605,-0.015663321490140797,0,"2.123549,5.328052,15.616707,14.073688,16.103393,17.703589"
0.35,4,133,-0.006781489086915077,-0.053670063479079363,-0.010393767101663565,0,"2.116183,5.863518,16.464814,13.103225,16.872828,16.735776"
0.35,4,134,0.014319108579539915,-0.05137971089454679,0.022035028784066713,0,"2.107287,5.801951,15.987991,13.087035,16.943351,16.861274"
0.35,4,135,-0.010459769704139275,-0.051067071263918185,-0.01604840732989611,0,"2.099952,5.809243,16.07959,13.379537,16.696848,17.166103"
0.35,4,136,0.014654039034069232,-0.053145579132780396,0.022550741545786068,0,"2.128361,5.65017,16.131895,13.747147,15.249294,18.173865"
0.35,4,137,-0.00947630312063799,-0.052656962361516374,-0.014536038090849857,0,"2.128659,5.442207,16.662629,13.695978,17.110901,15.796518"
0.35,4,138,-0.010806173783725623,-0.05201239457094578,-0.016580295774419107,0,"2.13144,5.542635,15.765753,13.547355,16.824878,17.616747"
0.35,4,139,-0.006963759091231277,-0.054143088604263936,-0.010673647906278005,0,"2.113443,5.957055,16.528177,13.019593,17.022654,16.467816"
0.35,4,140,-0.010214251675406637,-0.05156827486212945,-0.01567079501914223,0,"2.100944,5.830343,16.208447,13.019984,18.617699,15.160896"
0.35,4,141,-0.010398267137494779,-0.053329458906623425,-0.015952665529666427,0,"2.11988,5.688008,16.425836,13.657745,17.481757,15.906695"
0.35,4,142,-0.009673673743713232,-0.05011188738913028,-0.014840750915433853,0,"2.115863,5.443461,15.851536,13.937905,17.555489,16.113113"
0.35,4,143,-0.008893129910963695,-0.05078929579625063,-0.013640749492714987,0,"2.096423,5.958729,15.44672,13.342162,17.615438,16.889943"
0.35,4,144,-0.009411441216897064,-0.05239328325450107,-0.014436492073707813,0,"2.123276,5.528228,16.459978,13.637008,17.194991,15.978755"
0.35,4,145,0.015959398514187192,-0.052146457809967434,0.02455644320974515,0,"2.127379,5.600286,15.804275,13.551445,16.854456,17.36326"
0.35,4,146,-0.011330375421007052,-0.05133148771022633,-0.017386320449256087,0,"2.101145,5.822487,16.065806,13.411596,16.747765,16.987723"
0.35,4,147,-0.010320041804902555,-0.05327910191566998,-0.015832466178793622,0,"2.11775,5.72145,16.354344,13.643436,17.401855,15.938217"
0.35,4,148,-0.011041950922044505,-0.051698226332751285,-0.016942836460198327,0,"2.101971,5.84007,16.173187,13.111969,18.348474,15.316718"
0.35,4,149,-0.009399420352233364,-0.05062339116320261,-0.014418968977678082,0,"2.114404,5.517619,15.875761,13.876903,17.463299,16.110232"
0.35,4,150,0.014417126203342625,-0.05273601033119374,0.022186404068175736,0,"2.125063,5.516574,16.551672,13.675297,17.092809,15.846403"
0.35,4,151,-0.010524665433430554,-0.05183423994231248,-0.016147734495428792,0,"2.095128,5.835322,16.534944,13.545587,17.83106,14.735113"
0.35,4,152,0.006680674063211177,-0.050893708651627956,0.010295069332573958,0,"2.08748,6.025466,15.78197,13.378498,17.838791,15.881541"
0.35,4,153,-0.008566833003279225,-0.051266380873398826,-0.013138999108543048,0,"2.093731,5.940597,15.910254,13.427964,17.71446,15.875685"
0.35,4,154,0.010360271250671618,-0.0524837440793397,0.015951188136631655,0,"2.118786,5.60133,16.423388,13.62583,17.217139,15.852259"
0.35,4,155,0.006993611165088345,-0.05154421038410359,0.01077637998727854,0,"2.0979,5.884028,15.995776,13.460942,17.631574,15.87178"
0.35,4,156,-0.010673451411958659,-0.0515507472682874,-0.016376559825428044,0,"2.102139,5.833524,16.054319,13.438313,16.790195,16.839074"
0.35,4,157,0.008118245452177049,-0.051880716580456426,0.012505039119311778,0,"2.102828,5.848177,16.143803,13.188623,18.124119,15.44657"
0.35,4,158,-0.010850963763494365,-0.05196808719898109,-0.01664915843076112,0,"2.097123,5.84422,16.445267,13.549971,17.692941,14.961899"
0.35,4,159,-0.010915243622384186,-0.053104727091199025,-0.01674734030262394,0,"2.115976,5.749321,16.294768,13.631512,17.335271,15.964486"
0.35,4,160,-0.010644930766573631,-0.05097401128114412,-0.016333035983439992,0,"2.113188,5.579435,15.895948,13.826068,17.386473,16.107831"
0.35,4,161,-0.011211875035487975,-0.05148462129284767,-0.017204111915831058,0,"2.095959,5.931949,15.924693,13.451953,17.595775,15.912375"
0.35,4,162,0.01708730214463478,-0.05208873586962644,0.026289915011433407,0,"2.107664,5.760841,16.060157,13.967948,16.476881,16.513928"
0.35,4,163,-0.009722011152918304,-0.05192787644994376,-0.01491406500601064,0,"2.103634,5.83362,16.129862,13.31851,17.849579,15.624463"
0.35,4,164,-0.009860325041019418,-0.052058979284160894,-0.015126572501759722,0,"2.106857,5.775395,16.074098,13.83806,16.751421,16.336035"
0.35,4,165,-0.011439251209056806,-0.05204041336397677,-0.017553272979911494,0,"2.10632,5.785099,16.083392,13.751468,16.934447,16.217439"
0.35,4,166,0.00902628397046385,-0.05311753130028217,0.013901291180233533,0,"2.095027,6.098361,16.370493,13.305636,17.063851,15.889202"
0.35,4,167,-0.010063927354392758,-0.05139058871288085,-0.01543985345169177,0,"2.110158,5.665864,15.975039,13.739329,17.332703,16.071393"
0.35,4,168,-0.011036650171136957,-0.05213688605789313,-0.016934453640231606,0,"2.106452,5.802366,16.068974,13.721539,16.945764,16.197171"
0.35,4,169,-0.011407803078756289,-0.051720413650309965,-0.017505111709795865,0,"2.097816,5.924743,15.936725,13.471943,17.49687,15.942951"
0.35,4,170,-0.010997331280730781,-0.0530851397055727,-0.016873513381747224,0,"2.114498,5.772549,16.245121,13.621576,17.279783,15.986376"
0.35,4,171,-0.011117626187424852,-0.05205659006533743,-0.017058950865906378,0,"2.098787,5.851635,16.370537,13.553625,17.577842,15.150887"
0.35,4,172,-0.009181232264114369,-0.051715717421798424,-0.01408304274651001,0,"2.102967,5.842721,16.044747,13.460576,16.825553,16.7152"
0.35,4,173,0.01459685685007112,-0.051255451329323354,0.022461840095345242,0,"2.112175,5.630959,15.912771,13.783706,17.322452,16.105831"
0.35,4,174,0.007839727567597205,-0.053026813012090404,0.012077594639439693,0,"2.097039,6.063412,16.308225,13.350012,17.0536,15.92364"
0.35,4,175,0.007019781083592969,-0.05277044518405198,0.010817260799826922,0,"2.09956,5.991301,16.242316,13.422294,17.098409,15.954005"
0.35,4,176,-0.011189097423459951,-0.051599163690233985,-0.01716904282820006,0,"2.10965,5.702995,15.97868,13.711423,17.277643,16.075465"
0.35,4,177,0.0009155555227920327,-0.05267975732295761,0.0014354775038116774,0,"2.108467,5.80493,16.154227,13.756757,17.701196,15.101026"
0.35,4,178,-0.011524388036679819,-0.051888491797336095,-0.01768420358802851,0,"2.103884,5.836423,16.062994,13.50994,16.971494,16.446171"
0.35,4,179,0.01410796139481473,-0.0509278119238567,0.02171026839159007,0,"2.093415,5.896405,15.893144,13.558545,17.144203,15.983115"
0.35,4,180,-0.00874282723048341,-0.052653980268071734,-0.013408742545745922,0,"2.11098,5.793189,16.186458,13.611071,17.257186,15.985832"
0.35,4,181,-0.010333246275344763,-0.052008548061894866,-0.015853443915350957,0,"2.104421,5.845137,16.051975,13.520265,16.976636,16.38778"
0.35,4,182,-0.010716567250752073,-0.05186706187402436,-0.016442655466220188,0,"2.099365,5.918738,15.946751,13.488601,17.414449,15.96843"
0.35,4,183,0.011316747010644517,-0.05177064210739826,0.01742083568029218,0,"2.109227,5.73394,15.981714,13.688168,17.231761,16.078859"
0.35,4,184,-0.011012463561904695,-0.05217321790345285,-0.016897261101419328,0,"2.100174,5.857814,16.308262,13.55667,17.481926,15.308377"
0.35,4,185,0.010301705376760634,-0.05221727747779829,0.015861033464808827,0,"2.106562,5.816755,16.056959,13.696598,16.955194,16.18028"
0.35,4,186,-0.0010647342404505246,-0.05299850395446186,-0.0016079071145261858,0,"2.113266,5.791907,16.203748,13.613296,17.233544,16.004618"
0.35,4,187,-0.011156854298889891,-0.05278620589992382,-0.017118849038384565,0,"2.101072,5.972451,16.206479,13.46094,17.122938,15.902912"
0.35,4,188,-0.010311381570650573,-0.052597526872987826,-0.015819522686920814,0,"2.101905,5.9415,16.181074,13.373957,17.455419,15.709035"
0.35,4,189,0.010203957545657146,-0.05165290513189871,0.015710498828023223,0,"2.091432,6.01624,16.026728,13.37748,17.251027,15.786169"
0.35,4,190,-0.009626866266303545,-0.052779960429129705,-0.014767376131796434,0,"2.109622,5.829286,16.174245,13.573993,17.236458,15.96821"
0.35,4,191,0.008856980889175194,-0.05188832065863366,0.013640423885968977,0,"2.095067,5.978841,16.056231,13.416783,17.248113,15.822577"
0.35,4,192,-0.010732193790782956,-0.052645349930487875,-0.0164662536206982,0,"2.107194,5.854208,16.154576,13.547791,17.2384,15.943938"
0.35,4,193,-0.011610995650938241,-0.052095154636599125,-0.017817201793307355,0,"2.104539,5.837522,16.040569,13.674764,16.956813,16.160053"
0.35,4,194,0.00985973284705821,-0.05235594467165536,0.01518182959762282,0,"2.103242,5.888238,16.10892,13.55011,17.202812,15.89659"
0.35,5,1,0.04268029806895305,-0.18226861019559149,0.0656944472181995,0,"3.749137,16.278617,5.481359,22.021146,31.792241,15.826205"
0.35,5,2,0.06627232130831615,-0.2290429342115276,0.10197876943870005,0,"5.61662,16.278617,5.481359,22.021146,31.792241,15.826205"
0.35,5,3,0.05692222736799045,-0.1901393018732877,0.08758745273748728,0,"3.749137,24.442925,5.481359,22.021146,31.792241,15.826205"
0.35,5,4,0.04717619739205169,-0.18410836398071975,0.0726052951962575,0,"3.749137,16.278617,8.241044,22.021146,31.792241,15.826205"
0.35,5,5,0.057483778079935446,-0.185158906851645,0.08844783477650583,0,"3.749137,16.278617,5.481359,33.056719,31.792241,15.826205"
0.35,5,6,0.0592481086180399,-0.18348646798181703,0.09115857816311923,0,"3.749137,16.278617,5.481359,22.021146,47.713361,15.826205"
0.35,5,7,0.04946206092140678,-0.18259445104538682,0.07611768074890135,0,"3.749137,16.278617,5.481359,22.021146,31.792241,23.764307"
0.35,5,8,0.04316391229292118,-0.07552961888810118,0.06638030839857376,0,"1.98538,19.000053,6.400048,25.69967,37.099281,18.472239"
0.35,5,9,0.03661500050271393,-0.1614741875251784,0.05636135628732458,0,"3.14033,19.907198,6.706674,26.925845,17.640134,19.35425"
0.35,5,10,0.03158245376655147,-0.15669838057544538,0.048624142318839436,0,"3.040233,20.511962,6.911159,27.743295,12.627932,19.942258"
0.35,5,11,0.031764142964085175,-0.14823538163668687,0.04889883247161764,0,"2.907558,21.318313,7.183868,14.119132,27.17315,20.726268"
0.35,5,12,0.023928722654989524,-0.12116321226725135,0.0368418193795175,0,"2.634552,12.112473,7.752179,22.520699,25.633453,22.359622"
0.35,5,13,0.017874901013487515,-0.10249510564492555,0.027527509875452605,0,"2.45561,10.057434,8.131138,22.603958,24.606989,23.448525"
0.35,5,14,0.022701991629771368,-0.09806648537479547,0.034944001997467986,0,"2.221718,18.203034,8.636479,22.714969,23.238369,14.31626"
0.35,5,15,0.018824233618904777,-0.04368005973494878,0.02895492452134328,0,"1.756935,18.844507,6.007013,22.946244,20.387079,21.751046"
0.35,5,16,0.012361956391746727,-0.1653692812362278,0.01908835109533452,0,"3.399081,16.071222,7.716111,18.34991,9.509379,20.197948"
0.35,5,17,0.09646943493963411,-0.17286236580131406,0.14835923579138488,0,"3.646119,15.583084,7.93557,17.12495,4.918314,20.485566"
0.35,5,18,0.014711256918137815,-0.015245938585204503,0.022618294008518613,0,"1.586371,18.723526,9.383107,20.80469,7.389318,24.30123"
0.35,5,19,0.00397368687461469,-0.05425458882652702,0.006136441989862407,0,"1.896001,12.818904,8.410628,30.935224,5.417422,20.592821"
0.35,5,20,0.05463604569648634,-0.0290961996398465,0.08398713496712562,0,"1.739946,11.402343,8.615136,33.737907,1.941213,20.57058"
0.35,5,21,0.010280045416436151,0.029346111682620468,-0.0020997101075837243,0,"1.443471,11.060914,9.183537,18.375037,17.553209,21.593686"
0.35,5,22,0.04977009711719166,-0.045939643058694635,0.07651759931186075,0,"1.908077,10.989131,7.640153,21.956718,5.054119,29.645493"
0.35,5,23,0.01780300467210919,-0.09109974837916483,0.027410880786969793,0,"2.168477,17.000714,8.470406,22.588594,20.206594,16.871131"
0.35,5,24,0.001010362976931567,-0.10704856186169259,0.0016104356775273332,0,"2.529809,9.733104,11.093323,21.606227,7.839239,20.584067"
0.35,5,25,0.07570263859556269,-0.11185263529719684,0.11640941676464567,0,"2.665436,8.214738,11.941441,21.382891,5.750658,20.389571"
0.35,5,26,0.218797331443044,-0.053929402910472324,0.33630401403836574,0,"1.846985,18.412044,9.954548,21.615936,0.130497,17.93177"
0.35,5,27,0.013450308249218978,-0.09739007330527595,0.020724498232345845,0,"2.350933,11.449844,8.435003,22.439287,20.177416,22.529066"
0.35,5,28,0.04978401608515529,-0.07247340146308709,0.07655326485155978,0,"2.181845,9.618494,9.603411,21.581531,2.505392,26.395141"
0.35,5,29,0.01291568000692886,-0.08926491456210472,0.019898444212749708,0,"2.170704,15.770333,8.659228,22.42075,17.242199,18.458466"
0.35,5,30,0.007138576604902734,-0.12917974321189576,0.011040942926345804,0,"3.031938,6.912214,8.449409,23.904123,18.522616,17.017455"
0.35,5,31,0.050111838596367614,-0.10440440943180275,0.07707427978124759,0,"2.425576,12.672042,9.402317,22.757803,5.187899,16.952415"
0.35,5,32,0.010207464497238576,-0.09879403987732045,0.015741247077838527,0,"2.363334,11.653543,8.596212,22.492373,17.67823,21.599624"
0.35,5,33,0.020521834653115266,-0.10488859026056147,0.03159693484931447,0,"2.677127,6.980203,9.157063,22.800215,8.263119,22.070067"
0.35,5,34,0.009707977084199175,-0.09437116172921006,0.014971193407829708,0,"2.253271,14.305157,8.742198,22.483994,15.745642,19.0604"
0.35,5,35,0.03635262354432576,0.10371979176986618,0.02214538115868453,0,"1.228905,6.091959,10.4425,28.249082,18.074534,19.951403"
0.35,5,36,0.009046941001108642,-0.14499033002420786,0.013982460027076177,0,"3.002324,14.407635,8.170416,19.999772,10.936861,20.156857"
0.35,5,37,0.02063885822473459,-0.1753406530486319,0.031814689085224945,0,"3.691356,12.215602,8.637112,28.765535,7.825573,18.076722"
0.35,5,38,-0.0019900183888190833,-0.0316426448460179,-0.0030414869178866932,0,"1.775147,11.253361,9.092464,20.106786,15.93187,21.007525"
0.35,5,39,-0.002863822926087622,-0.10401780349253337,-0.004345526311942266,0,"2.441761,11.489577,9.389866,23.853002,7.118843,17.873418"
0.35,5,40,0.0522362835454613,-0.10468227731649872,0.08033954098597107,0,"2.454891,11.462249,9.522148,24.079774,5.362699,17.252383"
0.35,5,41,0.025745695802044246,-0.10570580986623379,0.0396260552301505,0,"2.618175,7.899785,9.459764,24.317717,6.17683,20.016981"
0.35,5,42,0.006922210636612958,-0.09768559439819399,0.010691463297705872,0,"2.313164,13.237535,8.861788,22.789615,14.150495,19.21983"
0.35,5,43,-0.0023068078844574362,-0.00681613092065466,-0.0035417232592564463,0,"1.68988,7.40751,10.262131,27.731887,12.054773,18.608181"
0.35,5,44,0.14133367634231597,0.05519467794580715,0.21718951541540754,0,"1.281184,15.068548,10.58736,25.103458,2.407409,22.277826"
0.35,5,45,0.00435213716346562,-0.11526639350598633,0.006750911244436664,0,"2.713353,8.271029,8.805702,24.104012,15.821021,17.894183"
0.35,5,46,0.02197776846806336,-0.04852695287135829,0.03380427710991829,0,"2.017377,7.087482,10.156224,26.656098,7.242725,19.633569"
0.35,5,47,0.0037238056490227793,-0.09109223131155544,0.005772209221519747,0,"2.263098,12.21239,9.077517,23.434029,12.999082,19.288786"
0.35,5,48,0.03716247435698965,0.004864217416985381,0.057113304973324674,0,"1.521463,13.367278,10.30293,25.118373,4.640535,21.424083"
0.35,5,49,0.0024340583075066163,-0.10311735995697782,0.003796433387368875,0,"2.501936,9.120299,9.055226,24.273072,13.955991,18.4825"
0.35,5,50,-0.0015068190277431506,-0.09457216579572321,-0.0022649946510637786,0,"2.499899,7.586752,10.912963,16.066443,17.886555,18.022005"
0.35,5,51,-0.007960253928543501,-0.06428168179620024,-0.012199731560616045,0,"2.198847,6.652006,10.857813,21.111777,11.929613,18.903779"
0.35,5,52,0.05412468006189356,-0.0563758702147856,0.08321587891565163,0,"2.188188,5.727031,11.15454,20.724735,11.751369,18.839611"
0.35,5,53,0.045696727022225894,-0.038163746050352054,0.07025295371296936,0,"1.873141,8.919884,11.480993,19.218969,10.297269,19.850492"
0.35,5,54,-0.00047688816885900834,-0.09404526531564081,-0.000682351995694358,0,"2.393822,9.086897,9.459499,23.430722,13.346199,18.710499"
0.35,5,55,-0.006212935077115984,-0.024329171687128226,-0.00953572560827709,0,"1.805955,8.091781,8.898292,22.493979,18.250165,17.124402"
0.35,5,56,-0.005923632492194987,-0.016877984270878832,-0.016047235219366643,0,"1.7435,8.406191,10.344985,20.357237,14.377469,18.469271"
0.35,5,57,0.021232159290173476,0.033905230222466456,0.03261398979419905,0,"1.423136,10.179785,8.702266,29.151779,8.667588,19.306854"
0.35,5,58,-0.0037128627937037,-0.08065448566725122,-0.005663004262998789,0,"2.30788,8.018824,10.544497,18.247333,16.350032,18.236146"
0.35,5,59,0.029947106450184273,-0.06668581017345322,0.046062316888872634,0,"2.284181,5.438713,11.00675,24.491619,10.761508,15.397541"
0.35,5,60,-0.0031827871486967097,-0.04060361767734896,-0.00486986226467323,0,"1.857101,10.283551,9.411497,20.837592,15.07014,20.072528"
0.35,5,61,-0.007033847856506365,-0.09674571804293058,-0.01075845209435386,0,"2.438815,10.239711,9.553498,14.56842,15.643714,18.285"
0.35,5,62,0.015897876993398005,0.031376477772833256,0.024416960310731595,0,"1.686373,5.74359,10.480317,15.352443,23.422342,19.156958"
0.35,5,63,0.012325433374360347,-0.09021435345707474,0.018991790360516903,0,"2.310373,10.531396,9.571603,22.436242,9.835471,18.087341"
0.35,5,64,-0.006675843108870457,-0.09225453979271031,-0.01021064169667718,0,"2.398394,9.64158,9.770879,15.658979,15.024697,18.38813"
0.35,5,65,-0.005003117873343288,-0.03234513962867071,-0.007672015791090836,0,"1.86969,7.851738,9.224861,22.263612,17.196739,17.420965"
0.35,5,66,-0.00694069037556302,-0.026496931401211885,-0.010653064550176894,0,"1.816939,8.113724,10.430456,20.482993,13.969492,18.541689"
0.35,5,67,-0.006324552006325151,-0.07810556600183853,-0.009678344821677565,0,"2.289612,7.790945,10.596716,18.72474,15.613294,18.347419"
0.35,5,68,-0.00596286586767301,-0.0460168582694109,-0.009139721766354747,0,"1.912783,9.678112,9.652542,20.883289,14.546718,19.877736"
0.35,5,69,0.03069452119867891,-0.09870365554924997,0.04722826016771098,0,"2.400839,10.683114,9.634517,23.396131,7.920325,18.045145"
0.35,5,70,0.004080928441829542,0.009454853525900586,0.006266993380612429,0,"1.76855,5.894861,10.543233,16.312332,21.506886,19.114761"
0.35,5,71,0.013379173516307253,-0.022216145138863608,0.020574731679252833,0,"1.869679,6.691843,10.391778,17.492965,19.242399,18.936492"
0.35,5,72,-0.004884125261058453,-0.03407823857465739,-0.007488200841554327,0,"1.878953,7.870022,10.501682,20.587791,13.629512,18.602038"
0.35,5,73,-0.008082518064604666,-0.08825755336042221,-0.012374745133218346,0,"2.364833,9.143155,9.952031,16.567779,14.508849,18.474071"
0.35,5,74,-0.006616078116510211,-0.07589913450873115,-0.010127585367604941,0,"2.274417,7.601062,10.640232,19.12258,14.999346,18.440145"
0.35,5,75,-0.006876369395303109,-0.05006192729372933,-0.010541531884654273,0,"1.959601,9.173597,9.853417,20.921371,14.110533,19.71541"
0.35,5,76,-0.007812051861328661,-0.03877211834714532,-0.011985678352274126,0,"1.923377,7.651718,9.497009,22.071639,16.318884,17.6681"
0.35,5,77,0.00372572572667264,-0.09398920619287195,0.005776718587320595,0,"2.366864,10.011073,9.838395,23.015406,8.588422,18.18825"
0.35,5,78,0.032455516606618835,-0.008070153418095916,0.04988602345395399,0,"1.838115,6.020969,10.595663,17.11224,19.910673,19.079598"
0.35,5,79,0.0038636039767210224,-0.0835097109861245,0.005982989895590818,0,"2.276142,9.345701,9.964605,22.031545,10.475337,18.336808"
0.35,5,80,-0.0069924555024535795,-0.06875786889019221,-0.01070989049157306,0,"2.22629,7.066956,10.706848,20.354444,12.359485,18.832161"
0.35,5,81,-0.008207581818508556,-0.047813209909048277,-0.012588714662322892,0,"1.995065,7.900248,9.572845,21.154329,16.017211,17.802429"
0.35,5,82,-0.006090927307543682,-0.056709437554126746,-0.00933079075447589,0,"2.025588,9.168524,9.869852,20.195772,14.176919,19.50852"
0.35,5,83,-0.003968446752543461,-0.07812659160272097,-0.006057177354157395,0,"2.289424,7.85803,10.525531,18.69678,14.917597,18.4458"
0.35,5,84,-0.009266202228227726,-0.04487982705096679,-0.014217312362652557,0,"1.957574,8.082184,10.410073,19.917789,13.776068,18.58071"
0.35,5,85,-0.004564748536022889,-0.09317781687162134,-0.0069655518329636845,0,"2.366525,9.866417,9.857334,21.940801,9.575074,18.235887"
0.35,5,86,-0.009431350377379522,-0.05617109390129559,-0.014465058778935017,0,"2.021098,9.217685,9.597467,21.346859,11.88692,18.698793"
0.35,5,87,-0.0070016996231874835,-0.05215630571319449,-0.010733028381138654,0,"1.977346,9.444322,9.442795,21.788538,11.381811,18.740959"
0.35,5,88,-0.00673417175676902,-0.0196715242916779,-0.010339332549399727,0,"1.837282,6.993523,10.179032,17.904856,18.000141,19.063008"
0.35,5,89,-0.01261436996862989,-0.053675756732597585,-0.019358462235877172,0,"2.104319,6.966222,10.269575,18.886247,14.672636,17.64187"
0.35,5,90,-0.013174443233051824,-0.052200753961475,-0.020220046060347815,0,"2.117527,6.59945,10.336196,18.667992,14.755255,17.330762"
0.35,5,91,-0.008248283181275868,-0.09282676119511697,-0.012627055736352227,0,"2.398354,9.00971,10.012781,21.431541,9.767841,17.509968"
0.35,5,92,-0.008982450858963901,-0.06021605605328652,-0.013772958179274958,0,"2.055498,9.583986,9.253637,19.340986,14.544546,17.300083"
0.35,5,93,-0.009139493915163508,-0.02605874202506861,-0.015097917970340102,0,"1.824449,7.654403,9.775626,24.052053,12.407081,17.266844"
0.35,5,94,0.037864837914050604,-0.06565573772321479,0.05823071916122913,0,"2.126082,8.815266,10.222411,20.431411,9.695398,17.759958"
0.35,5,95,-0.008357467844095667,-0.050957773292084334,-0.012817386649417409,0,"2.016725,8.052735,9.681105,21.033843,14.963565,17.79535"
0.35,5,96,0.004085905795105206,0.011686834664712875,-0.013194968733767687,0,"1.621833,7.386969,9.671913,20.021632,17.676691,18.147546"
0.35,5,97,0.014109595201928391,-0.07943277735909456,0.02172811292400534,0,"2.262754,8.739208,9.955969,21.196557,11.08595,17.616231"
0.35,5,98,-0.010422817892233503,-0.056260748096274224,-0.01598882137923585,0,"2.037075,8.781157,9.720587,20.900381,12.364974,18.470788"
0.35,5,99,0.0010574804150950531,-0.04619724822527867,0.001650118269382772,0,"1.983962,7.834973,10.39776,19.709489,13.939266,18.372385"
0.35,5,100,0.003962429071217087,-0.031498642011229,0.0061068986335526265,0,"1.8723,7.478521,9.869053,23.15471,12.798443,17.277497"
0.35,5,101,-0.009855481450750925,-0.05951001448450827,-0.015115120180867359,0,"2.065798,9.086393,9.434058,19.22882,14.579664,17.305196"
0.35,5,102,-0.009777833165527269,-0.05155603689866908,-0.015000059252459438,0,"2.033422,7.810434,9.790285,20.639534,14.928847,17.717919"
0.35,5,103,0.008102152641437363,-0.08702451811842654,0.012499210363142721,0,"2.350925,8.607854,10.066683,20.97095,10.599054,17.4801"
0.35,5,104,-0.0004731160318407762,-0.001325045235407385,-0.013671436331998327,0,"1.70116,7.255679,9.782625,19.796026,17.189785,18.011416"
0.35,5,105,-0.011150385421399742,-0.05944807629247098,-0.01710532328394279,0,"2.106346,8.310607,9.951445,16.492705,16.454155,18.458659"
0.35,5,106,-0.00999672709439125,-0.050824289694739594,-0.01533687634365341,0,"2.033112,8.112634,9.273985,18.865663,16.151627,17.392528"
0.35,5,107,0.03618936149679592,-0.09538221335253845,0.05567162878885623,0,"2.450352,8.977852,9.719553,18.469006,12.555058,17.547202"
0.35,5,108,-0.00667716843069992,-0.021794641071140847,-0.010250580659840192,0,"1.819888,7.542628,9.772113,19.574856,16.41733,17.934047"
0.35,5,109,-0.008658967019953565,-0.0832064601080381,-0.013263420823662109,0,"2.320158,8.690768,9.730065,18.690176,13.327511,17.624571"
0.35,5,110,-0.009756282897201693,-0.07440280740180595,-0.014954648297258219,0,"2.234362,8.499387,9.737073,18.837623,13.84248,17.67615"
0.35,5,111,0.0308591886009814,-0.0343479688872195,0.047446723107802846,0,"1.900608,7.733953,9.765105,19.427409,15.90236,17.882467"
0.35,5,112,-0.010219328741017154,-0.06837419510787662,-0.015669557784875734,0,"2.177646,8.371803,9.741745,18.935921,14.185794,17.710536"
0.35,5,113,-0.008016075747974798,-0.06471917074377023,-0.012285290153253636,0,"2.145835,8.610033,9.695714,17.057626,14.568308,17.838238"
0.35,5,114,-0.010307373838147877,-0.05378221337808128,-0.01581272583334442,0,"2.052032,7.943687,9.774523,20.04255,14.868757,17.737972"
0.35,5,115,-0.010674733772925583,-0.05378110118286156,-0.016377330957521835,0,"2.108469,6.953573,10.165437,18.739584,15.013855,18.395219"
0.35,5,116,-0.009089672060734997,-0.06440834317345781,-0.013935493953161127,0,"2.166917,7.540522,10.622679,19.060714,13.062637,18.642117"
0.35,5,117,-0.010938759992035488,-0.053107715716119094,-0.016783481582317447,0,"2.055237,8.017273,9.49876,18.898172,15.636795,17.600793"
0.35,5,118,-0.007340872280720798,-0.04082092160789094,-0.01126040875763934,0,"1.982465,7.163318,10.073902,18.977874,15.512136,18.287528"
0.35,5,119,-0.00968298329831329,-0.06413481063286444,-0.014847515737480652,0,"2.144745,8.17035,9.797104,18.942913,14.406851,17.806702"
0.35,5,120,-0.011449348494723045,-0.05849164416918749,-0.01756532147739004,0,"2.108209,8.025309,10.01557,16.855253,16.171005,18.270676"
0.35,5,121,-0.011735444575017594,-0.05328006432149107,-0.018007833016990812,0,"2.06558,7.780886,9.63833,18.859809,15.489872,17.555788"
0.35,5,122,-0.004547355754370862,-0.053519320396651915,-0.006960153680522607,0,"2.109978,6.894543,10.193897,18.727652,14.970755,18.217809"
0.35,5,123,-0.010939867204538163,-0.055903966163299984,-0.016783679115317002,0,"2.050419,8.417405,9.823187,20.528316,12.763354,18.280784"
0.35,5,124,-0.010890718812894322,-0.05377253240206288,-0.01670928829102221,0,"2.062905,7.719569,9.868134,19.813457,14.84984,17.670104"
0.35,5,125,-0.010410936154726037,-0.06589192358698918,-0.01596537920767016,0,"2.167593,8.076302,9.840819,18.891266,14.280704,17.647241"
0.35,5,126,-0.009391162729416485,-0.05942928788706298,-0.014401540734121282,0,"2.080569,8.645259,9.64685,19.144379,14.46592,17.367309"
0.35,5,127,-0.011306144861062415,-0.05870846533611824,-0.017345111654798698,0,"2.085462,8.353393,9.738023,19.074924,14.55006,17.509059"
0.35,5,128,-0.011780661991117106,-0.04477427133219808,-0.018081904243680683,0,"1.99673,7.555534,9.965659,19.041985,15.245757,17.891817"
0.35,5,129,-0.011703075194645217,-0.054734712589831355,-0.017957301229906672,0,"2.078175,7.857559,9.970852,17.862636,14.808593,17.942858"
0.35,5,130,-0.009475989744283219,-0.05004882269516331,-0.01453695943493416,0,"2.100005,6.973379,10.065021,16.259217,17.576829,17.219536"
0.35,5,131,-0.010938782346564266,-0.055416467592171455,-0.016782274007388007,0,"2.058659,8.176675,9.863493,19.8168,13.565599,18.103909"
0.35,5,132,-0.010533538215828935,-0.046132168853522365,-0.016164438571782375,0,"2.016712,7.396137,10.027414,18.979653,15.164007,17.798308"
0.35,5,133,-0.01154773527374166,-0.05326240252507662,-0.01771934747230905,0,"2.074211,7.583913,9.754639,18.827839,15.367436,17.518283"
0.35,5,134,-0.01176979601298293,-0.054499080631067426,-0.018059972849860995,0,"2.084719,7.647802,10.031742,17.996862,14.799704,17.840842"
0.35,5,135,-0.0095095263881925,-0.05765975688885917,-0.014584408627190348,0,"2.109761,7.787582,10.069007,17.157376,15.935047,18.114024"
0.35,5,136,-0.011075607429495635,-0.05793506718070366,-0.016991209030941964,0,"2.090796,8.060962,9.837718,19.007102,14.584259,17.479343"
0.35,5,137,-0.011331689992119446,-0.05574025142544951,-0.01738596926784068,0,"2.061559,8.114301,9.908688,20.218262,13.095337,18.122447"
0.35,5,138,-0.0011684950502705435,-0.04915316359723733,-0.0017694481564766162,0,"2.03879,7.346475,9.896457,20.741861,13.320286,17.249305"
0.35,5,139,0.0034275355761132784,-0.056330416251282156,0.005298165252902831,0,"2.097882,7.714057,10.040249,17.75479,15.499253,17.969904"
0.35,5,140,-0.0029228173881140993,-0.05421772751557505,-0.004462984989600627,0,"2.090176,7.47302,10.082484,18.108717,14.792296,17.755829"
0.35,5,141,-0.004877917358106848,-0.053216933573691116,-0.007468364606710298,0,"2.081412,7.419785,9.851564,18.801198,15.265405,17.48703"
0.35,5,142,-0.008155702394922465,-0.0554371174706163,-0.012504878819346421,0,"2.070856,7.861734,9.979938,19.959884,13.37199,17.990499"
0.35,5,143,-0.011400577257027802,-0.05723378159176429,-0.01749104039571303,0,"2.095244,7.817289,9.920796,18.950584,14.612758,17.454579"
0.35,5,144,-0.012395171862986535,-0.047337497680606966,-0.01902498077122619,0,"2.033411,7.263319,10.078878,18.927709,15.095882,17.720383"
0.35,5,145,-0.011305933313455222,-0.056842416044559724,-0.0173457903140546,0,"2.111055,7.589493,10.113538,17.409145,15.738415,17.98348"
0.35,5,146,-0.011727710050585904,-0.053603406418093386,-0.017995771702665905,0,"2.07955,7.377212,10.011152,19.463454,14.820939,17.566416"
0.35,5,147,-0.0095643858180381,-0.05475124314132791,-0.014670287993450604,0,"2.087691,7.416255,10.29527,18.991725,14.199674,17.861677"
0.35,5,148,0.013673009186397855,-0.05137993690042705,0.021042022845328523,0,"2.103901,6.826009,10.272005,17.510319,16.368985,17.315267"
0.35,5,149,-0.011994739012129907,-0.05498272011423487,-0.018405433120863637,0,"2.076353,7.689069,10.028616,19.551623,13.871489,17.877961"
0.35,5,150,-0.011458474976462674,-0.05297300322603288,-0.01758231679909869,0,"2.083247,7.362241,9.86779,18.665111,15.431905,17.449517"
0.35,5,151,-0.0115877622525444,-0.04930577159909709,-0.017782994286459256,0,"2.050761,7.113293,9.967604,20.666346,13.790995,17.149726"
0.35,5,152,-0.00960888622046795,-0.04583014458097931,-0.014743480626857153,0,"2.051673,6.65107,10.175948,19.696828,14.64273,17.577009"
0.35,5,153,-0.011223001576393795,-0.05551862556633716,-0.017219042584255093,0,"2.087964,7.622857,9.963322,19.074958,14.617753,17.474984"
0.35,5,154,-0.012130250589999239,-0.04814614808984771,-0.01861738175388887,0,"2.04736,7.152646,10.121764,18.884423,15.039111,17.655446"
0.35,5,155,-0.012384864600987991,-0.05468797362685861,-0.019005185291967402,0,"2.083199,7.507407,10.079879,19.404351,14.018783,17.786761"
0.35,5,156,-0.011777405584512221,-0.05348089282727814,-0.018072215894909205,0,"2.085866,7.247549,10.065326,19.330877,14.809992,17.52714"
0.35,5,157,-0.012533036781067793,-0.04988890368479573,-0.01923549629567066,0,"2.061844,7.027634,10.029035,20.333287,13.951705,17.179899"
0.35,5,158,-0.011836887892581464,-0.052930806546304277,-0.018163931622670035,0,"2.088949,7.235074,9.945857,18.665591,15.31913,17.429724"
0.35,5,159,-0.011184060623455344,-0.056572409103798724,-0.017158626420147566,0,"2.098953,7.614247,9.990029,18.903485,14.636508,17.433943"
0.35,5,160,0.020386926136019053,-0.04699247543549334,0.03135844694139933,0,"2.062606,6.642466,10.202656,19.525355,14.661484,17.535968"
0.35,5,161,-0.00815586451608322,-0.05494688384951055,-0.012505391695590395,0,"2.092882,7.452235,10.025467,19.00713,14.64067,17.450947"
0.35,5,162,-0.01175303633857018,-0.05034772957490838,-0.018036447603502592,0,"2.071094,6.956257,10.080228,20.055738,14.08563,17.205043"
0.35,5,163,-0.012380006695429342,-0.05440805750742285,-0.018997869630833386,0,"2.088908,7.356035,10.122598,19.281625,14.141528,17.710761"
0.35,5,164,-0.000858485886214981,-0.04884632302879929,-0.0012931524985090315,0,"2.059005,7.060426,10.157502,18.848351,14.991801,17.601332"
0.35,5,165,-0.0123882610767631,-0.052886672316434735,-0.019011374381698837,0,"2.093704,7.129111,10.010913,18.665992,15.225151,17.413231"
0.35,5,166,-0.01186592933440959,-0.053360106921507056,-0.01820833519862762,0,"2.091133,7.139505,10.11047,19.220396,14.800869,17.494411"
0.35,5,167,-0.01175907939649066,-0.055987502692822114,-0.01804270156082098,0,"2.102046,7.44506,10.047723,18.864237,14.656299,17.416746"
0.35,5,168,-0.00483027905206428,-0.05756601116631001,-0.007392808650051597,0,"2.129278,7.147981,10.07854,19.403642,14.229776,17.255652"
0.35,5,169,-0.011267081772551178,-0.05606752703812527,-0.01728649525564871,0,"2.117518,7.133388,10.091701,19.311093,14.35678,17.313265"
0.35,5,170,-0.008468356608510075,-0.05039533660594944,-0.012988116868820399,0,"2.070669,7.075018,10.144342,18.9409,14.864797,17.543719"
0.35,5,171,-0.010026650669849453,-0.055226814055450074,-0.015380498401490889,0,"2.109689,7.12366,10.100474,19.249395,14.44145,17.351674"
0.35,5,172,-0.011255045877808118,-0.05281184585483084,-0.01726974830055933,0,"2.097669,7.040815,10.065127,18.666325,15.146835,17.399486"
0.35,5,173,-0.007600371638765561,-0.05414001759097063,-0.011652075052038302,0,"2.09367,7.229903,10.158198,19.179353,14.243816,17.647428"
0.35,5,174,0.014641051998243285,-0.053193808466498294,0.022530807394461783,0,"2.095525,7.049476,10.148091,19.128329,14.793267,17.467136"
0.35,5,175,-0.012238471570426145,-0.05544488954346141,-0.01877978307705515,0,"2.104623,7.304084,10.095802,18.831529,14.672792,17.402416"
0.35,5,176,0.0023552197233892096,-0.05079512342129716,0.003647119060303794,0,"2.078812,6.896779,10.122889,19.824447,14.197234,17.225996"
0.35,5,177,-0.011863479836983723,-0.055494092758492625,-0.018203422584366788,0,"2.11752,7.044379,10.13245,19.20391,14.423193,17.316182"
0.35,5,178,0.03146813658619,-0.053946381733051274,0.048393172703906195,0,"2.107728,6.988945,10.155462,18.99619,14.353108,17.306954"
0.35,5,179,-0.011084200734689374,-0.053360754428640134,-0.017006876924059555,0,"2.097557,7.039387,10.14932,19.106306,14.719907,17.440439"
0.35,5,180,-0.012425918434845837,-0.05713463939100988,-0.019066965820424164,0,"2.130791,7.189198,10.189474,18.060691,15.123365,17.619575"
0.35,5,181,-0.012274614642548311,-0.054716246106012945,-0.018835724208731586,0,"2.128247,6.842523,10.164591,18.332898,15.369966,17.188858"
0.35,5,182,0.02939172123860117,-0.05595810685571845,0.04520296100207588,0,"2.134596,6.96738,10.17856,18.148143,15.110562,17.311987"
0.35,5,183,-0.008972345650433733,-0.05382565481983562,-0.013760864783288695,0,"2.103717,7.027386,10.154193,18.946612,14.785016,17.41903"
0.35,5,184,-0.01279317808779644,-0.05630226829748791,-0.01963186397278463,0,"2.128579,7.090884,10.213927,18.161908,15.062013,17.571439"
0.35,5,185,-0.011297961578492064,-0.054319134921434614,-0.017334895690877677,0,"2.126459,6.802006,10.193192,18.388747,15.267514,17.212509"
0.35,5,186,-0.012656998937252634,-0.05500831226035943,-0.01942326293392993,0,"2.106772,7.186614,10.135867,18.804273,14.686536,17.390473"
0.35,5,187,0.0022990600045887702,-0.05500308507300469,0.003563069368115457,0,"2.117521,6.97021,10.166407,19.11459,14.478536,17.318612"
0.35,5,188,-0.0055939132026160444,-0.05277172156220852,-0.008569035733603736,0,"2.100975,6.96724,10.110305,18.666603,15.081572,17.388032"
0.35,5,189,-0.012525127516323736,-0.05323977849313047,-0.01922153783731828,0,"2.100882,6.96605,10.180466,19.033254,14.725798,17.422159"
0.35,5,190,-0.012864180667133324,-0.0529711463477571,-0.019742781473774854,0,"2.109528,6.900502,10.223577,18.126336,15.381026,17.45318"
0.35,5,191,-0.011486101972239794,-0.055389652684214724,-0.017623477436102847,0,"2.128954,6.881227,10.317437,18.394234,14.877809,17.405476"
0.35,5,192,-0.011589879554373692,-0.05414443072720451,-0.01778364559074644,0,"2.10429,7.072887,10.275965,18.673918,14.561965,17.645321"
0.35,5,193,-0.008803295330323981,-0.05265381284903964,-0.013501677546802149,0,"2.093603,7.05754,10.137895,18.76166,14.846389,17.532303"
0.35,5,194,-0.0068703124296804075,-0.05496720109638223,-0.010529584122487778,0,"2.12305,6.910611,10.287514,18.455471,14.872573,17.426614"
0.35,5,195,-0.006379149425577874,-0.05279028349990722,-0.00977587462745394,0,"2.110861,6.85032,10.242347,18.216612,15.276731,17.432777"
0.35,5,196,-0.008770429209206438,-0.05574926172033057,-0.013449499681248478,0,"2.126736,7.008961,10.234305,18.246256,15.010887,17.531326"
0.35,5,197,-0.012735877123481617,-0.05462368645638263,-0.019544699659143752,0,"2.108564,7.088731,10.169255,18.78156,14.697989,17.380521"
0.35,5,198,-0.00818889599535022,-0.053115180766729,-0.012557143905451262,0,"2.103653,6.90494,10.206421,18.972377,14.730708,17.406927"
0.35,5,199,0.0018817154095662667,-0.053886410041828064,0.002921041501699695,0,"2.106494,6.993965,10.286003,18.67293,14.59418,17.592894"
0.35,5,200,-0.0114411514687283,-0.054901474983686305,-0.01755465450316454,0,"2.127048,6.834258,10.320564,18.43986,14.857384,17.393023"
0.35,5,201,-0.012004371242313747,-0.0539892442066045,-0.01842077154667092,0,"2.12497,6.768243,10.217026,18.435288,15.182138,17.232218"
0.35,5,202,0.016861126964461834,-0.055396906228514675,0.025944080352942156,0,"2.125301,6.884515,10.252242,18.964499,14.468056,17.325482"
0.35,5,203,-0.012625573068998351,-0.053293023529180306,-0.01937588643781317,0,"2.113265,6.856019,10.243996,18.34126,15.141952,17.414895"
0.35,5,204,-0.013210856616026372,-0.05518300731272188,-0.020274406460411773,0,"2.135745,6.813589,10.300693,17.998362,15.15116,17.353989"
0.35,5,205,-0.011158365208583236,-0.05545794300363219,-0.01711973400220082,0,"2.141107,6.798365,10.316405,17.836026,15.221236,17.345166"
0.35,5,206,-0.013041975778487157,-0.05224540077371703,-0.020016429552319,0,"2.11563,6.644483,10.294937,18.641852,14.917739,17.170476"
0.35,5,207,-0.012986607386959597,-0.053562486643138424,-0.019930624016959192,0,"2.119278,6.795072,10.26035,18.477719,14.974372,17.31381"
0.5,1,1,0.0,0.0,0.0,0,"1.6,10.0,10.0,20.0,20.0,20.0"
0.5,1,2,0.003914221611379214,-0.07983937369729821,0.007900382214241483,0,"2.203701,10.0,10.0,20.0,20.0,20.0"
0.5,1,3,0.008537268446517202,-0.013695698912695356,0.017071161430516582,0,"1.6,15.024932,10.0,20.0,20.0,20.0"
0.5,1,4,0.006514511710914369,-0.005072652554827423,0.01302107499938418,0,"1.6,10.0,15.024932,20.0,20.0,20.0"
0.5,1,5,0.011436461894804422,-0.004242027064179408,0.022854311505167854,0,"1.6,10.0,10.0,30.025,20.0,20.0"
0.5,1,6,0.009883189410907182,-0.0011846293855248373,0.019747815635564325,0,"1.6,10.0,10.0,20.0,30.025,20.0"
0.5,1,7,0.006609574203050699,-0.0003339228118839423,0.01320627605286042,0,"1.6,10.0,10.0,20.0,20.0,30.025"
0.5,1,8,-0.00032535242130984037,-0.033444849014336725,-0.0006166433502550889,0,"1.793809,11.674956,11.674956,9.975047,23.341667,23.341667"
0.5,1,9,0.03117055892373269,-0.03627894175678864,0.06231508170751465,0,"1.826904,11.954119,11.954119,6.634648,23.898611,23.898611"
0.5,1,10,0.003609178426405991,-0.04718784729384918,0.007258286413692139,0,"1.860211,12.233283,12.233283,16.658333,11.088904,24.455556"
0.5,1,11,-0.002704609398479267,-0.03427408988064634,-0.005369575131945942,0,"1.950019,6.279625,12.977721,15.544445,18.143519,25.940741"
0.5,1,12,0.0021072787370598695,-0.02190107927470697,0.004232226327067379,0,"2.010653,4.827921,13.474014,14.801852,17.834105,26.930864"
0.5,1,13,-0.0034789114484434047,-0.06657647216068313,-0.006884362062663463,0,"2.071861,10.062034,13.970308,14.05926,17.524691,14.554321"
0.5,1,14,-0.00686357751743905,-0.07502690492139635,-0.013638489640316387,0,"2.154314,10.072373,14.632033,13.069138,17.11214,11.975881"
0.5,1,15,-6.234563261001396e-5,-0.07698744087253778,-4.765616817931084e-5,0,"2.265643,10.086158,8.814512,11.748979,16.562071,21.904612"
0.5,1,16,0.1382887697922794,-0.008854320031804114,0.2763100838207698,0,"1.674494,10.114878,13.444145,8.998752,15.416095,22.539483"
0.5,1,17,0.0010646203241425514,-0.07018115776281962,0.002197224581466456,0,"2.11235,10.019146,10.574012,18.166438,19.236016,20.423247"
0.5,1,18,-0.003715767735541049,-0.049642537696517774,-0.00737451841497061,0,"2.091894,7.144245,10.657746,12.842999,27.042915,16.739825"
0.5,1,19,0.03496752599524567,-0.023771067095319842,0.0698889341234632,0,"1.834039,8.399308,12.344931,9.560482,21.498088,19.544326"
0.5,1,20,-0.0008361515172964983,-0.06361185118681292,-0.001607084099306877,0,"2.065116,9.749157,10.869162,16.7321,19.613028,20.27676"
0.5,1,21,0.04021511981149982,-0.09540220800695069,0.08044519663437222,0,"2.536386,8.334851,13.20869,6.638859,20.605113,20.059827"
0.5,1,22,-0.0020077338827973845,-0.022936418813624272,-0.003988542803977167,0,"1.746099,9.722457,10.53477,17.772925,20.100852,20.009971"
0.5,1,23,0.0031656085340729537,-0.010544065753986146,0.006335425708191702,0,"1.678376,8.127505,14.96774,16.896563,25.222635,17.523667"
0.5,1,24,-0.006745404531597975,-0.0688099944001506,-0.01340859047831748,0,"2.164044,9.75969,9.839979,12.606906,18.005499,21.174455"
0.5,1,25,0.00891578436468426,-0.06704507449179256,0.017880733070789523,0,"2.26854,5.902677,11.495492,19.547835,16.664318,15.364209"
0.5,1,26,-0.0012746595312400327,-0.04195049500247844,-0.002504863703773813,0,"1.870437,10.712468,11.645045,11.570482,22.228775,22.01209"
0.5,1,27,-0.006502995680212821,-0.037870462990250264,-0.012955165731703688,0,"1.924074,8.147195,12.559921,11.070208,21.264872,19.007559"
0.5,1,28,-0.005167063107064054,-0.05478913435704022,-0.010269068011759308,0,"2.138968,6.330161,12.08899,16.06506,18.327824,16.270718"
0.5,1,29,0.07388516290393135,-0.07519011069143411,0.14769781810045368,0,"2.409636,6.18914,13.717358,9.293411,19.864737,17.026419"
0.5,1,30,-0.003692539758282114,-0.0356030853131947,-0.0073421342969540795,0,"1.851947,9.133287,11.065195,16.359657,20.0615,19.512712"
0.5,1,31,-0.0020483460221166006,-0.07208029244971248,-0.004020591160622866,0,"2.157725,10.583569,10.636892,11.793545,22.461398,8.953103"
0.5,1,32,-0.004240177942361509,-0.04211408366049968,-0.008429811989073444,0,"1.984187,6.996297,12.587581,14.919294,18.863165,23.109446"
0.5,1,33,-0.007873233293503092,-0.07217876137865209,-0.0156586291964311,0,"2.306779,7.016413,13.056876,10.498231,20.143972,16.579913"
0.5,1,34,0.06438666161499683,-0.0763952621431534,0.12872099749464216,0,"2.385241,6.663849,13.388825,9.521367,20.157717,16.091113"
0.5,1,35,-0.0005572782224246628,-0.06741454497469798,-0.001046095804070557,0,"2.130081,8.96272,14.264048,13.233268,10.862928,19.299497"
0.5,1,36,-0.005041387639245426,-0.05379534990935381,-0.010018960967613885,0,"2.098245,7.447228,11.25879,12.908044,24.346247,17.166437"
0.5,1,37,0.04776963980644337,-0.07925473257849266,0.0955230113341311,0,"2.279132,9.261182,11.891267,10.48658,20.870353,10.94889"
0.5,1,38,-0.005402444188901067,-0.04903757353805187,-0.010745105698565516,0,"2.032505,7.373627,12.471528,14.180504,19.197696,21.082684"
0.5,1,39,0.00021660850081607584,-0.06730172049736055,0.0005000187034260861,0,"2.140099,8.785428,13.62431,12.92196,13.671088,18.197297"
0.5,1,40,-0.005554785553302333,-0.05659993363995186,-0.011041929243720994,0,"2.105204,7.670217,11.653041,12.910363,22.567054,17.338247"
0.5,1,41,-0.005630725718592868,-0.06448331880930055,-0.011185782336040395,0,"2.088159,10.350699,12.648788,8.713537,21.102587,19.448859"
0.5,1,42,-0.0044668105670005185,-0.07637249459020462,-0.008848400239171661,0,"2.214362,10.298635,12.325336,8.775707,20.867678,14.092286"
0.5,1,43,-0.006033936328140009,-0.05434782453347271,-0.012001523308438108,0,"2.062496,7.860985,12.447163,13.27968,19.476027,19.917617"
0.5,1,44,0.0030355747626532835,-0.06894270536987535,0.006133958272404039,0,"2.126247,10.065509,13.408533,10.168839,16.467978,18.696512"
0.5,1,45,-0.006091470088914973,-0.059153058083810744,-0.012111675444301834,0,"2.108707,8.069349,11.945622,12.453438,21.550541,17.564625"
0.5,1,46,-0.006745153510901207,-0.05792589273732021,-0.013418962166898196,0,"2.150276,6.625333,12.178395,15.612476,18.081763,15.957822"
0.5,1,47,-0.008850272649329648,-0.07163497389244278,-0.017611299025741114,0,"2.205839,8.702042,12.290431,11.823777,19.243569,14.169132"
0.5,1,48,0.027063089781438125,-0.0742576194375944,0.05414629089142242,0,"2.22999,8.842233,12.264309,11.581128,19.204826,13.211052"
0.5,1,49,-0.007949743791106247,-0.07121591505499636,-0.015812459207949547,0,"2.191478,8.704552,12.906909,12.44013,16.400063,15.390294"
0.5,1,50,-0.0022377717197459386,-0.09779180994950344,-0.004373378251291082,0,"2.476086,8.812492,12.408272,14.280013,15.06413,12.741607"
0.5,1,51,-0.007904307466198565,-0.04921997460428351,-0.01574365130648636,0,"2.013263,8.258071,12.534646,11.605171,20.231415,17.963233"
0.5,1,52,-0.006567982510508537,-0.07673191785609494,-0.013046186916244734,0,"2.194037,10.879863,12.908548,8.402182,18.96379,16.459812"
0.5,1,53,-0.007979092851288033,-0.06210473713754264,-0.01588020076467385,0,"2.157552,7.333966,12.300087,14.410723,18.228767,16.041487"
0.5,1,54,0.015892446650192075,-0.06540443057566854,0.03181847925170811,0,"2.178047,6.936417,16.067062,12.00881,19.114477,9.532262"
0.5,1,55,-0.0035427952920112087,-0.06876151580857526,-0.007009819248964877,0,"2.166376,9.289027,10.877801,12.507224,18.190328,19.234077"
0.5,1,56,-0.005950043248041703,-0.06382579585537458,-0.011824436263964067,0,"2.165579,7.561926,12.298478,13.979565,18.397901,15.729428"
0.5,1,57,-0.007119753865194831,-0.0712960920273487,-0.014154057580781532,0,"2.19387,8.704133,12.804162,12.337404,16.873981,15.186767"
0.5,1,58,-0.00802575569361616,-0.05318656204964553,-0.015982342482699974,0,"2.044996,8.332063,12.493943,11.641606,20.066774,17.330883"
0.5,1,59,-0.004669041643056799,-0.07245522334545206,-0.00925637169107707,0,"2.289873,7.297253,12.929135,10.719153,19.993905,16.178116"
0.5,1,60,-0.0064916187411433795,-0.07465314418816088,-0.01289568864944915,0,"2.162877,9.843975,14.241765,12.861577,17.467378,12.341422"
0.5,1,61,0.0007211147179243955,-0.06942655367597783,0.0015101458436810877,0,"2.170994,9.583408,10.248378,12.476385,18.211844,20.006901"
0.5,1,62,0.010778322406793554,-0.06662321484057807,0.02160166636206562,0,"2.182672,7.230575,15.437623,11.977971,19.135992,10.305046"
0.5,1,63,-0.006197227159799243,-0.06923832351639414,-0.012312903092989103,0,"2.17294,9.191193,11.113238,12.393316,18.365868,18.38992"
0.5,1,64,-0.008084574130548569,-0.059950570388715096,-0.0160931045861223,0,"2.027374,10.148159,12.151535,14.293276,16.811252,14.871066"
0.5,1,65,0.011286744577563117,-0.06887117650557836,0.02261974059104077,0,"2.103157,10.745548,12.73321,11.137427,17.878373,15.033634"
0.5,1,66,-0.007966921790681602,-0.06522053385521927,-0.015852770277230754,0,"2.15514,8.092399,12.370933,13.505873,18.311313,15.613462"
0.5,1,67,-0.005917615490839566,-0.06335565621971714,-0.011760115210249167,0,"2.089989,8.749667,14.337694,13.09452,17.892221,11.447666"
0.5,1,68,-0.007610114037685584,-0.06844771703452694,-0.01513664371462202,0,"2.159051,9.117604,11.650643,12.510183,18.286927,17.232876"
0.5,1,69,0.0026373233949791154,-0.052092376433444,0.005321417748643031,0,"2.098688,7.854924,10.345473,12.509127,19.063894,19.126644"
0.5,1,70,-0.006431285535292981,-0.07187725858360977,-0.012777915896106246,0,"2.152141,9.512431,13.592379,12.802836,17.733464,13.47229"
0.5,1,71,-0.008162767966152059,-0.06215525300341254,-0.016247133545754952,0,"2.056809,9.907129,12.174684,13.881692,17.216639,14.754077"
0.5,1,72,-0.007882945102316845,-0.056395233678754694,-0.01569380116978515,0,"2.071556,8.393724,12.460025,11.671968,19.929573,16.803924"
0.5,1,73,0.003039917221466852,-0.06622752378714375,0.0061399220446761715,0,"2.163567,8.194,12.357516,13.225524,18.466689,15.37274"
0.5,1,74,-0.008243613361229975,-0.06900458032253373,-0.0164018203218156,0,"2.166829,9.048342,11.757274,12.395782,18.446367,16.722252"
0.5,1,75,0.02989527950620053,-0.07137147935071124,0.059802128363388385,0,"2.195863,8.703785,12.71854,12.2518,17.268912,15.017161"
0.5,1,76,-0.007921904489138196,-0.07429782161062301,-0.015753757399266502,0,"2.170021,9.653645,13.916543,12.68861,17.76341,12.64604"
0.5,1,77,-0.007434804003749112,-0.06246269087589004,-0.014792352963658675,0,"2.082366,9.26247,12.266949,12.977316,19.75317,15.138893"
0.5,1,78,-0.007878696326410212,-0.06571325768441232,-0.01567600339174427,0,"2.087328,10.128527,12.597784,11.920858,18.98422,14.705365"
0.5,1,79,-0.009381449086637145,-0.07129383013804638,-0.01867293141172452,0,"2.170256,9.348627,12.79863,11.816912,17.441423,14.794702"
0.5,1,80,0.008010242887275486,-0.07268323817680773,0.016077091920806974,0,"2.185005,9.362987,12.887243,11.623512,17.056132,14.737337"
0.5,1,81,0.031389203084148595,-0.06921367272499718,0.06278483500601617,0,"2.193066,8.222714,12.534743,12.838721,17.696107,15.25801"
0.5,1,82,-0.007717499527832185,-0.06651305823015784,-0.015353132864569644,0,"2.104846,9.810868,12.587277,12.073835,18.769535,14.797472"
0.5,1,83,-0.007890698682376329,-0.07155582882692711,-0.015694147388537194,0,"2.199897,8.809802,12.375131,11.822633,18.943211,14.273394"
0.5,1,84,-0.008507967301074962,-0.0692684523671856,-0.016929736413369367,0,"2.1674,9.098389,11.930833,12.299303,18.278877,16.400993"
0.5,1,85,-0.007116334703025624,-0.06378619967451177,-0.014154728477898837,0,"2.075593,9.814044,12.278675,13.537561,17.254103,14.760848"
0.5,1,86,-0.00770457077013645,-0.07380304421581323,-0.015320018477579508,0,"2.170061,9.602808,13.730224,12.543327,17.709745,13.00415"
0.5,1,87,0.015734852843878887,-0.05907720078423726,0.031497285602939074,0,"2.087913,8.552865,12.516459,11.696125,19.514881,16.469054"
0.5,1,88,-0.007937488418470678,-0.06671118833551624,-0.015792473175430408,0,"2.101084,9.998542,12.631259,11.903534,18.727087,14.720254"
0.5,1,89,-0.008468218682365636,-0.07896264322300992,-0.01684063408742084,0,"2.207065,10.337926,12.731791,12.944966,16.603267,12.849061"
0.5,1,90,-0.0080603420521498,-0.07983514215324546,-0.016024824138008348,0,"2.263987,9.251307,13.120614,10.906006,18.647101,13.920003"
0.5,1,91,0.017948796456475548,-0.0720003717130831,0.03593365962503914,0,"2.199556,9.345371,11.465866,11.354457,18.50391,15.981987"
0.5,1,92,0.005359783168091551,-0.07370553977969659,0.010782489386576222,0,"2.174969,9.559902,13.35283,12.345182,17.842106,13.500455"
0.5,1,93,-0.008340058293209903,-0.069602585101735,-0.016593920081236835,0,"2.167876,9.140095,12.075466,12.218905,18.139301,16.133278"
0.5,1,94,-0.00828704781669984,-0.07775217068961522,-0.016479863599110953,0,"2.200918,10.17304,12.74293,12.756956,16.74296,13.173334"
0.5,1,95,0.029894001243650995,-0.07844420558616157,0.059806640052835314,0,"2.248291,9.267527,13.06695,11.057823,18.446155,14.065786"
0.5,1,96,-0.0011500882892064323,-0.06752293491408685,-0.002230423220278499,0,"2.112568,9.890221,12.659154,11.889097,18.51281,14.732662"
0.5,1,97,-0.007704508424783222,-0.07159223841703165,-0.015322102508640773,0,"2.194949,8.899604,12.445714,11.82168,18.692913,14.360279"
0.5,1,98,-0.006844400359627316,-0.07338467045023729,-0.013601814234569826,0,"2.170093,9.560444,13.574958,12.422258,17.665025,13.302575"
0.5,1,99,-0.008868756692189218,-0.06510696400939472,-0.01765475166870034,0,"2.091285,9.736473,12.365334,13.250786,17.285323,14.76649"
0.5,1,100,0.008845174539078,-0.07551844410933493,0.017748119402862472,0,"2.219425,9.062541,12.67519,12.873402,16.809505,14.11089"
0.5,1,101,-0.00865497280773313,-0.06894370215799822,-0.01722377813517309,0,"2.130274,9.752271,12.661826,12.053147,18.228926,14.629034"
0.5,1,102,-0.009000701326514276,-0.06800373997635882,-0.01791548342962257,0,"2.148251,9.456246,11.455013,12.217203,17.845257,15.983132"
0.5,1,103,-0.008676203623939059,-0.0684511029497323,-0.01726668945547291,0,"2.108095,10.302674,12.254018,12.949624,16.534816,15.466378"
0.5,1,104,0.018822393947180847,-0.05867785267591531,0.03766579994709052,0,"2.07154,9.072434,11.793832,12.078569,18.415389,17.417672"
0.5,1,105,-0.008990949836844982,-0.07484372073755821,-0.01788916678616624,0,"2.179201,9.9896,12.584747,12.643892,17.021698,13.880723"
0.5,1,106,-0.007936369477640356,-0.0689437916868933,-0.015788007156437384,0,"2.107898,10.388553,12.631057,12.758282,16.646513,13.706875"
0.5,1,107,-0.0070865004152851525,-0.06971692620153822,-0.014089194709659109,0,"2.157847,9.348164,12.168064,12.308801,17.890503,15.728878"
0.5,1,108,-0.007282455644740047,-0.06857557965084048,-0.014481853855973281,0,"2.151915,9.438309,11.678948,12.150488,17.777951,15.78506"
0.5,1,109,-0.007827796049001539,-0.0742707572909879,-0.015565755585126961,0,"2.17771,9.88277,12.620394,12.506062,17.091652,14.033053"
0.5,1,110,-0.00752133003841648,-0.06619270281899509,-0.014961505868145819,0,"2.104388,9.671832,12.43755,13.011806,17.311339,14.771192"
0.5,1,111,-0.007417904274349309,-0.06898853724460795,-0.0147520679435105,0,"2.118419,10.143663,12.344787,12.760838,16.685918,15.354432"
0.5,1,112,-0.005585705970500217,-0.06923566341016046,-0.011091085192397876,0,"2.136923,9.684996,12.684627,12.013775,18.097675,14.656645"
0.5,1,113,-0.0025275686946408735,-0.07000014269468828,-0.004980157089497561,0,"2.168273,9.17485,12.195993,12.151906,18.022988,15.910182"
0.5,1,114,-0.0076114345546893555,-0.06939730943559615,-0.015138333466476639,0,"2.118255,10.215228,12.658985,12.601387,16.778998,13.88818"
0.5,1,115,-0.007476696370669612,-0.070391094291246,-0.014868133513534443,0,"2.143289,9.881808,12.161804,12.93539,16.264752,14.885561"
0.5,1,116,-0.008632381638377396,-0.0713222982117622,-0.0171762647138292,0,"2.125447,10.276338,13.328438,13.060311,16.080076,13.457314"
0.5,1,117,0.021563309803232747,-0.07195447972628921,0.04315541866752426,0,"2.161328,9.615203,12.99048,12.549784,16.970162,13.25557"
0.5,1,118,-0.007352684164211392,-0.06952682840454508,-0.0146212202797385,0,"2.125553,10.055585,12.452402,12.725663,16.733292,15.004621"
0.5,1,119,-0.0005701648959556418,-0.07139113881595208,-0.0010678707823130185,0,"2.132897,10.121717,13.240136,12.853077,16.306967,13.680212"
0.5,1,120,0.000647931300522095,-0.07379364692824901,0.0013682879600124265,0,"2.176467,9.793745,12.6501,12.391203,17.149947,14.159995"
0.5,1,121,-0.008258223684637208,-0.0697691958882668,-0.01643024792546069,0,"2.126897,10.070792,12.682259,12.470641,16.889402,14.039267"
0.5,1,122,-0.009110964824549409,-0.06697682545640235,-0.018136816007634782,0,"2.115326,9.617964,12.49773,12.812657,17.33302,14.775111"
0.5,1,123,-0.008999175558663834,-0.07056478547468317,-0.017909876455397586,0,"2.147777,9.792943,12.267942,12.748977,16.460864,14.870418"
0.5,1,124,-0.008883352675873507,-0.06941846525726028,-0.017679607279210544,0,"2.127034,10.011154,12.420427,12.603517,16.811835,15.261144"
0.5,1,125,-0.007645823507610581,-0.06601332771456847,-0.015210423264242351,0,"2.097097,9.86065,12.652274,12.710723,16.59789,14.98029"
0.5,1,126,-0.0031106265948211177,-0.0663503265456724,-0.006148754108987575,0,"2.128493,9.445663,11.866286,12.201399,17.537844,15.893432"
0.5,1,127,-0.00762032220767476,-0.06737705245221175,-0.015158109253643665,0,"2.129227,9.558337,12.095261,12.310012,17.332698,15.524562"
0.5,1,128,-0.0073470328584140715,-0.07073569879911343,-0.014608721296732297,0,"2.132163,10.009039,13.011161,12.744464,16.512113,14.049082"
0.5,1,129,-0.009554108340886157,-0.06787252332618258,-0.01902132283561052,0,"2.129716,9.633453,12.24791,12.38242,17.195934,15.278649"
0.5,1,130,-0.008627281027512219,-0.07260319169436022,-0.017164794069260816,0,"2.175401,9.630992,12.319359,12.234318,17.446269,14.692807"
0.5,1,131,0.01031153654263331,-0.06962139654924676,0.02067202245935651,0,"2.16158,9.27426,12.168407,12.395625,17.340379,15.851677"
0.5,1,132,-0.009402020839152144,-0.06980716986898212,-0.01871551898944586,0,"2.132666,9.938034,12.596617,12.458139,16.964565,14.341335"
0.5,1,133,0.011350245562062846,-0.06601666676501464,0.022743764026863844,0,"2.099012,9.816398,12.623727,12.706556,16.622944,15.080979"
0.5,1,134,-0.008788969247856132,-0.07154761092357853,-0.01748890198280588,0,"2.162615,9.661893,12.370087,12.313024,17.309048,14.757502"
0.5,1,135,-0.004361084319394152,-0.06717455906957003,-0.008646347731986748,0,"2.111688,9.785497,12.572999,12.627849,16.760165,15.016284"
0.5,1,136,-0.009378324695094394,-0.07072180447187365,-0.018667260325391524,0,"2.154103,9.682493,12.403905,12.365495,17.217568,14.800633"
0.5,1,137,0.005240471487189112,-0.06971800194842706,0.01054012085547118,0,"2.156233,9.326689,12.517151,12.258016,17.392623,14.359139"
0.5,1,138,0.020962513379933292,-0.06939569455876851,0.04195246998444091,0,"2.131892,9.897075,12.436548,12.545933,16.908633,15.11081"
0.5,1,139,-0.00934410334917672,-0.06960820500272744,-0.018599998494855857,0,"2.132174,9.88727,12.538499,12.445519,17.003126,14.497554"
0.5,1,140,0.02115414008545975,-0.07075100554278242,0.0423366944819803,0,"2.163485,9.396098,12.706843,11.911163,17.400508,14.87536"
0.5,1,141,-0.008151708195480094,-0.07035839695434581,-0.01621684115285299,0,"2.150033,9.67432,12.377906,12.368316,17.213962,14.880302"
0.5,1,142,-0.00747294325675316,-0.06721898179593161,-0.014863803727982405,0,"2.117722,9.620545,12.456093,12.740951,17.310172,14.859034"
0.5,1,143,-0.008144249301093687,-0.07013363930407705,-0.016202162800083214,0,"2.144764,9.766361,12.264603,12.687884,16.583375,14.938457"
0.5,1,144,-0.008534401866684867,-0.06918425603007033,-0.016982636840499166,0,"2.127481,9.948204,12.391674,12.566668,16.875852,15.264061"
0.5,1,145,-0.008541594680458377,-0.06724072565845668,-0.016998949685572723,0,"2.103915,10.11396,12.052053,13.152757,16.660299,15.030658"
0.5,1,146,-0.00652247313753069,-0.07090112761168621,-0.012961084063386308,0,"2.144968,10.053979,12.168122,12.460237,16.534011,15.104193"
0.5,1,147,-0.008064009640963656,-0.06786051246374278,-0.01604411465480876,0,"2.122256,9.692783,12.408098,12.694165,17.180812,14.899894"
0.5,1,148,-0.00914722717179823,-0.07017512842639886,-0.01820607314202803,0,"2.14042,9.981739,12.216117,12.507022,16.663371,15.063333"
0.5,1,149,0.01917914354956419,-0.0680676016417678,0.038387966734036105,0,"2.116483,9.979953,12.34345,12.453017,17.287473,15.066396"
0.5,1,150,-0.007860803528484608,-0.06979493891315845,-0.015636175942113945,0,"2.140043,9.80196,12.277744,12.648739,16.700725,14.95978"
0.5,1,151,-0.007863652023839238,-0.06913667000935193,-0.01564252485281631,0,"2.131765,9.844967,12.490068,12.435002,17.035261,14.627736"
0.5,1,152,-0.009007024372619325,-0.06993190235002757,-0.017926190652236385,0,"2.138635,9.923691,12.221416,12.486255,16.752131,15.099219"
0.5,1,153,-0.008486059154027342,-0.06737501578814893,-0.016887855436829705,0,"2.108209,10.033875,12.084696,13.024367,16.749572,15.07199"
0.5,1,154,-0.005253752998544876,-0.06899285468057881,-0.010428085057351821,0,"2.127853,9.895745,12.367714,12.53596,16.929199,15.266492"
0.5,1,155,-0.008291968285594966,-0.06984774109055068,-0.01649759123886052,0,"2.146643,9.667509,12.35624,12.370667,17.210957,14.946693"
0.5,1,156,-0.007291451671223513,-0.0697770174769731,-0.014498627697272781,0,"2.142254,9.74421,12.261821,12.636973,16.685468,14.995155"
0.5,1,157,-0.005383486234791647,-0.06911954919730606,-0.010687165754631356,0,"2.13787,9.720156,12.186337,12.575935,16.947243,14.739989"
0.5,1,158,-0.009665031844954377,-0.06904548809244183,-0.01924177642539092,0,"2.1362,9.749421,12.216566,12.569273,16.944235,14.827739"
0.5,1,159,0.01922636013993742,-0.06809403276879515,0.038482331980662976,0,"2.121465,9.873428,12.277144,12.452355,17.277228,14.95552"
0.5,1,160,-0.009228024474436871,-0.06949876818046699,-0.018368181998694583,0,"2.138785,9.765746,12.264375,12.606203,16.784095,14.988549"
0.5,1,161,0.015583276192335658,-0.06869792157574377,0.031204046259987073,0,"2.134278,9.746263,11.973667,12.711393,16.843714,15.44321"
0.5,1,162,-0.008122312321187885,-0.0692637392611935,-0.01615920170141316,0,"2.132184,9.828516,12.404001,12.481067,17.003336,14.763649"
0.5,1,163,-0.0037290703461184955,-0.06869291509220762,-0.00738206571143335,0,"2.133859,9.762714,12.059734,12.665328,16.875638,15.307298"
0.5,1,164,0.008362718646403802,-0.06910852405280146,0.016777768048811592,0,"2.132463,9.817549,12.346623,12.511777,16.982053,14.854257"
0.5,1,165,-0.0073255823081745984,-0.06815302453090824,-0.014568443148669619,0,"2.130796,9.652781,12.242686,12.413562,17.153984,15.203497"
0.5,1,166,-0.008470742632750373,-0.06932057215946466,-0.016855309383957323,0,"2.138354,9.763025,12.256407,12.600048,16.810785,14.961748"
0.5,1,167,0.01347346398602927,-0.06977579049677404,0.026989714048506808,0,"2.138229,9.894646,12.220608,12.500092,16.784149,15.053973"
0.5,1,168,-0.00412131207606685,-0.06765631910190667,-0.008166801031999793,0,"2.112867,9.986466,12.106674,12.948518,16.782016,15.031282"
0.5,1,169,-0.009113171622449456,-0.06982876298707733,-0.01813837610580603,0,"2.144902,9.681161,12.332961,12.403768,17.166504,14.926867"
0.5,1,170,-0.007475031669261158,-0.06916002598307432,-0.014866037275263977,0,"2.132853,9.815334,12.372762,12.495768,16.993486,14.77433"
0.5,1,171,-0.008072533348700197,-0.06801219599897217,-0.01606099350789353,0,"2.127085,9.65475,12.288744,12.643554,17.166188,14.854515"
0.5,1,172,0.014716822712959285,-0.07012089520798882,0.02947429202909746,0,"2.157258,9.452362,12.463368,12.093473,17.296379,14.818284"
0.5,1,173,-0.004918088559640596,-0.0681120426358251,-0.009758306769875491,0,"2.120247,9.897447,12.166123,12.806011,16.867743,14.995782"
0.5,1,174,0.02201319224464923,-0.06974670112855713,0.0440520791113157,0,"2.149841,9.541378,12.403919,12.235981,17.210651,14.853784"
0.5,1,175,-0.007680884736026539,-0.06840028526810578,-0.015278091095689283,0,"2.125171,9.838102,12.205756,12.711006,16.924894,14.972116"
0.5,1,176,-0.008116615707073475,-0.06980242456224761,-0.016147281707876826,0,"2.137387,9.847817,12.315046,12.727577,16.848047,14.568941"
0.5,1,177,-0.008376149164503707,-0.06892043897307021,-0.016666711178855487,0,"2.136841,9.696091,12.165731,12.72264,16.960065,14.929645"
0.5,1,178,-0.0066964392618644895,-0.0700003022261946,-0.013309568652849935,0,"2.148433,9.625987,12.319396,12.511281,17.04038,14.717703"
0.5,1,179,-0.008365208282382046,-0.06859260744578137,-0.01664517877853977,0,"2.129043,9.802749,12.224696,12.677718,16.944142,14.929714"
0.5,1,180,-0.008933222418557554,-0.07059710408219023,-0.017778069663369547,0,"2.147167,9.858672,12.215058,12.59012,16.725071,14.86037"
0.5,1,181,-0.0071806003344970564,-0.06906927329001666,-0.014277853542161933,0,"2.140111,9.669223,12.155428,12.460279,17.00222,15.243086"
0.5,1,182,-0.008094027021530786,-0.06967756335392791,-0.016102274205502143,0,"2.137841,9.818051,12.288443,12.683027,16.873742,14.681299"
0.5,1,183,0.01750472825975034,-0.06968107752484062,0.035044093503522,0,"2.143451,9.692537,12.313562,12.431352,17.129459,14.910346"
0.5,1,184,-0.009486276525871747,-0.07038180643970968,-0.018883287957346437,0,"2.145338,9.840463,12.215309,12.586646,16.761599,14.854931"
0.5,1,185,-0.00793271498442577,-0.06933007729233104,-0.015780319571987222,0,"2.137995,9.760758,12.249767,12.594919,16.833027,14.939413"
0.5,1,186,-0.009360861156723316,-0.06904599810560556,-0.01863404227306796,0,"2.136734,9.704979,12.174204,12.697079,16.957426,14.912661"
0.5,1,187,-0.006563360060446244,-0.06874605715835196,-0.013044929134599537,0,"2.130235,9.793861,12.223341,12.659644,16.944157,14.912718"
0.5,1,188,-0.009575007470222484,-0.06969087689140825,-0.019061262800752807,0,"2.137189,9.831417,12.298632,12.701193,16.864078,14.612074"
0.5,1,189,-0.008570002680664992,-0.06898554359664315,-0.01705396585188146,0,"2.131116,9.867763,12.145711,12.838233,16.638715,14.776166"
0.5,1,190,0.0027555485146840406,-0.07013586883386494,0.005575657240960985,0,"2.144626,9.791072,12.210056,12.66947,16.722203,14.728277"
0.5,1,191,-0.008832767445176071,-0.06897066558375521,-0.01757898523952886,0,"2.132632,9.793396,12.221127,12.661281,16.907165,14.881978"
0.5,1,192,0.007945904670217522,-0.06936700469632667,0.015945231114017355,0,"2.135073,9.835055,12.174083,12.756315,16.858046,14.682437"
0.5,1,193,0.0033146573077264623,-0.06936606083880183,0.006691988687604122,0,"2.137508,9.773141,12.237153,12.621818,16.837197,14.896584"
0.5,1,194,0.01007261163965922,-0.06948182512943277,0.02019451059385402,0,"2.137024,9.817751,12.284955,12.679206,16.877438,14.648019"
0.5,1,195,-0.008597637533048545,-0.07014461341416903,-0.017108022430252667,0,"2.143814,9.825289,12.215519,12.58375,16.792038,14.850399"
0.5,1,196,-0.005234831629657588,-0.06905383169088677,-0.010390219208415874,0,"2.136645,9.712386,12.181264,12.675778,16.955228,14.898507"
0.5,1,197,0.004990298137583434,-0.06885553352244864,0.010039412396293024,0,"2.133226,9.786067,12.220367,12.645947,16.913343,14.872938"
0.5,1,198,-0.006610479061416203,-0.06897614840262392,-0.013138843131298483,0,"2.131963,9.848039,12.15752,12.793406,16.689635,14.784762"
0.5,1,199,-0.006746186429688707,-0.06932919424596587,-0.013409634031100348,0,"2.137695,9.758868,12.244233,12.590645,16.851561,14.920801"
0.5,1,200,-0.0044842559672234805,-0.06890855811364917,-0.008890712663669642,0,"2.136155,9.742272,12.126869,12.60706,16.837909,15.070363"
0.5,1,201,0.010822604422892585,-0.0695173315324831,0.02169303314417348,0,"2.140931,9.759358,12.160291,12.627357,16.776859,14.911252"
0.5,1,202,0.005850262177646215,-0.06909062320650496,0.011757857121377557,0,"2.13451,9.781616,12.210354,12.642848,16.890596,14.879324"
0.5,1,203,0.004743535469557734,-0.06996913620984196,0.009547492582742567,0,"2.142545,9.812645,12.215693,12.581337,16.817404,14.846622"
0.5,1,204,-0.008866712689244816,-0.06929198677562148,-0.017646486904809203,0,"2.137446,9.757294,12.239622,12.587083,16.867007,14.90529"
0.5,1,205,-0.006080592509852559,-0.06907387804745303,-0.012080031110547118,0,"2.132669,9.831603,12.167361,12.75605,16.732069,14.791925"
0.5,1,206,-0.008802339486068955,-0.06894172871384747,-0.017518219024399664,0,"2.136571,9.718559,12.187148,12.658027,16.953396,14.886713"
0.5,1,207,-0.007296101856429261,-0.06893304631714998,-0.014508761904636736,0,"2.136162,9.743464,12.141818,12.600762,16.85563,15.029926"
0.5,1,208,-0.008991161317086653,-0.06891389162812943,-0.01789551322931586,0,"2.133722,9.779959,12.219733,12.633168,16.918492,14.865405"
0.5,1,209,-0.007224010963708052,-0.06821546060140925,-0.014365441025788905,0,"2.128385,9.714122,12.175056,12.686784,16.939539,14.922377"
0.5,1,210,-0.008846498173278068,-0.0689479130473897,-0.01760644199151723,0,"2.134747,9.743803,12.196657,12.622516,16.91305,14.906242"
0.5,2,1,0.08401698413986244,-0.28738301430103436,0.16815319809593,0,"13.6,13.6,13.6,13.6,13.6,13.6"
0.5,2,2,0.10813024141869264,-0.3050979597385919,0.2163492315655583,0,"20.424998,13.6,13.6,13.6,13.6,13.6"
0.5,2,3,0.09034610245779229,-0.2912099085426443,0.1808026122119153,0,"13.6,20.424998,13.6,13.6,13.6,13.6"
0.5,2,4,0.08965973677176489,-0.2898306201306119,0.17942987428937102,0,"13.6,13.6,20.424998,13.6,13.6,13.6"
0.5,2,5,0.08946542369245841,-0.2893497130453257,0.17904115594202014,0,"13.6,13.6,13.6,20.424998,13.6,13.6"
0.5,2,6,0.08932601490587742,-0.2885820354360883,0.17876184999719374,0,"13.6,13.6,13.6,13.6,20.424998,13.6"
0.5,2,7,0.08779703468742106,-0.2879328392940024,0.1757062959182179,0,"13.6,13.6,13.6,13.6,13.6,20.424998"
0.5,2,8,0.052274192595768355,-0.24679270850107232,0.10469048741262516,0,"6.776141,15.874999,15.874999,15.874999,15.874999,15.874999"
0.5,2,9,0.032750810151017135,-0.2077326753449249,0.06564370926811108,0,"4.511047,16.254165,16.254165,16.254165,16.254165,16.254165"
0.5,2,10,0.07205357246037278,-0.2712943389184434,0.14423420505460938,0,"10.566691,7.660193,16.759721,16.759721,16.759721,16.759721"
0.5,2,11,0.06644716450659346,-0.2664642048766074,0.1330277654526109,0,"9.555625,12.504632,8.713127,17.812961,17.812961,17.812961"
0.5,2,12,0.05650808103139087,-0.2559322585475538,0.11315893538594335,0,"8.207679,12.13951,13.90895,10.117323,19.217282,19.217282"
0.5,2,13,0.041423165270220136,-0.2365668550813124,0.08299989749802356,0,"6.41152,11.652683,14.011934,15.781377,11.989717,21.08971"
0.5,2,14,0.01885957221153408,-0.18631413496456228,0.037867590967065656,0,"4.031083,11.003582,14.149245,16.508503,18.277948,14.486282"
0.5,2,15,0.003713050432810034,-0.10985574191107059,0.007528428179351787,0,"2.500931,10.570852,14.240786,16.993254,19.057606,13.496496"
0.5,2,16,0.11313570786173485,0.22597809249836143,0.06734513260992137,0,"0.845741,9.993887,14.36284,17.639588,20.09715,21.276779"
0.5,2,17,0.0748817918342107,-0.2780608209950248,0.14989175273667976,0,"11.380836,12.998975,13.72714,14.273264,14.682858,14.879463"
0.5,2,18,0.009383517714346585,-0.11638115506399008,0.018864552031725434,0,"2.582707,10.594893,14.2357,16.966323,19.014291,19.997316"
0.5,2,19,0.05997509881206779,0.11979923148392752,0.031166908724138576,0,"1.057468,16.912501,10.361809,14.548735,17.688952,19.196256"
0.5,2,20,0.613630820473099,1.2253921902813496,0.6440584745670329,0,"0.234024,13.536886,18.958141,12.407422,16.594374,18.604113"
0.5,2,21,0.054585693506046556,-0.25233268198639675,0.10931440528879072,0,"7.741224,12.676674,10.420522,16.912037,17.609864,17.94482"
0.5,2,22,0.06881410341048487,-0.26770942874422304,0.13775815809162234,0,"9.961791,7.717514,17.328897,16.459413,16.692021,16.803674"
0.5,2,23,0.006004395625198928,-0.09916734879109154,0.012095862736452495,0,"2.292434,15.379929,11.522974,14.867181,17.522797,18.797492"
0.5,2,24,0.09380648428507198,0.1873691863763019,0.056413007465738074,0,"0.899878,13.570207,12.986399,22.474163,14.598863,16.642717"
0.5,2,25,0.04722335795313811,-0.24332056971983754,0.09459544103496109,0,"6.903503,12.377959,13.755192,12.176768,18.447546,18.788188"
0.5,2,26,0.06972286073117269,0.13927253589452032,0.033913031930526416,0,"1.015124,12.93347,17.586421,14.100984,16.485508,18.196302"
0.5,2,27,0.04515286318340635,-0.2393999065750309,0.09045467160178594,0,"6.546285,12.719474,11.614822,16.443529,17.422471,17.986734"
0.5,2,28,0.0036369012147452126,0.0012445350682687428,0.007265292601820336,0,"1.528629,13.346024,13.538264,20.258513,15.306135,17.085783"
0.5,2,29,0.0981728354147793,0.19608912131443623,0.06046039380790985,0,"0.882116,13.507368,13.50211,21.605472,14.782567,16.802049"
0.5,2,30,0.18152705812156333,0.3625527488610527,0.1388146332128951,0,"0.638869,13.213359,16.31979,17.263409,15.625764,17.58692"
0.5,2,31,0.03573977193319359,-0.22254094275859532,0.07163045435479098,0,"5.439778,12.801788,12.39898,16.580175,17.12302,17.920098"
0.5,2,32,0.22140915653858773,0.44219748269045545,0.17863290402952525,0,"0.55371,14.663192,13.38502,18.191827,22.769627,13.427408"
0.5,2,33,0.03286576302827349,-0.21919218046175856,0.06588483340360513,0,"5.296333,12.154432,13.907448,16.183119,13.786365,19.812659"
0.5,2,34,0.06235602859912403,0.12455538786798748,0.032113942392592354,0,"1.053631,13.298296,15.500799,17.260676,16.524099,17.227872"
0.5,2,35,0.028125928168341155,-0.20575109563302119,0.05640120622608924,0,"4.643345,12.884539,12.915949,16.693592,17.0232,17.804727"
0.5,2,36,0.07048363049218548,0.14078433401028723,0.04214264007345503,0,"1.005364,14.189023,13.661829,17.827891,20.939701,14.666"
0.5,2,37,0.025824667863641206,-0.202019976447751,0.05179955614758258,0,"4.512095,12.49353,13.866511,16.457247,14.978587,18.954883"
0.5,2,38,0.00564021418173786,0.011279975330969055,-0.01082694282430427,0,"1.573734,8.835883,10.519251,17.824538,18.046706,19.124733"
0.5,2,39,0.1416531185566735,0.2829314054089047,0.09190029903339403,0,"0.749862,10.855786,13.058538,17.762094,17.618841,18.014174"
0.5,2,40,0.02004065545927238,-0.18390885080856714,0.04022499477457875,0,"3.900236,12.546412,12.939714,16.871676,17.122473,17.839635"
0.5,2,41,0.15553651511312597,0.31065444431379974,0.10793146813838217,0,"0.711263,11.264417,11.799046,18.136581,20.378083,16.492269"
0.5,2,42,0.018171989561884497,-0.17941778017355828,0.0364869099939486,0,"3.779955,12.288677,13.521933,16.737136,15.878503,18.544447"
0.5,2,43,0.06709127423767688,0.1340243886843679,0.024135402301520836,0,"1.047979,11.125625,12.919914,17.677306,17.819539,17.842454"
0.5,2,44,0.014456968247358565,-0.16293878909328735,0.029047827456354064,0,"3.370825,12.309613,12.936414,17.005948,17.238651,17.840105"
0.5,2,45,0.06890128121499456,0.1376383019761276,0.026622151885382195,0,"1.036707,11.390336,12.142523,17.901449,19.516893,16.902861"
0.5,2,46,0.013064012339148305,-0.15812684905873226,0.026259891635719623,0,"3.269296,12.138953,13.292031,16.931189,16.484901,18.270849"
0.5,2,47,0.028871910286761494,0.05768016866082265,0.005971744039515198,0,"1.302089,11.312514,12.84658,17.607719,17.905494,17.750785"
0.5,2,48,0.010929372268466178,-0.14415542280385854,0.021980919040695518,0,"2.995313,12.143429,12.921441,17.106243,17.349791,17.825218"
0.5,2,49,0.027830165965494,0.05559876072115416,0.005972449112687989,0,"1.309256,11.484665,12.367433,17.740829,18.947541,17.171496"
0.5,2,50,0.010016971256601745,-0.1394325139653453,0.02015322180536347,0,"2.913659,12.029905,13.137931,17.066129,16.895341,18.087624"
0.5,2,51,0.0060614418957515015,0.012109109254541173,0.0016654277072885026,0,"1.503737,11.442347,12.810186,17.552403,17.931167,17.704596"
0.5,2,52,0.04629732506591993,0.09248805983845465,0.014102233546749943,0,"1.173374,11.360019,12.484447,17.754609,18.730893,17.314515"
0.5,2,53,0.0070633704121405945,-0.11885498637669721,0.014231364446211675,0,"2.593155,11.918257,13.029017,17.180875,17.201266,17.958772"
0.5,2,54,0.011950499860522754,0.02386306358476266,0.014073072698085443,0,"1.43328,13.236168,10.984462,17.925932,16.007601,14.725308"
0.5,2,55,0.006406967031620256,-0.10086080169365377,0.012901892971962203,0,"2.377601,11.0351,13.693825,17.126258,18.513176,19.118648"
0.5,2,56,0.020887347801007896,0.041729351702698744,0.0036145476143497612,0,"1.365723,11.618404,12.412737,17.693174,18.257929,17.150477"
0.5,2,57,0.0048909949933008115,-0.10157129251414045,0.009873687591524238,0,"2.372581,11.868282,12.926304,17.266258,17.377377,17.824056"
0.5,2,58,0.0009336109037019542,0.0018675983730763804,-0.002244164045548336,0,"1.544493,12.779294,11.492093,17.794458,16.567419,15.559071"
0.5,2,59,0.013641390000381165,0.027247499335967013,0.008033165459350178,0,"1.418857,13.069995,11.125141,17.905825,16.243127,14.965808"
0.5,2,60,0.004276030668061892,-0.10834245299837031,0.00865175203708507,0,"2.440831,12.817693,11.936364,17.448997,16.694846,16.257947"
0.5,2,61,-0.0034688831972198475,-0.009033669076312777,-0.006921810914448934,0,"1.677517,8.026346,13.361376,20.994826,16.827233,14.318537"
0.5,2,62,0.006989052363795532,0.013976376730915938,-0.01224838005578903,0,"1.581688,6.80148,13.667777,22.0161,16.711306,13.572045"
0.5,2,63,0.008605374538647764,-0.11394974644438992,0.01730739143230761,0,"2.448624,14.300304,15.312497,19.094231,15.896832,12.389234"
0.5,2,64,-0.004621168010865161,-0.01806676527101351,-0.009215054202257052,0,"1.710355,9.746557,11.318115,18.036154,17.688394,18.002149"
0.5,2,65,0.013905404794176034,0.027780887445638155,0.0021412552682732455,0,"1.440622,10.560534,12.369358,19.909142,16.669834,13.749272"
0.5,2,66,0.0026123544882666544,-0.08608764087798167,0.005305491126285006,0,"2.207199,11.650322,12.833479,17.706739,17.259453,17.144926"
0.5,2,67,0.029668914767730842,0.05927577963536115,0.0027741204651666462,0,"1.319885,9.222065,13.658339,19.812317,17.540567,15.61104"
0.5,2,68,0.002082836392256459,-0.089814466342821,0.004251236014840898,0,"2.238957,12.218408,12.223359,17.842884,16.8358,16.150129"
0.5,2,69,0.04140019449411289,0.0827037231866315,0.01396207840764846,0,"1.203789,12.018029,10.681456,20.551271,14.437206,19.257036"
0.5,2,70,0.001817502187394959,-0.08993025086859392,0.003721213412246266,0,"2.263746,10.812046,13.647561,17.586257,18.287539,14.456586"
0.5,2,71,-0.003978289332264968,-0.08815128647655103,-0.007860566811242142,0,"2.366592,8.398387,11.420398,16.395259,19.182478,14.79135"
0.5,2,72,-0.0038604070798633305,-0.016851246028579216,-0.007696266647051031,0,"1.718459,9.009942,11.654152,18.509874,17.870168,13.947682"
0.5,2,73,0.01280439620683087,0.02559591614660353,-0.012719649088396956,0,"1.527967,7.37283,12.074535,18.596058,18.638611,14.208329"
0.5,2,74,-0.0001835074183160678,-0.07571187208451616,-0.00029101195259502444,0,"2.11442,11.410714,12.198555,17.968413,17.136268,15.826496"
0.5,2,75,0.016474657332108032,0.032920324126973544,-0.003929786884453335,0,"1.46298,8.978264,10.167359,18.980071,16.803115,16.358509"
0.5,2,76,-0.0004375923890301083,-0.07482949377982746,-0.0007995557285518373,0,"2.12245,10.506405,13.067522,17.818559,18.040135,14.773573"
0.5,2,77,-0.002741821998494721,-0.08208362972372037,-0.005396164203062659,0,"2.376759,6.255158,12.847946,18.779904,19.014139,14.994191"
0.5,2,78,-0.00719408586312026,-0.021542351033950413,-0.014352277098108462,0,"1.864232,5.905396,12.357945,18.876445,19.071248,14.449332"
0.5,2,79,-0.0001698355046811682,-0.003952584249785285,-0.00033538304207048064,0,"1.823547,4.99148,12.38451,19.027784,19.393744,14.219804"
0.5,2,80,0.003508981453778758,0.0070139563186665255,-0.0030073674276755447,0,"1.773066,5.27754,11.252457,19.378928,18.511085,15.394174"
0.5,2,81,-0.002276764700834599,-0.06535322809123245,-0.004483692481096868,0,"2.062847,9.634118,12.76501,18.078621,18.118627,14.877006"
0.5,2,82,-0.007157609600797249,-0.016699992053136492,-0.014284234974566795,0,"1.829833,6.146891,11.554966,19.118867,18.432593,15.29074"
0.5,2,83,0.0234604789293985,0.04687181158392936,0.0022744632837050083,0,"1.383173,9.489479,11.041041,18.530571,17.343232,15.272405"
0.5,2,84,-0.004447179449253166,-0.06750575485684876,-0.008818035108540942,0,"2.199351,6.793718,12.546794,18.738348,18.735655,15.04056"
0.5,2,85,-0.007322346546136733,-0.06598525440111289,-0.014564143694178175,0,"2.221561,7.30615,10.256102,15.56349,20.166279,16.188734"
0.5,2,86,-0.007212016239577381,-0.07231101584826341,-0.014337384079227272,0,"2.316608,7.186146,9.738574,14.658267,20.722786,16.500434"
0.5,2,87,-0.004205907263070852,-0.07249887616643397,-0.00833098466530996,0,"2.352003,5.75673,11.497281,17.066314,19.888714,17.306607"
0.5,2,88,0.0060388015710042065,0.012069106734037105,-0.0035726987627285878,0,"1.700864,5.487835,11.756663,19.404613,18.811816,17.301358"
0.5,2,89,-0.004997282005197487,-0.07555408956709499,-0.009909100820007871,0,"2.251205,7.912782,11.476442,16.896818,19.120701,15.209684"
0.5,2,90,-0.005295919414242813,-0.01056587426232846,-0.015398691894837176,0,"1.683544,8.848048,11.672834,18.67706,17.849576,14.087127"
0.5,2,91,-0.000546910387124042,-0.0010749444318236268,-0.0178013979926335,0,"1.6583,8.494179,10.332017,16.984596,18.707275,16.035362"
0.5,2,92,-0.0053911068936935164,-0.058548278593922164,-0.010712952556236874,0,"2.105845,7.077004,12.177661,18.446056,18.730925,15.20636"
0.5,2,93,-0.0014293163607782444,-0.0552703684326778,-0.0028005617913324787,0,"2.280765,4.659476,11.847196,17.823425,20.102047,12.141848"
0.5,2,94,-0.0056348106371765985,-0.02847880751009081,-0.011229912554288818,0,"1.801624,8.897212,11.406295,18.000699,18.090669,17.025432"
0.5,2,95,0.008284584272645465,0.0165666667640757,-0.014064885548844719,0,"1.597225,6.813361,11.665486,19.330721,18.326396,15.539557"
0.5,2,96,-0.005344395882067458,-0.06351674325006107,-0.01061466036052433,0,"2.137336,7.729497,11.50795,17.302469,18.988317,15.264663"
0.5,2,97,-0.004823443016679696,-0.06629769699151339,-0.00957101731904883,0,"2.31479,5.507887,11.414133,17.092282,19.977101,17.054627"
0.5,2,98,-0.00759085346255191,-0.023625797222544584,-0.015142938189691584,0,"1.784078,8.290809,11.629717,18.41293,18.204163,14.58171"
0.5,2,99,-0.003635848450722648,-0.0072488307891697135,-0.015617281486413337,0,"1.734128,6.810941,11.619607,18.837027,18.576976,15.649439"
0.5,2,100,-0.0067094670132008295,-0.0554243336818111,-0.013350159533186662,0,"2.068287,7.576367,11.526559,17.558228,18.91976,15.328793"
0.5,2,101,-0.005754265614010314,-0.012485188428794092,-0.01148456147811372,0,"1.751854,7.629787,10.732868,17.397497,18.897313,15.748553"
0.5,2,102,-0.007089602687981045,-0.0329008997885154,-0.014132172303869706,0,"2.036042,5.390364,11.279751,17.641787,19.806449,13.503856"
0.5,2,103,-0.006983501693782273,-0.05940334426845531,-0.013893706336959133,0,"2.186758,5.908452,12.135479,18.326419,19.302851,14.032502"
0.5,2,104,-0.0016580396645313475,-0.01777092709826794,-0.0032950133885758515,0,"1.902306,5.406967,11.544755,18.421751,19.408101,14.020166"
0.5,2,105,-0.007319723280052254,-0.05028830601557596,-0.014574583670418514,0,"2.040323,7.21436,11.529592,17.702149,19.00115,15.110688"
0.5,2,106,-0.005153416479019142,-0.010278490593359113,-0.018063874085812892,0,"1.743025,7.509106,10.733878,17.44547,18.924443,15.675851"
0.5,2,107,-0.005263199156459877,-0.05251177892209488,-0.010463423110886771,0,"2.110646,6.174953,11.901878,18.179594,19.239783,14.306394"
0.5,2,108,-0.0074159854830066945,-0.06015237592318695,-0.01475706152856164,0,"2.146641,7.470228,10.485035,16.038397,19.83926,15.920897"
0.5,2,109,-0.0065488357716448975,-0.046454782462869534,-0.01303817858224468,0,"1.996841,7.393728,11.546279,17.820612,18.868319,15.022525"
0.5,2,110,-0.007799688235935457,-0.022617358808809357,-0.015561197915146957,0,"1.850788,6.302483,12.236573,18.799193,18.926734,14.471395"
0.5,2,111,-0.0058231413756883186,-0.018529064279210472,-0.011616137549547878,0,"1.822179,6.503882,11.567425,19.001211,18.394522,15.172569"
0.5,2,112,-0.009114988146153007,-0.03384691913432614,-0.01817795142174994,0,"1.993297,5.87274,11.338078,17.770311,19.539402,13.683499"
0.5,2,113,-0.006167031250248392,-0.05475035161957266,-0.012267045103773438,0,"2.117907,6.305032,12.051185,18.340837,19.119737,14.124037"
0.5,2,114,-0.007197571403453314,-0.06178461919523047,-0.014319039148562834,0,"2.142343,7.373945,11.528194,16.726216,19.77135,14.095452"
0.5,2,115,-0.006105303019505393,-0.02933691541624886,-0.012169100023570967,0,"1.853268,7.929562,10.870107,16.848382,19.263339,15.134456"
0.5,2,116,-0.007385467445004065,-0.050979118183419644,-0.014705250521303406,0,"2.073043,6.575598,11.854338,18.092095,19.14367,14.29244"
0.5,2,117,-0.008669478577014797,-0.040621744220093736,-0.017281054355454045,0,"1.996767,6.567729,11.477696,17.459101,19.60654,13.992606"
0.5,2,118,-0.0048778925154279625,-0.014318344513631731,-0.009731734951390902,0,"1.807879,6.318923,11.478948,18.797793,18.648573,14.885396"
0.5,2,119,-0.007466047628620008,-0.054829992102631356,-0.01486240286227511,0,"2.08538,7.198033,11.519987,17.071479,19.58422,14.227109"
0.5,2,120,-0.005097275486846401,-0.029684727579803977,-0.01015471153457842,0,"1.878229,7.324588,11.041356,17.091709,19.423102,14.666632"
0.5,2,121,-0.008002365290093492,-0.047612062455237,-0.015941177340391355,0,"2.040157,6.700388,11.718841,17.925364,19.190242,14.354805"
0.5,2,122,-0.005495497624682381,-0.011978810982722132,-0.010968048389992047,0,"1.774004,6.173725,12.821942,19.774396,18.511174,12.516147"
0.5,2,123,-0.007825886555215412,-0.053301260198236694,-0.015582888961271316,0,"2.082999,7.254029,10.874514,16.661063,19.617912,15.353438"
0.5,2,124,-0.0036807938251722434,-0.019178303248569617,-0.007335074272823094,0,"1.831419,6.464251,11.571818,18.604508,18.777444,14.585375"
0.5,2,125,-0.008101400200564463,-0.04941470648596019,-0.016137248446196767,0,"2.042333,7.075698,11.528625,17.326984,19.449758,14.28682"
0.5,2,126,-0.005267463173752119,-0.04973063676454581,-0.010474720989749942,0,"2.224775,4.971143,11.428391,16.901075,20.572699,14.132477"
0.5,2,127,-0.008112634893286789,-0.030840080281130458,-0.01617825145483761,0,"1.855321,7.736599,11.596163,18.160954,18.598919,14.506838"
0.5,2,128,-0.008453732561970389,-0.06138122347446015,-0.016829254645820496,0,"2.155629,7.433188,10.608073,16.302066,19.740857,14.254607"
0.5,2,129,-0.007936486349527936,-0.036093123421322953,-0.01582105851711743,0,"1.944341,6.541126,11.881312,18.32053,19.090661,13.006288"
0.5,2,130,-0.007520245686509069,-0.03924371362356166,-0.01498626139799658,0,"1.967242,6.659904,11.713511,18.043952,19.178536,13.397479"
0.5,2,131,-0.007417453188355089,-0.03961319605880878,-0.014780512667983386,0,"1.996188,6.451835,11.454426,17.51097,19.59535,13.941088"
0.5,2,132,-0.007485294558999374,-0.05733316536613353,-0.014898357595037576,0,"2.128315,7.172918,10.729739,16.546774,19.707281,14.159422"
0.5,2,133,-0.00831728418927365,-0.03218176446592816,-0.016585800813268103,0,"1.878088,7.425718,11.553148,18.095847,18.755666,14.369615"
0.5,2,134,-0.008448222951851993,-0.047179807210135594,-0.01683243366283102,0,"2.034135,6.875064,11.496867,17.400872,19.464698,14.186267"
0.5,2,135,-0.008329793755001001,-0.045649064328607464,-0.016597341104568827,0,"2.032323,6.562365,11.65538,17.899522,19.248436,14.242921"
0.5,2,136,-0.008132683497649229,-0.05041991495394499,-0.0161987483320125,0,"2.067966,7.023646,10.951775,16.845938,19.604827,15.075115"
0.5,2,137,-0.0074325374252520995,-0.04995938647593058,-0.01480031514887939,0,"2.047704,7.19214,11.120569,17.342118,19.178086,14.631191"
0.5,2,138,-0.008078360964334584,-0.04829939153273463,-0.016092330206929503,0,"2.03909,7.068717,11.176212,17.37026,19.24763,14.516174"
0.5,2,139,-0.0073067953495189915,-0.028320065588238047,-0.014570699933516229,0,"1.888275,6.436335,11.994085,18.580809,18.912938,14.531774"
0.5,2,140,-0.008442574879025016,-0.052817783630299736,-0.01681551645796177,0,"2.0877,7.050115,10.940462,16.88578,19.574891,14.221481"
0.5,2,141,-0.009003729877305813,-0.03981931318933021,-0.017949690750671626,0,"1.991425,6.534264,11.469025,17.59583,19.481676,14.076791"
0.5,2,142,-0.005227610584633455,-0.034281114057949924,-0.010410529525683276,0,"1.937691,6.416242,11.865881,18.370116,19.083429,13.185077"
0.5,2,143,-0.007609328219316263,-0.04777402748344356,-0.015155726684464618,0,"2.046072,6.922383,11.104125,17.099967,19.517927,14.760108"
0.5,2,144,-0.0076696708094336945,-0.03892404538052535,-0.015285132441045818,0,"1.991737,6.423952,11.4472,17.62491,19.491297,14.011242"
0.5,2,145,-0.00862529301569779,-0.04527351209823327,-0.017188124394902443,0,"2.027311,6.707901,11.470402,17.462445,19.477149,14.102472"
0.5,2,146,-0.008604049433997195,-0.04992333182359829,-0.017141034501669122,0,"2.071875,6.853749,11.006731,17.033201,19.568976,14.131817"
0.5,2,147,-0.008493566148982183,-0.0438330450873545,-0.016926372879997015,0,"2.025803,6.447365,11.602496,17.877986,19.29693,14.149684"
0.5,2,148,-0.007331141590402598,-0.0331565101978305,-0.014614512158448917,0,"1.897132,7.166694,11.517303,18.041591,18.886289,14.255262"
0.5,2,149,-0.008247602925756607,-0.04792813141456456,-0.01643084687322542,0,"2.055463,6.831696,11.016159,17.0,19.593923,14.843179"
0.5,2,150,-0.007074748692891194,-0.052043155659341034,-0.014083370859263783,0,"2.160531,5.879551,11.109719,16.88136,20.102936,14.052035"
0.5,2,151,-0.0036963000959521278,-0.037184881539264275,-0.00734806724312187,0,"1.940282,6.952017,11.449373,17.848219,19.089063,14.221391"
0.5,2,152,-0.00876370186608435,-0.04351036469431541,-0.017466426940533852,0,"2.021629,6.568624,11.448348,17.513756,19.487524,14.032643"
0.5,2,153,-0.008103755213692655,-0.04750510335547106,-0.01614386146256727,0,"2.058714,6.690142,11.061956,17.156053,19.564047,14.057097"
0.5,2,154,-0.008717682882906403,-0.042320167371433626,-0.01737566992851286,0,"2.020374,6.351549,11.558427,17.86004,19.337342,14.071986"
0.5,2,155,-0.00768715337519458,-0.04578844950610819,-0.015313205095787263,0,"2.045061,6.671767,11.069812,17.128385,19.584836,14.649899"
0.5,2,156,-0.00717746893452926,-0.03815186311590407,-0.014302483522420195,0,"1.991997,6.332041,11.429013,17.649143,19.499315,13.956618"
0.5,2,157,-0.006162195803825208,-0.033782882973690115,-0.012278330394282444,0,"1.913052,6.95088,11.487433,17.996378,18.995141,14.159968"
0.5,2,158,-0.007801505811224453,-0.04916741045858403,-0.015538305906084238,0,"2.132385,5.878416,11.147779,17.029518,20.009014,13.990613"
0.5,2,159,-0.007633097087434336,-0.049563904404426845,-0.015201428841622622,0,"2.098629,6.34548,11.112453,17.170211,19.67474,14.205294"
0.5,2,160,-0.00569693497590435,-0.04772490481180053,-0.01133481023676014,0,"2.080741,6.34324,11.165213,17.250033,19.645503,14.163848"
0.5,2,161,-0.007355432089833901,-0.042075881472108,-0.014654134164031662,0,"2.016899,6.452581,11.42997,17.556515,19.49617,13.974452"
0.5,2,162,-0.00869694562408289,-0.04100579991933742,-0.017335549898348096,0,"2.015853,6.271714,11.521702,17.845086,19.371018,14.007238"
0.5,2,163,-0.007800926483382488,-0.045416028414178605,-0.015540896042308489,0,"2.047766,6.553827,11.107976,17.258429,19.559939,13.994831"
0.5,2,164,-0.006800888873932454,-0.0465959374086477,-0.013541640170285973,0,"2.10901,5.87747,11.179495,17.152984,19.930745,13.939427"
0.5,2,165,-0.007907369471900311,-0.0439257121624822,-0.015755058173464676,0,"2.036406,6.538518,11.114523,17.235373,19.577263,14.488832"
0.5,2,166,-0.0072470178689686944,-0.03749341732855829,-0.014442100220388443,0,"1.992214,6.255459,11.413857,17.669338,19.505996,13.911098"
0.5,2,167,-0.0077299090549233715,-0.0341949502603022,-0.0154102129466398,0,"1.926351,6.771069,11.46254,17.9587,19.085851,14.080557"
0.5,2,168,-0.006476796105045173,-0.04279873962388389,-0.012897895574891571,0,"2.019758,6.564586,11.244405,17.5388,19.370552,14.165371"
0.5,2,169,-0.007346038939218336,-0.03841654731657773,-0.014639022308811284,0,"1.996796,6.306969,11.385615,17.647581,19.483422,13.953477"
0.5,2,170,-0.008394465218677018,-0.04194713526455457,-0.01673025304904044,0,"2.015159,6.513055,11.272647,17.560556,19.393126,14.122992"
0.5,2,171,-0.005673239766791411,-0.03826323319835112,-0.011296919381003467,0,"1.994485,6.387583,11.175852,17.65297,19.34603,14.15153"
0.5,2,172,-0.007444987314517435,-0.041405094508404405,-0.014833735798727737,0,"2.013158,6.441747,11.387617,17.572591,19.471147,14.003965"
0.5,2,173,-0.00872467589641316,-0.040170952128522175,-0.01739178905164615,0,"2.005682,6.420081,11.302911,17.604742,19.4211,14.062991"
0.5,3,1,0.1239174636070528,0.24746531096507007,0.12215093807045102,0,"0.810233,8.347909,17.582168,31.060152,22.076135,38.175009"
0.5,3,2,0.10282760880877158,0.2053454411123506,0.1044310640802058,0,"0.887984,8.347909,17.582168,31.060152,22.076135,38.175009"
0.5,3,3,0.1167901591680363,0.23321137125716945,0.1357357076459817,0,"0.810233,12.546511,17.582168,31.060152,22.076135,38.175009"
0.5,3,4,0.12229858663255255,0.2442148397237095,0.13811870167189927,0,"0.810233,8.347909,26.398252,31.060152,22.076135,38.175009"
0.5,3,5,0.12298756135204199,0.24558225729263983,0.147283154151514,0,"0.810233,8.347909,17.582168,46.615228,22.076135,38.175009"
0.5,3,6,0.12370364514834005,0.24702158644483896,0.1386822653963083,0,"0.810233,8.347909,17.582168,31.060152,33.139202,38.175009"
0.5,3,7,0.12385385224828539,0.24732376191443806,0.13661882021828292,0,"0.810233,8.347909,17.582168,31.060152,22.076135,57.287513"
0.5,3,8,0.11269911230136681,0.22502749709177955,0.1457000138623022,0,"0.835647,9.747342,20.520863,36.245178,25.763824,44.545844"
0.5,3,9,0.10945034623946355,0.21855351790776573,0.12862105325361833,0,"0.84423,10.213858,21.500428,37.97352,26.993053,21.186116"
0.5,3,10,0.10527957925823804,0.21022158800515223,0.12734892331869374,0,"0.855762,10.83589,22.806514,40.277975,13.881271,34.635656"
0.5,3,11,0.10064002513111342,0.2009666485001716,0.11243511355506319,0,"0.871291,11.665279,24.547963,22.610481,22.212716,33.455872"
0.5,3,12,0.09750382343738534,0.19470677774564654,0.10616235137848862,0,"0.881742,12.218208,25.708929,18.60969,22.235479,32.669349"
0.5,3,13,0.09365650148378357,0.18701270745829224,0.11328280181661782,0,"0.895797,12.95545,15.502105,34.015403,22.265831,31.620652"
0.5,3,14,0.08959654536742978,0.1789048941650997,0.10929167559476721,0,"0.910584,13.723411,13.686081,34.507945,22.297447,30.528259"
0.5,3,15,0.08956664416072957,0.17884509757151318,0.10934565237445582,0,"0.930531,9.149019,23.019492,35.164668,22.339601,29.071735"
0.5,3,16,0.08584824073256454,0.17141908671954553,0.10597565886399751,0,"0.951588,8.582834,23.925713,35.848754,22.383512,27.554523"
0.5,3,17,0.083969663578756,0.167692778784993,0.07885559373401024,0,"0.942788,11.559934,21.215748,29.847501,17.525142,17.037127"
0.5,3,18,0.07972006014430837,0.15921448546584122,0.06642033730966979,0,"0.961419,11.862038,21.331562,28.781222,16.152028,12.452345"
0.5,3,19,0.07762746304431324,0.15502141260976948,0.0784920662472412,0,"0.974015,11.642799,20.179894,25.05506,12.68224,37.485597"
0.5,3,20,0.07297362729611713,0.14573213961873505,0.06938283388047639,0,"0.996742,11.880959,19.959805,22.901983,10.297134,40.202177"
0.5,3,21,0.07170388388542683,0.14320351312038526,0.06105113734799433,0,"1.010361,11.369113,17.924905,16.958607,24.599297,25.891563"
0.5,3,22,0.06734309603813267,0.13450201405809822,0.04967600410901701,0,"1.03762,11.457983,17.111303,13.072048,26.385635,24.434214"
0.5,3,23,0.06402885699994822,0.12786457591432165,0.06527350966045153,0,"1.026592,14.894068,22.992296,20.180394,17.840933,17.771946"
0.5,3,24,0.05889555139510261,0.11761534079523683,0.058146654173148904,0,"1.050846,15.985133,23.893984,18.367101,17.135066,14.371436"
0.5,3,25,0.05538708293041694,0.11061106057780495,0.05249422245113028,0,"1.093082,12.279183,14.260554,32.549993,15.98145,17.178301"
0.5,3,26,0.04951763467862121,0.0988922970691502,0.044079991023076914,0,"1.130844,12.289346,12.352495,34.873377,14.939112,14.59646"
0.5,3,27,0.050162592419537924,0.10019881671692887,0.02616930543004703,0,"1.137663,10.295983,25.838873,16.773549,13.466706,14.008792"
0.5,3,28,0.15909009853727793,0.08883688154323549,0.3177735866064062,0,"1.156884,16.007813,16.23696,9.074453,10.4084,12.467287"
0.5,3,29,0.0771631129271556,0.15408311025523996,0.08903248881599185,0,"0.984216,9.820229,22.644254,31.386351,20.387655,25.039983"
0.5,3,30,0.04597603199887028,0.09181125247744873,0.04900026781437494,0,"1.154316,12.047816,19.268675,17.010247,18.05173,31.765346"
0.5,3,31,0.041220701020970196,0.08231347602673286,0.045612539180799494,0,"1.188356,12.078779,18.92486,15.048419,18.368347,34.98418"
0.5,3,32,0.03871662003887364,0.07733281477620133,0.023092486769748954,0,"1.200141,14.842533,16.716185,8.959269,13.143002,22.492436"
0.5,3,33,0.03416154674522963,0.06818707724094342,0.0678291722749037,0,"1.238371,15.679592,15.728173,5.226658,11.935564,22.067844"
0.5,3,34,0.03724078612560803,0.05804396721003249,0.07434917910490113,0,"1.271097,14.047969,17.990089,11.549947,23.779706,1.529604"
0.5,3,35,0.08979550288882764,0.04435295362542288,0.17936728553849135,0,"1.307211,15.33428,21.13152,20.872506,6.823617,9.337265"
0.5,3,36,0.05862888075652803,0.11709724433115526,0.043419937569643186,0,"1.080237,12.104029,17.781339,14.372123,23.125117,21.918042"
0.5,3,37,0.03363341636552137,0.0672018012103818,-0.002170280549449094,0,"1.30323,9.51349,12.311296,14.245791,18.069782,21.915492"
0.5,3,38,0.037337933128578284,0.07454661258481177,0.054707059759990684,0,"1.347979,8.435014,10.380874,13.558907,18.225569,23.172834"
0.5,3,39,0.06489394040122325,0.04128985538049228,0.1296169739730929,0,"1.34883,12.530993,16.600587,18.198659,10.39465,14.368036"
0.5,3,40,0.05154212779033214,0.10294596482996402,0.035344785870294326,0,"1.122839,12.17519,17.584547,15.009879,21.003368,20.659707"
0.5,3,41,0.026322572786846108,0.052585325115060616,0.007235133516539816,0,"1.301974,12.459832,16.797379,17.560903,12.516372,15.62637"
0.5,3,42,0.022525721576181764,0.044997162976349564,0.00928301303761625,0,"1.333124,12.507273,16.666184,17.986074,11.101884,14.787481"
0.5,3,43,0.021581047839671963,0.04311543625961885,0.0035439834654595603,0,"1.353468,15.076171,5.489628,16.201408,19.264753,22.536849"
0.5,3,44,0.01908618008338284,0.0381344623049151,-0.00023660045433707144,0,"1.391218,15.872875,2.209517,16.106051,20.231095,23.958192"
0.5,3,45,0.10830271644872139,0.025121756795667347,0.21636394719345364,0,"1.452545,14.27729,15.552129,0.000287,19.55634,25.069758"
0.5,3,46,0.04181131125769716,0.0835066651883754,0.03245066183053952,0,"1.181656,12.620669,12.885766,27.702115,15.70865,16.342009"
0.5,3,47,0.21382656149933021,0.03912816310983799,0.42718680802752307,0,"1.396244,13.945966,15.018856,0.31788,18.786802,23.324208"
0.5,3,48,0.0371158121038723,0.07413340309669825,0.024087707949647846,0,"1.216182,12.841552,13.241281,22.921273,16.221675,17.505709"
0.5,3,49,0.15212490942703052,0.03612764026334639,0.30390978143236536,0,"1.398961,14.742117,7.086069,14.295048,15.411548,0.276498"
0.5,3,50,0.036543760533373285,0.07298225505599198,0.03228375569859401,0,"1.222272,12.522667,16.951589,14.922857,17.875547,28.962797"
0.5,3,51,0.04392863767706283,0.06256562391529219,0.08770700272748289,0,"1.295535,12.264491,7.674301,18.917835,8.03246,41.780373"
0.5,3,52,0.02895642806251048,0.057812955026217194,0.04208814377754677,0,"1.275154,13.750722,16.270714,12.777923,21.155111,8.03494"
0.5,3,53,0.07260292758319162,0.04214657947426782,0.14501868989701194,0,"1.372699,13.773964,13.43246,4.180786,17.234645,22.403098"
0.5,3,54,0.03388399945713695,0.06768260995860162,0.017706345713675326,0,"1.241618,12.996954,13.273144,19.795291,16.390504,18.321941"
0.5,3,55,0.07115281168540268,0.04013161300718407,0.14212336838940876,0,"1.373043,14.250945,8.496204,13.787944,15.085759,7.39967"
0.5,3,56,0.033392764898812044,0.06669646683373304,0.022366497057315693,0,"1.2468,12.810713,15.542324,14.733705,17.410582,25.36884"
0.5,3,57,0.02341553289552467,0.0467662256946066,0.018073870748131965,0,"1.359043,10.137762,9.65753,26.660339,22.850757,15.394343"
0.5,3,58,0.018506146990823917,0.03697794299944723,-0.0026269607988437527,0,"1.39587,11.867293,10.907289,14.374669,20.549229,18.16438"
0.5,3,59,0.0163782138321587,0.03272934468214536,-0.0056463625101062925,0,"1.422406,11.679017,10.512986,13.471232,21.24235,18.13812"
0.5,3,60,0.015260950898650521,0.030473125854717828,0.018302816728494375,0,"1.371747,16.072686,11.26969,19.665982,19.927472,13.311707"
0.5,3,61,0.013035250463616664,0.026025200044262203,0.019275682926863436,0,"1.383328,17.165898,11.09609,20.569348,20.237087,11.877748"
0.5,3,62,0.023962873889690973,0.01489999260026395,0.0478629848019797,0,"1.478479,14.227121,6.557981,21.123283,21.528841,5.366008"
0.5,3,63,0.006081104849640952,0.0121439373792269,0.0061283826757756454,0,"1.518216,13.445911,2.662452,25.860855,17.908888,21.804451"
0.5,3,64,0.004106673992059464,0.007576503216162503,0.00819757390699577,0,"1.560553,13.395109,0.860125,28.041344,17.367851,24.099423"
0.5,3,65,0.02306695201717049,0.04606664706702847,0.02119032024548248,0,"1.338011,12.692176,10.22213,19.821512,16.148162,30.723776"
0.5,3,66,0.014605561663927114,0.0177286703558778,0.02916423042707128,0,"1.449364,17.633055,7.310068,12.004854,12.592051,25.800568"
0.5,3,67,0.07166081082253645,0.006457326580555416,0.14317199232616618,0,"1.509432,16.725565,5.776976,16.23812,18.109271,8.830212"
0.5,3,68,0.019398417753337862,0.03874362533044799,0.014466550897284297,0,"1.365924,13.364406,9.4808,19.22428,16.475014,27.074824"
0.5,3,69,0.008269270569450957,0.00870899630200904,0.01651331882377613,0,"1.526136,17.19618,0.045582,18.486293,24.946612,28.862143"
0.5,3,70,0.0019454770987111492,0.0038927493609551347,-0.00568791289379153,0,"1.546231,17.616303,0.662656,17.002091,22.397334,17.170572"
0.5,3,71,-0.001148316341593364,-0.0022917361050648795,-0.0026048420167836817,0,"1.577218,18.324953,0.17529,16.631727,23.384387,15.519863"
0.5,3,72,0.002876462103728032,-0.00889621096290878,0.005756064354064908,0,"1.582935,15.925193,6.079265,20.295546,19.69235,17.474428"
0.5,3,73,0.011147977742100159,-0.017339248121519674,0.022291003728593245,0,"1.604892,21.534453,0.021661,25.205137,18.164429,23.073268"
0.5,3,74,0.015300488189312737,-0.015554303448086913,0.030585944737336224,0,"1.629643,16.880874,0.013106,31.071617,28.672191,14.501721"
0.5,3,75,0.005871410954795479,0.011725300158279758,0.005796451152921156,0,"1.478784,17.507691,5.374461,15.182643,15.272071,23.917427"
0.5,3,76,0.006838103305513295,-0.028864810441541856,0.013691380041426705,0,"1.734651,17.461962,4.4e-5,20.711549,19.372146,32.437776"
0.5,3,77,0.1943546753792807,0.03516809426184253,0.388285896767532,0,"1.547184,11.735917,2.884096,14.577897,21.847377,24.363752"
0.5,3,78,0.00762658680492092,-0.012215292685596364,0.015250138763763674,0,"1.595214,19.901363,0.064205,23.43393,18.778253,23.288349"
0.5,3,79,0.00011967709503943616,-0.018239010109978256,0.00025733586432452604,0,"1.649861,16.975909,2.294174,22.945953,13.009076,16.716946"
0.5,3,80,0.016081445632281557,0.0016713730917185254,0.03212909080067072,0,"1.597878,13.295578,3.500309,17.835656,17.254373,20.100272"
0.5,3,81,0.004204978828201303,-0.009908334508934299,0.008411454536375165,0,"1.595658,18.800398,0.170449,22.500885,18.524273,22.757003"
0.5,3,82,0.02031876806675212,0.01883239003014893,0.04057812561785623,0,"1.419499,16.181122,13.559992,21.154483,16.377856,7.724362"
0.5,3,83,0.0048032932815859596,-0.019551297634741414,0.009616521339467193,0,"1.680366,17.248489,0.002256,20.785371,18.873098,28.3188"
0.5,3,84,0.007131605107367071,-0.029911436270216744,0.014278842808196163,0,"1.740593,16.048992,0.003496,28.550966,21.678273,17.711394"
0.5,3,85,0.0023089426047618153,0.004616033387205905,-0.00276421106948041,0,"1.521199,17.264575,3.561284,17.410696,16.339772,22.883088"
0.5,3,86,0.006243548382995059,0.007085681921108353,0.01246754354052848,0,"1.484216,16.313557,9.017078,21.823345,17.232805,11.498127"
0.5,3,87,0.0058972282867675455,-0.013650210683450834,0.011796310473744798,0,"1.646993,17.092667,0.027641,20.958367,18.599716,25.515353"
0.5,3,88,0.012253181848681276,-0.015527795021729775,0.024497394098285996,0,"1.637663,17.20075,1.740688,21.893582,14.738293,16.517432"
0.5,3,89,0.0018015074404490305,0.0036024151318114345,-0.0030026660451851206,0,"1.530476,17.441304,2.735396,17.280868,17.513874,21.655884"
0.5,3,90,0.001503241019830471,-0.007838005681492967,0.003011308736605829,0,"1.581982,16.325153,4.797034,19.684909,20.307689,17.148667"
0.5,3,91,0.003481594214455659,0.00561146638625977,0.00695062633618887,0,"1.563326,14.216749,0.684661,26.139741,18.370607,22.669496"
0.5,3,92,0.002988102856831601,-0.008746078163971462,0.005978972819008166,0,"1.592578,18.721157,0.171247,21.522692,19.334292,21.550813"
0.5,3,93,0.003813416235750461,-0.016821613355324738,0.007636018066789457,0,"1.662996,17.427899,0.004723,20.093097,19.624979,26.185644"
0.5,3,94,0.00765677094136679,0.008117203862547856,0.015290134544326706,0,"1.532171,16.951655,0.131514,18.557429,24.77365,25.059357"
0.5,3,95,0.004311187437232302,0.00428499119452147,0.008609480402867214,0,"1.549552,16.993171,0.224976,19.113455,23.101091,23.635703"
0.5,3,96,0.004485187041976181,-0.011572372558556004,0.00897297348302789,0,"1.619883,17.159234,1.286226,21.337556,16.410853,17.941086"
0.5,3,97,0.0023849350167513285,0.0017113993182614473,0.00476339523894545,0,"1.561185,17.020848,0.316729,19.484138,21.986051,22.6866"
0.5,3,98,0.005299826687273305,0.010582634171055455,0.006436569320099367,0,"1.474821,16.588822,6.395404,20.154928,20.673988,14.224798"
0.5,3,99,0.0017919283799236348,-0.011036884469838748,0.0035913023419751333,0,"1.630995,17.288053,0.032988,20.103402,19.799814,24.19217"
0.5,3,100,0.0009388728381499958,-0.0089905222092126,0.001884851347162042,0,"1.594642,20.823741,0.659688,12.096177,22.404762,18.248502"
0.5,3,101,0.06909447773392444,0.0009582880617359929,0.1380499472325546,0,"1.566057,17.020194,2.241627,13.571048,22.464567,18.266416"
0.5,3,102,0.0012691599360773365,-0.00685485432088094,0.0025426320943811725,0,"1.588145,18.437663,0.301801,20.197417,19.856005,21.003413"
0.5,3,103,0.015637996878876344,-0.011532262270651975,0.03125626975027307,0,"1.60654,19.192775,1.636423,15.84736,19.102793,16.569566"
0.5,3,104,0.0006895002159643127,-0.0005049243784798346,0.0013781272290780272,0,"1.568707,17.382836,0.442476,18.878009,21.505508,21.667094"
0.5,3,105,0.002196129756067205,-0.017697874565208462,0.004405551834864754,0,"1.650915,18.752829,0.035502,18.58301,24.905514,17.604019"
0.5,3,106,0.00032508285695655035,0.0006531984549605074,-0.0036859395023672997,0,"1.550289,17.659892,1.842659,17.497892,18.745814,20.980573"
0.5,3,107,0.00034428643359696407,0.000512207260972869,0.0006873732866463089,0,"1.523366,19.030026,4.443313,14.891973,22.268241,13.997202"
0.5,3,108,-0.0006495787737147632,-0.0013585147890665672,-0.0012965025301103494,0,"1.552045,20.894551,0.020615,13.712821,22.413883,19.990216"
0.5,3,109,0.08303689701096942,0.004506669877619766,0.16590338396809312,0,"1.534002,19.601003,1.32638,11.038796,23.718194,15.797737"
0.5,3,110,5.193005325798697e-5,-0.00505046757536497,0.00010880177231901988,0,"1.579068,18.631553,0.403265,18.670978,20.499703,20.135801"
0.5,3,111,0.004481381248325376,0.008952551579733271,0.0012583653377475357,0,"1.522503,16.484196,0.612727,21.331628,20.534416,19.181747"
0.5,3,112,-0.0021228842632836902,-0.006368172725482683,-0.004235165188653245,0,"1.582523,20.100484,0.651689,13.635415,22.093038,18.404043"
0.5,3,113,0.08440729082788825,-0.0021772110161243988,0.16864811075603658,0,"1.552694,20.830984,0.984772,12.802262,21.629514,14.675472"
0.5,3,114,-0.00027686209489656105,-0.0009787114172406138,-0.0005521932850907907,0,"1.566033,17.957527,0.512159,17.865384,21.526176,20.501824"
0.5,3,115,0.002681032156578023,-0.010403933537061233,0.005367101145547559,0,"1.612843,18.826294,0.002215,17.779432,20.619426,24.513572"
0.5,3,116,0.0004091262954841123,-0.0003901065052792918,0.000817824872600903,0,"1.538131,18.996071,2.740994,15.373216,21.993439,15.74993"
0.5,3,117,-0.0014807561748781026,-0.0029548976469018183,-0.003659805207485184,0,"1.578102,18.620875,0.222183,16.132341,23.169162,16.00056"
0.5,3,118,0.0024275662423139167,-0.002019839697727243,0.004852300024301259,0,"1.557107,20.762207,0.038405,13.69992,22.360409,19.725854"
0.5,3,119,0.0003694706131372026,-0.0019536483798286326,0.0007401547199342995,0,"1.568777,18.314687,0.5337,17.160389,21.620653,20.152194"
0.5,3,120,-0.00039274778598291166,-0.005367737126582745,-0.0007793484863528877,0,"1.579643,18.876375,0.438462,17.831717,20.765259,19.847174"
0.5,3,121,-0.0002973203760759092,-0.0005901317052323697,-0.003918915214216306,0,"1.555642,18.066657,1.60259,16.854145,19.303685,20.551152"
0.5,3,122,0.0012115963735743493,-0.0006977584833553069,0.0024214690365954583,0,"1.53316,19.208436,3.703727,14.682547,22.239041,14.731676"
0.5,3,123,0.00035330792298810047,-0.006644857349756155,0.0007125481551707863,0,"1.575451,16.966965,4.134519,18.398932,20.703204,16.836412"
0.5,3,124,-0.0001251769132506081,-0.00850436254273949,-0.00024160785610237434,0,"1.613958,17.773578,0.067991,18.6551,20.312626,22.53217"
0.5,3,125,0.0009467645197390786,-0.007275181141102757,0.001898905315303956,0,"1.592958,18.486958,1.041052,16.675494,20.495005,17.904976"
0.5,3,126,0.0024647863971082535,-0.00282303090992235,0.00492746835676966,0,"1.572796,18.343399,0.602605,17.079573,21.433045,19.777658"
0.5,3,127,-0.0017777367331493926,-0.003546626840705183,-0.005299998752896856,0,"1.578838,18.867476,0.269509,15.716187,22.989808,16.40114"
0.5,3,128,-0.0005787463526032152,-0.005580490184053913,-0.0011507614535688077,0,"1.580123,19.080393,0.469628,17.132333,20.986555,19.606652"
0.5,3,129,-0.00023426196521356436,-0.0015473594385737206,-0.00046651006092762737,0,"1.560109,18.405628,1.412942,16.31769,19.768577,20.1933"
0.5,3,130,-0.000787446717171059,-0.008150014311170205,-0.0015651782417891585,0,"1.608702,18.161396,0.102526,17.818485,20.609361,21.844149"
0.5,3,131,-0.0005251795209566217,-0.006670841985147349,-0.0010426455543737223,0,"1.576628,17.489218,3.45012,17.605012,20.934843,17.097684"
0.5,3,132,-0.0009852745465315587,-0.0027338536094971173,-0.0019658493900635565,0,"1.571064,18.61232,0.552169,16.572893,21.699384,19.860835"
0.5,3,133,0.0009065290408486348,-0.00928576842263442,0.001820523326793111,0,"1.605949,19.031467,0.21487,16.509085,23.335753,17.544868"
0.5,3,134,-0.001343534249103873,-0.0026816307761090667,-0.0027560913225698203,0,"1.567711,18.509935,1.107821,16.349589,20.363106,19.751895"
0.5,3,135,0.0029334896275368953,-0.007101271785072701,0.005868212314544319,0,"1.58632,20.288117,0.009845,14.803289,21.978908,21.525221"
0.5,3,136,-0.00023381669819588945,-0.005882463661104526,-0.0004612896430875868,0,"1.578242,17.955701,2.196748,17.138058,21.108854,17.835607"
0.5,3,137,-0.002015077932340441,-0.004019968568472337,-0.006167327640072787,0,"1.579452,19.072978,0.315438,15.369391,22.840346,16.734958"
0.5,3,138,-0.001663297333138734,-0.0033188843133648595,-0.00439146859924365,0,"1.570176,18.775026,1.021411,15.897227,20.651428,19.527253"
0.5,3,139,-0.0004445065943168102,-0.003381385683028818,-0.0008847470558946968,0,"1.572972,18.860347,0.567923,16.083313,21.764993,19.618037"
0.5,3,140,-0.0011507503023072902,-0.007824992484820985,-0.0022913842279018576,0,"1.604327,18.484577,0.143466,17.121307,20.856641,21.270798"
0.5,3,141,-0.0011741089855924595,-0.005602511809507042,-0.0023402751841912206,0,"1.580523,19.250408,0.496903,16.549513,21.170969,19.406218"
0.5,3,142,-0.000855381437853944,-0.006630262418496815,-0.001702430183106285,0,"1.57761,17.924429,2.891211,16.943412,21.127875,17.315411"
0.5,3,143,0.022778571415504826,-0.0073628617322077095,0.045518986706035824,0,"1.591893,19.008954,0.840631,15.755442,21.14844,17.934856"
0.5,3,144,-0.001586245499574485,-0.004043978059394028,-0.003165281739350226,0,"1.576119,18.885115,0.608251,16.028668,21.662234,19.337507"
0.5,3,145,-0.00020440204093080506,-0.006943339178969471,-0.0004014592833992414,0,"1.586739,20.2651,0.021468,14.590428,21.963677,20.911515"
0.5,3,146,-0.0015824910406576904,-0.0058845104542784125,-0.0031559416292318704,0,"1.57913,18.314541,1.887559,16.551248,21.267175,17.914761"
0.5,3,147,0.0010165791782400537,-0.0027784743674185916,0.0020339029279196064,0,"1.551823,19.648273,2.189008,14.222514,22.371756,15.837449"
0.5,3,148,0.0026380260463712154,-0.006678728315513888,0.005277453367690255,0,"1.595526,18.678526,0.260397,16.638175,21.10916,20.36524"
0.5,3,149,-0.001797990501588541,-0.004404152153981048,-0.00358798886216094,0,"1.579964,19.244229,0.358651,15.080395,22.715795,17.013138"
0.5,3,150,-0.0019164250759498146,-0.0038251625650352478,-0.0038624242993463564,0,"1.572231,18.995936,0.952459,15.520258,20.891696,19.340051"
0.5,3,151,-0.0016222785301857354,-0.004449524489647236,-0.003236870665216607,0,"1.577186,19.087676,0.615342,15.629792,21.734034,19.181929"
0.5,3,152,-0.0018238252633645993,-0.006016210458830424,-0.003637996319950418,0,"1.579695,18.612198,1.638105,16.065276,21.404819,17.996308"
0.5,3,153,0.0003112546875105758,-0.005865679448040279,0.0006277473071620299,0,"1.580856,19.392088,0.520554,16.06383,21.324647,19.239189"
0.5,3,154,0.00778542844481642,-0.0075173224793442656,0.015562811400711474,0,"1.600684,18.753895,0.188715,16.540325,21.062707,20.793005"
0.5,3,155,-0.0012745342779701468,-0.003340545048480196,-0.0025431848260657475,0,"1.556922,19.723642,1.877131,14.124664,22.325303,16.265214"
0.5,3,156,0.0010748625521531698,-0.0036354492063988032,0.00215120934416857,0,"1.568641,19.195967,1.477255,13.95477,22.396915,16.827706"
0.5,3,157,-0.0009705413546124241,-0.005418421083234967,-0.0019337305575840291,0,"1.578818,19.359401,0.637421,15.71232,21.503358,18.837275"
0.5,3,158,-0.0019782948903302746,-0.003947566464936329,-0.005075749259284196,0,"1.570674,19.228654,1.278086,14.30628,22.218204,17.22962"
0.5,3,159,-0.00036947936076207985,-0.006599920490305337,-0.0007316271738599944,0,"1.59727,18.699417,0.280568,15.954475,21.360559,20.123149"
0.5,3,160,-0.0018757012378392186,-0.0037435229676995863,-0.004135985011151477,0,"1.563617,19.552938,1.492593,14.429633,22.164512,16.908204"
0.5,3,161,0.002790637256822503,-0.004944317928379332,0.005580638193380005,0,"1.572373,19.49047,1.472949,14.049293,22.09532,16.448526"
0.5,3,162,0.00046080445839834276,-0.004496974944715942,0.0009251807110303711,0,"1.576383,19.154808,0.727179,15.366376,21.794249,18.726362"
0.5,3,163,0.003315193042833327,-0.004329789904528258,0.006628087787783399,0,"1.572646,19.373959,1.156558,14.194469,22.197343,17.425357"
0.5,3,164,0.0008521046358117439,-0.0042582020732530035,0.001706760712983757,0,"1.573944,19.180027,0.897184,15.206117,21.09192,19.18405"
0.5,3,165,-0.0007257045956089287,-0.004198843211386232,-0.0014457645834230481,0,"1.566762,19.644195,1.326104,14.297263,22.1526,17.15751"
0.5,3,166,-0.0020160669920786687,-0.006040454565587085,-0.0040220714581336164,0,"1.580167,18.860246,1.440981,15.660299,21.519522,18.064264"
0.5,3,167,-0.002196651998133784,-0.004728842052494183,-0.004384190963251822,0,"1.58039,19.386938,0.398325,14.839565,22.612002,17.244956"
0.5,3,168,0.025466568085633495,-0.0047412232329386295,0.05088699040409583,0,"1.578075,19.256477,0.621296,15.297396,21.793868,19.052282"
0.5,3,169,-0.0025822885926550525,-0.005153231031825977,-0.0061929224523020465,0,"1.574063,19.592139,1.310594,13.980314,22.09494,16.774445"
0.5,3,170,-0.0026253476811544676,-0.005238944339486035,-0.006512078483413397,0,"1.573395,19.648082,1.453525,13.7608,22.145119,16.394806"
0.5,3,171,-0.002283838488657081,-0.005825313876300288,-0.004557294369068793,0,"1.579743,19.566032,0.800545,14.938684,21.674058,18.057852"
0.5,3,172,-0.003191944194799834,-0.006371038646650475,-0.006478704302542979,0,"1.580377,19.888632,1.00769,13.837891,22.973526,15.923761"
0.5,3,173,-0.0015349090220802566,-0.006706590783687929,-0.0030600514019748504,0,"1.58145,20.006732,1.026847,13.609854,23.287127,15.380379"
0.5,3,174,-0.001874329129125199,-0.007300711992140319,-0.0037376199263319254,0,"1.592143,19.505942,0.577984,14.593621,22.186488,17.53905"
0.5,3,175,0.027775510668989697,-0.006690723202082045,0.05550220985133014,0,"1.587901,19.528984,0.67587,14.544228,22.18084,17.47546"
0.5,3,176,-0.002715164174037687,-0.005418442206778711,-0.006467699089883816,0,"1.574557,19.688174,1.373598,13.773648,22.283186,16.316298"
0.5,3,177,-0.0027289084661533598,-0.005926951960734908,-0.005446443536809176,0,"1.579848,19.619798,0.833016,14.755218,21.890636,17.70217"
0.5,3,178,-0.0023264786937438734,-0.004965258153580333,-0.004643348780553613,0,"1.580388,19.470553,0.47281,14.672619,22.672256,17.024757"
0.5,3,179,-9.379441653256658e-5,-0.006359207062694456,-0.00018104857742501368,0,"1.582165,20.065175,0.704032,13.669161,22.239786,17.990663"
0.5,3,180,-0.002309700279694731,-0.0061097074815253775,-0.0046086821697381986,0,"1.580202,19.031643,1.363408,15.356564,21.761856,17.707513"
0.5,3,181,-0.0002218491358119046,-0.004552029130512839,-0.00043870753495833803,0,"1.569028,19.684935,1.269886,14.220701,22.289421,16.951885"
0.5,3,182,-0.0023748790745826997,-0.0047388877151872365,-0.006131546262975629,0,"1.572636,19.062737,1.39673,15.203053,22.383841,15.884799"
0.5,3,183,-0.0026884449223854826,-0.006529633282265072,-0.005364995216272428,0,"1.586993,19.235578,0.826735,14.978964,22.36568,16.567881"
0.5,3,184,-0.0007142582995168131,-0.005212201275994158,-0.0014218825152423897,0,"1.57806,19.956847,0.621618,13.717234,23.094519,15.432375"
0.5,3,185,2.1148452604599302e-5,-0.005936216053650906,4.818493632652299e-5,0,"1.579845,19.185844,1.216553,15.083342,21.983967,17.328324"
0.5,3,186,0.011010361879199338,-0.005999852041519392,0.022004718891548647,0,"1.579936,19.664604,0.860711,14.60233,22.071117,17.405769"
0.5,3,187,-0.002791888777111517,-0.005571719850408819,-0.0064859839638061745,0,"1.575527,19.721583,1.308599,13.784356,22.398243,16.250875"
0.5,3,188,0.0022349573186744146,-0.006506659887030156,0.004471949347887971,0,"1.58589,19.34442,0.855364,14.788785,22.466987,16.460527"
0.5,3,189,-0.0018643055668131896,-0.005012350581132984,-0.003719878904141105,0,"1.573925,19.200386,1.327429,14.975526,22.482122,15.891292"
0.5,3,190,-0.0015089121160047749,-0.005175182196204414,-0.0030096394104029423,0,"1.580386,19.540233,0.542861,14.533498,22.722468,16.841257"
0.5,3,191,-0.002449780027035671,-0.006154502748097137,-0.0048885170342889556,0,"1.580231,19.174475,1.3003,15.103452,21.963801,17.410221"
0.5,3,192,-0.002810575889012036,-0.005630481402886335,-0.0056099113852359495,0,"1.579387,19.478288,1.029239,14.503918,22.501191,16.462989"
0.5,4,1,0.0858211085383606,0.17140473227070763,0.06608007374286684,0,"0.92547,17.256952,8.575239,16.392169,24.908281,21.837644"
0.5,4,2,0.05668506057163002,0.11321040448145384,0.0465062573247369,0,"1.074052,17.256952,8.575239,16.392169,24.908281,21.837644"
0.5,4,3,0.08097450941238263,0.16169644748625112,0.09087489102787599,0,"0.92547,25.910429,8.575239,16.392169,24.908281,21.837644"
0.5,4,4,0.08469943189120838,0.1691540879960201,0.07562169840061816,0,"0.92547,17.256952,12.887578,16.392169,24.908281,21.837644"
0.5,4,5,0.08486287765764014,0.16947368904588161,0.08259258035278971,0,"0.92547,17.256952,8.575239,24.613253,24.908281,21.837644"
0.5,4,6,0.08548149948151386,0.17070620030941125,0.08609245330704873,0,"0.92547,17.256952,8.575239,16.392169,37.387422,21.837644"
0.5,4,7,0.08572551270744833,0.17120195426056722,0.07786920006887055,0,"0.92547,17.256952,8.575239,16.392169,24.908281,32.781466"
0.5,4,8,0.07264157738958053,0.14505071474548342,0.08738931893214974,0,"0.973561,20.141445,10.012603,19.13253,29.067995,25.485584"
0.5,4,9,0.06877208767773751,0.13733107126225091,0.07577302196185481,0,"0.989914,21.102942,10.491756,20.045984,30.454566,12.109808"
0.5,4,10,0.06394779627875384,0.1277033580435974,0.06453115586667801,0,"1.011966,22.384938,11.130635,21.263922,15.664473,19.81101"
0.5,4,11,0.058128270240078446,0.11607544133807812,0.06502370074068764,0,"1.041806,24.094267,11.982484,11.926401,25.062345,19.135465"
0.5,4,12,0.050287588031322265,0.10040432764721396,0.07044408778334965,0,"1.08236,26.373372,7.368884,18.658887,25.113699,18.234739"
0.5,4,13,0.04530008624979504,0.09043960044927285,0.07013244986796474,0,"1.109875,27.892775,6.449948,19.036674,25.147935,17.634255"
0.5,4,14,0.042920776044372146,0.08570505983781265,0.050787191093832174,0,"1.147147,18.380678,10.971901,19.540389,25.193584,16.83361"
0.5,4,15,0.03777903987529509,0.07543766021489384,0.0449818754814405,0,"1.186672,17.125719,11.371367,20.065092,25.241134,15.999604"
0.5,4,16,0.0380566979386803,0.0760006081979358,0.03678707122685826,0,"1.167249,23.14442,9.987353,17.110882,19.75825,10.02372"
0.5,4,17,0.032278654281166975,0.06445801239579932,0.03483815413882588,0,"1.211448,22.863416,9.340086,15.219061,14.806241,22.704083"
0.5,4,18,0.027134301793024507,0.05418728696044847,0.02712933864009512,0,"1.250698,23.156828,9.148149,14.414574,12.198191,24.469796"
0.5,4,19,0.025342617720375243,0.05060080480635687,0.033829829587261384,0,"1.27035,21.838716,8.040568,11.718014,28.440904,16.555804"
0.5,4,20,0.020039866810323968,0.04001038947091262,0.02933376026440243,0,"1.316383,21.747678,7.525723,10.12706,30.570309,16.013269"
0.5,4,21,0.01890958338783194,0.03775889135406296,0.022516530246855376,0,"1.332972,19.347191,5.705956,20.455742,20.879021,16.190616"
0.5,4,22,0.01367580791768783,0.027308326509265332,0.015980999601061585,0,"1.385007,18.556011,4.665442,21.8773,20.1818,15.699808"
0.5,4,23,0.014882753147474564,0.013613241522997269,0.029722170882543586,0,"1.405704,26.617525,7.804104,17.818345,19.457591,11.442503"
0.5,4,24,0.00649145240208739,0.012936138794073931,0.01295701165372698,0,"1.469922,15.556619,10.382187,14.767731,17.321155,13.581961"
0.5,4,25,0.029791216116675172,0.004550003497386906,0.05951836386598697,0,"1.534521,13.500594,11.037804,14.056241,16.016692,12.90658"
0.5,4,26,0.00783969810655377,0.001707760591255096,0.015662026426090193,0,"1.51149,17.775707,6.975766,15.912472,21.898475,22.378634"
0.5,4,27,0.03418244169999972,-0.018996589434979554,0.06831556442500941,0,"1.605049,24.01107,4.141305,11.574064,15.301371,18.529049"
0.5,4,28,0.005869134024872026,-0.00594247474417544,0.011732478046441785,0,"1.531397,22.863512,5.337773,12.98923,16.957998,18.107475"
0.5,4,29,0.005068032825320362,-0.01950203430468319,0.010145422262682724,0,"1.632211,17.88219,5.083112,16.749458,29.930923,7.93844"
0.5,4,30,0.003800703785461477,-0.028390110895636783,0.007622175506312279,0,"1.699965,17.003083,4.410589,17.138606,32.886379,5.188395"
0.5,4,31,0.00868351480571457,-0.03026595386375551,0.01737991564964325,0,"1.691994,17.709807,5.660964,23.374207,12.330828,12.784456"
0.5,4,32,0.19435712426455626,0.002190308135289587,0.3883237344864907,0,"1.692982,9.870773,4.67295,17.534836,21.067953,17.80255"
0.5,4,33,0.0113320358637543,0.006186428007126987,0.02263525004945202,0,"1.451994,23.826391,7.281029,17.771094,19.725984,12.502506"
0.5,4,34,-0.0007579027695967741,-0.03978214793847595,-0.0014745488424126596,0,"1.739717,19.689028,8.686229,12.107151,20.191805,12.47947"
0.5,4,35,-6.283317342233144e-5,-0.04877879013709274,-7.681074596160853e-5,0,"1.801916,19.877864,9.357826,10.478814,20.193472,11.942749"
0.5,4,36,-0.005505458982562395,-0.02899012798368815,-0.01097095688026084,0,"1.766226,13.03953,6.531734,14.32537,20.802894,15.669094"
0.5,4,37,0.04205338566378739,-0.028955668545611907,0.0840516753207996,0,"1.820887,11.24173,6.406917,13.751083,20.982379,16.196859"
0.5,4,38,0.008593467766840713,-0.0004980110955281614,0.017170263281495457,0,"1.54543,17.599352,8.444285,5.709297,31.022079,16.348689"
0.5,4,39,0.0014889294219445398,-0.006381118721913451,0.002981258703907086,0,"1.569483,17.617761,7.97998,8.650856,27.906869,15.75465"
0.5,4,40,0.04519201637486346,-0.035272870520517856,0.09032897664360384,0,"1.747767,17.480803,7.462227,10.747136,23.457225,4.557062"
0.5,4,41,0.004823403381942839,-0.005176308473165504,0.009642340731627216,0,"1.549903,17.726556,7.05683,15.051579,22.158267,19.406614"
0.5,4,42,0.004781664433347453,-0.04834504399463098,0.009602071838850687,0,"1.820884,20.423204,2.996834,11.986479,29.646916,15.284739"
0.5,4,43,0.002305812103642783,-0.04104723143397469,0.004648023415304237,0,"1.854283,12.302879,7.199761,13.430725,34.239712,9.818366"
0.5,4,44,0.0071331249314451,-0.05637514608024438,0.014308316692278167,0,"1.939857,15.631937,5.527666,10.828107,33.066592,5.327938"
0.5,4,45,0.00313235595172869,-0.01568893703159138,0.006274126713775197,0,"1.612566,17.377453,6.8017,14.347664,23.976321,17.059357"
0.5,4,46,0.0006970231144147017,-0.003340539782352464,0.001395990777833922,0,"1.594045,11.920046,10.919067,14.680258,23.687744,10.036531"
0.5,4,47,0.0615771772870292,-0.01894978721628678,0.12305025410716752,0,"1.676415,13.645812,11.639851,8.708839,17.382069,21.756324"
0.5,4,48,0.0017356899683879305,-0.02741583702754541,0.0034953004733300763,0,"1.696031,16.443538,5.608951,15.733617,30.302328,7.945407"
0.5,4,49,0.018386129763292153,-0.03494394835745928,0.036770433041899864,0,"1.7937,12.960139,8.83933,11.961607,28.400797,6.842731"
0.5,4,50,0.0016476013739756064,-0.019460641807963214,0.0033113520377214545,0,"1.642239,16.641234,7.141146,13.949987,24.713734,15.356408"
0.5,4,51,0.024506747376680467,0.005047879770250244,0.04895948738620448,0,"1.488223,19.480834,8.421425,13.051631,14.96208,15.928741"
0.5,4,52,0.001109858930170583,-0.035858834437509014,0.0022533233714072676,0,"1.79117,13.499203,7.403322,13.367543,31.026773,10.836736"
0.5,4,53,0.054643243206254605,-0.019647858924523295,0.10919693733409963,0,"1.669941,14.358726,10.614109,9.96009,19.140946,18.765888"
0.5,4,54,0.0027373659791207787,-0.02633074385742587,0.005495567134964019,0,"1.691672,16.096069,6.441675,14.771355,28.442097,9.748583"
0.5,4,55,0.00013014880685672958,-0.03880182014150334,0.0002988006332217408,0,"1.744125,18.580778,8.327005,12.476853,20.293653,13.011073"
0.5,4,56,-0.004139353928727216,-0.008261065130873994,-0.009381661449564094,0,"1.622263,12.106626,10.187625,14.62111,23.206936,10.975272"
0.5,4,57,-0.0014495045491290373,-0.03478512463778802,-0.002861362611009277,0,"1.787004,13.422591,7.258011,13.52718,29.322793,11.642122"
0.5,4,58,0.00048431599419529735,-0.010962541770374156,0.0009786159142467221,0,"1.601637,16.854722,7.738513,9.596531,26.722874,15.740391"
0.5,4,59,-2.8851278877047413e-5,-0.0215217611805644,-3.614465192160882e-5,0,"1.662663,16.040949,7.039551,14.012551,24.061927,15.408523"
0.5,4,60,0.0013466847278184558,-0.02800582932707122,0.0027186566283356473,0,"1.707656,15.876203,5.762593,15.498909,28.719089,9.23249"
0.5,4,61,-0.00575837117446248,-0.02145110512508396,-0.011483807436363513,0,"1.685847,14.13886,9.933498,10.68762,19.417937,18.249756"
0.5,4,62,-0.004219524241224981,-0.02015004480592096,-0.008410487949694345,0,"1.682222,13.849303,10.629141,9.885763,17.867745,19.75265"
0.5,4,63,0.0008457063803283176,-0.039246725295841035,0.001728930555397079,0,"1.823009,12.255057,8.686777,16.953756,18.979173,12.578216"
0.5,4,64,0.0018111807461875119,-0.01652633616797271,0.0036352525759670296,0,"1.637767,16.088111,7.896538,10.822698,25.432257,15.213361"
0.5,4,65,-0.003248559244241199,-0.027975820709622037,-0.006462679987784992,0,"1.752733,13.222751,7.098299,13.719075,20.572068,16.099204"
0.5,4,66,-0.004105484871215562,-0.010673043544238847,-0.008192104594292593,0,"1.632793,12.445331,10.14527,13.965525,22.575436,12.187677"
0.5,4,67,-0.002367809114234965,-0.03276815910715904,-0.004698151917445326,0,"1.769994,13.541969,7.703782,13.053918,27.671984,12.74339"
0.5,4,68,-0.0009246794199109369,-0.021603907198103893,-0.0018259290036201498,0,"1.666519,15.723934,7.521678,13.458393,23.287929,15.882061"
0.5,4,69,-0.0025955067901485664,-0.03624365517106669,-0.005149620304821245,0,"1.73436,17.840458,8.594729,12.178646,20.1477,13.884186"
0.5,4,70,-0.0008132053483923125,-0.012878894376807549,-0.0016119198825252923,0,"1.615553,16.402078,8.104275,9.778375,25.505384,16.158618"
0.5,4,71,-0.006113335859157806,-0.03657963513786697,-0.012177914169008736,0,"1.799878,12.569024,8.894552,15.909396,19.052301,13.523471"
0.5,4,72,-0.007781225710211393,-0.039711004241385565,-0.015507233182998403,0,"1.831309,11.930184,9.026275,16.931242,17.976787,13.084281"
0.5,4,73,0.0338239107868232,-0.03493729768276939,0.06761514372760158,0,"1.802636,11.982585,9.97897,13.386941,19.499375,12.867435"
0.5,4,74,-0.0020759327333243023,-0.024170088696857855,-0.004123571806145601,0,"1.688926,15.100375,7.931127,13.446484,22.656503,15.379623"
0.5,4,75,0.0056633827593624295,-0.03313573534053901,0.011348552701364034,0,"1.779677,12.606141,9.569363,13.39885,20.130801,13.369872"
0.5,4,76,-0.0028777566897667385,-0.02582057081554663,-0.005723968839878052,0,"1.703927,14.684669,8.204129,13.438545,22.235553,15.044665"
0.5,4,77,0.055378373846347924,-0.021835034831068474,0.11066791481271421,0,"1.676657,14.545446,9.963619,13.919626,13.303178,16.7732"
0.5,4,78,-0.003304403125326669,-0.031236301850586387,-0.006570998949852899,0,"1.754307,13.709215,8.080347,13.198202,25.277183,13.415024"
0.5,4,79,-0.0043720640785560455,-0.008720470225592636,-0.014937461293862614,0,"1.718452,8.870014,8.900992,15.134753,22.537287,15.476014"
0.5,4,80,-0.008131056864818556,-0.021234502162508315,-0.016224654572901703,0,"1.753865,10.08744,9.523951,14.440254,20.550013,14.459318"
0.5,4,81,-0.00031157888293251835,-0.019282354062104407,-0.000603272139663269,0,"1.76224,9.321276,9.743941,14.607205,20.26909,14.36176"
0.5,4,82,-0.004927936809903024,-0.018331453579390432,-0.009827714451774883,0,"1.705421,10.504228,11.439075,14.400117,22.206146,12.858152"
0.5,4,83,-0.004411679489377352,-0.008805588360053962,-0.008965030340688518,0,"1.687689,8.949528,11.576183,15.321628,16.477353,15.356707"
0.5,4,84,-0.004888641101564719,-0.028176129424175078,-0.009739366706998265,0,"1.82962,9.048093,9.988007,15.00634,17.146405,17.640402"
0.5,4,85,0.06422979434973643,-0.03504586564691814,0.12836626829682296,0,"1.778859,12.682799,11.594714,13.794307,15.387593,15.073523"
0.5,4,86,-0.004176708643792433,-0.014774921224772364,-0.008330312054305788,0,"1.728466,9.505435,9.349918,14.911346,21.345672,15.408932"
0.5,4,87,0.002223262885992753,-0.036873571878270756,0.004478920423440336,0,"1.818319,11.623056,9.10922,16.516077,18.405658,13.313454"
0.5,4,88,0.04571514104358224,-0.021888471501014473,0.09136080974891658,0,"1.697113,13.463617,9.86524,11.313052,19.606616,17.618016"
0.5,4,89,-0.006958723511242486,-0.01892414236150073,-0.013884638241881589,0,"1.713459,10.434763,11.119881,14.406806,21.930124,13.125013"
0.5,4,90,0.003532930529372475,-0.027132866101502312,0.007085908016829623,0,"1.816915,9.221311,9.910664,14.911992,17.713673,17.110222"
0.5,4,91,-0.005437683442269144,-0.010849669979145757,-0.014847235413383897,0,"1.698652,9.139172,11.234138,15.174733,17.15613,15.207142"
0.5,4,92,-0.005533175472717963,-0.011039025636713634,-0.016286283085578307,0,"1.724335,9.072909,9.004816,15.019003,22.206075,15.306565"
0.5,4,93,0.005232413075533407,-0.011060165701827496,0.010465420895872768,0,"1.811615,6.397468,10.102282,18.843248,19.713941,11.889227"
0.5,4,94,-0.00834282192930273,-0.01690576806565433,-0.01665208600453527,0,"1.792343,7.574284,10.062774,17.588213,19.696054,12.844022"
0.5,4,95,-0.0025054345781995624,-0.012525049870900085,-0.004993350755772452,0,"1.683953,10.089098,10.107561,16.13637,22.267678,10.974964"
0.5,4,96,0.0069965910789909136,0.013974344022655127,0.004863791304045129,0,"1.638682,7.176656,11.241842,14.405716,22.863033,13.992216"
0.5,4,97,0.001110165873427231,-0.030452174733361974,0.002248535386201622,0,"1.787902,10.881874,9.46464,16.16435,19.148554,13.42658"
0.5,4,98,0.0009325809928683942,0.0018718505162734767,-0.008560381052961807,0,"1.668129,7.917449,10.886394,14.757443,22.120137,13.879089"
0.5,4,99,-0.0023169255999331757,-0.004617164081783948,-0.012069954000619942,0,"1.687874,8.411435,10.64943,14.991927,21.624873,13.803671"
0.5,4,100,-0.0006220391288599492,-0.025817748937212132,-0.001217043465317369,0,"1.767727,10.387757,9.701592,15.929866,19.643818,13.501998"
0.5,4,101,-0.0022487868736913094,-0.008636007182935085,-0.004484453286912771,0,"1.701086,8.740792,10.491455,15.14825,21.294697,13.753392"
0.5,4,102,-0.001377166694967952,-0.020882904832002808,-0.002730719765338563,0,"1.760257,9.668523,9.613754,14.964913,20.407687,14.190102"
0.5,4,103,-0.006515155351253386,-0.01923868506105026,-0.01299807394350222,0,"1.726515,9.957953,10.943695,14.937041,21.557779,13.078181"
0.5,4,104,0.0003559606726947829,-0.01221275644525563,0.0007234106911436777,0,"1.735603,8.823104,9.181136,15.447205,21.787738,14.89614"
0.5,4,105,0.025801236648152714,-0.012301309473537164,0.05156321139438458,0,"1.714137,8.878322,11.038908,15.576979,17.57945,14.813288"
0.5,4,106,-0.005006183049585117,-0.01380119664266289,-0.00998857632620137,0,"1.701842,9.669906,10.100096,16.378344,21.839074,11.286471"
0.5,4,107,-0.0034251148964835076,-0.0068300757499185905,-0.013323967298506212,0,"1.705122,8.271895,10.551654,15.424641,21.303403,13.643729"
0.5,4,108,-0.005269592423424431,-0.018633236838267286,-0.010510041568442152,0,"1.759657,9.11012,9.112155,16.00314,24.617795,11.832928"
0.5,4,109,-0.0030003870511657064,-0.020190113084499237,-0.005974609379867046,0,"1.74609,9.261014,10.946926,16.318226,21.352859,10.729017"
0.5,4,110,-0.005809070999663678,-0.01159197375397511,-0.014576271598270824,0,"1.716821,8.279822,10.958679,17.251621,23.047968,10.281367"
0.5,4,111,-0.0025793918664802937,-0.00906931188278387,-0.005144569851226577,0,"1.721155,8.360227,9.629423,16.209441,22.667832,13.593218"
0.5,4,112,0.0046813940612156005,-0.018559762729813176,0.009371975909251762,0,"1.741925,9.110875,10.727339,16.300095,21.572021,11.206379"
0.5,4,113,-0.007150606464511318,-0.019360103104730346,-0.014267585240677227,0,"1.737424,9.56062,10.796873,15.378903,21.247491,13.039154"
0.5,4,114,-0.006412211155678474,-0.012795983717355908,-0.015642610283683966,0,"1.729325,8.162221,10.80936,17.30772,22.489316,10.708469"
0.5,4,115,-0.008387430597822175,-0.018520700697470693,-0.016739600894052825,0,"1.76509,8.854112,9.270587,16.267319,23.797505,12.001443"
0.5,4,116,-0.0037011388262945103,-0.014613947233889577,-0.007380283421933198,0,"1.716804,9.320587,10.093876,16.579989,21.481904,11.546062"
0.5,4,117,-0.00427700644850802,-0.008526538635979047,-0.018947722401013695,0,"1.719547,8.155615,10.470173,15.785237,21.035512,13.510444"
0.5,4,118,-0.0035307186874819155,-0.01998657704689319,-0.007034416381535402,0,"1.753768,8.979853,10.799566,16.52989,21.076725,11.081515"
0.5,4,119,-0.0030982901819010676,-0.010550435807447744,-0.006179850077916771,0,"1.732946,8.229223,9.701648,16.439236,22.172535,13.468352"
0.5,4,120,-0.009259653377978109,-0.018575389782372595,-0.018482249117056787,0,"1.750291,8.854741,10.616577,16.514781,21.25936,11.479318"
0.5,4,121,-0.006211229368698199,-0.016723442537013578,-0.012393341952906478,0,"1.781298,7.733325,10.581562,16.367402,21.693175,12.981552"
0.5,4,122,-0.0075771453159684116,-0.02563858930030692,-0.015113538504132384,0,"1.799267,8.7574,10.242393,17.356209,22.358788,10.840881"
0.5,4,123,-0.0006018027311948827,-0.02017206337110035,-0.0011822511478707942,0,"1.743215,9.521209,10.01795,17.103646,21.922996,10.656215"
0.5,4,124,0.0018199716649403518,-0.017657746758088594,0.003653947129509283,0,"1.77493,8.031253,10.487626,16.490109,21.731479,12.593993"
0.5,4,125,-0.006454826225950304,-0.018583033454327852,-0.01287819122721906,0,"1.76262,8.854217,9.494911,16.308562,23.37448,11.914422"
0.5,4,126,0.018907096541577136,-0.01745305751249987,0.03779385228837839,0,"1.785309,7.787656,10.155074,17.409308,19.956605,12.616571"
0.5,4,127,-0.0031525203074569057,-0.024489431661499875,-0.006274276906345966,0,"1.791071,8.773623,10.304757,17.215971,22.17555,10.947287"
0.5,4,128,-0.006173720650063161,-0.019261965322200023,-0.012315863471332789,0,"1.739566,9.442971,10.766824,15.568216,21.24947,12.779181"
0.5,4,129,-0.001884806768764064,-0.013815931620530852,-0.0037520455603472502,0,"1.732813,8.277633,10.777229,17.175564,22.284323,10.836943"
0.5,4,130,-0.007069508875409983,-0.017202795078944566,-0.01410770724849253,0,"1.776116,7.920202,10.587398,16.391965,21.620873,12.731179"
0.5,4,131,-0.003936515274097768,-0.019036154427469372,-0.007846148245522544,0,"1.732244,9.586911,10.694153,15.649045,24.031414,10.946207"
0.5,4,132,-0.008140971581681273,-0.025305368568753317,-0.016240397397396397,0,"1.784543,9.533264,10.044307,15.37395,22.286059,12.762258"
0.5,4,133,-0.007522421655679798,-0.01501454105146019,-0.015287718847946136,0,"1.724216,9.290436,10.429959,14.719536,22.431668,13.256907"
0.5,4,134,-0.008131463401573082,-0.018474099694595764,-0.016228224478972597,0,"1.780237,8.378367,9.952503,15.976625,20.042556,14.028224"
0.5,4,135,-0.004062893064656241,-0.017960763271680724,-0.008099725640400401,0,"1.786465,8.167454,9.608401,16.193591,22.422196,12.611586"
0.5,4,136,-0.007579705695055695,-0.0192882036969782,-0.015124998188226185,0,"1.747351,9.230369,10.57375,15.672445,21.444924,12.751248"
0.5,4,137,-0.008728785628761053,-0.01972447164312778,-0.01742042635951946,0,"1.758201,8.881525,11.239944,15.241205,19.654,13.75529"
0.5,4,138,-0.008878506199051133,-0.02078640878388452,-0.017718507481836544,0,"1.738815,10.136177,10.364944,14.774215,20.751983,13.279901"
0.5,4,139,-0.0011407879771029856,-0.025845652954319023,-0.002253476824427225,0,"1.795804,9.047682,10.500711,16.464872,19.381292,12.761837"
0.5,4,140,-0.006599046509954825,-0.016921909305435842,-0.013168003107496717,0,"1.736072,9.249977,10.441751,15.010425,21.923272,13.174395"
0.5,4,141,-0.0022960049902844425,-0.0204867024709922,-0.004566956321776117,0,"1.740726,9.922597,10.406883,15.06431,20.836546,12.979803"
0.5,4,142,0.0004536879629107463,-0.019468465955177316,0.0009259184733033665,0,"1.756882,8.877061,11.136049,15.453468,19.92156,13.37596"
0.5,4,143,-0.008357623213376113,-0.024216043630339606,-0.016674356027094793,0,"1.778817,9.420174,10.139685,15.564089,22.114943,12.548434"
0.5,4,144,0.026950643014800144,-0.018614844765247357,0.05386603483952601,0,"1.775233,8.45776,10.063181,16.066318,20.245357,13.603405"
0.5,4,145,-0.008119204803906613,-0.019180866126741053,-0.016203025715970515,0,"1.747841,9.167763,10.580888,15.812834,21.413997,12.539259"
0.5,4,146,-0.005851098203062496,-0.015654491805890278,-0.01167486704727183,0,"1.728551,9.217819,10.461062,15.018743,22.236284,12.960641"
0.5,4,147,-0.004163648924452649,-0.01971260554791459,-0.008299285957399982,0,"1.725881,10.02901,11.050537,15.076424,22.348873,11.691068"
0.5,4,148,0.00013558251755033007,-0.019723298958613397,0.0002905977363229506,0,"1.733784,9.993652,9.94917,15.563593,23.481774,11.356884"
0.5,4,149,-0.005626578900435039,-0.019767419365702803,-0.011222168213291084,0,"1.737626,9.807547,10.14698,15.545238,22.888405,11.693395"
0.5,4,150,-0.004873110318212497,-0.018602009846427903,-0.009717900725852713,0,"1.748882,8.909763,10.591691,16.11306,23.250741,11.324238"
0.5,4,151,-0.003134537001841708,-0.018058584545431078,-0.006244770648489495,0,"1.771514,8.430316,9.795101,16.446491,22.039037,12.490692"
0.5,4,152,-0.004369355318871568,-0.019702528858265442,-0.008710297811073797,0,"1.733456,9.762545,10.841295,15.304769,22.297233,11.824339"
0.5,4,153,0.0005631340360965466,-0.01863963738640953,0.0011437639456338689,0,"1.763879,8.696743,10.004336,16.218147,22.090676,12.357421"
0.5,4,154,-0.002180665257385851,-0.019652466377916476,-0.004337340707686099,0,"1.738513,9.584904,10.701801,15.456998,22.262807,11.913186"
0.5,4,155,-0.005795943487587934,-0.02331335143202662,-0.011557016607136705,0,"1.774051,9.325933,10.219166,15.722537,21.972346,12.370248"
0.5,4,156,-0.009056217303970219,-0.01909153400774216,-0.018075267806126567,0,"1.748249,9.115592,10.586836,15.929825,21.388224,12.362602"
0.5,4,157,-0.002168247199220346,-0.016158979008314506,-0.004316019400032345,0,"1.732168,9.157305,10.486981,15.268083,22.073463,12.713753"
0.5,4,158,-0.0020107023364498953,-0.01961793005109743,-0.003997788953894799,0,"1.739735,9.648741,10.225246,15.706829,22.616898,11.657716"
0.5,4,159,-0.005701794924152462,-0.01859973694949016,-0.011373616494860572,0,"1.749117,8.900593,10.595839,16.180014,22.918844,11.350085"
0.5,4,160,-0.007854285403439796,-0.019575195708467698,-0.01567332228888224,0,"1.736258,9.61124,10.803842,15.506437,22.124254,11.766835"
0.5,4,161,-0.007060770658946672,-0.018755068656200066,-0.014088697551685458,0,"1.756955,8.673079,10.877837,16.000397,21.295266,12.356564"
0.5,4,162,-0.007964057554082169,-0.023111990261382998,-0.015889114003899057,0,"1.772865,9.003078,10.746384,16.683248,21.579302,11.181467"
0.5,4,163,-0.0025409355206742435,-0.02226617267768788,-0.0050545503183524465,0,"1.763746,9.293956,10.687708,15.939062,20.287406,12.488927"
0.5,4,164,-0.004929914281498831,-0.019221637197344946,-0.009830776149650666,0,"1.751552,8.966152,10.61115,16.139855,22.480271,11.539891"
0.5,4,165,-5.7365989423736454e-5,-0.019008169355236998,-9.562818131092499e-5,0,"1.748589,9.072117,10.591793,16.027318,21.366747,12.215388"
0.5,4,166,0.0003143518842892861,-0.022366780769100467,0.0006504201292184542,0,"1.769096,8.978355,10.724749,16.65517,21.525978,11.231109"
0.5,4,167,-0.005732808780056138,-0.019448357246776737,-0.0114347344683971,0,"1.738594,9.485153,10.772631,15.674495,21.980105,11.718916"
0.5,4,168,-0.007150557639776944,-0.018727983621498315,-0.014268119176755634,0,"1.755843,8.703356,10.834293,16.086128,21.289282,12.210356"
0.5,4,169,-0.008558316485264637,-0.0225446174394639,-0.017077011341748063,0,"1.770083,9.247399,10.285401,15.854578,21.853515,12.221759"
0.5,4,170,-0.004562856849159301,-0.018595730995313475,-0.009098019947375913,0,"1.749312,8.892951,10.599295,16.235808,22.642263,11.371624"
0.5,4,171,-0.0070043803889295155,-0.016571265025292284,-0.013978211301532206,0,"1.735183,9.106877,10.50858,15.475866,21.937779,12.508014"
0.5,4,172,-0.003953261645527218,-0.019244346382857033,-0.007879399545126453,0,"1.751153,9.024701,10.613799,15.919901,22.287355,11.621274"
0.5,4,173,-7.907239093750237e-5,-0.01920235939582743,-0.000138803618860317,0,"1.750725,9.032604,10.610131,15.937804,22.13392,11.720293"
0.5,4,174,0.0020238695087149714,-0.021895516534601103,0.004065568964999544,0,"1.766779,9.181955,10.340597,15.964612,21.754489,12.098019"
0.5,4,175,-0.003741242014640396,-0.018662099850785582,-0.007456365563866141,0,"1.754918,8.728586,10.798007,16.15757,21.284295,12.088516"
0.5,4,176,-0.005797863988463965,-0.0169251201666962,-0.011567235621140093,0,"1.737698,9.064854,10.52658,15.649018,21.824709,12.336564"
0.5,4,177,-0.005934316713460162,-0.019326645918526293,-0.011837469311690108,0,"1.740541,9.380082,10.746622,15.814542,21.859981,11.678983"
0.5,4,178,-0.0037684779471547406,-0.018590385546927032,-0.007510854654108445,0,"1.749475,8.886583,10.602175,16.282304,22.41178,11.389573"
0.5,4,179,-0.005110039386820826,-0.01893932523842931,-0.010190948499903318,0,"1.748873,9.035887,10.595924,16.108562,21.348849,12.092709"
0.5,4,180,-0.004660250965778652,-0.015063024320171314,-0.009296142764472659,0,"1.727228,8.801622,10.9547,16.210981,21.575169,11.590535"
0.5,4,181,-0.0038373739878515426,-0.017063830490827922,-0.007650034111101156,0,"1.729804,9.279341,10.549519,16.035826,22.142321,11.434045"
0.5,4,182,-0.008320893843381453,-0.016607751186478142,-0.01742874909828479,0,"1.728677,9.252259,10.727798,15.828933,20.925017,12.147812"
0.5,4,183,0.0001843633619470738,-0.018118550072650896,0.0003864588151516468,0,"1.747966,8.850474,10.839882,16.006446,20.788707,12.341263"
0.5,4,184,-0.006593749366509131,-0.01725769368942709,-0.013157083955373461,0,"1.732826,9.207862,10.597912,16.03093,21.916719,11.585247"
0.5,4,185,-0.00781662753373815,-0.020810084909047025,-0.015596848134432822,0,"1.752428,9.463615,10.315773,15.771275,21.469709,12.183009"
0.5,4,186,-0.0034609109605953127,-0.017609686200936683,-0.006897314920069619,0,"1.731947,9.371916,10.581163,15.761265,21.736316,11.710935"
0.5,4,187,0.0013219018179402527,-0.018727802123253784,0.002659871566437322,0,"1.746048,9.091891,10.593464,16.050679,21.413427,12.02908"
0.5,4,188,-0.0046027763078805295,-0.01703990133341797,-0.009179333381046595,0,"1.732272,9.186004,10.709261,15.943241,20.980741,12.036396"
0.5,4,189,-0.002727996226720665,-0.020433893327646002,-0.005430128431682002,0,"1.752071,9.362134,10.365907,15.895193,21.434651,12.065727"
0.5,4,190,-0.006342320469342158,-0.017496453751644075,-0.012654489994937734,0,"1.735732,9.149008,10.601023,16.111571,21.807159,11.567592"
0.5,4,191,-0.005890805100376797,-0.019190817029680472,-0.011750668715008905,0,"1.742165,9.292523,10.724948,15.931249,21.759878,11.645705"
0.5,4,192,0.00035167453506176075,-0.017206081829111666,0.0007198353166359972,0,"1.739794,9.029835,10.541579,15.793312,21.730484,12.193689"
0.5,4,193,-0.004998092030933018,-0.018880540517438968,-0.009967336185163433,0,"1.749109,9.005696,10.599366,16.176265,21.333934,11.990477"
0.5,4,194,-0.007612545580485935,-0.019993313503494432,-0.015189907939528846,0,"1.74741,9.253532,10.664114,16.397455,21.12809,11.401384"
0.5,4,195,-0.004629459912282024,-0.01660910453798374,-0.00923307764238368,0,"1.733597,8.885038,10.939192,16.462995,21.321736,11.307898"
0.5,4,196,-0.006068262917770136,-0.018478913108308917,-0.012105940981450514,0,"1.743046,9.073421,10.69087,16.265719,21.435026,11.565396"
0.5,5,1,0.01742052868598393,0.03480937091249653,-0.003122911441163556,0,"1.469181,10.332606,5.966563,17.612852,20.368998,23.611505"
0.5,5,2,-0.0026994151491825658,-0.04934020963030618,-0.0053441459427920335,0,"1.984383,10.332606,5.966563,17.612852,20.368998,23.611505"
0.5,5,3,0.007603181554299772,0.015182379742817484,0.008800986039242745,0,"1.469181,15.523861,5.966563,17.612852,20.368998,23.611505"
0.5,5,4,0.013591394831042838,0.02715551627096717,0.00011787484754044453,0,"1.469181,10.332606,8.971122,17.612852,20.368998,23.611505"
0.5,5,5,0.013381979576256291,0.02672468642660477,0.012548039481207529,0,"1.469181,10.332606,5.966563,26.444278,20.368998,23.611505"
0.5,5,6,0.016127193805013644,0.03220759603634016,0.014583977650791169,0,"1.469181,10.332606,5.966563,17.612852,30.578498,23.611505"
0.5,5,7,0.01721304074027763,0.034381485527610944,0.010214467416705453,0,"1.469181,10.332606,5.966563,17.612852,20.368998,35.442257"
0.5,5,8,0.00883976973977521,-0.010426050763845274,0.01767229323707719,0,"1.634303,12.063008,6.967272,20.55666,23.772165,27.555089"
0.5,5,9,0.002474933256114537,-0.02209358787906692,0.00496699310700114,0,"1.69092,12.639815,7.301115,21.53793,24.906554,13.095283"
0.5,5,10,0.002993124492838791,-0.03577244949183693,0.006016005429739679,0,"1.767546,13.408893,7.746354,22.846289,12.806409,21.420625"
0.5,5,11,0.007141829093440537,-0.05049628543288501,0.014319834637676283,0,"1.871613,14.434332,4.34364,24.590768,20.495042,20.690331"
0.5,5,12,0.0017167661377915414,-0.06862152435961448,0.003498655144797899,0,"2.013466,15.801584,6.794207,15.141506,20.537056,19.716607"
0.5,5,13,0.02644257642586983,-0.0622143320963697,0.05289447271112491,0,"1.962843,15.317349,5.736238,19.224072,16.05552,13.160197"
0.5,5,14,0.0064470251793367446,-0.02040280243796644,0.012901551609501953,0,"1.687521,12.605397,6.761933,20.334562,22.486057,25.15594"
0.5,5,15,0.0036109626279499283,-0.08254151698168868,0.007297169603278267,0,"2.226993,10.883687,7.001843,23.075118,20.164373,17.618591"
0.5,5,16,-0.003617929817246731,-0.04735192660737758,-0.00718132638150458,0,"1.912037,10.789664,9.524558,15.591984,19.928107,19.515851"
0.5,5,17,-0.005357331176862709,-0.04603039146381989,-0.010657973988273325,0,"1.918802,10.182233,10.390169,14.092187,19.833617,19.320105"
0.5,5,18,-0.005924190909985506,-0.07923625152129733,-0.011757388180269446,0,"2.185314,11.810855,8.30431,17.767398,17.052944,13.104966"
0.5,5,19,-0.005478126522902106,-0.08673000901995875,-0.010858664372411841,0,"2.272022,11.678432,8.561469,17.339537,16.147425,11.096484"
0.5,5,20,0.0026286053203244935,-0.012512112253153195,0.0052644582946075325,0,"1.63692,13.841634,8.498487,13.257605,18.337486,19.137771"
0.5,5,21,-0.005571556702284761,-0.057837392650511105,-0.011074201810108902,0,"2.039238,11.460667,8.004415,10.290236,27.539145,14.574786"
0.5,5,22,0.001972055591154639,-0.08751868311758988,0.004027602263163704,0,"2.322543,10.234292,7.087821,18.889755,25.075286,15.336645"
0.5,5,23,0.08020927801634743,-0.09537619224871663,0.1603535786462973,0,"2.483931,10.63425,8.213948,9.726763,18.562462,22.126257"
0.5,5,24,0.0005260384392703465,-0.03925369296785388,0.0010902403311773695,0,"1.816257,12.305552,7.453226,19.569392,23.849205,14.600444"
0.5,5,25,0.026592263813008235,-0.018590199030223253,0.053149967857189506,0,"1.677822,13.730213,8.549212,12.601427,17.985036,19.639492"
0.5,5,26,0.00028400682727751066,-0.0786058956726285,0.0006459735766509989,0,"2.210761,10.816936,7.331312,17.8417,23.893577,16.053786"
0.5,5,27,-0.004349958888143802,-0.03765257045359027,-0.008653611594239774,0,"2.035159,6.502829,9.022228,17.249737,23.642107,14.03859"
0.5,5,28,0.03559620878440352,-0.07155464688112634,0.07119277943625191,0,"2.315872,8.06294,8.88584,12.048639,20.260925,18.967469"
0.5,5,29,-0.0014832260815364853,-0.0476150811056969,-0.0029159211608064672,0,"1.896863,11.598403,7.691945,18.315932,23.251158,15.328281"
0.5,5,30,-0.00886841334340348,-0.02756182379696026,-0.017691573289720278,0,"1.813912,9.811805,9.128076,13.934404,20.002413,17.272291"
0.5,5,31,0.04819978933058117,-0.016747718737408157,0.09632000637352622,0,"1.750331,9.644287,9.4276,13.283188,19.353885,17.475375"
0.5,5,32,0.001421177564507428,-0.051500816014341866,0.002890964980049149,0,"2.094887,8.434941,9.246059,11.999667,19.561917,18.645799"
0.5,5,33,-0.003071775166008494,-0.04963478532299039,-0.006087827718975022,0,"1.92943,11.071131,7.95092,17.26322,22.636285,15.881201"
0.5,5,34,-0.009795333993924881,-0.05328381550478469,-0.01951786630603894,0,"1.987407,9.946772,11.635654,12.586201,23.199839,7.786222"
0.5,5,35,0.021800024580983873,-0.053524523430177405,0.04360996372167625,0,"1.987911,9.882467,12.580924,11.74843,23.671645,5.153984"
0.5,5,36,0.011654826169128156,-0.05422520022370214,0.023340537001478534,0,"2.062482,8.833531,10.877452,11.376833,21.120404,12.81765"
0.5,5,37,-0.004560755913188431,-0.05098779811819719,-0.009061462565692971,0,"1.95141,10.698183,8.438595,16.282154,22.383638,15.370608"
0.5,5,38,-0.003954204998051929,-0.05727026323731274,-0.007843296436430114,0,"1.928613,14.802116,9.611384,11.067792,19.695092,15.104264"
0.5,5,39,-0.0074505208893711925,-0.04585415020232858,-0.014840347281258798,0,"2.017276,7.88517,9.120419,16.219411,22.984271,14.216203"
0.5,5,40,0.01313697731621292,-0.055035964894829925,0.02630268790941126,0,"2.034145,9.667559,10.422386,12.014451,21.153772,13.387445"
0.5,5,41,-0.004706445029455287,-0.051812522053736904,-0.009351725811045791,0,"1.965123,10.52641,8.769197,15.570869,22.17866,15.040081"
0.5,5,42,-0.004755521625128122,-0.05438293854155861,-0.00944721309861607,0,"2.020281,9.839326,10.091735,12.725733,21.358749,13.717972"
0.5,5,43,-0.006954654604842721,-0.05399682647552345,-0.013841470912297621,0,"2.011055,9.953839,9.871303,13.199922,21.495401,13.938323"
0.5,5,44,-0.0096268363873866,-0.062212291484459545,-0.019172288195093645,0,"2.098665,10.107367,8.297883,13.906992,24.25772,7.644498"
0.5,5,45,0.006840680799485622,-0.05002547449142337,0.013717669404058608,0,"1.996688,8.377984,10.781563,18.914571,15.458384,10.079124"
0.5,5,46,-0.006509072321748222,-0.05719400630528552,-0.012948002634556602,0,"2.032127,10.946857,8.467202,11.727605,25.525685,13.825503"
0.5,5,47,0.054164406764614544,-0.0030477856859002506,0.10822363767723775,0,"1.805936,7.739995,10.535897,9.424189,28.768832,11.789091"
0.5,5,48,-0.0055690115864295885,-0.07056893294050226,-0.011056397842076598,0,"2.120557,11.132315,8.676201,16.37685,19.005592,12.885653"
0.5,5,49,-0.0023435207541549633,-0.06084696592777896,-0.004621572969412735,0,"2.079995,10.080601,8.854112,13.68686,24.081407,7.668118"
0.5,5,50,-0.004104063684308514,-0.032384716571424346,-0.008167575076968636,0,"1.842454,9.834299,9.545986,13.709703,20.535317,15.69121"
0.5,5,51,-0.007935837659090209,-0.0476543178939339,-0.015808212787498985,0,"2.012288,8.228715,9.539604,15.613875,23.020199,13.144471"
0.5,5,52,-0.008471427592213275,-0.053930248997136776,-0.016872052882546867,0,"2.007108,9.952661,10.165356,13.097635,21.779474,12.912906"
0.5,5,53,-0.0045674552252585035,-0.056623553794179424,-0.009069217679043784,0,"2.024652,10.780175,8.995225,11.870704,25.138044,12.818889"
0.5,5,54,-0.006870589313615133,-0.075315769609402,-0.013652210646973889,0,"2.15195,11.500171,8.859469,16.903865,18.077427,12.218443"
0.5,5,55,-0.0043133885997713355,-0.04704020741229527,-0.008571165826304072,0,"1.92824,10.000268,10.726331,14.240465,19.83536,17.189587"
0.5,5,56,-0.005259492878067383,-0.07718939264801403,-0.010431364998488263,0,"2.198966,10.301896,10.427859,14.394543,23.14813,9.665551"
0.5,5,57,-0.004758255758999471,-0.07471687431138789,-0.009432362281406148,0,"2.200998,10.236467,9.148048,13.915139,24.952344,5.662556"
0.5,5,58,-0.0020154915964919486,-0.07127504812572588,-0.003955752392465706,0,"2.161037,9.275354,10.930115,16.966386,19.58776,7.643653"
0.5,5,59,-0.007457172848204526,-0.059351194280140754,-0.014840154347781132,0,"2.047199,10.529365,9.31769,12.719982,24.212997,11.956274"
0.5,5,60,-0.006127658740872307,-0.04796584672367289,-0.012195156478542399,0,"1.935632,9.916667,10.833829,14.523559,19.527011,16.902048"
0.5,5,61,-0.002320192805741083,-0.033786806224578525,-0.004601996808449138,0,"1.852163,9.722832,9.689309,14.087161,20.124185,15.307824"
0.5,5,62,-0.006826377771520659,-0.07073142299162888,-0.013568455664385304,0,"2.139931,10.205384,10.304766,14.343312,22.644139,10.605901"
0.5,5,63,0.006803418599903361,-0.07259516062500801,0.013665766593837891,0,"2.181265,10.204297,9.10702,13.898063,24.784347,5.975084"
0.5,5,64,-0.0071987829446305265,-0.052187643566477024,-0.01433104719849608,0,"1.975942,9.964605,10.546019,14.419309,20.403233,15.080463"
0.5,5,65,-0.009214229611886152,-0.043798197188202125,-0.01836629473185225,0,"1.921991,9.835321,9.716466,14.103642,20.92025,13.760241"
0.5,5,66,-0.007603533597412163,-0.021263733270273477,-0.015170632828725328,0,"1.835749,7.98583,11.447515,10.609705,26.434571,12.661615"
0.5,5,67,0.07430455259412722,-0.04246969973736758,0.1485030718161756,0,"1.960487,8.861544,10.061385,11.824367,26.11921,8.993427"
0.5,5,68,-0.007360225571659171,-0.05114278027099543,-0.014654653709338009,0,"1.973363,9.780755,10.465246,13.986818,21.355896,14.065937"
0.5,5,69,0.042592122270248736,-0.04451068972786132,0.08514361161860673,0,"1.96306,9.045379,10.142157,12.256856,25.166547,10.007875"
0.5,5,70,-0.0060398474680829995,-0.05015139970585136,-0.012017526010449697,0,"1.971645,9.65819,10.411397,13.698491,21.991005,13.389587"
0.5,5,71,-0.006404159885323228,-0.045520839814867986,-0.012750048881949638,0,"1.932844,9.853896,10.036323,13.850735,21.300181,12.764504"
0.5,5,72,-0.007887265399079014,-0.05386107627346744,-0.015704964757127432,0,"2.00382,9.95168,10.410402,13.012396,22.016202,12.058393"
0.5,5,73,-0.008148363931629517,-0.04897767162727468,-0.0162315186729588,0,"2.008135,8.515028,9.888935,15.109262,23.050139,12.251364"
0.5,5,74,0.010879759552082514,-0.027981171471271132,0.021765734541095205,0,"1.860744,8.312607,11.478871,10.939117,25.895449,11.848985"
0.5,5,75,-0.007308348336672045,-0.058551274345553385,-0.014543601797201336,0,"2.037196,10.432265,9.704002,12.697685,24.044137,11.261204"
0.5,5,76,-0.008182071790534123,-0.0512616922897884,-0.016296585303474984,0,"1.975702,9.808425,10.660312,13.753382,21.66322,13.01925"
0.5,5,77,-0.007801507492834192,-0.07161197601163942,-0.015515887122534211,0,"2.123526,11.190196,9.2997,16.064117,19.19579,11.197867"
0.5,5,78,-0.00674785920862407,-0.06744957877362959,-0.013414853984490022,0,"2.113303,10.094189,10.496662,13.890278,23.089594,9.760172"
0.5,5,79,-0.008295922873544678,-0.06387601584244053,-0.016511458272973942,0,"2.082887,10.05414,10.419939,13.883688,22.791359,10.26088"
0.5,5,80,-0.0093150240072841,-0.056224629620854116,-0.018555268116830517,0,"2.022871,9.389792,11.067644,15.438664,19.928045,10.929994"
0.5,5,81,0.002786783447918541,-0.034894354751544954,0.00560285839219643,0,"1.905074,8.031929,12.061306,11.863752,25.020477,10.904039"
0.5,5,82,-0.006803815232010311,-0.06629279240264206,-0.013527809861756224,0,"2.086617,10.663776,9.759949,15.364055,20.166572,11.148896"
0.5,5,83,-0.009732757569332,-0.05581599916584475,-0.019390308830667488,0,"2.016947,9.482621,11.162312,14.963253,20.473344,10.405978"
0.5,5,84,-0.008676846779705212,-0.062151545272808806,-0.017274267746391223,0,"2.06688,10.036245,10.622556,13.66744,22.859439,9.848392"
0.5,5,85,-0.008831136784544545,-0.05161672510447907,-0.017593063780204407,0,"1.977651,9.831483,10.822868,13.558851,21.919323,12.147013"
0.5,5,86,-0.006981993634172416,-0.04991135461226712,-0.013900175737994569,0,"2.004675,8.753635,10.180049,14.688752,23.075089,11.50711"
0.5,5,87,-0.007538607432674146,-0.05379110197566014,-0.015008415348024606,0,"2.001081,9.950862,10.614609,12.941363,22.213474,11.346302"
0.5,5,88,-0.007958821524219976,-0.06874603327428891,-0.01583306395121445,0,"2.100653,10.982957,9.68901,15.484464,19.863132,10.629203"
0.5,5,89,-0.0022164584990156016,-0.06412178716903645,-0.004364430780082085,0,"2.045299,11.323419,11.335619,13.045105,20.434428,9.213856"
0.5,5,90,-0.007105887545028492,-0.0525669965289249,-0.014145063030497562,0,"2.011428,9.181902,10.372642,14.414811,22.634979,11.124891"
0.5,5,91,-0.007241034329980301,-0.06207393437458345,-0.01440558913644957,0,"2.038511,10.895104,11.143023,13.319046,20.874538,9.596049"
0.5,5,92,-0.008717911947836419,-0.060658005162259734,-0.01735780808242815,0,"2.033989,10.609562,11.014625,13.501673,21.167945,9.850849"
0.5,5,93,-0.00835288313153602,-0.06361522892562885,-0.016625525508637773,0,"2.059947,10.345677,11.034392,14.979264,20.947533,8.876208"
0.5,5,94,-0.0063273860874418,-0.04666979652486409,-0.01259550687148725,0,"1.947673,9.101199,12.408492,12.267766,23.659342,9.008932"
0.5,5,95,-0.007920537375760697,-0.0652425072353879,-0.015760072172113893,0,"2.074912,10.669321,10.142244,14.948347,20.495834,10.359149"
0.5,5,96,-0.008542443923801431,-0.055418675106111016,-0.01701245671578097,0,"2.012014,9.559978,11.241202,14.567077,20.92776,9.969304"
0.5,5,97,-0.005555983699686374,-0.05191543509598706,-0.011049002961315446,0,"1.979276,9.850697,10.958332,13.396743,22.132742,11.420152"
0.5,5,98,-0.00929775848002678,-0.059618775149438544,-0.018517380804100023,0,"2.026202,10.499096,11.11813,13.349095,21.506594,9.506706"
0.5,5,99,-0.008616387082350433,-0.0606412079879971,-0.017154977978734137,0,"2.053568,10.021333,10.791404,13.487233,22.916172,9.504658"
0.5,5,100,-0.008813338535072275,-0.06197340630981271,-0.01754715650732741,0,"2.047802,10.279192,11.134602,14.58042,21.322917,8.694526"
0.5,5,101,-0.008449527349935846,-0.06628759433743121,-0.01681595115437988,0,"2.081647,10.810257,10.013443,15.00142,20.41925,10.155322"
0.5,5,102,-0.0027411457625213685,-0.06705262709992402,-0.005409829068873939,0,"2.090598,10.52151,11.019808,14.460405,21.298101,7.119309"
0.5,5,103,-0.009212271348760475,-0.05445467147268907,-0.018351736289758502,0,"1.997699,9.962498,10.968578,13.57402,21.993635,10.703223"
0.5,5,104,-0.004212042000296963,-0.04885209596350306,-0.008366865039590832,0,"1.960388,9.279389,12.283101,12.379931,23.536389,8.566187"
0.5,5,105,-0.007507607157032637,-0.06342019805147558,-0.014936857258755043,0,"2.061283,10.555106,10.391712,14.564504,20.938773,9.890453"
0.5,5,106,-0.0058467586068184025,-0.05845982335261017,-0.011623433956327867,0,"2.01972,10.407042,11.204383,13.221946,21.788801,9.219927"
0.5,5,107,-0.006471733428670837,-0.05429423381297451,-0.012876296327201497,0,"1.995982,9.959877,11.079757,13.409383,22.194669,10.217005"
0.5,5,108,-0.009208830232719026,-0.060599787351758264,-0.018338721956130163,0,"2.037697,10.223789,11.218111,14.24805,21.635737,8.543128"
0.5,5,109,-0.00745257062613113,-0.05947450133458325,-0.014830835915012663,0,"2.042495,10.008906,10.932112,13.337061,22.96345,9.21822"
0.5,5,110,-0.008524788396317871,-0.05508386034102834,-0.016977515416877836,0,"2.007906,9.624443,11.306944,14.236931,21.30644,9.605417"
0.5,5,111,-0.00817787585132308,-0.06417375021788305,-0.0162753026497785,0,"2.065849,10.666342,10.283807,14.598883,20.882681,9.760428"
0.5,5,112,-0.0076398611264831,-0.05717893062633281,-0.015207335986353515,0,"2.025942,9.736336,10.947742,14.250224,22.272137,9.156794"
0.5,5,113,-0.009579130977970644,-0.06236239929952153,-0.01907682273390786,0,"2.059842,10.108981,11.028363,14.343066,21.892092,7.806529"
0.5,5,114,-0.005931148374476764,-0.05814223863021345,-0.01179236214817514,0,"2.018959,10.09331,11.208092,14.750724,20.766192,8.334543"
0.5,5,115,-0.008030876493630936,-0.0592602006393242,-0.015986506280342205,0,"2.038566,10.022973,10.978109,13.572671,22.59724,9.070933"
0.5,5,116,-0.0058630925298203,-0.06105477952426414,-0.011653476803313023,0,"2.039706,10.461433,11.202585,13.61171,21.565872,8.367343"
0.5,5,117,-0.009636837047965708,-0.05785139355058455,-0.019196626076304527,0,"2.028234,9.857183,10.990216,14.143805,22.154426,9.025213"
0.5,5,118,-0.009074695702343604,-0.05868779971921227,-0.018072630973994003,0,"2.023639,10.119526,11.176254,14.47964,21.093165,8.437957"
0.5,5,119,-0.0013125826703057368,-0.051540103881598756,-0.0025710541825473276,0,"1.982578,9.293911,12.168053,13.413681,22.877885,7.307981"
0.5,5,120,-0.009217508447319646,-0.06213116997380947,-0.01835453119347201,0,"2.051898,10.437598,10.597843,14.401349,21.215215,9.351614"
0.5,5,121,-0.009121608748543756,-0.06301911331763127,-0.01816203634742246,0,"2.055,10.606848,10.908535,13.830439,22.423718,7.37835"
0.5,5,122,-0.00696836024555795,-0.06121186365805008,-0.013861646980477371,0,"2.049654,10.274196,10.949986,13.371329,23.080511,8.192272"
0.5,5,123,-0.0046378892274394805,-0.05892289788030413,-0.009207647909089567,0,"2.027968,10.145304,11.138542,14.294922,21.424389,8.397008"
0.5,5,124,-0.008057662017017577,-0.05712608339339204,-0.016042155794846913,0,"2.021411,9.872115,11.097789,13.884204,22.328662,8.818693"
0.5,5,125,-0.00919993017995044,-0.0609107672438907,-0.018320628963693297,0,"2.047714,10.081946,11.129578,14.050255,22.11005,7.803144"
0.5,5,126,-0.007079558943977107,-0.06068524196857201,-0.014084348297687954,0,"2.041105,10.355793,10.770811,14.098824,21.545986,9.090687"
0.5,5,127,-0.009369958375530438,-0.05931161713046268,-0.018661943190739674,0,"2.029289,10.177619,11.287701,13.971075,21.896421,8.416967"
0.5,5,128,-0.0065706182532936684,-0.06149025366176037,-0.013066679573352225,0,"2.043686,10.496834,11.029721,13.623066,22.553072,7.446322"
0.5,5,129,-0.0075045154557665614,-0.0577141045478606,-0.014936380426558704,0,"2.017586,10.090733,11.25282,14.164067,21.444277,8.329326"
0.5,5,130,-0.009754335632582985,-0.05479562145885948,-0.019434441202504607,0,"2.004485,9.678164,11.361729,13.961809,21.622006,9.302183"
0.5,5,131,-0.002818717040490265,-0.05367123590240565,-0.0055781846604177066,0,"1.994886,9.593329,11.817616,13.440379,22.654432,7.728203"
0.5,5,132,-0.007998037866286271,-0.05962209571929633,-0.015920533103749496,0,"2.033379,10.228714,10.945277,13.989083,21.730727,8.86358"
0.5,5,133,-0.009703394121799653,-0.057243243824745035,-0.01933021478498957,0,"2.023584,9.904376,11.233089,13.316809,22.851624,8.667542"
0.5,5,134,-0.010418102353393794,-0.054691071291997066,-0.020760752882612976,0,"2.00456,9.658286,11.636571,13.267701,22.938807,8.067973"
0.5,5,135,-0.005922764364234441,-0.05385900186302656,-0.011779889836769086,0,"1.99977,9.563217,11.751787,13.14747,23.140154,7.935388"
0.5,5,136,-0.008752082115480422,-0.05635918945011634,-0.017430374666843884,0,"2.01088,9.943604,11.663653,13.167079,22.544254,7.862643"
0.5,5,137,-0.010128260946558054,-0.056439622475852956,-0.020179902368271982,0,"2.012634,9.93169,11.569342,13.2866,22.508322,8.021968"
0.5,5,138,0.006620823631285934,-0.05151743104987036,0.013279884808812925,0,"1.973125,9.68369,11.778451,12.746477,22.895623,8.951165"
0.5,5,139,-0.00976378289680113,-0.0591934819512773,-0.01944892338826272,0,"2.035223,10.015569,11.237723,13.832958,22.240979,7.994456"
0.5,5,140,-0.009896617443151413,-0.052548043501445055,-0.019720965876924457,0,"1.993356,9.534004,11.603668,12.779618,23.224105,8.196426"
0.5,5,141,-0.009993776700127742,-0.05309323956349428,-0.019914545615076912,0,"1.988981,9.683786,11.781808,13.25482,22.393061,7.788867"
0.5,5,142,-0.006623502671999654,-0.05496154252879888,-0.013178864936533974,0,"2.002859,9.91187,11.793193,12.374158,23.879698,6.650478"
0.5,5,143,-0.010468735975324217,-0.054845210073741,-0.020861764975599092,0,"2.004214,9.717115,11.43364,13.6972,21.998288,8.860083"
0.5,5,144,-0.007504467336602419,-0.0493804575115169,-0.014944609606087234,0,"1.962024,9.474985,11.982505,12.457755,23.179829,8.246026"
0.5,5,145,-0.009626468936696945,-0.057517959263718235,-0.01917624367045971,0,"2.022965,9.925471,11.361853,13.603758,22.397454,8.036383"
0.5,5,146,-0.009975809243354991,-0.0547292901486198,-0.019877012184376985,0,"2.004503,9.668091,11.602749,13.339284,22.782054,8.199981"
0.5,5,147,-0.007733623202362846,-0.056218377371897166,-0.015395632394958836,0,"2.01123,9.895927,11.546725,13.355033,22.423316,8.161642"
0.5,5,148,-0.004851203171266575,-0.05337927693962276,-0.009639387677915612,0,"1.991518,9.68934,11.72378,13.32855,22.327266,7.96738"
0.5,5,149,-0.004771711358726434,-0.05293803660572294,-0.009481003677169975,0,"1.995165,9.564523,11.57533,12.932548,23.019802,8.307029"
0.5,5,150,-0.009197063446693928,-0.0535695258670706,-0.018322235132388398,0,"1.990205,9.908496,11.601985,12.771367,22.99958,7.965177"
0.5,5,151,-0.008235912785900001,-0.058530073519410974,-0.01639689859968091,0,"2.030045,9.965827,11.270376,13.810332,22.20053,8.138715"
0.5,5,152,-0.009367152204564126,-0.05745641865947793,-0.018658189800668107,0,"2.015395,10.050412,11.484421,13.834707,21.890543,8.123944"
0.5,5,153,-0.007922534176873625,-0.05839046202149609,-0.015770906984741012,0,"2.027039,10.045949,11.256186,13.607425,22.437505,8.515801"
0.5,5,154,-0.00972402744996284,-0.056263468853263235,-0.019372419012060355,0,"2.01254,9.889369,11.336394,13.665072,22.346184,8.439576"
0.5,5,155,-0.005997678542724351,-0.053401357024588474,-0.011930025702721392,0,"1.991953,9.687154,11.653669,13.431896,22.301555,8.060018"
0.5,5,156,-0.009051185625520618,-0.05756065889036989,-0.018026783808342522,0,"2.021178,9.98615,11.322433,13.57817,22.414846,8.439833"
0.5,5,157,-0.008144067155101546,-0.05300970087797109,-0.0162189057036215,0,"1.986027,9.77405,11.656832,13.151601,22.609968,8.537474"
0.5,5,158,-0.007400307174420423,-0.057569893090892554,-0.014728316139610342,0,"2.022688,9.933864,11.334785,13.700544,22.26877,8.205172"
0.5,5,159,-0.008703161237497465,-0.054554135519869526,-0.01733443390556949,0,"2.004454,9.676262,11.574564,13.398937,22.651426,8.309992"
0.5,5,160,-0.009405916315533336,-0.056068712013563546,-0.018737026892160946,0,"2.011152,9.86066,11.352602,13.670427,22.288201,8.509658"
0.5,5,161,-0.004687793049181256,-0.05698143056250178,-0.009309295372427584,0,"2.01353,9.994862,11.475958,13.811789,21.9085,8.246625"
0.5,5,162,-0.007899749279488753,-0.053775547271267585,-0.01572999301868755,0,"1.992537,9.876599,11.573928,12.925673,22.832698,8.114314"
0.5,5,163,-0.00626594224050251,-0.05712200449720226,-0.012462300176331487,0,"2.018347,9.94131,11.340968,13.598008,22.34542,8.509873"
0.5,5,164,-0.010052921547686031,-0.057920837874177955,-0.02002789436313475,0,"2.025733,9.924375,11.297587,13.791477,22.166823,8.258935"
0.5,5,165,-0.010041909559122788,-0.05442976283221865,-0.02000937997543792,0,"2.005268,9.670579,11.381805,13.215451,22.852452,8.607654"
0.5,5,166,-0.009371586778162347,-0.05347991898104796,-0.018671022614728916,0,"1.996109,9.633887,11.530407,13.301713,22.584543,8.376994"
0.5,5,167,-0.006174357814627591,-0.05663443077025335,-0.012279801397087842,0,"2.023129,9.617694,11.282941,14.099396,22.014546,8.860145"
0.5,5,168,-0.01042309961676954,-0.054275047077764524,-0.020771153033427886,0,"1.997626,9.833448,11.52543,13.121293,22.69634,8.23861"
0.5,5,169,-0.010273625274494288,-0.05560760912339605,-0.020471171768097082,0,"2.008898,9.870426,11.265926,13.533583,22.210789,8.640649"
0.5,5,170,-0.005605362646130459,-0.057454803590075126,-0.011142128360310533,0,"2.021534,9.991649,11.221923,13.708097,22.153088,8.66153"
0.5,5,171,-0.009592472199622188,-0.05414074805357408,-0.01911169195923157,0,"2.00034,9.693513,11.478993,13.369444,22.512634,8.424415"
0.5,5,172,-0.004330040351705788,-0.05434350770454968,-0.008597140055651376,0,"2.002864,9.709159,11.441858,13.239056,22.524241,8.500448"
0.5,5,173,-0.006939437216549912,-0.0557457619482818,-0.013809319351799743,0,"2.00977,9.835409,11.367478,13.598531,22.327541,8.508123"
0.5,5,174,-0.01065543293385139,-0.05438016608503897,-0.021235250451166574,0,"1.998724,9.814059,11.510131,13.217277,22.579998,8.342183"
0.5,5,175,-0.00975488180233153,-0.05548471089288202,-0.019434844049720457,0,"2.008117,9.844874,11.293878,13.560853,22.175373,8.677221"
0.5,5,176,-0.006112897939643135,-0.05739961971748511,-0.012156240019549236,0,"2.022141,9.889831,11.320262,13.775764,22.138734,8.359121"
0.5,5,177,-0.009921426083523118,-0.05451431490525298,-0.019768569282858126,0,"2.005092,9.678335,11.390444,13.295742,22.710091,8.649725"
0.5,5,178,-0.00704981610051055,-0.054256418378254505,-0.01403134443820464,0,"2.000985,9.697447,11.471434,13.42407,22.42691,8.497024"
0.5,5,179,-0.009244773601724664,-0.05582957249474717,-0.018415302328625954,0,"2.009995,9.836735,11.366108,13.674889,22.239882,8.568061"
0.5,5,180,-0.00822650199153216,-0.052371746025356644,-0.016384247989049916,0,"1.986947,9.639691,11.501616,13.180913,22.571446,8.838984"
0.5,5,181,-0.006578385332030976,-0.05487588395589575,-0.013088805974131923,0,"2.003369,9.812823,11.360505,13.451555,22.33145,8.81506"
0.5,5,182,-0.008364863884382795,-0.05437950848861782,-0.016658689570706264,0,"2.001382,9.716676,11.452946,13.428651,22.411,8.550029"
0.5,5,183,-0.009749883564760529,-0.05735372786660893,-0.019422990411243207,0,"2.022274,9.896241,11.3141,13.777291,22.133431,8.376788"
0.5,5,184,-0.009785728651176443,-0.05646861197349968,-0.019495493197182204,0,"2.014755,9.87911,11.316488,13.645767,22.201355,8.607986"
0.5,5,185,-0.0050577715193875425,-0.05552238742181974,-0.010049970680672593,0,"2.008858,9.804956,11.376447,13.532355,22.299756,8.585661"
0.65,1,1,0.0,0.0,0.0,0,"1.6,10.0,10.0,20.0,20.0,20.0"
0.65,1,2,0.0027160033158562594,-0.07983937369729821,0.007900382214241483,0,"2.203701,10.0,10.0,20.0,20.0,20.0"
0.65,1,3,0.005971979202888233,-0.013695698912695356,0.017071161430516582,0,"1.6,15.024932,10.0,20.0,20.0,20.0"
0.65,1,4,0.004558636401873609,-0.005072652554827423,0.01302107499938418,0,"1.6,10.0,15.024932,20.0,20.0,20.0"
0.65,1,5,0.008004250718243842,-0.004242027064179408,0.022854311505167854,0,"1.6,10.0,10.0,30.025,20.0,20.0"
0.65,1,6,0.006917877198819369,-0.0011846293855248373,0.019747815635564325,0,"1.6,10.0,10.0,20.0,30.025,20.0"
0.65,1,7,0.004626601765291923,-0.0003339228118839423,0.01320627605286042,0,"1.6,10.0,10.0,20.0,20.0,30.025"
0.65,1,8,-0.00023778014962118923,-0.033444849014336725,-0.0006166433502550889,0,"1.793809,11.674956,11.674956,9.975047,23.341667,23.341667"
0.65,1,9,0.021808507564085845,-0.03627894175678864,0.06231508170751465,0,"1.826904,11.954119,11.954119,6.634648,23.898611,23.898611"
0.65,1,10,0.0025122685442960386,-0.04718784729384918,0.007258286413692139,0,"1.860211,12.233283,12.233283,16.658333,11.088904,24.455556"
0.65,1,11,-0.0019035088058996807,-0.03427408988064634,-0.005369575131945942,0,"1.950019,6.279625,12.977721,15.544445,18.143519,25.940741"
0.65,1,12,0.0014685247921594966,-0.02190107927470697,0.004232226327067379,0,"2.010653,4.827921,13.474014,14.801852,17.834105,26.930864"
0.65,1,13,-0.002455210955558588,-0.06657647216068313,-0.006884362062663463,0,"2.071861,10.062034,13.970308,14.05926,17.524691,14.554321"
0.65,1,14,-0.004827012333683754,-0.07502690492139635,-0.013638489640316387,0,"2.154314,10.072373,14.632033,13.069138,17.11214,11.975881"
0.65,1,15,-6.673817508877112e-5,-0.07698744087253778,-4.765616817931084e-5,0,"2.265643,10.086158,8.814512,11.748979,16.562071,21.904612"
0.65,1,16,0.09679948255858603,-0.008854320031804114,0.2763100838207698,0,"1.674494,10.114878,13.444145,8.998752,15.416095,22.539483"
0.65,1,17,0.00072417987957094,-0.07018115776281962,0.002197224581466456,0,"2.11235,10.019146,10.574012,18.166438,19.236016,20.423247"
0.65,1,18,-0.0026159301761876897,-0.049642537696517774,-0.00737451841497061,0,"2.091894,7.144245,10.657746,12.842999,27.042915,16.739825"
0.65,1,19,0.024470136876543373,-0.023771067095319842,0.0698889341234632,0,"1.834039,8.399308,12.344931,9.560482,21.498088,19.544326"
0.65,1,20,-0.0006043896174635927,-0.06361185118681292,-0.001607084099306877,0,"2.065116,9.749157,10.869162,16.7321,19.613028,20.27676"
0.65,1,21,0.028121963205647787,-0.09540220800695069,0.08044519663437222,0,"2.536386,8.334851,13.20869,6.638859,20.605113,20.059827"
0.65,1,22,-0.0014122946436022563,-0.022936418813624272,-0.003988542803977167,0,"1.746099,9.722457,10.53477,17.772925,20.100852,20.009971"
0.65,1,23,0.0022127627541248716,-0.010544065753986146,0.006335425708191702,0,"1.678376,8.127505,14.96774,16.896563,25.222635,17.523667"
0.65,1,24,-0.004742426170438627,-0.0688099944001506,-0.01340859047831748,0,"2.164044,9.75969,9.839979,12.606906,18.005499,21.174455"
0.65,1,25,0.006220935532931444,-0.06704507449179256,0.017880733070789523,0,"2.26854,5.902677,11.495492,19.547835,16.664318,15.364209"
0.65,1,26,-0.0009048468203687664,-0.04195049500247844,-0.002504863703773813,0,"1.870437,10.712468,11.645045,11.570482,22.228775,22.01209"
0.65,1,27,-0.00456345811504605,-0.037870462990250264,-0.012955165731703688,0,"1.924074,8.147195,12.559921,11.070208,21.264872,19.007559"
0.65,1,28,-0.003633380915251949,-0.05478913435704022,-0.010269068011759308,0,"2.138968,6.330161,12.08899,16.06506,18.327824,16.270718"
0.65,1,29,0.051697056999544515,-0.07519011069143411,0.14769781810045368,0,"2.409636,6.18914,13.717358,9.293411,19.864737,17.026419"
0.65,1,30,-0.0025954587563914383,-0.0356030853131947,-0.0073421342969540795,0,"1.851947,9.133287,11.065195,16.359657,20.0615,19.512712"
0.65,1,31,-0.0014554663032165342,-0.07208029244971248,-0.004020591160622866,0,"2.157725,10.583569,10.636892,11.793545,22.461398,8.953103"
0.65,1,32,-0.0029807587847512054,-0.04211408366049968,-0.008429811989073444,0,"1.984187,6.996297,12.587581,14.919294,18.863165,23.109446"
0.65,1,33,-0.00553291693386576,-0.07217876137865209,-0.0156586291964311,0,"2.306779,7.016413,13.056876,10.498231,20.143972,16.579913"
0.65,1,34,0.045047744551854826,-0.0763952621431534,0.12872099749464216,0,"2.385241,6.663849,13.388825,9.521367,20.157717,16.091113"
0.65,1,35,-0.0004103191191896733,-0.06741454497469798,-0.001046095804070557,0,"2.130081,8.96272,14.264048,13.233268,10.862928,19.299497"
0.65,1,36,-0.0035451099524446044,-0.05379534990935381,-0.010018960967613885,0,"2.098245,7.447228,11.25879,12.908044,24.346247,17.166437"
0.65,1,37,0.033414971444736805,-0.07925473257849266,0.0955230113341311,0,"2.279132,9.261182,11.891267,10.48658,20.870353,10.94889"
0.65,1,38,-0.0037964222042921616,-0.04903757353805187,-0.010745105698565516,0,"2.032505,7.373627,12.471528,14.180504,19.197696,21.082684"
0.65,1,39,0.0001314354344220449,-0.06730172049736055,0.0005000187034260861,0,"2.140099,8.785428,13.62431,12.92196,13.671088,18.197297"
0.65,1,40,-0.0039053298674036185,-0.05659993363995186,-0.011041929243720994,0,"2.105204,7.670217,11.653041,12.910363,22.567054,17.338247"
0.65,1,41,-0.003960852998657798,-0.06448331880930055,-0.011185782336040395,0,"2.088159,10.350699,12.648788,8.713537,21.102587,19.448859"
0.65,1,42,-0.0031496791452774245,-0.07637249459020462,-0.008848400239171661,0,"2.214362,10.298635,12.325336,8.775707,20.867678,14.092286"
0.65,1,43,-0.004240059777058048,-0.05434782453347271,-0.012001523308438108,0,"2.062496,7.860985,12.447163,13.27968,19.476027,19.917617"
0.65,1,44,0.002104219522246336,-0.06894270536987535,0.006133958272404039,0,"2.126247,10.065509,13.408533,10.168839,16.467978,18.696512"
0.65,1,45,-0.004281774979665624,-0.059153058083810744,-0.012111675444301834,0,"2.108707,8.069349,11.945622,12.453438,21.550541,17.564625"
0.65,1,46,-0.004738985225452041,-0.05792589273732021,-0.013418962166898196,0,"2.150276,6.625333,12.178395,15.612476,18.081763,15.957822"
0.65,1,47,-0.006216681346698487,-0.07163497389244278,-0.017611299025741114,0,"2.205839,8.702042,12.290431,11.823777,19.243569,14.169132"
0.65,1,48,0.018921885561175408,-0.0742576194375944,0.05414629089142242,0,"2.22999,8.842233,12.264309,11.581128,19.204826,13.211052"
0.65,1,49,-0.005586185428290871,-0.07121591505499636,-0.015812459207949547,0,"2.191478,8.704552,12.906909,12.44013,16.400063,15.390294"
0.65,1,50,-0.0015957777468070078,-0.09779180994950344,-0.004373378251291082,0,"2.476086,8.812492,12.408272,14.280013,15.06413,12.741607"
0.65,1,51,-0.0055477812187202805,-0.04921997460428351,-0.01574365130648636,0,"2.013263,8.258071,12.534646,11.605171,20.231415,17.963233"
0.65,1,52,-0.004620607332712804,-0.07673191785609494,-0.013046186916244734,0,"2.194037,10.879863,12.908548,8.402182,18.96379,16.459812"
0.65,1,53,-0.0056039964170428854,-0.06210473713754264,-0.01588020076467385,0,"2.157552,7.333966,12.300087,14.410723,18.228767,16.041487"
0.65,1,54,0.01110509132596175,-0.06540443057566854,0.03181847925170811,0,"2.178047,6.936417,16.067062,12.00881,19.114477,9.532262"
0.65,1,55,-0.002500585159150418,-0.06876151580857526,-0.007009819248964877,0,"2.166376,9.289027,10.877801,12.507224,18.190328,19.234077"
0.65,1,56,-0.0041841780123858035,-0.06382579585537458,-0.011824436263964067,0,"2.165579,7.561926,12.298478,13.979565,18.397901,15.729428"
0.65,1,57,-0.005005216533244586,-0.0712960920273487,-0.014154057580781532,0,"2.19387,8.704133,12.804162,12.337404,16.873981,15.186767"
0.65,1,58,-0.0056339849541462055,-0.05318656204964553,-0.015982342482699974,0,"2.044996,8.332063,12.493943,11.641606,20.066774,17.330883"
0.65,1,59,-0.0032900657171433955,-0.07245522334545206,-0.00925637169107707,0,"2.289873,7.297253,12.929135,10.719153,19.993905,16.178116"
0.65,1,60,-0.004566529062056814,-0.07465314418816088,-0.01289568864944915,0,"2.162877,9.843975,14.241765,12.861577,17.467378,12.341422"
0.65,1,61,0.0004839523364442834,-0.06942655367597783,0.0015101458436810877,0,"2.170994,9.583408,10.248378,12.476385,18.211844,20.006901"
0.65,1,62,0.007524838720303313,-0.06662321484057807,0.02160166636206562,0,"2.182672,7.230575,15.437623,11.977971,19.135992,10.305046"
0.65,1,63,-0.004358830508914387,-0.06923832351639414,-0.012312903092989103,0,"2.17294,9.191193,11.113238,12.393316,18.365868,18.38992"
0.65,1,64,-0.0056771870625006125,-0.059950570388715096,-0.0160931045861223,0,"2.027374,10.148159,12.151535,14.293276,16.811252,14.871066"
0.65,1,65,0.007880059851342509,-0.06887117650557836,0.02261974059104077,0,"2.103157,10.745548,12.73321,11.137427,17.878373,15.033634"
0.65,1,66,-0.005596411413633687,-0.06522053385521927,-0.015852770277230754,0,"2.15514,8.092399,12.370933,13.505873,18.311313,15.613462"
0.65,1,67,-0.004161337540453611,-0.06335565621971714,-0.011760115210249167,0,"2.089989,8.749667,14.337694,13.09452,17.892221,11.447666"
0.65,1,68,-0.005347614141490267,-0.06844771703452694,-0.01513664371462202,0,"2.159051,9.117604,11.650643,12.510183,18.286927,17.232876"
0.65,1,69,0.0018304986635553472,-0.052092376433444,0.005321417748643031,0,"2.098688,7.854924,10.345473,12.509127,19.063894,19.126644"
0.65,1,70,-0.00452346305228017,-0.07187725858360977,-0.012777915896106246,0,"2.152141,9.512431,13.592379,12.802836,17.733464,13.47229"
0.65,1,71,-0.005732584152207465,-0.06215525300341254,-0.016247133545754952,0,"2.056809,9.907129,12.174684,13.881692,17.216639,14.754077"
0.65,1,72,-0.005534980141725418,-0.056395233678754694,-0.01569380116978515,0,"2.071556,8.393724,12.460025,11.671968,19.929573,16.803924"
0.65,1,73,0.002108073797890653,-0.06622752378714375,0.0061399220446761715,0,"2.163567,8.194,12.357516,13.225524,18.466689,15.37274"
0.65,1,74,-0.005791230726957742,-0.06900458032253373,-0.0164018203218156,0,"2.166829,9.048342,11.757274,12.395782,18.446367,16.722252"
0.65,1,75,0.02090528421053516,-0.07137147935071124,0.059802128363388385,0,"2.195863,8.703785,12.71854,12.2518,17.268912,15.017161"
0.65,1,76,-0.005567622488879924,-0.07429782161062301,-0.015753757399266502,0,"2.170021,9.653645,13.916543,12.68861,17.76341,12.64604"
0.65,1,77,-0.005223101609887145,-0.06246269087589004,-0.014792352963658675,0,"2.082366,9.26247,12.266949,12.977316,19.75317,15.138893"
0.65,1,78,-0.005534801405792473,-0.06571325768441232,-0.01567600339174427,0,"2.087328,10.128527,12.597784,11.920858,18.98422,14.705365"
0.65,1,79,-0.006588402509687415,-0.07129383013804638,-0.01867293141172452,0,"2.170256,9.348627,12.79863,11.816912,17.441423,14.794702"
0.65,1,80,0.0055853650496397985,-0.07268323817680773,0.016077091920806974,0,"2.185005,9.362987,12.887243,11.623512,17.056132,14.737337"
0.65,1,81,0.02195167805708652,-0.06921367272499718,0.06278483500601617,0,"2.193066,8.222714,12.534743,12.838721,17.696107,15.25801"
0.65,1,82,-0.005422203586951577,-0.06651305823015784,-0.015353132864569644,0,"2.104846,9.810868,12.587277,12.073835,18.769535,14.797472"
0.65,1,83,-0.005544955826311509,-0.07155582882692711,-0.015694147388537194,0,"2.199897,8.809802,12.375131,11.822633,18.943211,14.273394"
0.65,1,84,-0.005976357646462628,-0.0692684523671856,-0.016929736413369367,0,"2.1674,9.098389,11.930833,12.299303,18.278877,16.400993"
0.65,1,85,-0.00500057015202029,-0.06378619967451177,-0.014154728477898837,0,"2.075593,9.814044,12.278675,13.537561,17.254103,14.760848"
0.65,1,86,-0.005415340452360259,-0.07380304421581323,-0.015320018477579508,0,"2.170061,9.602808,13.730224,12.543327,17.709745,13.00415"
0.65,1,87,0.010996673830479949,-0.05907720078423726,0.031497285602939074,0,"2.087913,8.552865,12.516459,11.696125,19.514881,16.469054"
0.65,1,88,-0.005576255249430128,-0.06671118833551624,-0.015792473175430408,0,"2.101084,9.998542,12.631259,11.903534,18.727087,14.720254"
0.65,1,89,-0.005951441870622848,-0.07896264322300992,-0.01684063408742084,0,"2.207065,10.337926,12.731791,12.944966,16.603267,12.849061"
0.65,1,90,-0.005666189979150834,-0.07983514215324546,-0.016024824138008348,0,"2.263987,9.251307,13.120614,10.906006,18.647101,13.920003"
0.65,1,91,0.012542557408018956,-0.0720003717130831,0.03593365962503914,0,"2.199556,9.345371,11.465866,11.354457,18.50391,15.981987"
0.65,1,92,0.0037297365557301763,-0.07370553977969659,0.010782489386576222,0,"2.174969,9.559902,13.35283,12.345182,17.842106,13.500455"
0.65,1,93,-0.005858921580777453,-0.069602585101735,-0.016593920081236835,0,"2.167876,9.140095,12.075466,12.218905,18.139301,16.133278"
0.65,1,94,-0.005824259122896772,-0.07775217068961522,-0.016479863599110953,0,"2.200918,10.17304,12.74293,12.756956,16.74296,13.173334"
0.65,1,95,0.020902267608879848,-0.07844420558616157,0.059806640052835314,0,"2.248291,9.267527,13.06695,11.057823,18.446155,14.065786"
0.65,1,96,-0.0008253186829187285,-0.06752293491408685,-0.002230423220278499,0,"2.112568,9.890221,12.659154,11.889097,18.51281,14.732662"
0.65,1,97,-0.0054146335688733645,-0.07159223841703165,-0.015322102508640773,0,"2.194949,8.899604,12.445714,11.82168,18.692913,14.360279"
0.65,1,98,-0.004813095652874192,-0.07338467045023729,-0.013601814234569826,0,"2.170093,9.560444,13.574958,12.422258,17.665025,13.302575"
0.65,1,99,-0.006227661773735271,-0.06510696400939472,-0.01765475166870034,0,"2.091285,9.736473,12.365334,13.250786,17.285323,14.76649"
0.65,1,100,0.006168966644121799,-0.07551844410933493,0.017748119402862472,0,"2.219425,9.062541,12.67519,12.873402,16.809505,14.11089"
0.65,1,101,-0.006079164076060591,-0.06894370215799822,-0.01722377813517309,0,"2.130274,9.752271,12.661826,12.053147,18.228926,14.629034"
0.65,1,102,-0.006320892050552899,-0.06800373997635882,-0.01791548342962257,0,"2.148251,9.456246,11.455013,12.217203,17.845257,15.983132"
0.65,1,103,-0.006093877867642259,-0.0684511029497323,-0.01726668945547291,0,"2.108095,10.302674,12.254018,12.949624,16.534816,15.466378"
0.65,1,104,0.013158072407223817,-0.05867785267591531,0.03766579994709052,0,"2.07154,9.072434,11.793832,12.078569,18.415389,17.417672"
0.65,1,105,-0.006316118002012755,-0.07484372073755821,-0.01788916678616624,0,"2.179201,9.9896,12.584747,12.643892,17.021698,13.880723"
0.65,1,106,-0.005576141771854317,-0.0689437916868933,-0.015788007156437384,0,"2.107898,10.388553,12.631057,12.758282,16.646513,13.706875"
0.65,1,107,-0.004981465368560068,-0.06971692620153822,-0.014089194709659109,0,"2.157847,9.348164,12.168064,12.308801,17.890503,15.728878"
0.65,1,108,-0.005118291625213285,-0.06857557965084048,-0.014481853855973281,0,"2.151915,9.438309,11.678948,12.150488,17.777951,15.78506"
0.65,1,109,-0.005501738461488373,-0.0742707572909879,-0.015565755585126961,0,"2.17771,9.88277,12.620394,12.506062,17.091652,14.033053"
0.65,1,110,-0.005284788837737234,-0.06619270281899509,-0.014961505868145819,0,"2.104388,9.671832,12.43755,13.011806,17.311339,14.771192"
0.65,1,111,-0.005213229553217898,-0.06898853724460795,-0.0147520679435105,0,"2.118419,10.143663,12.344787,12.760838,16.685918,15.354432"
0.65,1,112,-0.0039307648783731995,-0.06923566341016046,-0.011091085192397876,0,"2.136923,9.684996,12.684627,12.013775,18.097675,14.656645"
0.65,1,113,-0.0017902981290570177,-0.07000014269468828,-0.004980157089497561,0,"2.168273,9.17485,12.195993,12.151906,18.022988,15.910182"
0.65,1,114,-0.005348823381113228,-0.06939730943559615,-0.015138333466476639,0,"2.118255,10.215228,12.658985,12.601387,16.778998,13.88818"
0.65,1,115,-0.005254804787756102,-0.070391094291246,-0.014868133513534443,0,"2.143289,9.881808,12.161804,12.93539,16.264752,14.885561"
0.65,1,116,-0.006064063836327706,-0.0713222982117622,-0.0171762647138292,0,"2.125447,10.276338,13.328438,13.060311,16.080076,13.457314"
0.65,1,117,0.015072730518345035,-0.07195447972628921,0.04315541866752426,0,"2.161328,9.615203,12.99048,12.549784,16.970162,13.25557"
0.65,1,118,-0.005167736963469337,-0.06952682840454508,-0.0146212202797385,0,"2.125553,10.055585,12.452402,12.725663,16.733292,15.004621"
0.65,1,119,-0.00042053276881373483,-0.07139113881595208,-0.0010678707823130185,0,"2.132897,10.121717,13.240136,12.853077,16.306967,13.680212"
0.65,1,120,0.0004314138162869917,-0.07379364692824901,0.0013682879600124265,0,"2.176467,9.793745,12.6501,12.391203,17.149947,14.159995"
0.65,1,121,-0.005801687338012526,-0.0697691958882668,-0.01643024792546069,0,"2.126897,10.070792,12.682259,12.470641,16.889402,14.039267"
0.65,1,122,-0.006397768424821508,-0.06697682545640235,-0.018136816007634782,0,"2.115326,9.617964,12.49773,12.812657,17.33302,14.775111"
0.65,1,123,-0.0063205923267070875,-0.07056478547468317,-0.017909876455397586,0,"2.147777,9.792943,12.267942,12.748977,16.460864,14.870418"
0.65,1,124,-0.006239172412688633,-0.06941846525726028,-0.017679607279210544,0,"2.127034,10.011154,12.420427,12.603517,16.811835,15.261144"
0.65,1,125,-0.005371880453641777,-0.06601332771456847,-0.015210423264242351,0,"2.097097,9.86065,12.652274,12.710723,16.59789,14.98029"
0.65,1,126,-0.002197343714338484,-0.0663503265456724,-0.006148754108987575,0,"2.128493,9.445663,11.866286,12.201399,17.537844,15.893432"
0.65,1,127,-0.005354438661107995,-0.06737705245221175,-0.015158109253643665,0,"2.129227,9.558337,12.095261,12.310012,17.332698,15.524562"
0.65,1,128,-0.0051641437105295835,-0.07073569879911343,-0.014608721296732297,0,"2.132163,10.009039,13.011161,12.744464,16.512113,14.049082"
0.65,1,129,-0.006708237595618163,-0.06787252332618258,-0.01902132283561052,0,"2.129716,9.633453,12.24791,12.38242,17.195934,15.278649"
0.65,1,130,-0.0060608776767668605,-0.07260319169436022,-0.017164794069260816,0,"2.175401,9.630992,12.319359,12.234318,17.446269,14.692807"
0.65,1,131,0.007197189160878542,-0.06962139654924676,0.02067202245935651,0,"2.16158,9.27426,12.168407,12.395625,17.340379,15.851677"
0.65,1,132,-0.006602356738367195,-0.06980716986898212,-0.01871551898944586,0,"2.132666,9.938034,12.596617,12.458139,16.964565,14.341335"
0.65,1,133,0.007925366893414488,-0.06601666676501464,0.022743764026863844,0,"2.099012,9.816398,12.623727,12.706556,16.622944,15.080979"
0.65,1,134,-0.006173742756776366,-0.07154761092357853,-0.01748890198280588,0,"2.162615,9.661893,12.370087,12.313024,17.309048,14.757502"
0.65,1,135,-0.0030729113912967778,-0.06717455906957003,-0.008646347731986748,0,"2.111688,9.785497,12.572999,12.627849,16.760165,15.016284"
0.65,1,136,-0.006586043827907638,-0.07072180447187365,-0.018667260325391524,0,"2.154103,9.682493,12.403905,12.365495,17.217568,14.800633"
0.65,1,137,0.00364741464044785,-0.06971800194842706,0.01054012085547118,0,"2.156233,9.326689,12.517151,12.258016,17.392623,14.359139"
0.65,1,138,0.014652940657585671,-0.06939569455876851,0.04195246998444091,0,"2.131892,9.897075,12.436548,12.545933,16.908633,15.11081"
0.65,1,139,-0.006561754805924522,-0.06960820500272744,-0.018599998494855857,0,"2.132174,9.88727,12.538499,12.445519,17.003126,14.497554"
0.65,1,140,0.014786672758158986,-0.07075100554278242,0.0423366944819803,0,"2.163485,9.396098,12.706843,11.911163,17.400508,14.87536"
0.65,1,141,-0.00572730325592237,-0.07035839695434581,-0.01621684115285299,0,"2.150033,9.67432,12.377906,12.368316,17.213962,14.880302"
0.65,1,142,-0.005251225974265991,-0.06721898179593161,-0.014863803727982405,0,"2.117722,9.620545,12.456093,12.740951,17.310172,14.859034"
0.65,1,143,-0.005722014602556804,-0.07013363930407705,-0.016202162800083214,0,"2.144764,9.766361,12.264603,12.687884,16.583375,14.938457"
0.65,1,144,-0.005994836583488428,-0.06918425603007033,-0.016982636840499166,0,"2.127481,9.948204,12.391674,12.566668,16.875852,15.264061"
0.65,1,145,-0.0059992884940184,-0.06724072565845668,-0.016998949685572723,0,"2.103915,10.11396,12.052053,13.152757,16.660299,15.030658"
0.65,1,146,-0.004587001534554988,-0.07090112761168621,-0.012961084063386308,0,"2.144968,10.053979,12.168122,12.460237,16.534011,15.104193"
0.65,1,147,-0.005665164902413682,-0.06786051246374278,-0.01604411465480876,0,"2.122256,9.692783,12.408098,12.694165,17.180812,14.899894"
0.65,1,148,-0.00642411155878668,-0.07017512842639886,-0.01820607314202803,0,"2.14042,9.981739,12.216117,12.507022,16.663371,15.063333"
0.65,1,149,0.013404980204202398,-0.0680676016417678,0.038387966734036105,0,"2.116483,9.979953,12.34345,12.453017,17.287473,15.066396"
0.65,1,150,-0.0055235009516131734,-0.06979493891315845,-0.015636175942113945,0,"2.140043,9.80196,12.277744,12.648739,16.700725,14.95978"
0.65,1,151,-0.005525297417690272,-0.06913667000935193,-0.01564252485281631,0,"2.131765,9.844967,12.490068,12.435002,17.035261,14.627736"
0.65,1,152,-0.006325896631538534,-0.06993190235002757,-0.017926190652236385,0,"2.138635,9.923691,12.221416,12.486255,16.752131,15.099219"
0.65,1,153,-0.005960453912555583,-0.06737501578814893,-0.016887855436829705,0,"2.108209,10.033875,12.084696,13.024367,16.749572,15.07199"
0.65,1,154,-0.0036983249553855864,-0.06899285468057881,-0.010428085057351821,0,"2.127853,9.895745,12.367714,12.53596,16.929199,15.266492"
0.65,1,155,-0.0058253321222436405,-0.06984774109055068,-0.01649759123886052,0,"2.146643,9.667509,12.35624,12.370667,17.210957,14.946693"
0.65,1,156,-0.005124949275099552,-0.0697770174769731,-0.014498627697272781,0,"2.142254,9.74421,12.261821,12.636973,16.685468,14.995155"
0.65,1,157,-0.003789176229113344,-0.06911954919730606,-0.010687165754631356,0,"2.13787,9.720156,12.186337,12.575935,16.947243,14.739989"
0.65,1,158,-0.006786235937895796,-0.06904548809244183,-0.01924177642539092,0,"2.1362,9.749421,12.216566,12.569273,16.944235,14.827739"
0.65,1,159,0.013438023888125556,-0.06809403276879515,0.038482331980662976,0,"2.121465,9.873428,12.277144,12.452355,17.277228,14.95552"
0.65,1,160,-0.006480466762559951,-0.06949876818046699,-0.018368181998694583,0,"2.138785,9.765746,12.264375,12.606203,16.784095,14.988549"
0.65,1,161,0.010887683958162236,-0.06869792157574377,0.031204046259987073,0,"2.134278,9.746263,11.973667,12.711393,16.843714,15.44321"
0.65,1,162,-0.0057063977466098766,-0.0692637392611935,-0.01615920170141316,0,"2.132184,9.828516,12.404001,12.481067,17.003336,14.763649"
0.65,1,163,-0.002630957116810609,-0.06869291509220762,-0.00738206571143335,0,"2.133859,9.762714,12.059734,12.665328,16.875638,15.307298"
0.65,1,164,0.00583317049526682,-0.06910852405280146,0.016777768048811592,0,"2.132463,9.817549,12.346623,12.511777,16.982053,14.854257"
0.65,1,165,-0.005148353523081491,-0.06815302453090824,-0.014568443148669619,0,"2.130796,9.652781,12.242686,12.413562,17.153984,15.203497"
0.65,1,166,-0.0059503160145730994,-0.06932057215946466,-0.016855309383957323,0,"2.138354,9.763025,12.256407,12.600048,16.810785,14.961748"
0.65,1,167,0.009410492053071456,-0.06977579049677404,0.026989714048506808,0,"2.138229,9.894646,12.220608,12.500092,16.784149,15.053973"
0.65,1,168,-0.0029052153489773666,-0.06765631910190667,-0.008166801031999793,0,"2.112867,9.986466,12.106674,12.948518,16.782016,15.031282"
0.65,1,169,-0.006400168764610741,-0.06982876298707733,-0.01813837610580603,0,"2.144902,9.681161,12.332961,12.403768,17.166504,14.926867"
0.65,1,170,-0.005253270176277732,-0.06916002598307432,-0.014866037275263977,0,"2.132853,9.815334,12.372762,12.495768,16.993486,14.77433"
0.65,1,171,-0.0056711770028898285,-0.06801219599897217,-0.01606099350789353,0,"2.127085,9.65475,12.288744,12.643554,17.166188,14.854515"
0.65,1,172,0.010280739630509102,-0.07012089520798882,0.02947429202909746,0,"2.157258,9.452362,12.463368,12.093473,17.296379,14.818284"
0.65,1,173,-0.0034630956045391646,-0.0681120426358251,-0.009758306769875491,0,"2.120247,9.897447,12.166123,12.806011,16.867743,14.995782"
0.65,1,174,0.015388310560915892,-0.06974670112855713,0.0440520791113157,0,"2.149841,9.541378,12.403919,12.235981,17.210651,14.853784"
0.65,1,175,-0.005397139400799009,-0.06840028526810578,-0.015278091095689283,0,"2.125171,9.838102,12.205756,12.711006,16.924894,14.972116"
0.65,1,176,-0.0057025717223201065,-0.06980242456224761,-0.016147281707876826,0,"2.137387,9.847817,12.315046,12.727577,16.848047,14.568941"
0.65,1,177,-0.0058839805468445154,-0.06892043897307021,-0.016666711178855487,0,"2.136841,9.696091,12.165731,12.72264,16.960065,14.929645"
0.65,1,178,-0.004708507573973001,-0.0700003022261946,-0.013309568652849935,0,"2.148433,9.625987,12.319396,12.511281,17.04038,14.717703"
0.65,1,179,-0.005876223579901167,-0.06859260744578137,-0.01664517877853977,0,"2.129043,9.802749,12.224696,12.677718,16.944142,14.929714"
0.65,1,180,-0.006274434824214944,-0.07059710408219023,-0.017778069663369547,0,"2.147167,9.858672,12.215058,12.59012,16.725071,14.86037"
0.65,1,181,-0.005047141016134944,-0.06906927329001666,-0.014277853542161933,0,"2.140111,9.669223,12.155428,12.460279,17.00222,15.243086"
0.65,1,182,-0.005686722184077729,-0.06967756335392791,-0.016102274205502143,0,"2.137841,9.818051,12.288443,12.683027,16.873742,14.681299"
0.65,1,183,0.012232405458567784,-0.06968107752484062,0.035044093503522,0,"2.143451,9.692537,12.313562,12.431352,17.129459,14.910346"
0.65,1,184,-0.006661508110042135,-0.07038180643970968,-0.018883287957346437,0,"2.145338,9.840463,12.215309,12.586646,16.761599,14.854931"
0.65,1,185,-0.005573699512285738,-0.06933007729233104,-0.015780319571987222,0,"2.137995,9.760758,12.249767,12.594919,16.833027,14.939413"
0.65,1,186,-0.006573316609138003,-0.06904599810560556,-0.01863404227306796,0,"2.136734,9.704979,12.174204,12.697079,16.957426,14.912661"
0.65,1,187,-0.004614975859459876,-0.06874605715835196,-0.013044929134599537,0,"2.130235,9.793861,12.223341,12.659644,16.944157,14.912718"
0.65,1,188,-0.0067234124922231605,-0.06969087689140825,-0.019061262800752807,0,"2.137189,9.831417,12.298632,12.701193,16.864078,14.612074"
0.65,1,189,-0.006019697539544487,-0.06898554359664315,-0.01705396585188146,0,"2.131116,9.867763,12.145711,12.838233,16.638715,14.776166"
0.65,1,190,0.0019078431996286686,-0.07013586883386494,0.005575657240960985,0,"2.144626,9.791072,12.210056,12.66947,16.722203,14.728277"
0.65,1,191,-0.0062036284112983765,-0.06897066558375521,-0.01757898523952886,0,"2.132632,9.793396,12.221127,12.661281,16.907165,14.881978"
0.65,1,192,0.005541323167743368,-0.06936700469632667,0.015945231114017355,0,"2.135073,9.835055,12.174083,12.756315,16.858046,14.682437"
0.65,1,193,0.0022994502971568826,-0.06936606083880183,0.006691988687604122,0,"2.137508,9.773141,12.237153,12.621818,16.837197,14.896584"
0.65,1,194,0.007029983600222624,-0.06948182512943277,0.02019451059385402,0,"2.137024,9.817751,12.284955,12.679206,16.877438,14.648019"
0.65,1,195,-0.0060393896571582315,-0.07014461341416903,-0.017108022430252667,0,"2.143814,9.825289,12.215519,12.58375,16.792038,14.850399"
0.65,1,196,-0.0036850982902675777,-0.06905383169088677,-0.010390219208415874,0,"2.136645,9.712386,12.181264,12.675778,16.955228,14.898507"
0.65,1,197,0.003472552036251669,-0.06885553352244864,0.010039412396293024,0,"2.133226,9.786067,12.220367,12.645947,16.913343,14.872938"
0.65,1,198,-0.0046480281875121284,-0.06897614840262392,-0.013138843131298483,0,"2.131963,9.848039,12.15752,12.793406,16.689635,14.784762"
0.65,1,199,-0.004743129259055885,-0.06932919424596587,-0.013409634031100348,0,"2.137695,9.758868,12.244233,12.590645,16.851561,14.920801"
0.65,1,200,-0.0031596517444905307,-0.06890855811364917,-0.008890712663669642,0,"2.136155,9.742272,12.126869,12.60706,16.837909,15.070363"
0.65,1,201,0.007554967896565064,-0.0695173315324831,0.02169303314417348,0,"2.140931,9.759358,12.160291,12.627357,16.776859,14.911252"
0.65,1,202,0.004074456337390398,-0.06909062320650496,0.011757857121377557,0,"2.13451,9.781616,12.210354,12.642848,16.890596,14.879324"
0.65,1,203,0.003299484087827461,-0.06996913620984196,0.009547492582742567,0,"2.142545,9.812645,12.215693,12.581337,16.817404,14.846622"
0.65,1,204,-0.0062274864785040575,-0.06929198677562148,-0.017646486904809203,0,"2.137446,9.757294,12.239622,12.587083,16.867007,14.90529"
0.65,1,205,-0.004277136920311027,-0.06907387804745303,-0.012080031110547118,0,"2.132669,9.831603,12.167361,12.75605,16.732069,14.791925"
0.65,1,206,-0.006182320158862423,-0.06894172871384747,-0.017518219024399664,0,"2.136571,9.718559,12.187148,12.658027,16.953396,14.886713"
0.65,1,207,-0.005127951213395627,-0.06893304631714998,-0.014508761904636736,0,"2.136162,9.743464,12.141818,12.600762,16.85563,15.029926"
0.65,1,208,-0.006314487089449095,-0.06891389162812943,-0.01789551322931586,0,"2.133722,9.779959,12.219733,12.633168,16.918492,14.865405"
0.65,1,209,-0.005077272312776059,-0.06821546060140925,-0.014365441025788905,0,"2.128385,9.714122,12.175056,12.686784,16.939539,14.922377"
0.65,1,210,-0.0062132330952088645,-0.0689479130473897,-0.01760644199151723,0,"2.134747,9.743803,12.196657,12.622516,16.91305,14.906242"
0.65,2,1,0.05872567399361339,-0.28738301430103436,0.16815319809593,0,"13.6,13.6,13.6,13.6,13.6,13.6"
0.65,2,2,0.07559963960516326,-0.3050979597385919,0.2163492315655583,0,"20.424998,13.6,13.6,13.6,13.6,13.6"
0.65,2,3,0.0631549087478918,-0.2912099085426443,0.1808026122119153,0,"13.6,20.424998,13.6,13.6,13.6,13.6"
0.65,2,4,0.06267486655419624,-0.2898306201306119,0.17942987428937102,0,"13.6,13.6,20.424998,13.6,13.6,13.6"
0.65,2,5,0.06253899167080729,-0.2893497130453257,0.17904115594202014,0,"13.6,13.6,13.6,20.424998,13.6,13.6"
0.65,2,6,0.06244163582348336,-0.2885820354360883,0.17876184999719374,0,"13.6,13.6,13.6,13.6,20.424998,13.6"
0.65,2,7,0.06137154442940653,-0.2879328392940024,0.1757062959182179,0,"13.6,13.6,13.6,13.6,13.6,20.424998"
0.65,2,8,0.03651789700448752,-0.24679270850107232,0.10469048741262516,0,"6.776141,15.874999,15.874999,15.874999,15.874999,15.874999"
0.65,2,9,0.022863247303108517,-0.2077326753449249,0.06564370926811108,0,"4.511047,16.254165,16.254165,16.254165,16.254165,16.254165"
0.65,2,10,0.05035611242058541,-0.2712943389184434,0.14423420505460938,0,"10.566691,7.660193,16.759721,16.759721,16.759721,16.759721"
0.65,2,11,0.04643307589315244,-0.2664642048766074,0.1330277654526109,0,"9.555625,12.504632,8.713127,17.812961,17.812961,17.812961"
0.65,2,12,0.03947887704440934,-0.2559322585475538,0.11315893538594335,0,"8.207679,12.13951,13.90895,10.117323,19.217282,19.217282"
0.65,2,13,0.028925245632629697,-0.2365668550813124,0.08299989749802356,0,"6.41152,11.652683,14.011934,15.781377,11.989717,21.08971"
0.65,2,14,0.013145806307584487,-0.18631413496456228,0.037867590967065656,0,"4.031083,11.003582,14.149245,16.508503,18.277948,14.486282"
0.65,2,15,0.0025661785803937024,-0.10985574191107059,0.007528428179351787,0,"2.500931,10.570852,14.240786,16.993254,19.057606,13.496496"
0.65,2,16,0.14705621668047233,0.22597809249836143,0.06734513260992137,0,"0.845741,9.993887,14.36284,17.639588,20.09715,21.276779"
0.65,2,17,0.05233383603764898,-0.2780608209950248,0.14989175273667976,0,"11.380836,12.998975,13.72714,14.273264,14.682858,14.879463"
0.65,2,18,0.006533548053523412,-0.11638115506399008,0.018864552031725434,0,"2.582707,10.594893,14.2357,16.966323,19.014291,19.997316"
0.65,2,19,0.07795827838307089,0.11979923148392752,0.031166908724138576,0,"1.057468,16.912501,10.361809,14.548735,17.688952,19.196256"
0.65,2,20,0.0437398488671798,-0.26122331257874204,0.12533079497746819,0,"8.910819,9.201952,15.693397,16.391223,16.914593,17.16581"
0.65,2,21,0.0016709777072736038,-0.01605941823565043,0.004799247407240692,0,"1.642079,10.966685,20.735347,13.021583,16.336255,17.927298"
0.65,2,22,0.19114913785598342,0.29372776147388113,0.10048529429330477,0,"0.729879,10.710364,22.739078,12.223022,16.090137,17.946354"
0.65,2,23,0.3242029420355977,0.49817110517211904,0.1940355867383139,0,"0.503935,14.857718,15.435563,13.320107,17.041844,18.828279"
0.65,2,24,0.036202570187795706,-0.2477610036483598,0.10379225015032723,0,"7.355746,10.144535,15.650425,15.87937,16.935801,17.442888"
0.65,2,25,0.20996307418734675,0.32263372907807863,0.1183953219853967,0,"0.691347,11.255074,17.800502,21.51474,13.978662,16.185342"
0.65,2,26,0.03265358976761069,-0.24245071033913637,0.09365258378573177,0,"6.839976,11.992104,14.557542,12.016865,18.344179,18.711959"
0.65,2,27,0.07306216644667711,0.11227633650505764,0.027337427603854547,0,"1.08763,13.865938,15.694733,14.465151,16.729601,18.38276"
0.65,2,28,0.02979624215127374,-0.23437832980273027,0.08548191256071219,0,"6.243971,10.764757,15.657809,15.643667,16.901434,17.599533"
0.65,2,29,0.03370841442152348,0.05180032787706307,0.012945966606837472,0,"1.308785,11.609224,17.154372,19.536596,14.840309,16.74288"
0.65,2,30,0.02709166231687342,-0.2292092924179105,0.07775267120578011,0,"5.867566,11.92829,14.990347,13.270151,17.7602,18.383779"
0.65,2,31,0.001544152156672021,-0.024448900658409115,0.0044528155904095534,0,"1.672877,13.224428,15.831617,15.118617,16.569308,18.116721"
0.65,2,32,0.07434309588967467,0.11424484943761412,0.027670294545802,0,"1.082454,13.634375,15.860584,15.031108,16.513954,18.202919"
0.65,2,33,0.30468997848709245,0.4681872831039555,0.18263638715353803,0,"0.532902,12.860408,18.084054,14.759986,23.007564,13.635549"
0.65,2,34,0.022820117005107943,-0.21885477506331077,0.06554123764492392,0,"5.2881,11.85397,14.69062,15.611145,13.826021,19.84735"
0.65,2,35,0.20713819495409527,0.3182918997826494,0.11877245861268226,0,"0.693188,12.560025,17.005731,18.051546,15.925681,16.829336"
0.65,2,36,0.02109210867894374,-0.21101882391228619,0.06059446529038598,0,"4.894804,12.033579,15.326244,14.067049,17.454447,18.124705"
0.65,2,37,-0.002560433469625504,-0.003930377935783214,-0.008951616309016086,0,"1.696439,6.828359,15.432606,14.338491,17.83181,19.582463"
0.65,2,38,0.06933035949981879,0.10653164041686769,0.04442189309667666,0,"1.308075,5.26133,15.295679,14.019213,18.094751,20.13718"
0.65,2,39,0.38443852381800936,0.5907364735041948,0.21667809287148998,0,"0.454701,9.551988,17.24348,14.557293,21.595219,15.900983"
0.65,2,40,0.01591795642399709,-0.19596003997095057,0.04579800328236966,0,"4.32384,11.470299,15.116097,15.435503,15.120887,19.189622"
0.65,2,41,0.316196412630573,0.48587680729342475,0.1733370431604474,0,"0.533927,9.184647,16.537806,16.557541,17.188938,17.9786"
0.65,2,42,0.014479605322916918,-0.1876925875688944,0.041677195675286716,0,"4.032517,11.558745,15.528171,14.482131,17.410196,18.100354"
0.65,2,43,0.18110259207218776,0.2782935122844629,0.08833801229127736,0,"0.759982,9.777368,16.885312,14.871296,20.285602,16.550594"
0.65,2,44,0.011125418685137866,-0.17295849136119645,0.03207604311266632,0,"3.640262,11.188139,15.410966,15.341469,15.981672,18.749784"
0.65,2,45,0.14647595864003604,0.2250913675839445,0.05788663297876995,0,"0.849596,9.565398,16.434169,16.111114,17.520119,17.856338"
0.65,2,46,0.01010604829188394,-0.1642646622308792,0.029150336298941093,0,"3.427159,11.226514,15.679171,14.753628,17.428516,18.059685"
0.65,2,47,0.08818840124067995,0.13552588612725394,0.024238377091910013,0,"1.050114,9.948777,16.640776,15.055829,19.430923,16.976876"
0.65,2,48,0.007973828481352757,-0.15145243107450293,0.02304059529485139,0,"3.158074,10.981576,15.615934,15.293862,16.556548,18.454299"
0.65,2,49,0.07014111769984481,0.10779303233222712,0.015946322517833622,0,"1.134051,9.828761,16.351492,15.823748,17.693423,17.798513"
0.65,2,50,0.007322430534420011,-0.14350910828856206,0.021166580433302634,0,"3.003637,10.993552,15.791224,14.931981,17.472667,18.016156"
0.65,2,51,0.04050144422430017,0.06224427219087811,0.00631006658664604,0,"1.292427,10.077682,16.473159,15.162887,18.870765,17.257851"
0.65,2,52,0.005991069790400927,-0.13233411221143143,0.017345759849688475,0,"2.818951,10.830926,15.758805,15.272033,16.94225,18.254891"
0.65,2,53,0.029384252906324123,0.04516026117937197,0.002082771330718103,0,"1.363542,10.0115,16.287062,15.638118,17.77784,17.775572"
0.65,2,54,0.005479417389011669,-0.12542210065948023,0.015872532480206453,0,"2.707678,10.829875,15.873864,15.049671,17.523529,17.976059"
0.65,2,55,-0.0006084782609293057,-0.030658769929730587,-0.0016798917096474408,0,"1.75208,10.48848,18.388642,12.964894,15.739295,15.12066"
0.65,2,56,0.047780600973063046,0.0734328340765211,0.004364231927404205,0,"1.248082,10.138301,17.742149,13.890136,17.410351,15.818341"
0.65,2,57,0.0038954720016990867,-0.11310763238779137,0.011328648388043816,0,"2.532292,10.715488,16.089362,15.041717,17.020267,17.848799"
0.65,2,58,0.041068043057741956,0.06311584823304794,0.004904014026607506,0,"1.288116,10.101224,17.698922,14.109847,16.661318,16.054754"
0.65,2,59,0.0034215421487474858,-0.10670562776046809,0.009964038266852548,0,"2.450032,10.708432,16.17804,14.893034,17.379827,17.655841"
0.65,2,60,0.022551853567404363,0.03466210200750805,-0.002980296516427533,0,"1.405942,10.213257,17.512983,14.06824,17.284433,16.117694"
0.65,2,61,0.0022994091853927676,-0.0964740167977168,0.006742164396492889,0,"2.330945,10.631782,16.326632,14.879471,17.064295,17.560282"
0.65,2,62,0.01763817425116425,0.027104732956277952,0.007085009034282441,0,"1.440852,10.194763,17.473836,14.212402,16.819696,16.278799"
0.65,2,63,0.0019517788006746283,-0.09097187821342176,0.005739718913981312,0,"2.270589,10.62282,16.394006,14.779595,17.286472,17.426334"
0.65,2,64,0.032562917214152255,0.050040517230862044,0.01158479397675155,0,"1.335691,10.349664,20.128831,11.374306,14.55154,21.748091"
0.65,2,65,0.0014502726039132413,-0.09234125036089172,0.00431081608861944,0,"2.291196,10.533987,15.222126,16.056761,18.306595,14.871761"
0.65,2,66,0.014131833278968482,0.021716634640496474,0.0054427146555736106,0,"1.465222,10.256137,17.674815,13.880509,16.95895,16.788131"
0.65,2,67,0.0011289423066222304,-0.08209234343732577,0.003374632024708127,0,"2.177886,10.569174,16.55133,14.712977,17.046737,17.43159"
0.65,2,68,0.010759685058011099,0.016538541355622285,-0.0031910714986915223,0,"1.490251,10.247217,17.659883,13.958179,16.656861,16.92383"
0.65,2,69,0.0009047866541839871,-0.07747202537854962,0.0027262550897104165,0,"2.133243,10.560219,16.604986,14.642692,17.181537,17.342584"
0.65,2,70,-0.0016633200137218778,-0.08506278856503456,-0.004589779366789226,0,"2.271872,9.767875,11.941761,16.256562,17.88884,16.227962"
0.65,2,71,-0.002724299776465646,-0.08938549787908058,-0.00761010190622019,0,"2.448098,6.359588,15.548865,14.538842,18.09563,15.408952"
0.65,2,72,-0.0028368642209588503,-0.09330100637068646,-0.007924128919132023,0,"2.584855,5.218857,15.501739,14.442213,18.350017,14.957657"
0.65,2,73,-0.005384022513345651,-0.03792273103976115,-0.015297196341286734,0,"1.9063,7.275504,16.251559,13.062517,16.372817,18.682544"
0.65,2,74,-0.0001381779753303042,-0.025717630022055765,-0.00034668621611522177,0,"1.844328,6.732811,16.423131,12.563477,16.050521,19.317674"
0.65,2,75,0.006429065100110583,-0.031238607106404054,0.01840836362132081,0,"1.925755,6.14366,14.822433,13.856145,17.408035,16.5397"
0.65,2,76,-0.0003269001761579375,-0.07528665791843739,-0.0007933890352817274,0,"2.135227,9.831263,16.26318,14.570172,17.106954,17.282942"
0.65,2,77,-0.00532723855648784,-0.03449969025298155,-0.015141469267370922,0,"1.96969,5.910187,14.654841,13.902257,17.248374,16.608826"
0.65,2,78,-0.0009432012060394656,-0.01803014050858409,-0.002658717324700688,0,"1.913526,5.333383,14.460534,13.752139,17.370097,16.443762"
0.65,2,79,0.019164448960874002,-0.004037512850284974,0.05470835833945109,0,"2.36446,3.002281,11.025719,15.619833,19.281357,19.047078"
0.65,2,80,0.0014999649428424431,-0.039959922950601155,0.004355469937948719,0,"1.850043,9.232363,17.161485,13.407383,16.329639,15.775063"
0.65,2,81,0.018401819948924772,-0.03560980532145791,0.052590170750346,0,"1.959078,6.137524,14.920961,13.7623,17.102448,16.954445"
0.65,2,82,-0.003555148032458879,-0.08608785076786213,-0.009987700669215838,0,"2.468158,5.560845,15.626709,14.212263,18.020483,15.578472"
0.65,2,83,-0.0034122697760073143,-0.010175730305336583,-0.009720723708602386,0,"1.730799,6.902871,15.569098,14.125829,17.588645,19.432477"
0.65,2,84,-0.002418116419292326,-0.07814715111331268,-0.00675701661500977,0,"2.20967,9.352403,12.660058,15.724221,17.636169,16.637059"
0.65,2,85,0.0017414916215151464,-0.023833524273417617,0.005014937668882169,0,"1.912321,5.656422,14.759038,13.637202,17.203884,16.816893"
0.65,2,86,-0.003574633812086273,-0.03252698863948455,-0.010142689508978474,0,"1.777462,9.952893,18.032461,12.981164,15.844882,15.714307"
0.65,2,87,-0.0027090243920708883,-0.05997941697940062,-0.0076210582875246985,0,"2.032912,8.762046,16.045346,14.152098,17.119846,17.332805"
0.65,2,88,0.0003875827207203869,-0.07549632093991872,0.0012463403149174657,0,"2.121553,10.280686,16.636038,14.448828,16.990397,17.642329"
0.65,2,89,-0.0010820189537493622,-0.0689538919569042,-0.0029604650320461667,0,"2.086223,9.509438,16.323205,14.313557,17.025978,17.504756"
0.65,2,90,-0.0034457054244721327,-0.03673910532502905,-0.009766875998318436,0,"1.946716,6.42583,15.071871,13.772473,17.168303,16.954465"
0.65,2,91,0.016250826954503514,-0.006201105087651426,0.046396054439304946,0,"1.744689,5.608893,19.53896,11.711233,16.402156,17.927965"
0.65,2,92,-0.002943322149940153,-0.06861367732378174,-0.008273792663564136,0,"2.129841,8.727962,13.80654,15.055388,17.4305,16.85221"
0.65,2,93,0.024032676574873565,-0.035006764168132365,0.06866114163431669,0,"1.944811,6.186345,15.4074,13.584446,17.022031,17.07202"
0.65,2,94,-0.0033016163942706143,-0.05639880143072697,-0.009319129936750797,0,"2.018144,8.332529,15.939022,14.057489,17.103543,17.289341"
0.65,2,95,-0.004036582404029314,-0.01985416522471234,-0.011484735825983305,0,"1.814894,6.088808,18.357034,12.348525,16.602391,17.698326"
0.65,2,96,-0.006913691248914645,-0.02095855743905317,-0.01969478574733627,0,"1.855483,5.736696,17.030556,12.776768,16.762297,17.397523"
0.65,2,97,0.0031912792067903535,-0.012508698364678716,0.009132038991658042,0,"1.828819,5.305305,17.212478,12.563314,16.705423,17.415553"
0.65,2,98,-0.004240250491555772,-0.06845349882730908,-0.011975897580471018,0,"2.193292,6.775563,17.887632,12.258742,16.001746,14.576069"
0.65,2,99,-0.0036839536634069,-0.057578307691583876,-0.010408242510082405,0,"2.050049,7.369445,19.323446,12.107521,16.033236,16.261282"
0.65,2,100,0.021064011908172305,0.03237070666748684,0.005747471348542144,0,"1.439964,8.840117,20.000854,10.96616,14.51864,17.864878"
0.65,2,101,-0.002189535003850327,-0.07325872213425463,-0.006113648735444732,0,"2.28524,6.106387,16.355733,13.671244,17.436843,15.959539"
0.65,2,102,-0.005056601267342233,-0.035508084883398766,-0.014367121484709644,0,"1.897798,7.018815,16.381392,13.014892,16.437731,18.468374"
0.65,2,103,0.010196188646738054,-0.06151493377042648,0.02921699258937871,0,"2.135817,6.602287,17.744786,12.34508,16.128505,15.046311"
0.65,2,104,-0.0013464619361644112,-0.020121228042623757,-0.0038058602481424453,0,"1.821637,6.0301,18.135954,12.419899,16.629042,17.648192"
0.65,2,105,-0.004983058259890399,-0.052399646845660175,-0.014125869814302042,0,"2.017194,7.097084,18.941298,12.219062,16.154746,16.450655"
0.65,2,106,-0.0037654099102102765,-0.031864644813533724,-0.010688448383278093,0,"1.790383,9.249711,17.865477,12.947098,15.997785,15.994843"
0.65,2,107,-0.004257295736704092,-0.07689180173810241,-0.012008894150347726,0,"2.362802,5.590146,15.860684,13.973014,17.810786,15.881647"
0.65,2,108,-0.004291054579468063,-0.01949736367905136,-0.012211734816830827,0,"1.778885,6.970462,16.993667,13.438498,17.135624,18.900767"
0.65,2,109,-0.004141406204609522,-0.06080461518678829,-0.011707958340910832,0,"2.075843,7.85709,16.221737,13.703212,16.803947,16.716411"
0.65,2,110,-0.0029539753912376826,-0.04509764413364392,-0.008347829092481274,0,"2.207089,4.185802,15.944301,13.428049,17.703926,18.610282"
0.65,2,111,-0.004197708789135729,-0.037963588883593066,-0.011911038836481785,0,"1.857855,8.403316,17.545281,13.027257,16.282141,16.43075"
0.65,2,112,-0.00455671411154956,-0.02103313974843138,-0.01296715447613267,0,"1.844166,5.748709,18.029222,12.446619,16.723828,17.793494"
0.65,2,113,-0.004603730374788049,-0.03053218976695754,-0.013083728989409238,0,"2.056932,4.326571,16.866992,12.929026,17.392862,18.533403"
0.65,2,114,0.02258087351585163,0.03471303777409723,-0.014755748184962891,0,"1.486328,6.706802,18.887025,11.635278,15.72491,19.966425"
0.65,2,115,-0.0034262292383664327,-0.06328859016873248,-0.009662028413748414,0,"2.208017,5.776039,16.365074,13.58339,17.46314,16.562443"
0.65,2,116,0.01634767110527608,-0.033390147910907816,0.04672291908496695,0,"1.890723,6.804953,16.489586,12.975204,16.491825,18.289899"
0.65,2,117,-0.004703079503162852,-0.0478774612387761,-0.01333511960427472,0,"1.98994,6.870163,18.622841,12.312013,16.256005,16.608466"
0.65,2,118,-0.005192407331051593,-0.02975699230268991,-0.014765421110474797,0,"2.022901,4.560481,16.894253,12.90365,17.287768,18.34409"
0.65,2,119,-0.003166881273484658,-0.020965494511457294,-0.009000295995582164,0,"1.84605,5.746707,17.862778,12.501643,16.730239,17.727499"
0.65,2,120,-0.0023992034222785298,-0.020046321038236767,-0.00681082721165599,0,"1.791571,6.764667,16.999815,13.328209,17.073403,18.650226"
0.65,2,121,0.007852720361057332,-0.06866229340888196,0.022541318258236354,0,"2.275873,5.614566,16.055662,13.773639,17.636038,16.134293"
0.65,2,122,-0.005379187554218199,-0.03897852571619578,-0.01528143716998051,0,"2.033341,4.960025,17.999049,12.890103,17.423425,16.664134"
0.65,2,123,0.012724291799374189,0.019562070260995268,-0.010769188406808405,0,"1.58936,5.929271,19.080768,11.797159,16.208341,18.996353"
0.65,2,124,-0.005338324551111962,-0.05723881232511205,-0.015130924284574396,0,"2.156145,5.666994,16.559847,13.444225,17.398088,16.611303"
0.65,2,125,0.00151890313549335,-0.048916145969651215,0.004426141373979231,0,"2.180601,4.419462,17.989959,12.281258,16.879205,15.800779"
0.65,2,126,-0.005331103151275354,-0.026789709395377115,-0.015166804167741854,0,"1.854665,6.372528,17.164839,13.153717,17.041036,18.175318"
0.65,2,127,-0.004920406313228691,-0.05419156622277228,-0.01394371855340057,0,"2.126133,5.640015,16.89435,13.325182,17.325967,16.872779"
0.65,2,128,0.007877890789637264,-0.01626139949184391,0.022515943197679356,0,"2.024136,4.116389,15.558124,13.852536,18.156856,18.079916"
0.65,2,129,-0.0033652889941622167,-0.04554972553976064,-0.00952099806639467,0,"1.995627,6.409243,18.112055,12.568766,16.572813,16.853708"
0.65,2,130,-0.005530719309259251,-0.036138646074884206,-0.015719221319567794,0,"2.003337,5.089248,17.837634,12.871213,17.313237,16.786365"
0.65,2,131,-0.0013282437352449118,-0.05170482708144353,-0.00369526358681882,0,"2.105082,5.67861,16.638298,13.332982,17.292123,16.742339"
0.65,2,132,-0.005872726409923646,-0.02593068958674452,-0.016714346972148603,0,"1.854801,6.266494,17.142459,13.090892,16.99458,18.045686"
0.65,2,133,-0.002519793848135024,-0.02894462914039242,-0.007138518165245522,0,"1.994676,4.755857,16.91697,12.882503,17.20019,18.186329"
0.65,2,134,-0.005145249104905087,-0.04905631236779723,-0.014595012136052576,0,"2.080237,5.656126,16.917051,13.23378,17.232022,16.960236"
0.65,2,135,-0.005651900975628046,-0.0444432119154369,-0.016049701406830347,0,"1.967318,6.681103,18.35746,12.389472,16.340387,16.739976"
0.65,2,136,0.004622156819657452,-0.016593938972361694,0.013223755901211609,0,"1.815885,5.715054,18.095745,12.415227,16.655448,17.963032"
0.65,2,137,-0.00586573027646156,-0.0462918873341682,-0.016656602111301128,0,"2.055953,5.684684,16.881206,13.180023,17.186011,16.945788"
0.65,2,138,-0.004694937464705031,-0.042752001429038615,-0.013321389078853024,0,"1.94319,6.952031,17.805152,12.96488,16.742655,16.105529"
0.65,2,139,-0.00542205826600358,-0.04160140962834419,-0.015398936348637524,0,"1.951741,6.585146,17.657121,12.95115,16.818911,16.452329"
0.65,2,140,-0.006590195912425329,-0.021849287550642846,-0.018769784145903842,0,"1.817938,6.357783,18.051761,12.519393,16.573118,17.162319"
0.65,2,141,-0.0042794727709475405,-0.02433747003120057,-0.012169697204016727,0,"1.89868,5.353744,17.443237,12.658104,16.904299,17.90689"
0.65,2,142,-0.005540425273620547,-0.03912842169458512,-0.015741378049148186,0,"1.942864,6.379668,17.621474,12.902309,16.833142,16.694756"
0.65,2,143,-0.005123025585735347,-0.027981654702799827,-0.014570679349731774,0,"1.828306,7.282023,17.190671,12.748405,16.249941,17.542317"
0.65,2,144,-0.004645437944815482,-0.03620185648809751,-0.013192255567570199,0,"1.973803,5.453734,17.729807,12.850745,17.136021,16.912357"
0.65,2,145,-0.004194147498662416,-0.02186035911464934,-0.011930750007814739,0,"1.824177,6.254208,17.88156,12.562289,16.604648,17.20152"
0.65,2,146,0.01496931136638006,-0.02519127729953685,0.042773471376123195,0,"1.854915,6.178148,17.123808,13.038538,16.955866,17.937658"
0.65,2,147,-0.006105673300555109,-0.04231529345603535,-0.017348846467271833,0,"2.022089,5.693352,16.906098,13.112814,17.115392,17.021077"
0.65,2,148,0.015616591163323375,-0.04105094259131989,0.044650418941081016,0,"1.94853,6.523587,18.136309,12.454021,16.410705,16.849567"
0.65,2,149,0.011855136310793865,-0.036332985780252194,0.033905388187672414,0,"1.928208,6.272443,17.522988,12.881385,16.821335,16.811884"
0.65,2,150,-0.004873835972858352,-0.033909991570154535,-0.01384842151659127,0,"1.97844,5.197015,17.703121,12.855472,17.221414,16.888225"
0.65,2,151,-0.004823637979778125,-0.018213241197930552,-0.013734263944625291,0,"1.871941,5.254394,16.586401,13.288401,17.416278,17.569729"
0.65,2,152,-0.0042069776813844105,-0.03359441077156536,-0.011945601011511042,0,"1.971615,5.291277,17.419766,12.787172,17.024588,16.358994"
0.65,2,153,-0.0017973635034637633,-0.019843388807918638,-0.005093378908915702,0,"1.912131,4.871332,16.986179,12.91292,17.226871,17.333805"
0.65,2,154,-0.0011302403012428436,-0.023449938962130323,-0.0031825255913157102,0,"1.914808,5.104215,17.075647,12.907664,17.159282,17.246818"
0.65,2,155,-0.006275405038461569,-0.03902524864516882,-0.01783941380574343,0,"1.994002,5.700575,16.926841,13.056806,17.056543,17.083818"
0.65,2,156,-0.0046345329835031646,-0.03226809527169211,-0.013168427919442172,0,"1.957768,5.28687,17.591026,12.842355,17.144894,16.973108"
0.65,2,157,-0.004072998566601748,-0.018897374046732307,-0.011590453185304328,0,"1.869195,5.334707,16.660427,13.203129,17.307282,17.541028"
0.65,2,158,-0.005373713745793109,-0.03166082853825311,-0.015279389773778351,0,"1.952099,5.365455,17.354898,12.785438,16.980873,16.532082"
0.65,2,159,-0.004060620347939732,-0.021823269828985525,-0.011549693799203342,0,"1.829382,6.167912,17.739726,12.598036,16.630923,17.234187"
0.65,2,160,-0.005884907439455738,-0.03398648679074788,-0.01673416932507993,0,"1.916022,6.183105,17.440916,12.863949,16.811495,16.90949"
0.65,2,161,-0.0063872756158183785,-0.03527120405007761,-0.01816568954812567,0,"2.019944,5.035434,16.595162,13.244779,17.390205,16.911496"
0.65,2,162,0.006710483564186202,-0.044561081865500035,0.019236330148134084,0,"2.029841,5.76766,17.652706,12.653569,16.741487,16.394811"
0.65,2,163,-0.006298718152109693,-0.023779550834655494,-0.017934241313164456,0,"1.895667,5.406812,16.825807,13.111536,17.212983,17.349992"
0.65,2,164,-0.006420479993523804,-0.030371143217016228,-0.01826955544579062,0,"1.919497,5.855643,16.467033,13.10407,16.926571,17.088359"
0.65,2,165,-0.004380153916690169,-0.030614848576780263,-0.012445423904995756,0,"1.914296,5.940442,16.407207,13.267198,17.072491,17.714811"
0.65,2,166,-0.00461113116804844,-0.03154705742322761,-0.013102970117663315,0,"1.945782,5.461199,17.196949,12.865731,16.996143,16.729203"
0.65,2,167,-0.006551369125356305,-0.028872971417895327,-0.018645930338046734,0,"1.908777,5.835815,16.560953,13.04952,16.899192,17.139886"
0.65,2,168,-0.0034043994303735708,-0.03315721335894639,-0.00965562221118954,0,"1.992222,5.152139,16.667727,13.166777,17.285554,16.9925"
0.65,2,169,-0.004700850253272137,-0.02334629842268998,-0.01337426904323502,0,"1.888949,5.461763,16.859931,13.055741,17.137868,17.357913"
0.65,2,170,0.02653323282656029,-0.0366749604143167,0.07580154574234221,0,"1.97069,5.706595,16.944127,13.010133,17.007502,17.136102"
0.65,2,171,-0.006466278567184792,-0.03195496483588961,-0.01839733934648627,0,"1.905887,6.108669,17.372522,12.849419,16.803295,16.990829"
0.65,2,172,0.02347146636950232,-0.029999363439350557,0.06704999559223035,0,"1.935884,5.427289,17.300841,12.783993,16.944444,16.676322"
0.65,2,173,0.00059182355006065,-0.019557780181051143,0.0017255205000095142,0,"1.858614,5.533868,16.986717,12.883939,16.936715,17.048889"
0.65,2,174,0.011725535313576332,-0.023220162732721816,0.033511141485236484,0,"1.867277,5.848853,16.525295,13.143395,16.997197,17.632858"
0.65,2,175,-0.001183461443187958,-0.02442749249983711,-0.0033326204454490194,0,"1.878654,5.77855,16.654553,13.083495,16.988404,17.473436"
0.65,2,176,-0.005281832181906115,-0.03494443191796512,-0.015011041247779189,0,"1.951439,5.823749,16.728697,13.109967,17.022155,17.401807"
0.65,2,177,-0.004922910828971176,-0.033899300167301055,-0.01398851515302535,0,"1.955522,5.594084,17.085576,12.919236,16.981716,16.953384"
0.65,2,178,-0.0046480587012296196,-0.022768027874777857,-0.013224659577882159,0,"1.83072,6.369197,17.211685,12.753439,16.583288,17.42128"
0.65,2,179,-0.0051637796770413365,-0.025099455052645464,-0.014692350595853054,0,"1.857318,6.166059,17.121025,12.822329,16.700332,17.349817"
0.65,2,180,-0.00484042970817814,-0.034937759029705015,-0.013751163593003657,0,"1.922299,6.293642,17.106512,12.786672,16.585128,17.053169"
0.65,2,181,-0.0026666403042596206,-0.03319103641710333,-0.007549782019661777,0,"1.916727,6.15487,17.065415,12.831516,16.677251,17.103959"
0.65,2,182,-0.004588046172251562,-0.02759277774776922,-0.013044415203983195,0,"1.899859,5.819293,16.63922,13.004061,16.876376,17.182826"
0.65,2,183,-0.005083254253001639,-0.03022769842976683,-0.014452993432345629,0,"1.897455,6.046648,17.315528,12.83731,16.796462,17.058611"
0.65,2,184,-0.0064038157582565255,-0.03274228648334737,-0.01821759175693549,0,"1.935335,5.809238,16.779007,13.054434,16.978845,17.401093"
0.65,2,185,0.0013199025948041016,-0.024452971489172054,0.003812750182023872,0,"1.857012,6.094466,17.105947,12.814735,16.71066,17.357768"
0.65,2,186,-0.0042368653813431075,-0.03185808132284587,-0.012034130522287023,0,"1.938729,5.617848,17.076406,12.895491,16.945146,17.027407"
0.65,2,187,8.794731457827618e-5,-0.022971904929704468,0.00029364650430308004,0,"1.883357,5.507565,16.888369,13.009245,17.075273,17.364515"
0.65,2,188,-0.0032148114156086887,-0.027866208371315898,-0.009124299643691547,0,"1.90163,5.756169,16.954848,12.929551,16.905733,17.238662"
0.65,3,1,0.025009160220305547,0.038428556356873186,0.016057219160019343,0,"1.347647,12.933189,24.915238,10.173711,16.120931,13.746406"
0.65,3,2,0.00215439266730438,-0.04312495457411635,0.00622926755466692,0,"1.779838,12.933189,24.915238,10.173711,16.120931,13.746406"
0.65,3,3,0.01894768491557733,0.029104549113851214,0.030885813285813968,0,"1.347647,19.42478,24.915238,10.173711,16.120931,13.746406"
0.65,3,4,0.02256542065502001,0.0346604897224507,0.03878004887846201,0,"1.347647,12.933189,37.397857,10.173711,16.120931,13.746406"
0.65,3,5,0.024117165399018134,0.037053434967402724,0.023851249935854385,0,"1.347647,12.933189,24.915238,15.285509,16.120931,13.746406"
0.65,3,6,0.024480217372266626,0.03760966619583049,0.0271087484271903,0,"1.347647,12.933189,24.915238,10.173711,24.206397,13.746406"
0.65,3,7,0.02481276302851367,0.03812420037798818,0.020720150216162414,0,"1.347647,12.933189,24.915238,10.173711,16.120931,20.644608"
0.65,3,8,0.01277448327471965,0.0021984179012409094,0.03645798288307077,0,"1.486057,15.097051,29.076111,11.877625,18.816086,16.045806"
0.65,3,9,0.011122764643593583,-0.00826754182659787,0.03176291864073319,0,"1.533522,15.818339,30.463068,12.445604,19.714471,7.615163"
0.65,3,10,0.01095359128885533,-0.021486284277292163,0.0313045736367506,0,"1.597783,16.780057,32.312345,13.202911,10.131737,12.468964"
0.65,3,11,0.01240361626655082,-0.03801494416878835,0.03547402877197241,0,"1.685112,18.062347,34.778048,7.397486,16.220752,12.043151"
0.65,3,12,0.008093384746423668,-0.05485890166654102,0.02320263460113292,0,"1.804287,19.772067,21.422159,11.583118,16.254025,11.475402"
0.65,3,13,0.010054373909764994,-0.07179960942006262,0.028831293437671004,0,"1.967602,13.396237,32.740419,12.052927,16.29839,10.71841"
0.65,3,14,0.0052150048169742,-0.07541979761404657,0.015025054047162353,0,"1.978828,17.157026,29.800982,10.40744,12.764005,6.644483"
0.65,3,15,0.004408091751004994,-0.05666552802188857,0.012687096743882464,0,"1.864614,13.889958,22.440023,15.891668,14.207088,8.845997"
0.65,3,16,0.0035027372130913797,-0.08952949992966117,0.01016392575437608,0,"2.145509,15.491171,24.080653,11.991636,8.877713,13.684725"
0.65,3,17,0.001145705985297183,-0.0973680169139935,0.0034508211682354184,0,"2.265815,14.099825,19.487479,10.830581,18.042306,9.235785"
0.65,3,18,0.00021574201830183595,-0.10577117587932701,0.0008120259244281391,0,"2.38378,13.65312,17.350001,10.435199,19.36074,8.696975"
0.65,3,19,-0.002170991123718185,-0.07330156673556196,-0.006060639661310319,0,"2.011299,17.569273,13.929268,11.44131,12.896399,10.312433"
0.65,3,20,0.008370991101630173,-0.07282077209760224,0.024028327682299455,0,"2.018611,18.264779,10.794095,11.339374,12.329402,10.244771"
0.65,3,21,0.009364339470407927,-0.09004237984965313,0.026895581610704156,0,"2.252374,10.459206,22.749895,11.863848,11.821559,9.167836"
0.65,3,22,0.0068836280685128405,-0.0630058953967537,0.019764754960812703,0,"1.876747,18.219919,21.643449,11.629907,15.51528,11.090797"
0.65,3,23,0.0016225651168622185,-0.08626399795335347,0.004791313587931778,0,"2.175651,12.011332,22.528606,11.81706,12.560301,9.552413"
0.65,3,24,-0.005577470188708256,-0.07447600299406568,-0.015781534998607433,0,"2.136352,11.358996,11.946954,13.509422,15.243673,14.969664"
0.65,3,25,-0.0071392905257765685,-0.07025163067854175,-0.02024725835831459,0,"2.16295,10.392675,8.971402,14.026423,15.656951,16.35741"
0.65,3,26,-0.0038590174098641844,-0.09906208793445145,-0.010830960618543717,0,"2.358674,13.460284,14.818325,7.404023,14.283877,15.270843"
0.65,3,27,0.011429750009849322,-0.06947472114775718,0.03275270038131972,0,"2.139237,11.18212,10.090292,9.774104,21.415491,10.960697"
0.65,3,28,0.0006104188923873489,-0.08758485232192405,0.0019048067543787628,0,"2.144463,14.772994,21.748919,11.622042,10.967243,13.230718"
0.65,3,29,0.03071143067352451,-0.11892171050153676,0.08787991946724849,0,"2.654441,14.35336,8.200501,12.074796,12.454236,10.727123"
0.65,3,30,0.0005025210988069355,-0.060995115070299186,0.001547503706586642,0,"1.918335,13.169884,22.129403,10.490554,15.509815,13.24319"
0.65,3,31,-0.003214930996303784,-0.08237959687937364,-0.009023502949428261,0,"2.147164,15.661406,10.453819,9.989282,16.998038,16.151447"
0.65,3,32,-0.004538247633461874,-0.07570907987504358,-0.01281300622675352,0,"2.179266,13.195877,7.469005,9.640054,20.601379,13.446651"
0.65,3,33,0.12616526116663732,-0.09830693887760705,0.3602944503408242,0,"2.504717,14.807651,2.305949,10.488012,17.755979,13.501999"
0.65,3,34,-0.0005371892501959878,-0.07018929444758154,-0.001403071810489681,0,"2.012916,13.442845,18.807996,10.49013,15.884175,13.286325"
0.65,3,35,0.0860921786306133,-0.04932803377635947,0.2458234389969115,0,"1.912588,14.254323,7.466933,10.561677,12.746201,19.578216"
0.65,3,36,0.00025997463433568115,-0.09780702172733098,0.0009235027785313155,0,"2.303284,13.753321,15.702728,10.456279,18.258317,10.510403"
0.65,3,37,0.012575309660020474,-0.07500913595530465,0.0360327261264205,0,"2.176544,12.728673,7.719352,10.371093,19.777308,13.931777"
0.65,3,38,-0.0037112593956359487,-0.09491898148240446,-0.01041690326151673,0,"2.325749,12.949012,13.843817,8.507451,14.512722,15.451938"
0.65,3,39,-0.004017836813691081,-0.08096583906478226,-0.011317850772938412,0,"2.149792,14.783279,10.206742,10.662124,16.774523,16.185774"
0.65,3,40,-0.001283563938421003,-0.07417202393123365,-0.0035260514424595435,0,"2.036344,16.373168,13.102937,11.87216,13.356491,11.319914"
0.65,3,41,-0.0022993268637464797,-0.07125778292137877,-0.00643073870371795,0,"2.037697,12.934479,17.168542,11.079504,15.846305,13.798172"
0.65,3,42,-0.0011329201261647776,-0.10093250052219263,-0.0030464221516350865,0,"2.346594,13.109708,15.953547,11.033728,18.743442,9.973622"
0.65,3,43,9.410996146956228e-5,-0.08828294877308938,0.0004324072446755256,0,"2.174575,14.118758,18.696699,12.022653,11.852843,13.763815"
0.65,3,44,-0.0019852409797118807,-0.0869343710281257,-0.005505162376319678,0,"2.174903,13.887077,16.867067,11.74739,13.173583,13.791809"
0.65,3,45,0.04334941117964203,-0.05835785548759199,0.12383999938835155,0,"1.953116,13.996846,10.766587,11.597896,11.030098,18.994759"
0.65,3,46,-0.00047557934908123056,-0.09454553531087356,-0.001182031543111639,0,"2.279641,13.257565,15.089051,11.127756,17.457882,11.477116"
0.65,3,47,-0.004687171600407287,-0.07962551525715363,-0.013230812089311081,0,"2.151984,14.051507,10.000845,11.222834,16.588261,16.21438"
0.65,3,48,-0.003468599824773455,-0.09125544811601126,-0.009731079730264158,0,"2.298401,12.522952,13.031728,9.427191,14.703427,15.60285"
0.65,3,49,-0.0031397457588835374,-0.07178162041808184,-0.008828564879725373,0,"2.058419,12.510842,15.802331,11.570654,15.814746,14.224711"
0.65,3,50,-0.0028991258270075937,-0.08499699697388406,-0.008117247834949534,0,"2.17291,13.304673,15.551102,12.127228,13.587478,14.219409"
0.65,3,51,0.007774700211915179,-0.0745706433315618,0.022329587926589678,0,"2.057288,15.376414,12.414329,12.231203,13.739901,12.159492"
0.65,3,52,-0.0022301154319345584,-0.0966664744768583,-0.006186048875480521,0,"2.315717,12.656866,14.789835,11.532507,18.229027,11.037564"
0.65,3,53,-0.0028219979938392714,-0.08892361640502203,-0.007889817734197252,0,"2.330872,9.770133,13.634699,11.071057,17.78673,17.059283"
0.65,3,54,-0.003310562938842716,-0.06571661779433202,-0.009327378727776225,0,"2.076854,11.527375,10.874161,11.615933,13.150172,20.188466"
0.65,3,55,0.021656987632101606,-0.06403256397443184,0.06193409104805192,0,"1.979581,14.999915,11.109109,12.259011,12.046953,15.209793"
0.65,3,56,-0.004036950304331159,-0.08569874636284433,-0.011363625286699902,0,"2.271232,10.64174,13.213766,11.269049,16.8301,16.751034"
0.65,3,57,0.04476069085805061,-0.06746915051798823,0.12788510291390698,0,"2.166009,10.577694,8.413799,10.916781,17.327075,18.893543"
0.65,3,58,-0.0034167137273997503,-0.08306556475251696,-0.009598176424463006,0,"2.171759,12.850173,14.361515,11.925486,14.210744,14.998431"
0.65,3,59,0.07265453513177846,-0.084602706174878,0.2075339714308324,0,"2.320778,11.484622,7.682537,11.591629,14.565139,19.146146"
0.65,3,60,-0.001974709655737751,-0.0748985618232181,-0.005497432825895987,0,"2.101525,12.339805,14.448956,11.57415,15.606478,15.04495"
0.65,3,61,-0.004054850706987444,-0.07840505457930917,-0.011428250097076903,0,"2.15381,13.441697,9.829266,11.690096,16.433043,16.238219"
0.65,3,62,-0.0035234500513427985,-0.08332884829525146,-0.009902344227061183,0,"2.253087,10.600229,12.506686,11.728608,16.634575,16.68543"
0.65,3,63,0.01622865159627438,-0.08813249684938321,0.046484765860500876,0,"2.275674,12.167903,12.354988,10.1937,14.862348,15.72861"
0.65,3,64,-0.0038033103352211723,-0.08140464625151396,-0.010704716184266272,0,"2.17029,12.440587,13.463143,12.275641,14.451778,15.224927"
0.65,3,65,-0.001856716139700316,-0.06664386099474517,-0.005175960125742063,0,"2.091132,11.338257,10.557024,12.017679,13.567968,19.549957"
0.65,3,66,-0.003371589611041051,-0.07212400901426558,-0.009489678907326327,0,"2.075735,12.157811,14.663822,11.979947,15.788447,14.580161"
0.65,3,67,-0.004998592394137263,-0.062348623581255994,-0.01415175050323804,0,"2.028239,11.289174,10.97541,14.379125,15.981906,17.150091"
0.65,3,68,-0.002223248469937714,-0.08315190861939117,-0.006191521990395632,0,"2.18987,12.102458,12.912847,13.342265,18.080933,12.528793"
0.65,3,69,-0.002938560778000303,-0.08046911481794862,-0.00823820708825071,0,"2.173324,11.975091,12.520207,13.121501,17.328772,13.698985"
0.65,3,70,0.0012888263230207363,-0.06965071777834629,0.003807904351581737,0,"2.107498,11.465623,10.949656,12.238443,14.320128,18.379762"
0.65,3,71,-0.004186544537913822,-0.078890561840017,-0.011803241537656092,0,"2.162313,11.89018,12.258447,12.974324,16.827331,14.479114"
0.65,3,72,-0.005426877909186691,-0.0786173032888434,-0.015344017873694715,0,"2.234744,11.193695,8.004561,13.711458,16.206748,17.464903"
0.65,3,73,-0.005347014766897974,-0.06671735996484202,-0.015138143236537255,0,"2.05185,12.949111,8.660721,14.62375,15.218011,15.619458"
0.65,3,74,0.0002733616343761341,-0.06239465806727801,0.0008960130216065787,0,"2.093861,11.278251,6.105458,14.859418,17.656219,17.211471"
0.65,3,75,-0.003229846173552421,-0.07883928444586555,-0.009072643466997599,0,"2.157498,12.246864,12.236493,12.70627,14.985851,15.556018"
0.65,3,76,0.02520298713843835,-0.07727398166651996,0.07207996354080659,0,"2.222734,11.060191,8.165686,13.763952,16.115115,17.280321"
0.65,3,77,-8.286597989464568e-6,-0.06762659595188224,0.00010181444092838277,0,"2.070247,12.523035,8.7125,14.524195,15.291168,15.74245"
0.65,3,78,-0.00550697539682658,-0.06368081592259811,-0.015600350696380452,0,"2.050512,11.139756,10.641397,14.320341,15.927747,17.017978"
0.65,3,79,-0.004649834061712315,-0.07771184159775399,-0.013127790394387828,0,"2.16242,11.640593,11.710589,13.149674,16.632268,14.792163"
0.65,3,80,0.0010101673874189242,-0.07735034378059133,0.0030268163575747353,0,"2.155333,12.933523,9.686285,12.079482,16.303694,16.258084"
0.65,3,81,-0.0036295703302464443,-0.07978849957922865,-0.010211810490994566,0,"2.169066,12.099265,12.7145,12.567438,14.65264,15.413675"
0.65,3,82,-0.0037988217009538475,-0.0672398753639854,-0.010718184050142021,0,"2.034976,12.516089,12.646696,13.125231,15.373041,14.580266"
0.65,3,83,-0.0059861156555916705,-0.06499703194516764,-0.016965513300491827,0,"2.06124,10.503623,12.112701,15.158288,14.874244,15.04323"
0.65,3,84,-0.004652637449048275,-0.07399036280761459,-0.01314269648415392,0,"2.143184,10.240975,14.220037,12.924936,15.747796,15.325791"
0.65,3,85,0.0017502981326555493,-0.05921756920892601,0.0051057215716893145,0,"2.036227,10.045314,10.719743,15.000861,16.751376,15.625272"
0.65,3,86,-0.00389000971257622,-0.07666970263574545,-0.010960965907986259,0,"2.146758,11.756936,12.382039,12.973008,15.002429,15.448941"
0.65,3,87,0.00046561737259444085,-0.07405095270870087,0.001466392156001417,0,"2.208097,9.375477,10.699328,14.392325,15.907438,16.748239"
0.65,3,88,-0.0024814736958262314,-0.06886684441595138,-0.006955074202813938,0,"2.063541,11.992643,12.322133,13.336413,15.462107,14.941595"
0.65,3,89,-0.0063060937540410115,-0.06611704913516919,-0.0178767451751196,0,"2.078092,10.485131,11.589135,14.969644,15.004695,15.26226"
0.65,3,90,-0.005811162970748756,-0.065174211216174,-0.01646581913360423,0,"2.069128,11.015242,10.363055,14.271355,15.882614,16.907883"
0.65,3,91,-0.005189616486756536,-0.07356605830257328,-0.014676176819922546,0,"2.146475,10.266258,13.345244,13.108517,15.732655,15.497727"
0.65,3,92,-0.004316482438739202,-0.07665363600666811,-0.01217827194329918,0,"2.162508,11.432605,11.254043,13.295799,16.469715,15.053038"
0.65,3,93,-0.0037743766076191623,-0.07592429495479565,-0.010632298603963308,0,"2.149454,11.529557,11.813582,13.148577,15.111516,15.600352"
0.65,3,94,-0.005351360415713659,-0.06814949017456609,-0.015147889958898791,0,"2.056144,12.162184,12.03413,13.27543,15.420359,14.876457"
0.65,3,95,-0.005113345527540871,-0.06435047184587915,-0.01447557505591851,0,"2.075547,10.388473,10.705388,14.500479,16.277481,15.717906"
0.65,3,96,-0.005615728689418202,-0.05924087638647502,-0.015919001340850558,0,"2.03395,10.137384,11.082037,14.754817,14.855204,16.486844"
0.65,3,97,0.0022212664166677294,-0.07037097584466678,0.006470693737596012,0,"2.106422,11.097812,11.756246,13.634916,14.573346,16.078288"
0.65,3,98,-0.006156950179235218,-0.06539868347162071,-0.01745237914936111,0,"2.080683,10.506695,10.88053,14.356218,15.993458,15.77797"
0.65,3,99,-0.005948361101155696,-0.05764745396406809,-0.016871386488023554,0,"2.01424,11.300177,8.295034,15.442779,15.205105,16.391881"
0.65,3,100,0.002885070562602237,-0.05767895168603808,0.008341834968454864,0,"2.089933,9.116981,8.359691,15.998317,15.44565,17.518293"
0.65,3,101,-0.005627652211333859,-0.06695305915081778,-0.0159387261963346,0,"2.061764,11.654636,11.42169,13.729244,15.424574,15.316763"
0.65,3,102,-0.0060662584686362485,-0.0713881997274454,-0.017182406561476835,0,"2.12167,11.647475,9.424859,14.17707,16.200596,15.517879"
0.65,3,103,0.006375814548300476,-0.06451772952686688,0.01831811352217194,0,"2.11362,10.127837,8.419707,15.35192,15.889899,16.754998"
0.65,3,104,-0.0017216636167486379,-0.06666199654295893,-0.004790447606666803,0,"2.07038,11.400167,10.921332,13.99969,15.502129,15.556469"
0.65,3,105,-0.00525114295242917,-0.06698331481815832,-0.014864003989717045,0,"2.092166,10.469722,11.152832,14.81244,15.113405,15.444785"
0.65,3,106,-0.006269265190123991,-0.06630640160403428,-0.017771274522852487,0,"2.09433,10.487692,10.562331,14.301253,15.937374,15.874543"
0.65,3,107,-0.005845868420274577,-0.07121800491200633,-0.016553665526136074,0,"2.128534,11.43834,9.349281,14.151963,16.109989,15.657801"
0.65,3,108,0.0010337091491171393,-0.059869554217875265,0.0030615794472920177,0,"2.038804,11.148926,8.407756,15.20672,15.280413,16.386136"
0.65,3,109,-0.004845358374510368,-0.06613078052823904,-0.013707359403930391,0,"2.084681,10.91148,10.131105,14.230533,15.845004,16.816138"
0.65,3,110,-0.00572669784963983,-0.06778409114026104,-0.016219889226198547,0,"2.07853,11.444308,11.013295,13.778774,15.463304,15.490204"
0.65,3,111,-0.002837602972234215,-0.07603401725771074,-0.007958272758717577,0,"2.175452,10.565811,11.985785,13.227076,16.094929,15.494158"
0.65,3,112,-0.004944144779941027,-0.07338198296929928,-0.013975871245928306,0,"2.1525,10.662996,11.389416,13.557016,15.959176,15.642821"
0.65,3,113,-0.005866402852022504,-0.07284596052436977,-0.016609256394124916,0,"2.15167,10.720427,10.681716,13.978757,15.568396,14.673051"
0.65,3,114,0.0012890347701362671,-0.06511385183900073,0.0038000821288186604,0,"2.083585,10.988055,9.187552,14.792854,15.323963,15.52311"
0.65,3,115,-0.005626329431316578,-0.07212161000398051,-0.01592536145230196,0,"2.140969,10.717173,11.022429,13.762989,15.853307,15.622869"
0.65,3,116,-0.005501114991499568,-0.07329345452064245,-0.015565789199546598,0,"2.160193,11.263816,9.380653,13.187613,16.416369,15.780508"
0.65,3,117,0.01860396663245646,-0.07232777074426018,0.05323527810315465,0,"2.148812,11.131466,9.676006,13.458417,16.199208,15.724554"
0.65,3,118,-0.006611177991791614,-0.0670815055817301,-0.018745754283326643,0,"2.105722,10.471856,10.297167,14.255448,15.890637,15.955021"
0.65,3,119,-0.001987395363069451,-0.07249117432664365,-0.005538107891414679,0,"2.153549,10.665802,10.396654,13.986701,15.583155,14.953777"
0.65,3,120,-0.0033794793408962022,-0.07122172293309675,-0.009513872473211615,0,"2.134259,11.264061,9.2863,14.131039,16.034482,15.774402"
0.65,3,121,-0.005082100488356417,-0.06837631086612371,-0.014378923608658306,0,"2.092532,11.269034,10.672968,13.820049,15.495579,15.634738"
0.65,3,122,-0.005402066522838416,-0.07193769687842871,-0.015285591608013238,0,"2.144628,10.663089,10.680579,13.806895,15.820581,15.745293"
0.65,3,123,-0.006425368501356659,-0.06765265525507008,-0.018214340731956227,0,"2.103916,10.456881,10.789248,14.681437,15.203996,15.596889"
0.65,3,124,-0.006366558497102047,-0.06650815628072256,-0.018048603383814976,0,"2.094486,10.840061,9.835878,14.253729,15.784254,16.734141"
0.65,3,125,-0.00654112311085173,-0.06613300180723786,-0.01854755718474961,0,"2.100428,10.100476,11.129461,14.150287,15.249517,16.233429"
0.65,3,126,-0.006949455366977844,-0.06786995436649132,-0.019709832729098403,0,"2.14485,9.705995,9.894927,14.571358,15.7064,16.572656"
0.65,3,127,-0.004596012233940288,-0.06308221672119357,-0.01300130952781936,0,"2.092825,9.992891,9.625438,14.839333,15.343337,16.73789"
0.65,3,128,-0.005103827397530844,-0.07055889128849738,-0.0144368891628181,0,"2.135969,10.551389,10.504719,13.978968,15.741041,15.910726"
0.65,3,129,-0.004853868420123057,-0.06830206642304346,-0.013727621170110116,0,"2.147864,9.82044,9.741002,14.480535,15.698159,16.536782"
0.65,3,130,-0.0068352482727905796,-0.06757226765655916,-0.01938440502016217,0,"2.115229,10.458659,10.076199,14.217277,15.851689,16.022086"
0.65,3,131,-0.0063188660652757555,-0.06683536599119773,-0.017911868352737198,0,"2.110812,10.149176,10.769772,14.129643,15.317423,16.254092"
0.65,3,132,-0.006313855710385165,-0.06811808245643661,-0.01789518754613524,0,"2.113722,10.44618,10.486263,14.572268,15.279488,15.723643"
0.65,3,133,-0.0012621124701808993,-0.06722320132325231,-0.003477714826090439,0,"2.105853,10.765496,9.691795,14.215845,15.763037,16.671353"
0.65,3,134,-0.004505549354814479,-0.07173374260573837,-0.012727051297618808,0,"2.147679,10.61802,10.395706,13.843483,15.79331,15.847312"
0.65,3,135,-0.0059118586025275,-0.07043986191747863,-0.016743464228003824,0,"2.160276,9.862891,10.454975,14.207365,15.43597,15.575756"
0.65,3,136,0.002432392529247913,-0.0655443491265155,0.007064353806708001,0,"2.122559,9.758657,9.770817,14.701021,15.286584,16.309277"
0.65,3,137,0.0006576179889352482,-0.07075702902038747,0.0020083061447081496,0,"2.143486,10.474791,10.291557,13.986406,15.708855,15.924307"
0.65,3,138,0.010641970183374028,-0.0681607641337138,0.030501711659942754,0,"2.123162,10.447661,9.892061,14.185468,15.819233,16.077973"
0.65,3,139,-0.004646840057875541,-0.06743063343837669,-0.013138319241160545,0,"2.119476,10.189759,10.470033,14.11244,15.374011,16.271312"
0.65,3,140,0.0024550003436840636,-0.0686165993678436,0.00713458294069691,0,"2.121904,10.437262,10.233778,14.481294,15.342399,15.829271"
0.65,3,141,-0.007367821195539503,-0.0703847483546037,-0.02089930386501787,0,"2.160721,9.951187,10.207704,14.177208,15.4728,15.706032"
0.65,3,142,0.01921496544301804,-0.0687819747240487,0.05497266655227251,0,"2.150376,9.915811,9.612732,14.40485,15.691291,16.506887"
0.65,3,143,-0.006479318247875306,-0.07165199325984223,-0.018360908954635102,0,"2.150222,10.580462,10.158315,13.873973,15.770583,15.932329"
0.65,3,144,-0.005013824196440041,-0.07017531891115655,-0.014180705691873241,0,"2.129071,10.750529,10.365025,13.880752,15.454035,15.551222"
0.65,3,145,0.007589860563556304,-0.0713836836037776,0.021796089504491967,0,"2.158285,10.319628,10.243345,13.998562,15.20436,15.804552"
0.65,3,146,0.003550183949166309,-0.07096357280985922,0.01026490729696794,0,"2.15242,10.340967,10.184797,14.029713,15.306839,15.850122"
0.65,3,147,-0.006403204880584072,-0.0687349649514005,-0.018149071366820785,0,"2.129004,10.426323,9.950608,14.154317,15.716754,16.032403"
0.65,3,148,0.008726708522668093,-0.07092512766619911,0.025040130885260803,0,"2.161926,10.326381,9.807239,13.593744,15.805979,16.120965"
0.65,3,149,-0.003152609920536871,-0.06895316174917934,-0.008870530513486241,0,"2.12856,10.418782,10.162687,14.333369,15.419662,15.877887"
0.65,3,150,-0.007220223660162066,-0.07066579637764928,-0.020477496482136703,0,"2.155241,10.344861,9.878328,13.741669,15.728716,16.07235"
0.65,3,151,0.0033020695169413907,-0.07311185987717611,0.009560702799661924,0,"2.176342,10.625586,9.373763,13.839007,15.892603,15.612603"
0.65,3,152,0.003510949895201798,-0.06848313968076823,0.01014832006848665,0,"2.128924,10.262396,10.287318,14.066868,15.460443,16.161527"
0.65,3,153,0.021866087320561715,-0.0706435612960548,0.06254318719966934,0,"2.156154,10.279248,9.933224,13.814259,15.686063,16.011297"
0.65,3,154,0.014458922675017413,-0.07042502205415911,0.0414005963732057,0,"2.162578,10.319093,9.177444,14.051554,15.62626,16.248847"
0.65,3,155,-0.006029551149437806,-0.0713970218255139,-0.01707761691237683,0,"2.151971,10.475582,10.166546,13.924512,15.720953,15.894613"
0.65,3,156,-0.006088280518182137,-0.06904141869157929,-0.017249617799436595,0,"2.134281,10.347133,9.993457,14.158132,15.676095,15.978008"
0.65,3,157,-0.00576895164827497,-0.07025680481758338,-0.016335906165673014,0,"2.134337,10.617304,10.338805,13.930161,15.457163,15.577024"
0.65,3,158,-0.006305426506038971,-0.06804877296343509,-0.017871256753568543,0,"2.126334,10.149997,10.426312,14.123235,15.390476,16.177099"
0.65,3,159,0.012788333443911084,-0.06919937117532887,0.036629978693235477,0,"2.13391,10.340849,10.17019,14.307342,15.428519,15.849244"
0.65,3,160,-0.0020508362306707727,-0.06890342945246564,-0.005725842733057429,0,"2.117987,10.308256,11.256937,14.15531,15.422409,15.478492"
0.65,3,161,-0.006973485916246473,-0.07011135043455669,-0.01977426441690884,0,"2.141274,10.275636,10.626394,13.848844,15.618113,15.754512"
0.65,3,162,0.004279977214474688,-0.07072730283816749,0.0123475095228186,0,"2.165041,10.297355,9.329502,13.898721,15.689458,16.21727"
0.65,3,163,-0.005028626223061329,-0.0691850179934195,-0.01422479224023293,0,"2.125809,10.306439,10.93569,14.112545,15.466917,15.601622"
0.65,3,164,0.003439203747833221,-0.0704407899397934,0.009947167864404416,0,"2.157179,10.299172,9.650729,13.941486,15.64495,16.09414"
0.65,3,165,-0.006043930849249059,-0.0695032505074304,-0.017122174215553676,0,"2.131028,10.305228,10.721526,14.084035,15.496589,15.683708"
0.65,3,166,-0.006109091957475638,-0.06925591869369503,-0.017308621693520015,0,"2.147519,9.884288,10.375173,14.175161,15.667846,16.1543"
0.65,3,167,-0.005519163014974099,-0.06742604859294729,-0.015628189191918607,0,"2.128416,9.82891,10.616975,14.264359,15.386353,15.923273"
0.65,3,168,-0.004758790190414018,-0.07074973769543358,-0.013451699331845257,0,"2.14804,10.367803,10.241617,13.981153,15.665186,15.899389"
0.65,3,169,-0.0036886789413194784,-0.07021969488832659,-0.010398276408283336,0,"2.144511,10.221561,10.556612,13.903571,15.593894,15.746432"
0.65,3,170,0.0069531026722829,-0.06857409590184899,0.01997338614134181,0,"2.132055,10.116862,10.389877,14.13223,15.404196,16.098587"
0.65,3,171,-0.0060263809541723735,-0.06946837336104719,-0.01707214645779276,0,"2.149718,9.895438,10.347261,14.175502,15.635338,16.079588"
0.65,3,172,0.0193614654257987,-0.06931606028797299,0.055391810660727514,0,"2.138681,10.281141,10.029165,14.161311,15.642213,15.932679"
0.65,3,173,-0.0067324067174657,-0.06968401542454083,-0.01908694764503996,0,"2.135969,10.246221,10.635889,14.099564,15.492624,15.687429"
0.65,3,174,-0.006692645463140889,-0.07125829374059434,-0.01897053681235765,0,"2.153429,10.388183,10.173406,13.966628,15.679594,15.863182"
0.65,3,175,-0.0062284885964946305,-0.07059999813142336,-0.017646920501524777,0,"2.153447,9.992009,10.741088,13.990256,15.450603,15.794405"
0.65,3,176,-0.0068978063725198225,-0.0719886923008402,-0.019554770151346587,0,"2.167243,10.11467,10.497442,13.972013,15.704088,15.527102"
0.65,3,177,-0.006046738426482569,-0.07101394734404416,-0.01712738507409431,0,"2.162329,9.974341,10.310984,14.223486,15.551122,15.806148"
0.65,3,178,0.005468004590828913,-0.07224901095272829,0.015741305688449225,0,"2.161319,10.326767,10.508242,13.96755,15.481606,15.381844"
0.65,3,179,0.01940915110491872,-0.06994583808649336,0.05552908776844567,0,"2.15165,9.967325,10.374091,14.140843,15.609716,15.963298"
0.65,3,180,-0.0011514247988593641,-0.0718637056274512,-0.0031531708012031423,0,"2.166156,10.087423,10.449152,14.006212,15.66554,15.556923"
0.65,3,181,0.020205999472233064,-0.06981419237243779,0.057803278713501216,0,"2.140089,10.197049,10.564524,14.112505,15.48932,15.690529"
0.65,3,182,0.01907916937017688,-0.0710376318467831,0.054589250266525724,0,"2.154644,10.31535,10.179122,14.001725,15.645128,15.836991"
0.65,3,183,0.008090247327881874,-0.07048646597560615,0.023222673129059568,0,"2.154659,9.985205,10.65219,14.021415,15.454303,15.779676"
0.65,3,184,-0.004996336707763655,-0.07093267258602576,-0.014129386243992403,0,"2.162061,9.970482,10.29377,14.215773,15.538068,15.789462"
0.65,3,185,-0.006613170070044986,-0.06964471548783832,-0.01874668475803594,0,"2.151551,9.904729,10.324002,14.175786,15.608249,16.017329"
0.65,3,186,-0.007119360112692555,-0.07168693479140807,-0.02018770830620277,0,"2.176549,9.874411,10.137457,14.086868,15.638709,15.871608"
0.65,3,187,-0.0063301945146413885,-0.07039978127779077,-0.017937590000887182,0,"2.169254,9.609135,10.50897,14.226029,15.480761,15.736686"
0.65,3,188,0.003167494463749182,-0.07112083439092523,0.009172892838884783,0,"2.17411,9.813917,9.988164,14.274544,15.680407,15.779671"
0.65,3,189,-0.007367140667856929,-0.07103957140268763,-0.02089614655757152,0,"2.170864,9.842465,10.098834,14.232356,15.642723,15.779672"
0.65,3,190,0.0091572569456872,-0.0695534479207911,0.026266495466920836,0,"2.164169,9.630049,10.074428,14.365128,15.461563,16.076673"
0.65,3,191,0.0005314175295824655,-0.07149282155411472,0.0016494587229702873,0,"2.165825,10.011193,10.386698,14.066031,15.631544,15.643548"
0.65,3,192,0.02528917381576066,-0.07081676258568118,0.07231398519035637,0,"2.169173,9.860585,10.116979,14.223165,15.614402,15.767398"
0.65,3,193,-0.005442097158642594,-0.07134221429600895,-0.015400955385614923,0,"2.173909,9.887207,10.149165,14.101925,15.611058,15.844012"
0.65,3,194,-0.004828898124571005,-0.06979088857111508,-0.01365358654773735,0,"2.153079,9.912472,10.304619,14.176023,15.585674,15.965446"
0.65,3,195,0.0226591455108484,-0.07041389332582002,0.06480637802628852,0,"2.167831,9.666144,10.458758,14.217893,15.479435,15.731577"
0.65,3,196,-0.007173119540498199,-0.07085931600309206,-0.02034268869729182,0,"2.161838,9.967266,10.279426,14.209345,15.52719,15.775557"
0.65,3,197,-0.006020662181909649,-0.07151779310116797,-0.017052021168528303,0,"2.16525,10.064717,10.408911,14.034711,15.633417,15.581775"
0.65,3,198,-0.006996315296701113,-0.07053181586319397,-0.019838645972284963,0,"2.158368,9.955745,10.485882,14.082537,15.488789,15.767401"
0.65,3,199,0.019177603157116294,-0.0710756008373257,0.05487027914274456,0,"2.156556,10.246725,10.153144,14.042691,15.626875,15.815164"
0.65,3,200,-0.005111852193376278,-0.07086812509278492,-0.014459220528231675,0,"2.158434,10.149961,10.20408,14.071891,15.602301,15.801233"
0.65,3,201,0.01966771450787854,-0.07226684714226353,0.056271408473015594,0,"2.173104,10.079555,10.27377,14.04985,15.526178,15.526557"
0.65,3,202,0.004089360868264988,-0.07020644207996943,0.011802469118358694,0,"2.156412,9.94032,10.299477,14.154994,15.575758,15.892298"
0.65,3,203,0.003920553268161017,-0.07067017740791749,0.011321503877482986,0,"2.161652,9.964586,10.267472,14.203989,15.518125,15.763969"
0.65,3,204,-0.007029425048262346,-0.07064062389708042,-0.01993294888748179,0,"2.15876,9.954986,10.439519,14.098316,15.486124,15.757173"
0.65,3,205,0.020169465282210527,-0.0714601549855117,0.057702053326533775,0,"2.164495,10.045795,10.375376,14.058461,15.606648,15.602484"
0.65,3,206,-0.006806621507286336,-0.07133637733078649,-0.019295712464739045,0,"2.171709,9.89787,10.158921,14.114472,15.588015,15.821015"
0.65,3,207,0.00478787645548406,-0.07092296582362295,0.013797563531523949,0,"2.158815,10.116832,10.204684,14.089444,15.580718,15.785366"
0.65,3,208,-0.002414377744213234,-0.06980295652151541,-0.006761826237974167,0,"2.154352,9.918925,10.288466,14.176221,15.566862,15.92221"
0.65,3,209,-0.005998820870965045,-0.07069303654200576,-0.01699120992496858,0,"2.161,9.967398,10.261128,14.143275,15.535441,15.792628"
0.65,4,1,0.013839954724436453,-0.1433503726025645,0.03976918072392785,0,"3.293366,6.697926,11.426479,14.288425,37.962731,19.454496"
0.65,4,2,0.02553047272309367,-0.20041074807749268,0.07324315601354087,0,"4.915654,6.697926,11.426479,14.288425,37.962731,19.454496"
0.65,4,3,0.01762180342462507,-0.15486360567887697,0.05058502859516581,0,"3.293366,10.07008,11.426479,14.288425,37.962731,19.454496"
0.65,4,4,0.01879429486495987,-0.15002283902188937,0.05392267649585872,0,"3.293366,6.697926,17.164702,14.288425,37.962731,19.454496"
0.65,4,5,0.01944205338703358,-0.14786318364818601,0.055767559458840876,0,"3.293366,6.697926,11.426479,21.457637,37.962731,19.454496"
0.65,4,6,0.023583810198340625,-0.14498289539181344,0.06758398481617042,0,"3.293366,6.697926,11.426479,14.288425,56.969097,19.454496"
0.65,4,7,0.017798317081471567,-0.14369658674412802,0.05106813147668118,0,"3.293366,6.697926,11.426479,14.288425,37.962731,29.206744"
0.65,4,8,0.01476991014263695,-0.026117732703996616,0.042206041583829165,0,"1.786202,7.821542,13.339214,16.678162,44.298186,22.705245"
0.65,4,9,0.00849424516492006,-0.12258835916209829,0.024472463531826527,0,"2.769363,8.196232,13.976795,17.474741,21.068184,23.788828"
0.65,4,10,0.005080575557920282,-0.11746352021885417,0.014719357345690132,0,"2.683554,8.446049,14.401849,18.005794,15.084699,24.511217"
0.65,4,11,0.009909119405944687,-0.10787690002673306,0.028483628916689208,0,"2.569986,8.779158,14.968588,9.15502,32.448539,25.474402"
0.65,4,12,0.0076094371299200315,-0.0862788457801264,0.021879601483308447,0,"2.336922,9.473185,8.498519,14.612957,30.610475,27.481037"
0.65,4,13,0.004813416482645709,-0.06501318371330826,0.013859497793804368,0,"2.035239,10.398611,13.260501,14.721135,28.159722,17.153554"
0.65,4,14,0.0027169859760389926,-0.043536273980303845,0.007835834320325932,0,"1.841228,11.015578,13.566172,14.793253,26.525888,15.144689"
0.65,4,15,0.007523699197687595,0.011559873861607034,0.0064779132370797465,0,"1.593414,7.341058,13.973734,14.889411,24.347441,25.4692"
0.65,4,16,0.039411048121852865,-0.13240375091548892,0.11273615116297397,0,"2.991651,9.429143,12.2725,11.903429,11.361749,23.139768"
0.65,4,17,0.011904074001508202,-0.05156526014463699,0.03407333072813534,0,"1.975039,8.089434,13.161428,15.882372,38.808778,22.777666"
0.65,4,18,0.0593963283559289,0.09127510289445462,0.023379021862866556,0,"1.178533,11.017673,14.76356,14.824476,17.979208,27.498241"
0.65,4,19,0.011414598574815332,-0.12530575119526846,0.03281303642954833,0,"2.904407,7.417453,11.982656,14.377767,34.632144,20.79512"
0.65,4,20,0.00043413603199249476,-0.11337758315616246,0.0014494975340202665,0,"2.654365,9.401212,12.635679,12.728996,15.74095,23.514223"
0.65,4,21,0.005675107776639435,-0.12037669223081537,0.016421728633051136,0,"2.771966,9.619863,12.548054,12.203435,11.896319,23.636982"
0.65,4,22,-0.0003105316181367266,-0.016185572365228794,-0.0008563179566128953,0,"1.677066,10.734851,14.032128,13.684008,13.620521,26.403136"
0.65,4,23,0.011507994095556886,0.01611515087165201,0.03281723775507439,0,"1.494539,11.287838,14.373707,13.568382,10.118622,27.337805"
0.65,4,24,0.013013971579476641,-0.015312159097837563,0.03717403876948833,0,"1.691425,10.024664,10.734058,20.416557,9.528191,22.033432"
0.65,4,25,0.007499267341033701,-0.09662254297859416,0.021584335647123698,0,"2.416711,8.986732,14.26283,11.031871,28.628469,24.900907"
0.65,4,26,-0.003201867725492015,-0.05120859521233986,-0.009044047776806036,0,"1.929122,9.168453,19.125812,13.764815,10.705536,19.166753"
0.65,4,27,0.054236856577115584,-0.042798946275317315,0.15488704407647935,0,"1.86352,9.117665,20.897062,13.623458,7.388639,17.781039"
0.65,4,28,0.002716345107116839,-0.1336302923526439,0.008001155407866584,0,"2.836927,11.910368,15.367755,13.113497,12.421242,19.077775"
0.65,4,29,0.038672237593775145,-0.0729506028686994,0.11051707003179623,0,"2.101065,11.238761,15.446967,17.66493,2.800505,17.705024"
0.65,4,30,0.00541090951407181,-0.09372368369022913,0.015618181556930094,0,"2.363318,9.36205,14.460186,12.137373,24.313357,23.701593"
0.65,4,31,0.02459970676260348,-0.078096049993125,0.07035955243356362,0,"2.152837,10.86341,15.249611,16.559418,7.053776,18.904338"
0.65,4,32,0.003819507296141908,-0.0915607276812522,0.011071847492892029,0,"2.327885,9.612268,14.591757,12.874378,21.436616,22.90205"
0.65,4,33,0.0030334945530958836,-0.029761042810506785,0.008713684118517806,0,"1.74404,12.168315,15.371251,8.980644,18.398877,17.558325"
0.65,4,34,0.02542140079538517,-0.04916756576730309,0.07265123366100734,0,"1.880416,11.853986,15.441174,12.813987,11.034395,17.38625"
0.65,4,35,0.002173457052578891,-0.08544322606159448,0.0063621953746794,0,"2.251442,9.985877,14.733326,12.864313,19.70291,21.98275"
0.65,4,36,0.004620247736379678,-0.11599091391934037,0.01340271679870772,0,"2.657163,8.570567,14.449039,18.002439,14.506797,24.204784"
0.65,4,37,-0.0013791402552605055,-0.049253541366610004,-0.0038450847819957445,0,"1.888104,11.568664,15.217549,10.4842,17.750197,18.666068"
0.65,4,38,0.026926926037027687,-0.10796939075530254,0.07705753144289607,0,"2.566243,9.907539,16.804577,10.753366,3.485667,27.792213"
0.65,4,39,0.0014609290821169076,-0.057739067863642454,0.004277035753470174,0,"1.957109,10.830903,14.105906,14.119935,22.680665,17.25261"
0.65,4,40,0.03684593091219194,0.056628166728532464,0.0023263722065379466,0,"1.353305,8.653039,14.582377,12.768585,20.979014,23.250738"
0.65,4,41,0.0014492447351504274,-0.11519023807556811,0.004350273697444118,0,"2.569198,11.367456,15.236859,13.056011,13.847535,19.773269"
0.65,4,42,0.02007793491120233,-0.057345918799583694,0.05741461326793795,0,"1.959077,11.037948,15.38465,13.081668,11.745558,19.609269"
0.65,4,43,0.000992894909844218,-0.08113953254476014,0.002984545757095225,0,"2.201911,10.16122,14.84188,12.900539,18.376683,21.58717"
0.65,4,44,0.004524811460337465,-0.09107103154734746,0.013084080578973145,0,"2.337393,9.969693,16.257396,11.419587,7.333787,25.784263"
0.65,4,45,0.00048274531112386753,-0.06369133546303407,0.0014960601660477801,0,"2.019104,10.687366,14.464487,13.669876,20.122744,18.674552"
0.65,4,46,0.004054388099624306,0.006233280154192389,-0.0037018077170623,0,"1.578003,9.206484,14.868985,12.688126,18.258001,22.897365"
0.65,4,47,0.00021230370781299645,-0.10074807262279956,0.000792892693072117,0,"2.394695,11.007285,15.175546,12.994697,14.582612,20.293952"
0.65,4,48,0.0009372881469163262,-0.05802195660940594,0.0027829382580631945,0,"1.972824,10.694699,15.375186,12.874985,12.464166,20.652391"
0.65,4,49,-0.003361886162118886,-0.06166018224613538,-0.009481395871725126,0,"2.010477,10.605785,15.286302,12.879244,13.449583,20.808187"
0.65,4,50,0.012285459486700408,-0.07437271681287777,0.03520422934958978,0,"2.151486,10.141359,16.026517,11.842106,8.493919,24.276221"
0.65,4,51,-0.00041059972060876243,-0.06565947690679133,-0.001050152877463531,0,"2.040993,10.596365,14.724826,13.365247,18.184572,19.608163"
0.65,4,52,0.02263992773581517,0.03479582379485155,7.138198573919396e-5,0,"1.384735,11.825945,18.551711,12.995068,13.69005,18.13453"
0.65,4,53,-0.000552993216179889,-0.09847294770393293,-0.0013957065796270374,0,"2.426443,9.805319,13.621683,12.773341,15.399133,22.617607"
0.65,4,54,-0.0018087049599896687,-0.0027754750608701417,-0.008120318955744887,0,"1.61282,9.819185,15.493886,12.655581,15.120561,22.129353"
0.65,4,55,-0.002662005898174352,-0.08973500280039201,-0.00743164876938518,0,"2.2987,9.786393,17.124558,11.623464,16.582667,14.595575"
0.65,4,56,0.003746880472928364,-0.05816148842856482,0.01080258438820303,0,"2.003141,9.654889,17.231771,11.361632,11.484656,19.719685"
0.65,4,57,-0.0013428630789487856,-0.06405807300473249,-0.0037140725888274856,0,"2.034669,10.43945,15.14265,13.03131,17.067918,19.62675"
0.65,4,58,0.027663281842949094,0.008628239849210649,0.0789429812674386,0,"1.525064,10.65731,18.841904,12.039523,14.826346,15.713289"
0.65,4,59,-0.001494307733545887,-0.08554600611392082,-0.004106473040022374,0,"2.267559,9.947316,14.491719,12.651038,15.303669,21.466887"
0.65,4,60,-0.00021818634339093357,-0.05458621860947061,-0.0005214936529036041,0,"1.958918,9.859131,17.103959,11.654799,12.569482,19.317524"
0.65,4,61,-0.002029435462868877,-0.06277961530462184,-0.005676120202428636,0,"2.021982,10.342729,15.469534,12.801891,16.318178,19.575213"
0.65,4,62,-0.0019353344380119285,-0.07177113085710715,-0.005390846875852173,0,"2.152958,8.321436,17.113055,14.974499,11.409871,20.581255"
0.65,4,63,-0.00022813053331903406,-0.026057674845210505,-0.0006028058931629721,0,"1.744413,9.400637,18.712664,13.582125,12.558455,17.485225"
0.65,4,64,-0.002234800124945644,-0.07731728103978265,-0.0062353186592544185,0,"2.177523,9.856201,15.19521,12.806219,14.846133,20.803277"
0.65,4,65,0.0010198096051840205,-0.11583629702323946,0.0031257405401716176,0,"2.618044,9.541102,17.610937,13.627795,12.650087,16.380733"
0.65,4,66,-0.0011337103579115943,-0.028713639712603534,-0.0031826644558253236,0,"1.769348,9.772838,15.846728,12.817616,14.708815,21.17125"
0.65,4,67,0.00159087155352897,-0.05317110059089988,0.004639454171294577,0,"1.942606,9.407999,18.485894,13.617219,11.162873,19.440325"
0.65,4,68,-0.002370333462230361,-0.08542050290787664,-0.00660713610772154,0,"2.249924,9.922956,16.818182,11.83276,16.060486,15.631011"
0.65,4,69,-0.0023306147883494148,-0.07487759621506615,-0.0065133276746385665,0,"2.149414,9.98113,15.210392,12.81839,14.613374,20.804095"
0.65,4,70,-0.0022962868821117476,-0.06260604667705971,-0.00643811317759857,0,"2.020063,10.386572,15.438996,12.814783,15.840079,19.780708"
0.65,4,71,-0.0025326131647381775,-0.07036920362466251,-0.00709825369596731,0,"2.129013,8.70212,16.808596,14.625289,11.749821,20.619077"
0.65,4,72,-0.0006951427048691198,-0.014356657083032832,-0.0019575021486089583,0,"1.676858,9.950284,15.459289,12.692858,14.842064,21.909159"
0.65,4,73,-0.0020199281258299925,-0.07253075075315225,-0.005630892358614081,0,"2.131925,10.441606,13.188026,12.270555,17.688941,20.41042"
0.65,4,74,-0.00044303940049650846,-0.11300405265804286,-0.0010549072820573158,0,"2.581005,10.063081,15.457542,13.054147,14.958694,17.442007"
0.65,4,75,-0.002678139501118753,-0.03618782411405932,-0.007577044142841771,0,"1.818926,9.969083,15.458997,12.753073,14.861503,21.164634"
0.65,4,76,-0.0028377291250007135,-0.05854920317765368,-0.007991072193335919,0,"1.99194,9.414266,18.485797,13.637291,11.169352,19.19215"
0.65,4,77,-0.0017389497747755452,-0.06775065510547555,-0.004837767515219027,0,"2.093837,9.145208,17.250426,13.367231,11.461297,19.625676"
0.65,4,78,-0.0026327119953585636,-0.06358691088320154,-0.00739654774735117,0,"2.032303,10.179672,15.740901,12.906858,15.11028,19.75487"
0.65,4,79,0.00021086398284263726,-0.051476151482164945,0.0006973697197261153,0,"1.927342,9.616808,17.655867,13.393114,12.853629,18.252547"
0.65,4,80,-0.0025213037247283593,-0.07116306975756913,-0.007064500440662022,0,"2.111899,9.92041,15.617971,12.914177,14.320083,20.378837"
0.65,4,81,-0.0018566912768742242,-0.03149553827100995,-0.005241099406302463,0,"1.788181,9.674132,15.648006,14.739221,10.8264,25.008241"
0.65,4,82,-0.002982742750090764,-0.07768139105363957,-0.008369487215372909,0,"2.170777,9.881485,16.623152,12.317169,15.188135,17.193882"
0.65,4,83,-0.00274648336607829,-0.05269468933594326,-0.0077414922734691805,0,"1.938408,9.663704,17.183278,13.458797,12.856137,19.198763"
0.65,4,84,-0.003334156155374344,-0.04555284567571773,-0.009432130171785721,0,"1.859701,11.202623,16.117546,11.358861,15.795177,18.485085"
0.65,4,85,0.002440040107170863,-0.048085329968766036,0.0070537906997304445,0,"1.896444,10.065963,17.31079,12.561285,12.663013,18.926031"
0.65,4,86,-0.002805131398479976,-0.061047784874780686,-0.007893393287602024,0,"2.009453,10.160721,16.002549,12.849262,14.702402,19.61673"
0.65,4,87,-0.0019187290005278376,-0.0806070541848554,-0.005327056986749484,0,"2.178391,10.340433,17.773877,12.747133,12.858756,17.000299"
0.65,4,88,-0.0018366921454296052,-0.044694620320293886,-0.005159528021182858,0,"1.877374,10.030974,15.844811,12.752083,14.527711,20.470578"
0.65,4,89,-0.0034078445200291154,-0.04859858662467151,-0.009636807303334036,0,"1.88456,11.10315,15.979005,11.612257,15.404245,18.872269"
0.65,4,90,-0.0023094414555968118,-0.07516048790897971,-0.00645236802756094,0,"2.143812,10.002201,16.400344,12.410848,14.898376,17.796266"
0.65,4,91,-0.0035605507552529123,-0.05916773496032813,-0.010053066155355214,0,"1.995026,9.612847,17.952548,13.51095,11.549388,19.46149"
0.65,4,92,-0.0030576948514456858,-0.06115799377568303,-0.008614077795037797,0,"2.009624,10.234898,15.883174,12.854259,14.493599,19.815306"
0.65,4,93,-0.0035730903351711705,-0.05438758194942731,-0.010097726293432405,0,"1.950361,9.820715,16.867115,13.362204,12.955044,19.467"
0.65,4,94,-0.003864580418969406,-0.04084366113577266,-0.010954850975399326,0,"1.850402,10.075199,15.430215,12.774101,14.626183,21.105226"
0.65,4,95,-0.0014218759009536348,-0.03007533201009171,-0.004002645740394106,0,"1.761751,10.481991,16.065776,13.25349,12.594303,22.046893"
0.65,4,96,-0.002834586409888661,-0.06850430333389386,-0.007963632403943571,0,"2.078508,10.082165,16.344582,12.551288,14.514364,18.504704"
0.65,4,97,-0.0029090245994321477,-0.038760107838137624,-0.008231284513593146,0,"1.823681,10.402026,16.121537,13.113049,12.978315,21.338455"
0.65,4,98,-0.002799815003958881,-0.04440603373772794,-0.007909093997514938,0,"1.865385,10.348715,16.158711,13.019422,13.234323,20.866163"
0.65,4,99,-4.5289949057325796e-5,-0.05225164982780971,-3.232874745040526e-5,0,"1.93358,9.863129,16.627632,13.264187,13.233567,19.740038"
0.65,4,100,0.001100072118351924,-0.05680517238870224,0.0032453132022394193,0,"1.970676,9.689905,17.532159,13.388142,12.062185,19.735446"
0.65,4,101,-0.0021160854643005266,-0.047348814142570625,-0.0059520728845664506,0,"1.878852,10.931823,15.88754,11.805897,15.274568,19.244428"
0.65,4,102,-0.0034753697242338555,-0.05847175688848061,-0.009811226151723543,0,"1.9835,10.517354,15.310287,12.86172,13.645683,20.857694"
0.65,4,103,-0.003077962270958251,-0.05803916067465695,-0.008677713191150918,0,"1.982792,10.208281,15.807681,12.840899,14.515696,20.030293"
0.65,4,104,-0.0029345592529349093,-0.06412646037353355,-0.008257105904644249,0,"2.039912,10.081004,16.192188,12.588423,14.533,18.938124"
0.65,4,105,-0.003073918293818972,-0.051062650208830086,-0.008679113946576944,0,"1.918408,10.869033,14.219689,11.990269,16.547385,20.236489"
0.65,4,106,-0.0027581634881283694,-0.05541331409403305,-0.007769786881596255,0,"1.950331,11.031109,14.321569,11.689585,16.480605,20.39738"
0.65,4,107,-0.003251617142624318,-0.061562814319648135,-0.009166836915417573,0,"2.029951,9.995507,14.539669,13.109103,14.841616,21.277307"
0.65,4,108,-0.0035370612216694733,-0.056726662993883535,-0.00999054913864264,0,"1.983992,9.551033,16.178341,13.69859,13.08925,20.417664"
0.65,4,109,-0.0026960023061271304,-0.0444995180201232,-0.007612609160593836,0,"1.876962,10.324459,14.303106,13.169803,14.555604,22.3701"
0.65,4,110,-0.0034066434474805895,-0.060942652530175986,-0.009610477303656273,0,"2.012455,10.12158,15.877341,12.68532,14.536767,19.51012"
0.65,4,111,-0.0035794371414264946,-0.06128733361426067,-0.010103040886477024,0,"2.029222,9.287308,16.828156,13.999645,11.871019,20.829613"
0.65,4,112,-0.0030103015999381256,-0.055808998182001135,-0.008488727704066862,0,"1.97975,9.641041,15.580322,13.53526,13.021142,21.302248"
0.65,4,113,-0.0033062591719791876,-0.05767843199208619,-0.009330007681416674,0,"1.982285,10.11374,15.769788,12.956626,14.266604,20.242285"
0.65,4,114,-0.001876988214088768,-0.05066680847813112,-0.005263464502862802,0,"1.917286,9.893223,17.258373,13.216231,12.503553,19.710227"
0.65,4,115,-0.0033962695050204104,-0.05983037072500793,-0.009582930680888127,0,"2.011033,9.978459,14.992787,13.126957,14.451939,21.016127"
0.65,4,116,-0.003749908894049544,-0.05597968699289525,-0.010599463672054124,0,"1.973994,9.729898,15.769254,13.425485,13.140342,21.003196"
0.65,4,117,-0.002537344880285874,-0.052021212430594634,-0.0071458001775538404,0,"1.933176,9.782323,16.805078,13.354662,12.51781,20.225044"
0.65,4,118,-0.0033934374822830403,-0.05851355026465612,-0.00957729035139436,0,"1.997989,9.94577,15.294835,13.164908,14.129583,20.88428"
0.65,4,119,-0.0030888541437477605,-0.05366225659620265,-0.008716922154874351,0,"1.953213,9.787448,15.712748,13.316921,13.387982,21.020201"
0.65,4,120,-0.0034526956011603467,-0.05811793175327192,-0.009747164108807535,0,"1.999051,9.418621,16.595166,13.795387,12.330212,20.875548"
0.65,4,121,-0.003126624694098974,-0.054600565541379244,-0.008822989372048173,0,"1.961516,9.638393,16.053653,13.544509,13.345405,20.532258"
0.65,4,122,-0.002429183604414004,-0.05611865560900777,-0.006829474748874409,0,"1.961107,10.443661,15.330275,12.847117,13.8091,20.898949"
0.65,4,123,-0.003569162123008781,-0.057909121035067616,-0.010079980574671007,0,"1.985141,10.11385,15.80282,12.700117,14.55167,19.775971"
0.65,4,124,-0.0032550028880607706,-0.057031916983623906,-0.009184906927419481,0,"1.983961,9.994583,15.065691,13.068148,14.480979,21.030977"
0.65,4,125,-0.002698229708831523,-0.051971916159379954,-0.0076051033632879295,0,"1.949577,9.232387,16.223156,13.552611,13.765043,20.547778"
0.65,4,126,-1.7697533708321044e-6,-0.05270148008074961,9.272501407636691e-5,0,"1.951497,9.434259,16.074342,13.435028,13.772386,20.606306"
0.65,4,127,-0.0008037864109412617,-0.055666256008126566,-0.002190961451508433,0,"1.96247,10.107408,15.740719,12.712448,14.564089,19.997514"
0.65,4,128,-0.0022631117442783,-0.05593553574992781,-0.0063557974769254955,0,"1.974018,9.528048,16.401007,13.625173,12.712873,20.913828"
0.65,4,129,-0.0025425380321648554,-0.05485631123096701,-0.007155363008034044,0,"1.96149,10.008019,15.126445,13.01914,14.50518,21.043352"
0.65,4,130,-0.003741005211634171,-0.052398907368397384,-0.010580693369044422,0,"1.942849,9.711193,15.949747,13.416107,13.558868,20.627752"
0.65,4,131,-0.0026919118151003856,-0.05164491650042133,-0.007587676949836197,0,"1.93595,9.835406,15.665659,13.226451,13.594349,21.034372"
0.65,4,132,-0.0014293007731048532,-0.0536998330276234,-0.003980008225023257,0,"1.942509,10.38225,15.346932,12.834947,13.94528,20.933329"
0.65,4,133,0.0031851767375618285,-0.04761999526609259,0.009179762336191777,0,"1.906461,9.739295,15.565949,13.586192,13.083489,21.888439"
0.65,4,134,-0.003632938819547506,-0.054379339275359845,-0.010268566430765014,0,"1.953098,10.046055,15.711591,12.858072,14.317322,20.312668"
0.65,4,135,-0.0032364815052895357,-0.049789135616973394,-0.009145478998540041,0,"1.929819,9.352402,16.08129,13.4714,13.826311,20.745737"
0.65,4,136,-0.003343545700486083,-0.04523843230979095,-0.009459513970271782,0,"1.883963,10.148045,14.920642,12.629918,15.429866,20.709208"
0.65,4,137,-0.002244583819019526,-0.043147088199023874,-0.006326639679435309,0,"1.870659,9.714745,16.126602,13.106209,13.945786,20.468303"
0.65,4,138,-0.003586603889220767,-0.05300316436419013,-0.010138866369013969,0,"1.946254,9.959139,15.293138,13.033652,14.411948,20.94751"
0.65,4,139,-0.0026735736639295895,-0.04712836910499325,-0.007543714068820734,0,"1.899321,9.928601,15.463215,12.834633,15.129151,20.448329"
0.65,4,140,-0.0029397943551120334,-0.050918226217395515,-0.00829655346958963,0,"1.929829,9.850938,15.631918,13.161148,13.850149,20.936698"
0.65,4,141,-0.0034429938795208187,-0.047882978348271404,-0.0097384613774638,0,"1.90541,9.913069,15.496956,12.899936,14.87335,20.546003"
0.65,4,142,1.01e9,NaN,NaN,1,"1.897307,10.598516,14.852806,12.399195,15.246202,20.670385"
0.65,4,143,-0.003690349787216954,-0.049638157046361,-0.01044123015594925,0,"1.924387,9.560082,15.876542,13.292699,14.062959,20.733178"
0.65,4,144,-0.003177656477109699,-0.05406726376114505,-0.00896963823509335,0,"1.95685,9.60687,16.332088,13.461605,13.187011,20.714905"
0.65,4,145,-0.0037560956570043113,-0.04667083595931801,-0.010634393074442,0,"1.896047,10.057848,15.155883,12.768532,15.056057,20.710157"
0.65,4,146,-0.003541645599981644,-0.05131411681671155,-0.010013676106895339,0,"1.932075,9.890102,15.642083,13.147785,13.804429,20.932828"
0.65,4,147,-0.002580344095214379,-0.050749680566630095,-0.007270891402443469,0,"1.927622,9.893929,15.617895,13.106477,13.982582,20.868357"
0.65,4,148,-0.002769691934445055,-0.045671816168825166,-0.007820765674141056,0,"1.888413,10.06074,15.201605,12.76946,14.984411,20.776002"
0.65,4,149,-0.0024932574255968117,-0.05060289013379651,-0.007022593255344212,0,"1.927337,9.771861,15.863158,13.309106,13.736754,20.707331"
0.65,4,150,0.0006010445361967558,-0.04818691824327946,0.0018049551393032326,0,"1.911989,9.645934,15.802154,13.206266,14.15683,20.795186"
0.65,4,151,-0.0023989548277023975,-0.05224369382689836,-0.006750382265491406,0,"1.935855,10.050913,15.664695,12.844077,14.368799,20.444761"
0.65,4,152,8.021974811165806e-5,-0.05108400353535328,0.00032374582677219266,0,"1.930167,9.978483,15.315984,12.990393,14.447653,20.973796"
0.65,4,153,-0.001263450186387107,-0.046647127136880205,-0.0035197075888344087,0,"1.896204,9.94009,15.485832,12.878963,14.832156,20.639206"
0.65,4,154,0.001091111120085068,-0.047713112589474686,0.003202867541795995,0,"1.89732,10.313166,15.185008,12.649101,14.841822,20.753588"
0.65,4,155,-0.003500744322922409,-0.0481221654116185,-0.009902854047109624,0,"1.909542,9.757137,15.699297,13.113405,14.270995,20.788253"
0.65,4,156,-0.0039040888971175317,-0.043723676662844116,-0.011062276315931735,0,"1.872424,9.90683,15.79895,12.905978,14.492112,20.513131"
0.65,4,157,0.004628770372850138,-0.04243935562001836,0.01329058357072399,0,"1.862858,9.894888,15.879444,12.891908,14.499522,20.436353"
0.65,4,158,0.004335012822884218,-0.04718438447836062,0.012460918146982025,0,"1.898293,9.934135,15.733474,13.026413,13.994262,20.805695"
0.65,4,159,0.003432808613928973,-0.0467181945009975,0.009884902070371404,0,"1.896552,9.939098,15.527106,12.903538,14.692507,20.666955"
0.65,4,160,-0.0010936497740117728,-0.041355729543620205,-0.003044865277032738,0,"1.854066,10.047138,15.491671,12.796081,14.603838,21.006543"
0.65,4,161,-0.002777994310306562,-0.047399123657857894,-0.007841258398541329,0,"1.903338,9.782086,15.715906,13.078834,14.307848,20.7424"
0.65,4,162,-0.0018970971614279805,-0.04537091017819575,-0.005330686655664774,0,"1.885745,10.035088,15.301162,12.792213,14.902361,20.73219"
0.65,4,163,-0.0008401241688417834,-0.04948447895476489,-0.002306148872616487,0,"1.918148,9.794355,15.852457,13.241918,13.862647,20.674964"
0.65,4,164,-0.003194484497256063,-0.050879655975749144,-0.009023584189729775,0,"1.925235,10.026899,15.687071,12.854393,14.389351,20.456156"
0.65,4,165,-0.003798050895189989,-0.04614628517480605,-0.010755118623737306,0,"1.892234,9.934547,15.538018,12.883466,14.775482,20.618194"
0.65,4,166,-0.002700531835854445,-0.0421400947803174,-0.007629915154123701,0,"1.859595,10.116508,15.325135,12.528404,15.294351,20.68124"
0.65,4,167,-0.003721436709367938,-0.05047596502655078,-0.010528406827745626,0,"1.925606,9.886848,15.63041,12.885015,14.783331,20.241227"
0.65,4,168,-0.003281174030011419,-0.04821983379305943,-0.009275955867121252,0,"1.906977,9.849484,15.930668,12.919817,14.44513,20.351925"
0.65,4,169,-0.001919315346494715,-0.05325180470583381,-0.0053794824416609766,0,"1.949301,9.679059,16.108539,13.314097,13.770068,20.293104"
0.65,4,170,-2.92703368625814e-5,-0.0440790201466934,-1.766729748053919e-6,0,"1.874448,10.043599,15.455703,12.659353,15.040303,20.616551"
0.65,4,171,0.002997611768608491,-0.045858967993086114,0.008641130577433986,0,"1.888927,9.929927,15.581507,12.887218,14.728253,20.600683"
0.65,4,172,-0.0033391078222310216,-0.04936851194160518,-0.009439184499697384,0,"1.916708,9.890178,15.6585,12.888509,14.734794,20.286544"
0.65,4,173,-0.002311941257684619,-0.04749247705230765,-0.006510835300701068,0,"1.901204,9.859042,15.908715,12.91751,14.45296,20.378793"
0.65,4,174,-0.003737791830254847,-0.04970226056770712,-0.010576524506595797,0,"1.916399,10.006887,15.705717,12.862991,14.406478,20.465652"
0.65,4,175,-0.003872066420656876,-0.04679806308482409,-0.010965171056519882,0,"1.898174,9.802877,15.729746,13.050025,14.338559,20.704188"
0.65,4,176,-0.003713011721358199,-0.04240387250646909,-0.010519335533692005,0,"1.861731,10.081561,15.404104,12.591333,15.160644,20.653222"
0.65,4,177,-0.003642594646225055,-0.04739860454684892,-0.010309078216839171,0,"1.899882,9.919197,15.820404,12.851564,14.466929,20.399826"
0.65,4,178,-0.0038851921135015497,-0.04572546047772503,-0.011004625557845094,0,"1.887168,10.010135,15.463759,12.79929,14.746878,20.628728"
0.65,4,179,-0.0036733758413564225,-0.0424689948160496,-0.010406082473886087,0,"1.86196,10.018984,15.64906,12.798551,14.469073,20.835038"
0.65,4,180,-0.002814800775531512,-0.04276642670709472,-0.00795490965654888,0,"1.866051,10.023227,15.430042,12.817825,14.737652,20.866826"
0.65,4,181,-0.00372834586690434,-0.046548495114770286,-0.010555414143227457,0,"1.894229,9.936536,15.755343,12.845941,14.51205,20.47766"
0.65,4,182,-0.002870958711662492,-0.04914241357546805,-0.008103371322501607,0,"1.914818,9.895958,15.636813,12.886635,14.749834,20.312488"
0.65,4,183,-0.003756098312866753,-0.0436096255724211,-0.010640080080618466,0,"1.870734,9.998479,15.647019,12.813231,14.515866,20.747946"
0.65,4,184,-0.0028470380585429536,-0.049564898500991404,-0.008034311044719022,0,"1.918076,9.805687,15.96274,13.167819,13.843337,20.52588"
0.65,4,185,-0.0036078266204794644,-0.04363599318894398,-0.010216820964483092,0,"1.871083,10.035582,15.49721,12.687414,14.941093,20.631998"
0.65,4,186,-0.0038488476058783777,-0.045395615360226786,-0.010901499802752193,0,"1.884708,9.992917,15.519624,12.817071,14.704417,20.609462"
0.65,4,187,-0.0031816483361090013,-0.04631602781882331,-0.008995412924295038,0,"1.893874,9.820202,15.74128,13.026017,14.364151,20.672345"
0.65,4,188,-0.0022999301128343755,-0.043592341466966424,-0.006483787900330662,0,"1.871016,9.983205,15.672341,12.828689,14.511907,20.70881"
0.65,4,189,-0.0026875095190564114,-0.04873103812384012,-0.007580517608893722,0,"1.909046,9.990211,15.721256,12.870155,14.42075,20.473565"
0.65,4,190,-0.0031054986285629204,-0.046191142609657225,-0.008778291382522174,0,"1.890589,9.931585,15.762611,12.855947,14.508727,20.483571"
0.65,4,191,-0.0034562276671659697,-0.0426250602430589,-0.00978598937636073,0,"1.863512,10.052439,15.469912,12.643774,15.049222,20.629873"
0.65,4,192,0.0014036648294043056,-0.04735140519636273,0.00409431495014112,0,"1.900368,9.914857,15.665537,12.877625,14.667886,20.418505"
0.65,4,193,-0.003853632132228566,-0.04418788364885913,-0.010917396911251057,0,"1.875897,9.971813,15.671207,12.836845,14.537904,20.660426"
0.65,4,194,0.00010208604957576988,-0.04466843670192003,0.0003742558396803708,0,"1.880157,9.945964,15.660597,12.847605,14.609422,20.594801"
0.65,5,1,0.13034312203403525,0.20024915056256987,0.14574920142612902,0,"0.971055,7.001705,7.068529,23.895137,32.607757,34.024026"
0.65,5,2,0.08718202694205716,0.1339392732678678,0.09839654376850959,0,"1.148933,7.001705,7.068529,23.895137,32.607757,34.024026"
0.65,5,3,0.10939259675744524,0.16808645001272604,0.07756587618583227,0,"0.971055,10.526218,7.068529,23.895137,32.607757,34.024026"
0.65,5,4,0.11991996939501888,0.18426298825440124,0.08358882083633329,0,"0.971055,7.001705,10.62654,23.895137,32.607757,34.024026"
0.65,5,5,0.11983359458357236,0.18412346807764857,0.09617165385803306,0,"0.971055,7.001705,7.068529,35.867706,32.607757,34.024026"
0.65,5,6,0.12692657788916217,0.194995526451612,0.15068172405952063,0,"0.971055,7.001705,7.068529,23.895137,48.936635,34.024026"
0.65,5,7,0.12989473530471513,0.19954993503844787,0.16448591985432748,0,"0.971055,7.001705,7.068529,23.895137,32.607757,51.061039"
0.65,5,8,0.10003799266565921,0.153703319284292,0.08836563809890557,0,"1.028469,8.176208,8.254217,27.885994,38.050716,39.70303"
0.65,5,9,0.09317519566018602,0.14316537502311494,0.07041257541793333,0,"1.048031,8.567828,8.649559,29.216279,39.865036,18.880014"
0.65,5,10,0.08522260313230778,0.13095089650221958,0.05543520896745879,0,"1.074438,9.090031,9.176722,30.989993,20.512291,30.869023"
0.65,5,11,0.0800950569519634,0.1230739906941114,0.04847116239946225,0,"1.092247,9.438186,9.528182,32.172469,15.774901,30.34319"
0.65,5,12,0.07612221129130595,0.11695603100331908,0.07077062570394876,0,"1.116243,9.902406,5.25687,33.749103,31.230217,29.642078"
0.65,5,13,0.0700981625329345,0.10769728013461777,0.07122060955842568,0,"1.14154,10.38598,4.368583,35.391431,31.000628,28.911753"
0.65,5,14,0.0616160718182442,0.09467416171948073,0.04665284418304699,0,"1.175742,11.030757,7.906903,21.617776,30.694508,27.937987"
0.65,5,15,0.0539622179032695,0.08291470204132484,0.03933434308998593,0,"1.211933,11.702407,8.046665,19.242788,30.375633,26.923647"
0.65,5,16,0.05258295998052831,0.0807887031761512,0.05082931133009436,0,"1.261062,7.897784,8.233023,32.039562,29.950467,25.571194"
0.65,5,17,0.04502326090981679,0.06917158688032685,0.047908303234642735,0,"1.313272,7.459859,8.427156,33.396966,29.507585,24.162389"
0.65,5,18,0.04232352899285709,0.06503840411976089,0.017975292384750707,0,"1.295075,10.008841,7.104959,29.885697,21.659797,14.711977"
0.65,5,19,0.0343305842853335,0.05275807082717571,0.010130004661781156,0,"1.342571,10.314308,6.913496,30.21898,18.927977,10.546827"
0.65,5,20,0.030530661119964417,0.046914444474605396,0.016508064464042543,0,"1.376815,10.199335,6.131925,28.889645,12.86646,32.757254"
0.65,5,21,0.022200141482528912,0.034110759217804584,0.017074278469598247,0,"1.435908,10.471269,5.713119,28.835206,8.366927,35.070128"
0.65,5,22,0.024894099898494636,0.038248354871736445,0.02230800342662259,0,"1.362455,12.922959,7.259538,35.857476,12.043388,17.961944"
0.65,5,23,0.008005491631812103,0.012060504196801484,0.022827607546979253,0,"1.524175,11.64727,4.059388,28.80848,27.632399,17.515698"
0.65,5,24,0.007763047562842289,-0.0022482406942110934,0.022162149048932572,0,"1.602558,12.01546,3.170512,28.247816,29.608649,15.377783"
0.65,5,25,0.01602575241088995,-0.008363088805522789,0.04575763784390907,0,"1.630205,11.2426,8.805001,23.208313,11.942686,14.435811"
0.65,5,26,0.004554184312363538,-0.015451112439898447,0.0130276224788054,0,"1.697259,9.772924,5.371832,40.678798,6.424978,12.261309"
0.65,5,27,0.0989899272610225,-0.026885226688719004,0.2825956976120171,0,"1.7847,9.451356,4.927915,44.251466,2.515579,9.817635"
0.65,5,28,0.13758719434611408,-0.02533025187423,0.392760550905758,0,"1.716579,14.787177,3.985421,28.951897,0.511677,11.05555"
0.65,5,29,0.03173286127939342,0.04875292580080465,0.033628877428210746,0,"1.377173,8.680768,7.684018,32.656121,24.522431,21.977913"
0.65,5,30,0.006478294614603734,-0.02082076405091254,0.018529550767052455,0,"1.69665,11.387638,5.741332,32.942263,12.041093,28.481493"
0.65,5,31,0.06244342106372128,-0.03405769584943935,0.17829472974460803,0,"1.770218,13.923646,4.331811,30.600502,2.382997,19.218241"
0.65,5,32,0.020769688964915746,0.03190838653274572,0.024277906813553435,0,"1.439759,9.554511,7.123534,32.313518,20.81639,21.517968"
0.65,5,33,0.00031365853643646217,-0.021207094201707938,0.0009346172332455327,0,"1.815165,8.55864,4.707007,26.217828,17.689569,24.419552"
0.65,5,34,0.03626673083944369,-0.022659947061063834,0.10355775597269412,0,"1.895408,7.831428,4.284987,24.61122,18.630601,25.49582"
0.65,5,35,0.005586915664321292,-0.04264146217978005,0.016025781688991436,0,"1.865816,10.372598,5.912374,32.367639,24.473883,3.784166"
0.65,5,36,-0.0039352675363964595,-0.05891132923017171,-0.01112309168659012,0,"2.012257,11.562086,4.108955,28.907367,13.243353,11.394416"
0.65,5,37,-0.006086014894840827,-0.06943711715618711,-0.017242416922190112,0,"2.114015,11.896689,3.614634,28.339675,11.981184,9.707205"
0.65,5,38,0.008859175826656532,-0.047116188825831726,0.025374058368469593,0,"1.967489,10.092003,1.083968,39.723027,22.129895,16.90034"
0.65,5,39,0.007155610030122825,-0.04290050142444463,0.020503768677176293,0,"1.909747,10.283767,2.150504,36.970574,20.432026,16.489585"
0.65,5,40,0.03454843949749291,-0.06320193901933129,0.09872847369160975,0,"2.10521,8.742013,5.983884,37.59111,1.624471,16.328969"
0.65,5,41,0.005497002149717644,-0.015364226957758544,0.01571853545665816,0,"1.682885,11.469865,3.630117,29.805031,24.908049,15.536314"
0.65,5,42,-0.003921564929391878,-0.020887368492594514,-0.011154525873759646,0,"1.711922,10.868968,7.608264,26.479837,12.073688,14.899409"
0.65,5,43,0.02139230592239917,-0.04241502758850685,0.06113850632319595,0,"1.930989,9.592231,4.530426,28.354007,20.475485,0.180592"
0.65,5,44,0.004009285779057231,-0.025431455513645975,0.011490841230601116,0,"1.734946,11.088398,5.538968,32.177553,13.446822,23.464601"
0.65,5,45,0.05362935297589505,-0.015828264053667204,0.15310301512067914,0,"1.716614,10.845848,4.237711,28.865269,4.379612,29.668266"
0.65,5,46,0.0004766819105067657,-0.03889363979274978,0.00143274661444856,0,"1.840644,10.451472,5.632169,31.783911,21.122736,8.079334"
0.65,5,47,0.07205297103130463,-0.04928607050992177,0.20575141138043695,0,"1.955081,9.409152,7.205438,32.087503,2.737955,15.407365"
0.65,5,48,0.0029221878799638645,-0.02212107880847407,0.008381808423546092,0,"1.727227,11.126405,4.21832,30.185443,21.201885,15.514822"
0.65,5,49,0.0005827724540643408,-0.04987346131063232,0.0017559303665370396,0,"1.950416,11.557242,5.059241,17.715952,26.081934,19.76688"
0.65,5,50,-0.00506280835245,-0.049560102489494405,-0.014358767763184899,0,"1.984337,10.39803,4.733135,21.396662,23.270175,7.331664"
0.65,5,51,-0.006795849525802636,-0.06077391279756738,-0.019284562530281768,0,"2.080819,10.117235,6.23141,20.459179,16.20454,12.552854"
0.65,5,52,0.0026614556924173327,-0.06552135211194737,0.0077181235087486755,0,"2.141756,9.949043,6.568506,18.838134,15.371649,12.059194"
0.65,5,53,0.04773291797816833,-0.03965941592489502,0.13631710175116174,0,"1.895004,9.206441,5.775357,33.843079,8.032351,5.898863"
0.65,5,54,-0.0007698787042549755,-0.04894918306653881,-0.0021066411738596413,0,"1.941144,11.165431,5.17842,20.403806,23.073616,17.455086"
0.65,5,55,-0.00536138132583958,-0.04969876905035364,-0.015210723921669334,0,"2.040054,10.550147,5.051024,15.981752,13.641519,20.709326"
0.65,5,56,4.525316864767516e-5,-0.07421353828037214,0.00026685305702844886,0,"2.143589,13.107008,6.093064,18.135809,15.725333,3.17476"
0.65,5,57,0.008117895938039276,-0.06747413004197036,0.02329600149155575,0,"2.087682,12.348917,5.861509,19.482812,16.052706,6.681228"
0.65,5,58,0.0010901976349947469,-0.06832040738053338,0.0032384926496135114,0,"2.108472,11.600111,4.045347,27.026259,12.685075,10.181466"
0.65,5,59,-0.008193657951158586,-0.052100199234154765,-0.023290403372788315,0,"2.046831,10.477994,5.247349,16.72799,14.068689,19.349914"
0.65,5,60,-0.005682870856833092,-0.05146123164985952,-0.01612507793994772,0,"2.000319,10.35123,4.982038,21.240415,22.092569,8.20159"
0.65,5,61,0.003281100942377672,-0.02898581571983328,0.009418985935765845,0,"1.771668,10.743678,7.378671,25.476394,12.762161,14.508316"
0.65,5,62,-0.0019087355940016917,-0.05119940900854038,-0.005353092559286829,0,"1.964211,10.99073,5.353622,20.413035,21.92877,16.638047"
0.65,5,63,-0.0005871008830750735,-0.02906656728753454,-0.0016218284981823206,0,"1.858603,8.818387,4.960222,25.258053,17.442065,22.441768"
0.65,5,64,0.05604154991134714,-0.06760569362371932,0.16008418328015572,0,"2.25612,10.041525,2.935337,18.231916,22.045076,15.280125"
0.65,5,65,-0.004951538121844619,-0.03824052153874781,-0.014062171493776032,0,"1.849758,10.626652,6.62982,24.268981,14.309312,14.636951"
0.65,5,66,0.00800884987487245,-0.020848259439865957,0.022898248161862034,0,"1.827013,8.860687,7.098882,15.762958,22.663576,21.092187"
0.65,5,67,-0.005388221140406539,-0.06197624430597708,-0.015264554250342954,0,"2.060688,11.143523,4.550039,25.149042,14.348156,11.999894"
0.65,5,68,0.0014864687165944415,-0.07251312873458021,0.004377343371690934,0,"2.144498,12.417501,6.037028,17.494827,16.87528,5.355952"
0.65,5,69,0.0006937930502825129,-0.03812810912825643,0.002051024179294647,0,"1.905338,9.418197,5.139306,23.964182,17.3476,19.593344"
0.65,5,70,0.0027997671544600783,-0.05957097042410183,0.008101864664580405,0,"2.075143,10.177361,6.067201,19.837314,15.848564,13.685696"
0.65,5,71,-0.0038296766135552723,-0.05185170252209298,-0.010834802360256635,0,"2.008048,10.372358,5.026226,20.488344,20.755255,10.059459"
0.65,5,72,-0.00456858079121553,-0.06075891153873171,-0.012927322673655928,0,"2.058377,11.032601,4.665981,23.745534,14.301578,13.224894"
0.65,5,73,0.0025676062266107857,-0.041481108057374885,0.00740564848536629,0,"1.882146,10.601875,6.399092,23.012149,14.269208,15.422445"
0.65,5,74,-0.0030531421645030974,-0.05136865274929034,-0.00861924515546185,0,"1.977907,10.905274,5.335906,19.798861,20.618756,17.090024"
0.65,5,75,-0.0025301521891827666,-0.03375953091647091,-0.007159150832273614,0,"1.88956,9.094973,5.00804,23.836376,16.879835,21.926459"
0.65,5,76,0.01301460818134469,-0.03824366645754415,0.037218400355479075,0,"1.879892,10.650982,4.495699,22.699104,17.782542,18.672022"
0.65,5,77,-0.006009549402417303,-0.056191071062751945,-0.017048737565938388,0,"2.042183,10.256298,5.804499,20.314279,16.170894,14.51675"
0.65,5,78,0.03181526588527148,-0.05913337084919701,0.09091965913036526,0,"2.127299,10.111275,3.972293,18.624978,19.995795,16.633374"
0.65,5,79,-0.004287890705787976,-0.04539852628687048,-0.012154650103329556,0,"1.922338,10.520108,5.992571,22.280954,15.223639,15.624266"
0.65,5,80,0.009875690373551594,-0.06960467885775577,0.02831720683547634,0,"2.130906,12.093304,5.682368,17.282278,16.833102,8.028954"
0.65,5,81,-0.0038793015533877704,-0.041053782451208276,-0.010996479505621479,0,"1.929143,9.594668,5.120263,22.744026,16.872046,19.610154"
0.65,5,82,0.032332688249844733,-0.051534723984771255,0.0923824341956182,0,"2.023995,9.846071,5.282037,22.301515,11.845284,13.705107"
0.65,5,83,-0.004231919488725622,-0.05149299746617087,-0.011983585101677213,0,"1.985565,10.728738,5.326927,20.21597,19.15651,16.525871"
0.65,5,84,-0.0048260554627534095,-0.05092395914797487,-0.013680476350241833,0,"1.986292,10.497771,5.692561,21.52124,11.175877,22.8912"
0.65,5,85,-0.006498111049701888,-0.0642628474016354,-0.018428258024520694,0,"2.085312,11.576527,5.789258,18.857962,13.160346,14.434144"
0.65,5,86,0.03623028609483223,-0.05873430536344825,0.10352066046330377,0,"2.06131,10.725025,5.736352,20.93335,8.877298,16.821184"
0.65,5,87,-0.00520272959780249,-0.052770091992313375,-0.01475218792067215,0,"1.998128,10.728119,5.395116,20.335533,17.443285,16.57509"
0.65,5,88,0.01888545149849332,-0.06690081071992676,0.0540286485670366,0,"2.151839,11.002993,4.872951,18.219892,13.549913,18.03973"
0.65,5,89,0.04893161409901071,-0.0495361956096348,0.13975685065265298,0,"1.960027,10.600589,5.805619,21.60411,14.944684,16.026844"
0.65,5,90,0.011446736309518419,-0.06254852115713576,0.03278833408954063,0,"2.078884,11.393437,5.698862,18.502967,13.311736,15.253439"
0.65,5,91,-0.0036176945754664938,-0.05571261529190266,-0.010222581348727722,0,"2.042957,10.293247,5.711559,19.716564,15.820526,15.322277"
0.65,5,92,-0.005855692687605625,-0.0528799344860919,-0.01661572921418486,0,"2.00622,10.686431,5.37048,19.734276,16.880852,17.037561"
0.65,5,93,-0.006334211414242204,-0.051298629323694785,-0.017984493521283867,0,"1.996343,10.494475,5.618304,20.722365,11.658009,22.300985"
0.65,5,94,-0.0065678461581344634,-0.05960843079760231,-0.01863593742861716,0,"2.056451,10.940166,4.762697,22.575943,14.262763,14.24573"
0.65,5,95,0.026659201469316832,-0.04700789702296479,0.07618026716820825,0,"1.942914,10.513089,5.868236,21.35546,15.031147,16.245207"
0.65,5,96,0.020099620900712042,-0.06462611938076844,0.05749001820553601,0,"2.134232,10.915493,4.935286,17.971242,13.636376,18.258094"
0.65,5,97,0.00804891498303897,-0.06189258843827186,0.023088754575492643,0,"2.101971,10.848425,5.090468,18.535278,13.868837,17.922613"
0.65,5,98,-0.005304110351993729,-0.048357961207447675,-0.015049743619834133,0,"2.004734,9.85349,4.901693,20.834505,15.541487,20.139588"
0.65,5,99,0.027358820126273848,-0.04545838136713817,0.07817430590598684,0,"1.95,10.066844,5.446412,21.568603,15.541936,18.209405"
0.65,5,100,-0.0027056164945720176,-0.05918725271252097,-0.0076128008571682,0,"2.076402,10.71816,5.149744,19.040832,14.147687,17.970412"
0.65,5,101,0.0011849508489312015,-0.04813000890066192,0.0034714866696635704,0,"1.975081,10.197106,5.387044,21.063049,15.263086,18.161606"
0.65,5,102,-0.007038099265484572,-0.05733366522323899,-0.01998239584155692,0,"2.059408,10.631318,5.189273,19.377868,14.333587,18.002277"
0.65,5,103,-0.005364458242447461,-0.05194968577806654,-0.015215330231744595,0,"2.013632,10.734709,4.652864,20.274418,13.094601,21.703075"
0.65,5,104,0.011135584554593778,-0.0598442023759185,0.03189519990334844,0,"2.054893,11.468224,5.378275,18.969782,12.558012,17.406926"
0.65,5,105,0.013326701116967685,-0.05044327370332406,0.03813183743363735,0,"2.013068,10.122607,4.981025,20.523718,15.044241,19.684144"
0.65,5,106,-0.004364311751178023,-0.05656833039375074,-0.0123520546208708,0,"2.05731,10.605764,5.198951,18.936222,14.289437,18.226883"
0.65,5,107,-0.0069360454822214755,-0.05868792873078902,-0.019688592346357822,0,"2.054847,10.863137,4.843355,21.601284,14.230418,15.096427"
0.65,5,108,-0.006755897579084999,-0.05159871937732137,-0.019187550767774342,0,"2.00473,10.491728,5.556437,20.056636,12.059787,21.80914"
0.65,5,109,-0.006052998939540043,-0.052869473269930585,-0.017178917602153815,0,"2.012971,10.651692,5.349953,19.233228,16.412158,17.422953"
0.65,5,110,-0.006800881767214039,-0.05209836822630837,-0.019315021629418977,0,"2.019154,10.691923,4.751756,19.683347,13.256949,21.310881"
0.65,5,111,-0.006102836127025732,-0.04907461529391624,-0.017328207869515305,0,"2.011732,9.957573,4.959248,20.150086,15.296021,20.007975"
0.65,5,112,0.022422453587519042,-0.049411618322530104,0.06409182571550931,0,"1.992882,10.438917,5.036625,20.214635,14.151901,20.105547"
0.65,5,113,-0.007113743104056629,-0.05540046942168485,-0.020201891819416395,0,"2.046529,10.577956,5.171886,19.149291,14.266514,18.539994"
0.65,5,114,0.0002348102592336221,-0.05363798237967299,0.0007697301206804896,0,"2.048293,10.36841,4.826707,19.889649,11.313977,21.281824"
0.65,5,115,-0.006443298145614018,-0.053098194924595984,-0.018292519819931588,0,"2.018845,10.604478,5.262634,19.342632,15.562459,18.066098"
0.65,5,116,-0.006461296512239838,-0.058447785490289714,-0.018333967323165834,0,"2.051923,11.278177,5.318308,18.703641,12.518918,18.049509"
0.65,5,117,0.0074637625396029115,-0.05668644901775802,0.021408901759567445,0,"2.055825,10.855826,5.033352,19.298098,11.237975,19.985857"
0.65,5,118,-0.006870202779478575,-0.05370242936849309,-0.01950990780758971,0,"2.024994,10.646369,5.224399,19.335209,14.84171,18.386058"
0.65,5,119,-0.0025280165839525162,-0.04923489117988061,-0.00712434395514655,0,"2.013779,9.971536,4.946526,20.147612,15.055771,20.114629"
0.65,5,120,0.01559337225498909,-0.057044248296370115,0.04461381765771866,0,"2.045551,11.060401,5.25629,18.944302,12.941726,18.393696"
0.65,5,121,0.0024117489360078854,-0.05494113844899774,0.006985759029541128,0,"2.046579,10.561295,5.184461,18.74574,14.233543,18.674981"
0.65,5,122,-0.006681588642983715,-0.057814924529357686,-0.01896391877276904,0,"2.05351,10.798946,4.91061,20.789068,14.203463,15.805341"
0.65,5,123,-0.007032121721450485,-0.05354139437839245,-0.019972369958911176,0,"2.028629,10.618307,5.228224,18.900673,14.712873,18.5467"
0.65,5,124,0.006549854782809566,-0.052220476144697645,0.018792059632663394,0,"2.023759,10.656268,4.834232,19.190787,13.392239,20.984053"
0.65,5,125,-0.007154249523883741,-0.05181446911965773,-0.020324161892267628,0,"2.011728,10.489439,5.504894,19.501861,12.394603,21.399269"
0.65,5,126,0.005482395322163055,-0.05756095077287812,0.015755130412916873,0,"2.051074,11.144812,5.30648,18.374365,12.777213,18.266243"
0.65,5,127,0.0006656335244259032,-0.057277852594215986,0.002006177047558566,0,"2.055697,10.707329,5.627126,18.489112,14.071222,16.363429"
0.65,5,128,0.014035407152675228,-0.05166826326153251,0.04015696167773719,0,"2.029898,10.072965,5.260802,19.343783,15.117585,18.446968"
0.65,5,129,-0.004372998082721138,-0.05664216331802223,-0.012376710936390534,0,"2.04754,10.966169,5.298866,18.535935,13.167275,18.296364"
0.65,5,130,-0.007226581821230064,-0.055074833515693686,-0.020524570228185712,0,"2.034701,10.791432,5.421034,18.902473,13.305831,17.912025"
0.65,5,131,-0.0018305127282155244,-0.051941240415859916,-0.005128445617083532,0,"2.018638,10.673433,4.910347,19.296888,13.213022,20.739775"
0.65,5,132,-0.00655493990314369,-0.052855829094374765,-0.01861162727053617,0,"2.0248,10.679083,5.029608,19.162259,13.356055,20.010384"
0.65,5,133,-0.005935785135051117,-0.05128094496096751,-0.016847302756747506,0,"2.019194,10.3189,5.148171,19.458839,14.179896,19.378181"
0.65,5,134,0.0011011342881905545,-0.05216258451589427,0.003239731605896634,0,"2.02391,10.426778,5.173278,19.305022,14.011126,19.197878"
0.65,5,135,0.010761277782681163,-0.054691860337675924,0.030817261287000575,0,"2.036721,10.739193,5.392076,18.540059,13.432974,18.151674"
0.65,5,136,-0.006364067077450644,-0.05195224021867276,-0.01806849756331813,0,"2.017566,10.487532,5.461949,19.039549,12.673617,21.05771"
0.65,5,137,-0.005792619360559504,-0.05340207536026893,-0.01643473101634174,0,"2.031659,10.594921,5.231411,18.538559,14.605509,18.680569"
0.65,5,138,-0.006696178214188493,-0.05704931063915501,-0.019006982053012822,0,"2.052396,10.745454,4.966682,20.112222,14.181,16.396103"
0.65,5,139,-0.007611785286421951,-0.0527818040506529,-0.02162830630452127,0,"2.028467,10.645568,5.065878,18.756547,13.474827,19.900306"
0.65,5,140,0.0018434241265141784,-0.055983738830362284,0.005365530346093661,0,"2.047422,10.884806,5.290279,18.234611,13.31751,18.471956"
0.65,5,141,-0.001675541980360289,-0.053282798422462696,-0.004683625407123415,0,"2.038036,10.539566,5.029148,18.596434,14.00741,19.800512"
0.65,5,142,0.006974009159760453,-0.05081212291863005,0.020000105721871164,0,"2.02423,10.278874,5.043792,19.02249,14.35284,19.923082"
0.65,5,143,0.010498538017214485,-0.05520386855310262,0.03006827610039675,0,"2.043551,10.783817,5.249174,18.365924,13.490065,18.71381"
0.65,5,144,-0.005393149036996876,-0.052743516645328864,-0.015295749254109925,0,"2.031524,10.617639,5.09611,18.418454,13.573804,19.808574"
0.65,5,145,-0.006952338987831673,-0.05650560631678768,-0.01973914754881051,0,"2.051469,10.700878,5.013426,19.548183,14.162282,16.888405"
0.65,5,146,-0.007684841281211873,-0.051977264906235957,-0.02183832184678984,0,"2.022434,10.485942,5.426167,18.65429,12.906129,20.773077"
0.65,5,147,-0.0075424194066276325,-0.05325194326407756,-0.021429443823336614,0,"2.034185,10.575433,5.234068,18.236797,14.516039,18.792127"
0.65,5,148,-0.0065497436059160025,-0.05309991570335895,-0.018596342687908718,0,"2.039501,10.529304,5.065495,18.285026,14.017623,19.725413"
0.65,5,149,0.007325932083008871,-0.055429936718191186,0.0210131626712593,0,"2.047323,10.817004,5.283123,17.983507,13.442707,18.618282"
0.65,5,150,0.018810331447266966,-0.05116706497018758,0.053785043640638186,0,"2.027991,10.312061,5.077701,18.640073,14.305482,19.827554"
0.65,5,151,-0.006293086603752071,-0.05472521618252696,-0.01786075414081184,0,"2.044098,10.732847,5.24887,18.092935,13.586502,18.819827"
0.65,5,152,0.003595974747173866,-0.05465490266300496,0.010365350175267074,0,"2.047979,10.549827,5.315647,18.09662,14.178617,18.30768"
0.65,5,153,0.015474556589695937,-0.053061249339939234,0.04426729385405137,0,"2.034264,10.606337,5.13268,18.364815,13.674606,19.558425"
0.65,5,154,-0.0020415489170708847,-0.05211836339336079,-0.005730475184430428,0,"2.026494,10.484618,5.396354,18.33324,13.099889,20.535883"
0.65,5,155,-0.004137432481053538,-0.0531091835326291,-0.011710893425880775,0,"2.036291,10.559194,5.236281,17.985329,14.44148,18.885091"
0.65,5,156,-0.0045900178653110755,-0.055719965067381985,-0.012997858963942566,0,"2.050695,10.66373,5.05239,19.078151,14.146683,17.298656"
0.65,5,157,-0.007803098912129226,-0.05296067627830614,-0.022174038739969537,0,"2.040722,10.520752,5.09579,18.02552,14.026134,19.662829"
0.65,5,158,-0.004919562918108639,-0.05436327033954551,-0.013940992699837118,0,"2.044553,10.690371,5.248617,17.865444,13.666867,18.908175"
0.65,5,159,-0.00534412267175717,-0.052657998890943386,-0.015155972520274175,0,"2.034073,10.594365,5.121307,18.13671,13.656285,19.73213"
0.65,5,160,-0.002557595044079621,-0.05496579650157499,-0.0071981369383576355,0,"2.057926,10.684185,4.937824,17.606475,14.902158,17.409716"
0.65,5,161,-0.007034700621126799,-0.0545056042958712,-0.019977941996102422,0,"2.052677,10.650923,5.014157,17.727603,14.60178,17.930744"
0.65,5,162,-0.0019749070456773726,-0.05441879228846866,-0.005535992095589748,0,"2.053565,10.640185,5.023608,17.868477,13.613999,18.742392"
0.65,5,163,-0.0075113216156067215,-0.05333820553393391,-0.02134052171260073,0,"2.039167,10.572692,5.200817,17.965854,14.303567,18.861308"
0.65,5,164,-0.003554364004811093,-0.050477803066698745,-0.010051529706915197,0,"2.035316,10.505302,5.256974,16.404889,13.961091,20.84971"
0.65,5,165,-0.00347222148911328,-0.05500567250553817,-0.009808670763478466,0,"2.04813,10.637326,5.08647,18.632607,14.115751,17.890499"
0.65,5,166,-9.652679754948944e-5,-0.05284413352363668,-0.00017747427075531785,0,"2.04174,10.513626,5.121041,17.809265,14.033227,19.610677"
0.65,5,167,-0.002083122877058878,-0.05322461591011571,-0.0058470868466313775,0,"2.040444,10.556909,5.208572,17.759543,14.26442,18.942742"
0.65,5,168,-0.0029001019938684723,-0.05412929329128005,-0.008177302563805167,0,"2.051702,10.622102,5.052999,17.561001,14.512931,18.167272"
0.65,5,169,0.017890088733173205,-0.052699465253622235,0.05116124842468406,0,"2.036197,10.57497,5.142308,17.901923,13.725019,19.668428"
0.65,5,170,0.0111137124910584,-0.05402651250559644,0.03182197723472824,0,"2.044933,10.654975,5.248405,17.675868,13.733837,18.981798"
0.65,5,171,-0.00785530842438264,-0.055229008674995514,-0.02231885134506606,0,"2.050051,10.632774,5.084867,18.686457,14.133684,17.640533"
0.65,5,172,0.005159925465509456,-0.05454866465891428,0.014829119730377482,0,"2.055715,10.577824,5.178737,17.504785,14.52391,17.895884"
0.65,5,173,-0.007860398470953689,-0.05340661638887048,-0.02233676086856265,0,"2.050558,10.472102,5.04948,17.673812,14.77845,18.220542"
0.65,5,174,-0.007051977595735185,-0.05243239578446052,-0.02003110186520704,0,"2.03807,10.514012,5.076014,17.901238,14.073223,19.414676"
0.65,5,175,0.010482896156502563,-0.05409967551227299,0.03002158112055242,0,"2.050811,10.578338,5.118684,17.627415,14.577239,17.634549"
0.65,5,176,-0.0005897058824899455,-0.05305940118170102,-0.001584750311750649,0,"2.043251,10.524411,5.120648,17.778957,14.123895,19.281322"
0.65,5,177,-0.005089477577116335,-0.05386793291488157,-0.014426897162042707,0,"2.049299,10.567553,5.119076,17.657723,14.48657,17.963904"
0.65,5,178,0.010727348622297255,-0.05398754570284853,0.0307191109661884,0,"2.055065,10.538603,5.001395,17.643197,14.420095,17.976204"
0.65,5,179,-0.00619404231737868,-0.05328697867931653,-0.017580721510595476,0,"2.042878,10.553858,5.174025,17.740152,14.290366,18.781653"
0.65,5,180,-0.0014627477150935746,-0.05273316104237613,-0.004077268903713516,0,"2.040861,10.450663,5.197276,17.901457,14.097396,18.956468"
0.65,5,181,0.012682061890033534,-0.053902694433852344,0.03629826927762392,0,"2.049894,10.593529,5.077036,17.617743,14.443675,18.298805"
0.65,5,182,0.021568585071257564,-0.05320141191978539,0.06166166972743092,0,"2.049937,10.473084,5.082442,17.516175,14.660156,18.408771"
0.65,5,183,-0.0007423161653609398,-0.05478828350095856,-0.0020171365237200423,0,"2.049514,10.606977,5.111937,18.360046,14.122851,17.925429"
0.65,5,184,0.004720228733941787,-0.05236442827576468,0.013570045989213741,0,"2.039529,10.508009,5.104558,17.705697,14.072467,19.403882"
0.65,5,185,0.0023025810530096173,-0.05313341501557298,0.006670808542228457,0,"2.043537,10.541214,5.186243,17.571458,14.25342,18.876363"
0.65,5,186,0.032125205948932915,-0.053536661466458274,0.09179393400566893,0,"2.048887,10.552626,5.140449,17.502768,14.416923,18.194906"
0.65,5,187,0.030344951798637984,-0.05380936173829581,0.08671308087274976,0,"2.05089,10.598084,5.085375,17.422165,14.438891,18.364379"
0.65,5,188,-0.005523885013010271,-0.0529378465223502,-0.015668546918141124,0,"2.044524,10.515828,5.132165,17.598409,14.121901,19.248007"
0.65,5,189,-0.007171968235356524,-0.052429558649708025,-0.020373595039914982,0,"2.040403,10.442952,5.202858,17.73776,13.994271,19.373076"
0.65,5,190,0.021834117509035883,-0.052795111687842566,0.0624188221253974,0,"2.038179,10.557908,5.245951,17.717612,13.551044,19.65012"
0.65,5,191,-0.006973710476781477,-0.053157357471176836,-0.019806359909876448,0,"2.047976,10.487221,5.109683,17.549748,14.475304,18.615662"
0.65,5,192,0.030662201329006388,-0.05387044801233412,0.08761871591327075,0,"2.051403,10.516053,5.225526,17.476107,14.273011,18.392269"
0.65,5,193,-0.005520327627135526,-0.05261326139997771,-0.01565899531104764,0,"2.041507,10.50935,5.124714,17.667432,14.105891,19.23528"
0.65,5,194,0.0146445175707679,-0.05294850400712198,0.04189791379583996,0,"2.046713,10.472226,5.123315,17.642336,14.042883,19.039427"
0.65,5,195,-0.00575352881371277,-0.053067784209159974,-0.01632377552155506,0,"2.044066,10.529716,5.175754,17.583271,14.21833,18.90354"
0.65,5,196,0.030348212810142335,-0.05038391264874695,0.08671603354749258,0,"2.038924,10.38071,5.218907,16.594824,14.205278,20.316397"
0.65,5,197,-0.004589155069542834,-0.054172877044472545,-0.0129982665890222,0,"2.047748,10.569266,5.12976,18.065842,14.136589,18.323924"
0.65,5,198,0.005771889113757952,-0.05118428828757329,0.016569598690295062,0,"2.040688,10.418421,5.201074,16.889027,14.19154,19.917902"
0.65,5,199,6.72571139335285e-5,-0.053693960143573666,0.0002915889482713041,0,"2.046571,10.544125,5.141644,17.869707,14.145747,18.589587"
0.65,5,200,0.02946690060085775,-0.05238197165365002,0.0842042211572217,0,"2.041474,10.448792,5.210273,17.569465,14.006674,19.369216"
0.65,5,201,0.036404794926143756,-0.053008503887942676,0.10400813601732817,0,"2.047785,10.485683,5.132619,17.412788,14.407535,18.738038"
0.65,5,202,0.03558539286836485,-0.0529382994095291,0.10166919584124745,0,"2.044527,10.521096,5.187684,17.440724,14.19339,18.977936"
0.65,5,203,-0.008239202294480491,-0.052809085248690324,-0.023419084883884236,0,"2.044908,10.509522,5.151357,17.453339,14.113033,19.264991"
0.65,5,204,0.030411828681324388,-0.052419143945708846,0.08690138754071386,0,"2.042394,10.504124,5.145147,17.510858,14.099691,19.254385"
0.65,5,205,-0.006291234753922326,-0.053811760877644416,-0.017857163149284594,0,"2.047595,10.554054,5.149353,17.842867,14.125272,18.494922"
0.65,5,206,0.012043222574241478,-0.05258932634768451,0.034472400845918294,0,"2.041459,10.519511,5.231107,17.435626,13.794715,19.499084"
0.65,5,207,0.009643097404592396,-0.0525037625766227,0.02762159226564065,0,"2.043692,10.48357,5.190501,17.405991,13.875968,19.432902"
0.65,5,208,0.00784721070313075,-0.052681175123765106,0.022495942534497493,0,"2.044326,10.498907,5.196653,17.40588,13.997392,19.235172"
0.8,1,1,0.0,0.0,0.0,0,"1.6,10.0,10.0,20.0,20.0,20.0"
0.8,1,2,0.001517785020333306,-0.07983937369729821,0.007900382214241483,0,"2.203701,10.0,10.0,20.0,20.0,20.0"
0.8,1,3,0.003406689959259263,-0.013695698912695356,0.017071161430516582,0,"1.6,15.024932,10.0,20.0,20.0,20.0"
0.8,1,4,0.0026027610928328502,-0.005072652554827423,0.01302107499938418,0,"1.6,10.0,15.024932,20.0,20.0,20.0"
0.8,1,5,0.00457203954168326,-0.004242027064179408,0.022854311505167854,0,"1.6,10.0,10.0,30.025,20.0,20.0"
0.8,1,6,0.003952564986731557,-0.0011846293855248373,0.019747815635564325,0,"1.6,10.0,10.0,20.0,30.025,20.0"
0.8,1,7,0.0026436293275331484,-0.0003339228118839423,0.01320627605286042,0,"1.6,10.0,10.0,20.0,20.0,30.025"
0.8,1,8,-0.00015020787793253816,-0.033444849014336725,-0.0006166433502550889,0,"1.793809,11.674956,11.674956,9.975047,23.341667,23.341667"
0.8,1,9,0.012446456204438999,-0.03627894175678864,0.06231508170751465,0,"1.826904,11.954119,11.954119,6.634648,23.898611,23.898611"
0.8,1,10,0.0014153586621860864,-0.04718784729384918,0.007258286413692139,0,"1.860211,12.233283,12.233283,16.658333,11.088904,24.455556"
0.8,1,11,-0.0011024082133200943,-0.03427408988064634,-0.005369575131945942,0,"1.950019,6.279625,12.977721,15.544445,18.143519,25.940741"
0.8,1,12,0.0008297708472591234,-0.02190107927470697,0.004232226327067379,0,"2.010653,4.827921,13.474014,14.801852,17.834105,26.930864"
0.8,1,13,-0.0014315104626737712,-0.06657647216068313,-0.006884362062663463,0,"2.071861,10.062034,13.970308,14.05926,17.524691,14.554321"
0.8,1,14,-0.002790447149928457,-0.07502690492139635,-0.013638489640316387,0,"2.154314,10.072373,14.632033,13.069138,17.11214,11.975881"
0.8,1,15,-7.113071756752826e-5,-0.07698744087253778,-4.765616817931084e-5,0,"2.265643,10.086158,8.814512,11.748979,16.562071,21.904612"
0.8,1,16,0.05531019532489266,-0.008854320031804114,0.2763100838207698,0,"1.674494,10.114878,13.444145,8.998752,15.416095,22.539483"
0.8,1,17,0.0003837394349993287,-0.07018115776281962,0.002197224581466456,0,"2.11235,10.019146,10.574012,18.166438,19.236016,20.423247"
0.8,1,18,-0.00151609261683433,-0.049642537696517774,-0.00737451841497061,0,"2.091894,7.144245,10.657746,12.842999,27.042915,16.739825"
0.8,1,19,0.013972747757841074,-0.023771067095319842,0.0698889341234632,0,"1.834039,8.399308,12.344931,9.560482,21.498088,19.544326"
0.8,1,20,-0.000372627717630687,-0.06361185118681292,-0.001607084099306877,0,"2.065116,9.749157,10.869162,16.7321,19.613028,20.27676"
0.8,1,21,0.016028806599795754,-0.09540220800695069,0.08044519663437222,0,"2.536386,8.334851,13.20869,6.638859,20.605113,20.059827"
0.8,1,22,-0.0008168554044071281,-0.022936418813624272,-0.003988542803977167,0,"1.746099,9.722457,10.53477,17.772925,20.100852,20.009971"
0.8,1,23,0.0012599169741767896,-0.010544065753986146,0.006335425708191702,0,"1.678376,8.127505,14.96774,16.896563,25.222635,17.523667"
0.8,1,24,-0.0027394478092792793,-0.0688099944001506,-0.01340859047831748,0,"2.164044,9.75969,9.839979,12.606906,18.005499,21.174455"
0.8,1,25,0.0035260867011786276,-0.06704507449179256,0.017880733070789523,0,"2.26854,5.902677,11.495492,19.547835,16.664318,15.364209"
0.8,1,26,-0.0005350341094975,-0.04195049500247844,-0.002504863703773813,0,"1.870437,10.712468,11.645045,11.570482,22.228775,22.01209"
0.8,1,27,-0.002623920549879278,-0.037870462990250264,-0.012955165731703688,0,"1.924074,8.147195,12.559921,11.070208,21.264872,19.007559"
0.8,1,28,-0.0020996987234398455,-0.05478913435704022,-0.010269068011759308,0,"2.138968,6.330161,12.08899,16.06506,18.327824,16.270718"
0.8,1,29,0.029508951095157672,-0.07519011069143411,0.14769781810045368,0,"2.409636,6.18914,13.717358,9.293411,19.864737,17.026419"
0.8,1,30,-0.0014983777545007622,-0.0356030853131947,-0.0073421342969540795,0,"1.851947,9.133287,11.065195,16.359657,20.0615,19.512712"
0.8,1,31,-0.0008625865843164676,-0.07208029244971248,-0.004020591160622866,0,"2.157725,10.583569,10.636892,11.793545,22.461398,8.953103"
0.8,1,32,-0.0017213396271409027,-0.04211408366049968,-0.008429811989073444,0,"1.984187,6.996297,12.587581,14.919294,18.863165,23.109446"
0.8,1,33,-0.0031926005742284277,-0.07217876137865209,-0.0156586291964311,0,"2.306779,7.016413,13.056876,10.498231,20.143972,16.579913"
0.8,1,34,0.025708827488712834,-0.0763952621431534,0.12872099749464216,0,"2.385241,6.663849,13.388825,9.521367,20.157717,16.091113"
0.8,1,35,-0.0002633600159546839,-0.06741454497469798,-0.001046095804070557,0,"2.130081,8.96272,14.264048,13.233268,10.862928,19.299497"
0.8,1,36,-0.0020488322656437826,-0.05379534990935381,-0.010018960967613885,0,"2.098245,7.447228,11.25879,12.908044,24.346247,17.166437"
0.8,1,37,0.019060303083030247,-0.07925473257849266,0.0955230113341311,0,"2.279132,9.261182,11.891267,10.48658,20.870353,10.94889"
0.8,1,38,-0.002190400219683257,-0.04903757353805187,-0.010745105698565516,0,"2.032505,7.373627,12.471528,14.180504,19.197696,21.082684"
0.8,1,39,4.626236802801398e-5,-0.06730172049736055,0.0005000187034260861,0,"2.140099,8.785428,13.62431,12.92196,13.671088,18.197297"
0.8,1,40,-0.002255874181504904,-0.05659993363995186,-0.011041929243720994,0,"2.105204,7.670217,11.653041,12.910363,22.567054,17.338247"
0.8,1,41,-0.002290980278722727,-0.06448331880930055,-0.011185782336040395,0,"2.088159,10.350699,12.648788,8.713537,21.102587,19.448859"
0.8,1,42,-0.0018325477235543299,-0.07637249459020462,-0.008848400239171661,0,"2.214362,10.298635,12.325336,8.775707,20.867678,14.092286"
0.8,1,43,-0.002446183225976087,-0.05434782453347271,-0.012001523308438108,0,"2.062496,7.860985,12.447163,13.27968,19.476027,19.917617"
0.8,1,44,0.001172864281839388,-0.06894270536987535,0.006133958272404039,0,"2.126247,10.065509,13.408533,10.168839,16.467978,18.696512"
0.8,1,45,-0.0024720798704162754,-0.059153058083810744,-0.012111675444301834,0,"2.108707,8.069349,11.945622,12.453438,21.550541,17.564625"
0.8,1,46,-0.0027328169400028745,-0.05792589273732021,-0.013418962166898196,0,"2.150276,6.625333,12.178395,15.612476,18.081763,15.957822"
0.8,1,47,-0.0035830900440673246,-0.07163497389244278,-0.017611299025741114,0,"2.205839,8.702042,12.290431,11.823777,19.243569,14.169132"
0.8,1,48,0.01078068134091269,-0.0742576194375944,0.05414629089142242,0,"2.22999,8.842233,12.264309,11.581128,19.204826,13.211052"
0.8,1,49,-0.0032226270654754957,-0.07121591505499636,-0.015812459207949547,0,"2.191478,8.704552,12.906909,12.44013,16.400063,15.390294"
0.8,1,50,-0.0009537837738680773,-0.09779180994950344,-0.004373378251291082,0,"2.476086,8.812492,12.408272,14.280013,15.06413,12.741607"
0.8,1,51,-0.003191254971241996,-0.04921997460428351,-0.01574365130648636,0,"2.013263,8.258071,12.534646,11.605171,20.231415,17.963233"
0.8,1,52,-0.002673232154917071,-0.07673191785609494,-0.013046186916244734,0,"2.194037,10.879863,12.908548,8.402182,18.96379,16.459812"
0.8,1,53,-0.003228899982797738,-0.06210473713754264,-0.01588020076467385,0,"2.157552,7.333966,12.300087,14.410723,18.228767,16.041487"
0.8,1,54,0.0063177360017314275,-0.06540443057566854,0.03181847925170811,0,"2.178047,6.936417,16.067062,12.00881,19.114477,9.532262"
0.8,1,55,-0.0014583750262896283,-0.06876151580857526,-0.007009819248964877,0,"2.166376,9.289027,10.877801,12.507224,18.190328,19.234077"
0.8,1,56,-0.0024183127767299054,-0.06382579585537458,-0.011824436263964067,0,"2.165579,7.561926,12.298478,13.979565,18.397901,15.729428"
0.8,1,57,-0.0028906792012943407,-0.0712960920273487,-0.014154057580781532,0,"2.19387,8.704133,12.804162,12.337404,16.873981,15.186767"
0.8,1,58,-0.0019110897912299905,-0.07245522334545206,-0.00925637169107707,0,"2.289873,7.297253,12.929135,10.719153,19.993905,16.178116"
0.8,1,59,-0.0032422142146762505,-0.05318656204964553,-0.015982342482699974,0,"2.044996,8.332063,12.493943,11.641606,20.066774,17.330883"
0.8,1,60,-0.0026414393829702477,-0.07465314418816088,-0.01289568864944915,0,"2.162877,9.843975,14.241765,12.861577,17.467378,12.341422"
0.8,1,61,0.0002467899549641714,-0.06942655367597783,0.0015101458436810877,0,"2.170994,9.583408,10.248378,12.476385,18.211844,20.006901"
0.8,1,62,0.004271355033813073,-0.06662321484057807,0.02160166636206562,0,"2.182672,7.230575,15.437623,11.977971,19.135992,10.305046"
0.8,1,63,-0.002520433858029533,-0.06923832351639414,-0.012312903092989103,0,"2.17294,9.191193,11.113238,12.393316,18.365868,18.38992"
0.8,1,64,-0.003269799994452656,-0.059950570388715096,-0.0160931045861223,0,"2.027374,10.148159,12.151535,14.293276,16.811252,14.871066"
0.8,1,65,0.004473375125121899,-0.06887117650557836,0.02261974059104077,0,"2.103157,10.745548,12.73321,11.137427,17.878373,15.033634"
0.8,1,66,-0.003225901036585772,-0.06522053385521927,-0.015852770277230754,0,"2.15514,8.092399,12.370933,13.505873,18.311313,15.613462"
0.8,1,67,-0.0024050595900676564,-0.06335565621971714,-0.011760115210249167,0,"2.089989,8.749667,14.337694,13.09452,17.892221,11.447666"
0.8,1,68,-0.003085114245294949,-0.06844771703452694,-0.01513664371462202,0,"2.159051,9.117604,11.650643,12.510183,18.286927,17.232876"
0.8,1,69,0.0010236739321315795,-0.052092376433444,0.005321417748643031,0,"2.098688,7.854924,10.345473,12.509127,19.063894,19.126644"
0.8,1,70,-0.002615640569267358,-0.07187725858360977,-0.012777915896106246,0,"2.152141,9.512431,13.592379,12.802836,17.733464,13.47229"
0.8,1,71,-0.003302400338262871,-0.06215525300341254,-0.016247133545754952,0,"2.056809,9.907129,12.174684,13.881692,17.216639,14.754077"
0.8,1,72,-0.0031870151811339903,-0.056395233678754694,-0.01569380116978515,0,"2.071556,8.393724,12.460025,11.671968,19.929573,16.803924"
0.8,1,73,0.0011762303743144543,-0.06622752378714375,0.0061399220446761715,0,"2.163567,8.194,12.357516,13.225524,18.466689,15.37274"
0.8,1,74,-0.003338848092685509,-0.06900458032253373,-0.0164018203218156,0,"2.166829,9.048342,11.757274,12.395782,18.446367,16.722252"
0.8,1,75,0.011915288914869784,-0.07137147935071124,0.059802128363388385,0,"2.195863,8.703785,12.71854,12.2518,17.268912,15.017161"
0.8,1,76,-0.0032133404886216512,-0.07429782161062301,-0.015753757399266502,0,"2.170021,9.653645,13.916543,12.68861,17.76341,12.64604"
0.8,1,77,-0.003011399216025178,-0.06246269087589004,-0.014792352963658675,0,"2.082366,9.26247,12.266949,12.977316,19.75317,15.138893"
0.8,1,78,-0.003190906485174732,-0.06571325768441232,-0.01567600339174427,0,"2.087328,10.128527,12.597784,11.920858,18.98422,14.705365"
0.8,1,79,-0.003795355932737685,-0.07129383013804638,-0.01867293141172452,0,"2.170256,9.348627,12.79863,11.816912,17.441423,14.794702"
0.8,1,80,0.003160487212004109,-0.07268323817680773,0.016077091920806974,0,"2.185005,9.362987,12.887243,11.623512,17.056132,14.737337"
0.8,1,81,-0.001210546291973351,-0.08038898742977525,-0.005725450060087567,0,"2.214447,10.535791,12.718423,13.170577,16.435636,12.459934"
0.8,1,82,-0.0035077941729964135,-0.060991333572070525,-0.0172777278028909,0,"2.09518,8.750701,12.503091,11.921735,19.34725,16.079925"
0.8,1,83,-0.0023918131998538162,-0.07062500928903477,-0.011664901061051891,0,"2.201061,8.341698,12.549098,12.921978,17.501999,15.016677"
0.8,1,84,-0.0008979437650238405,-0.06674494559633143,-0.004218520522211666,0,"2.106163,9.830703,12.58967,12.087711,18.737183,14.75725"
0.8,1,85,-0.003199212970246687,-0.07155582882692711,-0.015694147388537194,0,"2.199897,8.809802,12.375131,11.822633,18.943211,14.273394"
0.8,1,86,-5.5010518528763354e-5,-0.06279291970618034,-2.3857056762333073e-5,0,"2.107639,8.850352,12.552347,11.904265,19.029612,15.865721"
0.8,1,87,-0.003444747991850295,-0.0692684523671856,-0.016929736413369367,0,"2.1674,9.098389,11.930833,12.299303,18.278877,16.400993"
0.8,1,88,-0.002884805601014956,-0.06378619967451177,-0.014154728477898837,0,"2.075593,9.814044,12.278675,13.537561,17.254103,14.760848"
0.8,1,89,-0.0031261101345840675,-0.07380304421581323,-0.015320018477579508,0,"2.170061,9.602808,13.730224,12.543327,17.709745,13.00415"
0.8,1,90,-0.00321502208038958,-0.06671118833551624,-0.015792473175430408,0,"2.101084,9.998542,12.631259,11.903534,18.727087,14.720254"
0.8,1,91,-0.002459868312269549,-0.07598941310352456,-0.011983400508425224,0,"2.187077,10.0404,12.695902,12.736825,17.088536,13.452393"
0.8,1,92,-0.002627359193197589,-0.0737755036766285,-0.01282886508619524,0,"2.17378,9.842052,12.671976,12.598065,17.412049,13.854614"
0.8,1,93,-0.0035474175831547725,-0.06514468334408555,-0.017459050132265258,0,"2.120821,9.048684,12.576273,12.043024,18.7061,15.4635"
0.8,1,94,-0.003049877569868434,-0.07510591401695046,-0.014934030163111262,0,"2.234932,8.821583,13.068775,10.605365,19.348045,14.791483"
0.8,1,95,-0.0035139568612901277,-0.0734152735023809,-0.017258864348093025,0,"2.208148,8.986986,12.937091,11.094058,18.999055,14.786377"
0.8,1,96,0.0013114280834929483,-0.06456229831244675,0.006808581029684846,0,"2.152287,8.827537,11.352854,11.116497,19.322172,17.142259"
0.8,1,97,-0.003071634401193143,-0.07248650046741774,-0.015053172831264783,0,"2.167095,9.473592,13.333994,12.305521,17.978483,13.693834"
0.8,1,98,-0.0034609469405586127,-0.06619246188691427,-0.017022941913332076,0,"2.129037,9.098674,12.613333,12.005339,18.49532,15.352034"
0.8,1,99,-0.003416297931668207,-0.07307570385778511,-0.016772414428481416,0,"2.20182,9.047259,12.914014,11.214534,18.739449,14.787765"
0.8,1,100,-0.003377784868345002,-0.069602585101735,-0.016593920081236835,0,"2.167876,9.140095,12.075466,12.218905,18.139301,16.133278"
0.8,1,101,-0.0005005490766310249,-0.06752293491408685,-0.002230423220278499,0,"2.112568,9.890221,12.659154,11.889097,18.51281,14.732662"
0.8,1,102,-0.0031247587129635073,-0.07159223841703165,-0.015322102508640773,0,"2.194949,8.899604,12.445714,11.82168,18.692913,14.360279"
0.8,1,103,-0.0027817909461210683,-0.07338467045023729,-0.013601814234569826,0,"2.170093,9.560444,13.574958,12.422258,17.665025,13.302575"
0.8,1,104,-0.002442112437695659,-0.07390416189123314,-0.01190304249841495,0,"2.232501,8.474729,12.814884,11.944111,17.878334,14.844215"
0.8,1,105,0.010498602010276352,-0.07297829230740707,0.05273219102958182,0,"2.212385,8.710627,12.788929,11.934942,17.98408,14.825623"
0.8,1,106,-0.003064193942479264,-0.06704627359674442,-0.015037746871138208,0,"2.135892,9.140332,12.644215,11.973935,18.319671,15.259145"
0.8,1,107,0.005007870378574354,-0.07280433402766513,0.02530526396501742,0,"2.196551,9.097486,12.894784,11.31493,18.523112,14.788921"
0.8,1,108,-0.001053027563473162,-0.07000014269468828,-0.004980157089497561,0,"2.168273,9.17485,12.195993,12.151906,18.022988,15.910182"
0.8,1,109,-0.003806944741750791,-0.07156095620645259,-0.018729750133794354,0,"2.190829,8.97444,12.504533,11.820885,18.484331,14.432683"
0.8,1,110,-0.0030261495814710134,-0.07303315303113292,-0.014823791503726813,0,"2.17012,9.525141,13.44557,12.321367,17.627758,13.551263"
0.8,1,111,-0.003395015519180103,-0.06818247753426761,-0.01668566202373971,0,"2.122152,9.799954,12.6824,11.877066,18.334245,14.743002"
0.8,1,112,-0.0034046514769877595,-0.06760179538079879,-0.01673611408932628,0,"2.12273,9.55696,12.528997,12.67243,17.553694,14.774738"
0.8,1,113,-0.002988441794112247,-0.06962167912606425,-0.014649073180876104,0,"2.135664,9.606966,13.338789,12.008958,17.897386,13.274996"
0.8,1,114,-0.0032847309720372116,-0.06967211031459403,-0.01612883758134634,0,"2.141089,9.534945,13.148323,12.032783,17.91832,13.714194"
0.8,1,115,0.0006153966585750718,-0.06516701993257137,0.0033343170555500956,0,"2.124181,9.25994,11.990131,11.743303,18.38947,15.688226"
0.8,1,116,0.001990668213325059,-0.07190922818488069,0.010230747232132686,0,"2.162445,9.480941,13.202996,12.225023,17.75471,13.907423"
0.8,1,117,-0.003342629873212724,-0.07120052109021621,-0.016411935346356404,0,"2.173681,9.286262,12.749614,11.817574,17.615241,14.734366"
0.8,1,118,-0.003691237207046306,-0.06820332350847669,-0.018165207533663963,0,"2.134038,9.459871,12.524919,12.530506,17.7088,14.717729"
0.8,1,119,-0.0029767934072312523,-0.06880822167352953,-0.014594140009452694,0,"2.133555,9.662364,12.652755,11.867702,18.35926,14.691282"
0.8,1,120,-0.0028502037918536516,-0.07009231619466606,-0.013956693001488107,0,"2.149356,9.441526,13.041025,11.997467,18.012655,13.833942"
0.8,1,121,-0.000299093862463434,-0.06782937380761123,-0.0012229288881985267,0,"2.14502,9.112683,12.620935,11.948426,18.347114,15.121401"
0.8,1,122,-0.0035792653812090408,-0.07280349628572207,-0.017587525395506814,0,"2.173568,9.433356,13.28873,12.237953,17.77052,13.698166"
0.8,1,123,-0.0034395538108893337,-0.07302763727796387,-0.01688876973559922,0,"2.173287,9.639925,12.966257,12.142269,17.636488,13.581321"
0.8,1,124,-0.0015896018132562036,-0.07206332323325187,-0.007652103669678334,0,"2.176926,9.377209,12.521245,12.141496,17.845559,14.784574"
0.8,1,125,-0.000511981195665727,-0.07030700735156069,-0.0022764015473750177,0,"2.153944,9.430806,12.954395,12.021472,17.984806,13.99238"
0.8,1,126,-0.0031010752152933634,-0.06887620512754561,-0.015214656599357279,0,"2.143473,9.378965,12.521522,12.412235,17.838055,14.670221"
0.8,1,127,-0.002889182405046232,-0.07275804286938656,-0.014140739114638978,0,"2.176442,9.356868,13.158031,12.168442,17.889489,13.820585"
0.8,1,128,0.0036909328919039804,-0.07294751154591671,0.018727726778924647,0,"2.176208,9.529008,12.889303,12.088705,17.777795,13.723215"
0.8,1,129,0.00894064735232521,-0.07139544396258166,0.04494387466281358,0,"2.176537,9.234291,12.708767,11.818126,17.760089,14.684085"
0.8,1,130,-0.0031751337697638656,-0.06930071260097688,-0.015582883115300122,0,"2.143071,9.547708,12.628052,11.8599,18.380105,14.648182"
0.8,1,131,0.004974705414905318,-0.07035796229420715,0.025129829094608813,0,"2.156253,9.363677,12.951609,11.968036,18.091268,13.933732"
0.8,1,132,-0.0034476252596574285,-0.07043165442738827,-0.016939460220357236,0,"2.152199,9.482596,12.842249,12.287942,18.393592,13.725454"
0.8,1,133,-0.0034573843971984703,-0.07173058618524276,-0.016983016624626757,0,"2.171118,9.392848,12.562954,12.244666,18.163188,14.406382"
0.8,1,134,-0.002792336061562194,-0.06865996958295625,-0.01367336706241673,0,"2.149484,9.182133,12.516477,12.175985,18.605125,14.844621"
0.8,1,135,0.007384333889458746,-0.06936448006251947,0.03716196540214167,0,"2.153932,9.239945,12.578615,12.161438,18.467236,14.65772"
0.8,1,136,0.003417440648987865,-0.07171392523703587,0.01735670224364383,0,"2.174399,9.323112,12.553217,12.174036,18.216712,14.410765"
0.8,1,137,-0.0035966666941521647,-0.07063499962489163,-0.01768311036189936,0,"2.158624,9.397901,12.785963,12.210099,18.408715,13.843326"
0.8,1,138,-0.0036452654637780775,-0.06970581336126466,-0.017929574490954378,0,"2.15101,9.452161,12.607465,11.853397,18.397476,14.612266"
0.8,1,139,0.007191841507528963,-0.06934592050446721,0.03620039082883386,0,"2.151346,9.311543,12.51869,12.313677,17.945768,14.630631"
0.8,1,140,-0.0025907963660670857,-0.07259073917466062,-0.012650967905731059,0,"2.178838,9.293129,13.049114,12.110516,17.988629,13.922602"
0.8,1,141,0.0020363870684731453,-0.07274988091054813,0.010462472393614308,0,"2.178643,9.436578,12.825175,12.044068,17.895551,13.841459"
0.8,1,142,-0.00345590298721107,-0.07368946860368401,-0.01696778927236825,0,"2.192801,9.314228,12.923132,11.757324,18.518037,13.723735"
0.8,1,143,-0.00348753153110657,-0.07210752950176305,-0.017132095442083717,0,"2.175818,9.299698,13.011911,11.75806,18.347535,13.714592"
0.8,1,144,-0.0008832398157104342,-0.07071705982096103,-0.004129201637630697,0,"2.170635,9.140608,12.802198,11.792692,18.819356,14.241608"
0.8,1,145,0.0034205542969883702,-0.07091483687245098,0.017369061770661,0,"2.171969,9.189935,12.806028,11.834588,18.665389,14.174917"
0.8,1,146,-0.0010262033545044634,-0.07003327483676915,-0.004846037635539702,0,"2.157632,9.372539,12.59031,11.847978,18.411952,14.582335"
0.8,1,147,0.0018236222978570615,-0.07092293949187622,0.009392410836416398,0,"2.163982,9.327323,12.739058,12.14523,18.421318,13.941552"
0.8,1,148,-0.0022051525385836045,-0.07196017479847491,-0.0107271947989252,0,"2.178317,9.245488,12.927348,11.768531,18.370334,13.834274"
0.8,1,149,-0.00362093764480559,-0.07334349435936907,-0.01779352072586461,0,"2.192472,9.257596,12.853366,11.767917,18.51242,13.841893"
0.8,1,150,-0.0036118191262974175,-0.072436143247195,-0.01775159945903927,0,"2.180835,9.240014,12.958351,12.062244,18.071246,14.007615"
0.8,1,151,0.003238535098656682,-0.07246125140463043,0.01646605444445748,0,"2.180672,9.359554,12.771734,12.006871,17.993681,13.939997"
0.8,1,152,0.003993321167938427,-0.07070903111770332,0.02022921275141154,0,"2.173997,9.112913,12.752587,11.797391,18.763519,14.273454"
0.8,1,153,-0.0024992887644026255,-0.07229406706984137,-0.012195072481252511,0,"2.179559,9.318446,12.768543,11.971958,18.121988,13.995573"
0.8,1,154,0.001925813792564795,-0.07294671254443819,0.009910944868133598,0,"2.195915,9.142183,12.795092,11.601275,18.236106,14.289906"
0.8,1,155,-0.0027398892718369936,-0.07112623090011579,-0.013401539895688819,0,"2.169295,9.296466,12.748397,12.054571,18.390449,13.999611"
0.8,1,156,-0.003398274476507519,-0.07419942228057413,-0.016677896796618685,0,"2.206204,9.071612,12.996536,11.96739,18.238304,13.454881"
0.8,1,157,-0.003093400093944132,-0.07309757724804802,-0.015159450710018452,0,"2.194739,9.140702,12.682561,12.113124,18.235912,14.076478"
0.8,1,158,-0.002917055074320878,-0.07300586880161322,-0.014278972923474464,0,"2.19856,9.008498,12.812705,11.956752,18.522233,13.942147"
0.8,1,159,0.004820407950909292,-0.07456641692985687,0.02437592949277312,0,"2.218653,8.93449,12.854287,11.841534,18.2977,13.918955"
0.8,1,160,-0.0028053719320752157,-0.07184354343147784,-0.013725759726923248,0,"2.1775,9.236136,12.766045,12.019064,18.374991,13.986168"
0.8,1,161,0.003327751160273199,-0.07403298285277163,0.016917969763014074,0,"2.210406,8.994818,12.836638,11.87704,18.313158,13.932398"
0.8,1,162,0.0036189432354741527,-0.07221673629920997,0.018365217904662945,0,"2.182975,9.195916,12.777811,11.995394,18.364685,13.977206"
0.8,1,163,0.007951230872828164,-0.07305429578227596,0.04000836318408585,0,"2.192198,9.210403,12.795227,11.776745,18.507738,13.940358"
0.8,1,164,-0.0003934718190839125,-0.07229869921446037,-0.0016764878107509706,0,"2.1825,9.195751,12.882714,12.022017,18.140094,14.07846"
0.8,1,165,-0.00345539007451408,-0.07376195655938093,-0.016964937608724154,0,"2.20364,9.055416,12.914536,11.942972,18.279309,13.617848"
0.8,1,166,-0.0018213706794477022,-0.07284557709979657,-0.008806664424414912,0,"2.194087,9.112992,12.65289,12.064417,18.277315,14.135846"
0.8,1,167,-0.003250189232105176,-0.07275911195976709,-0.015943965746939875,0,"2.197271,9.002822,12.761343,11.934108,18.515916,14.023903"
0.8,1,168,-0.0034070935002136022,-0.07165035686392844,-0.016732133939672628,0,"2.17972,9.192519,12.72246,11.986034,18.393214,14.060587"
0.8,1,169,-0.0027004108780973642,-0.07197958534951292,-0.013200935113974799,0,"2.190475,8.967578,12.684265,12.146733,18.188988,14.176084"
0.8,1,170,-0.002082577705084625,-0.07257856942615937,-0.010112461785932558,0,"2.202847,8.906173,12.530628,11.943033,18.572931,14.070524"
0.8,1,171,-0.00310591536093314,-0.07199243057465826,-0.015226380701665404,0,"2.194165,8.919991,12.719698,11.860171,18.534248,13.991364"
0.8,1,172,-0.0006915561846236833,-0.07202187083838656,-0.003166526912852019,0,"2.182526,9.131416,12.904984,11.953935,18.225738,14.030299"
0.8,1,173,0.0038786397605062462,-0.07249864373128659,0.019663529847608774,0,"2.199456,8.943713,12.59302,11.94485,18.515065,14.06382"
0.8,1,174,0.009577443742012526,-0.07339249688057004,0.048132656041543376,0,"2.201503,9.04192,12.846202,11.922625,18.313479,13.753654"
0.8,1,175,-0.003725204658439622,-0.07175349065024804,-0.018320688640956165,0,"2.18157,9.156172,12.686139,11.95851,18.408401,14.122603"
0.8,1,176,0.00020848688689640294,-0.07257806980834054,0.0013314152984169603,0,"2.196197,8.998091,12.718541,11.915237,18.510652,14.092033"
0.8,1,177,-0.0033971572984055737,-0.07192053765510047,-0.01668142291848898,0,"2.193609,8.929066,12.683837,11.853624,18.525929,14.064917"
0.8,1,178,0.009483664605800999,-0.07191073894085705,0.04765830767709134,0,"2.190534,8.968721,12.65431,12.092425,18.238212,14.21885"
0.8,1,179,-0.003748592039628145,-0.07242197184646457,-0.01843483747328159,0,"2.200843,8.917551,12.526279,11.922675,18.558164,14.130884"
0.8,1,180,0.0024584409886908047,-0.07063077245476022,0.012562165867405661,0,"2.18303,8.939427,12.411678,11.931827,18.595084,14.600336"
0.8,1,181,-0.0021896774302231255,-0.07172672589580531,-0.010650829418114294,0,"2.191486,9.00286,12.522693,11.708494,18.789308,14.262302"
0.8,1,182,-0.0034035414843843884,-0.07333520270184814,-0.01670765895216239,0,"2.201821,9.0533,12.80233,11.794648,18.497178,13.768137"
0.8,1,183,0.0023577467463388015,-0.07168007064180483,0.012063390623637593,0,"2.190517,9.013037,12.523396,11.771041,18.577118,14.168475"
0.8,1,184,-0.0006077623488800031,-0.07242719479423995,-0.002746356608614442,0,"2.19525,9.000582,12.686017,11.891205,18.52173,14.104773"
0.8,1,185,-0.0027871079916175967,-0.07182925028465631,-0.01363458836858078,0,"2.191464,9.010546,12.55592,11.795074,18.566041,14.155735"
0.8,1,186,-0.003486256234984698,-0.07256253738455647,-0.017123907118267,0,"2.195221,9.010831,12.73032,12.006644,18.22404,13.962685"
0.8,1,187,-0.0007906792105007614,-0.07270637221921797,-0.003658911651974961,0,"2.196495,9.003239,12.755226,11.990588,18.333307,14.004901"
0.8,1,188,0.007878919375681677,-0.07197339058115002,0.03964284759313985,0,"2.192302,9.009329,12.589138,11.827659,18.527252,14.130596"
0.8,1,189,0.003554567987290292,-0.07226873449626162,0.018043871003433076,0,"2.199173,8.927032,12.522654,11.90571,18.545859,14.181183"
0.8,1,190,-0.003164798057171528,-0.07173404825917681,-0.015521532560260676,0,"2.183113,9.125883,12.655871,11.935572,18.421056,14.174283"
0.8,1,191,-0.002773882740941103,-0.07238636259896335,-0.013566301952357307,0,"2.194488,9.004766,12.692689,11.975684,18.267422,14.041018"
0.8,1,192,0.0024427054036024213,-0.07303674958101303,0.012493180835500661,0,"2.199988,9.040156,12.752697,11.799021,18.495037,13.878895"
0.8,1,193,0.00803841456615406,-0.07186105327938998,0.040439077965921943,0,"2.193145,8.936628,12.653953,11.848167,18.518996,14.126211"
0.8,1,194,0.007559590740349816,-0.07178233614483637,0.038047036010318114,0,"2.191358,9.004529,12.547355,11.799376,18.552422,14.201893"
0.8,1,195,-0.00357291091454017,-0.07241461273085525,-0.01755733878299444,0,"2.193166,9.088974,12.571313,11.897249,18.403046,14.177107"
0.8,1,196,-0.0020531428200396746,-0.07270065811465379,-0.009964946521218543,0,"2.195558,9.049221,12.685897,11.978665,18.319828,14.093163"
0.8,1,197,-0.003585969222170871,-0.07233070912315445,-0.017622900373987754,0,"2.186543,9.167449,12.765012,11.896649,18.251048,14.084533"
0.8,1,198,0.004194757022186899,-0.0713190887550843,0.021237823642312526,0,"2.181253,9.096754,12.539075,12.03588,18.22054,14.455367"
0.8,1,199,0.0023200918755160414,-0.07276827413532597,0.011879652821300213,0,"2.196862,9.049589,12.717093,11.838497,18.449287,13.974974"
0.8,1,200,0.0004178783797938094,-0.07154786540223845,0.0023732101504275738,0,"2.184372,9.087321,12.574679,11.996404,18.26629,14.359288"
0.8,1,201,-0.0007381667656471949,-0.07180436511686532,-0.003400216151616897,0,"2.186453,9.081033,12.598414,11.970086,18.296789,14.295236"
0.8,1,202,0.006664191140979244,-0.07257514674475797,0.033577678613261996,0,"2.194779,9.055878,12.693357,11.864815,18.418788,14.039026"
0.8,1,203,-0.0037578966660918364,-0.07193385674167371,-0.018483264638853636,0,"2.18784,9.07684,12.614238,11.952541,18.317122,14.252534"
0.8,1,204,-0.003272836920483957,-0.07142741219418687,-0.01606241254110194,0,"2.183105,9.096896,12.581989,11.847529,18.394847,14.294222"
0.8,1,205,-0.002023843110498894,-0.07126345868222606,-0.009824337380385184,0,"2.180381,9.172062,12.538297,11.807791,18.489729,14.43077"
0.8,1,206,-0.0036501636125500824,-0.07223256983816646,-0.01794394383955819,0,"2.192135,9.032648,12.666957,11.947702,18.304473,14.105976"
0.8,1,207,0.006468132064011264,-0.07198557874202093,0.03259600662839601,0,"2.188936,9.072874,12.61734,11.893759,18.359145,14.224509"
0.8,2,1,0.03343436384736435,-0.28738301430103436,0.16815319809593,0,"13.6,13.6,13.6,13.6,13.6,13.6"
0.8,2,2,0.04306903779163389,-0.3050979597385919,0.2163492315655583,0,"20.424998,13.6,13.6,13.6,13.6,13.6"
0.8,2,3,0.03596371503799131,-0.2912099085426443,0.1808026122119153,0,"13.6,20.424998,13.6,13.6,13.6,13.6"
0.8,2,4,0.03568999633662758,-0.2898306201306119,0.17942987428937102,0,"13.6,13.6,20.424998,13.6,13.6,13.6"
0.8,2,5,0.03561255964915616,-0.2893497130453257,0.17904115594202014,0,"13.6,13.6,13.6,20.424998,13.6,13.6"
0.8,2,6,0.03555725674108931,-0.2885820354360883,0.17876184999719374,0,"13.6,13.6,13.6,13.6,20.424998,13.6"
0.8,2,7,0.034946054171392016,-0.2879328392940024,0.1757062959182179,0,"13.6,13.6,13.6,13.6,13.6,20.424998"
0.8,2,8,0.020761601413206692,-0.24679270850107232,0.10469048741262516,0,"6.776141,15.874999,15.874999,15.874999,15.874999,15.874999"
0.8,2,9,0.012975684455199896,-0.2077326753449249,0.06564370926811108,0,"4.511047,16.254165,16.254165,16.254165,16.254165,16.254165"
0.8,2,10,0.028658652380798035,-0.2712943389184434,0.14423420505460938,0,"10.566691,7.660193,16.759721,16.759721,16.759721,16.759721"
0.8,2,11,0.02641898727971141,-0.2664642048766074,0.1330277654526109,0,"9.555625,12.504632,8.713127,17.812961,17.812961,17.812961"
0.8,2,12,0.022449673057427812,-0.2559322585475538,0.11315893538594335,0,"8.207679,12.13951,13.90895,10.117323,19.217282,19.217282"
0.8,2,13,0.016427325995039262,-0.2365668550813124,0.08299989749802356,0,"6.41152,11.652683,14.011934,15.781377,11.989717,21.08971"
0.8,2,14,0.007432040403634893,-0.18631413496456228,0.037867590967065656,0,"4.031083,11.003582,14.149245,16.508503,18.277948,14.486282"
0.8,2,15,0.001419306727977371,-0.10985574191107059,0.007528428179351787,0,"2.500931,10.570852,14.240786,16.993254,19.057606,13.496496"
0.8,2,16,0.18097672549920985,0.22597809249836143,0.06734513260992137,0,"0.845741,9.993887,14.36284,17.639588,20.09715,21.276779"
0.8,2,17,0.029785880241087262,-0.2780608209950248,0.14989175273667976,0,"11.380836,12.998975,13.72714,14.273264,14.682858,14.879463"
0.8,2,18,0.003683578392700239,-0.11638115506399008,0.018864552031725434,0,"2.582707,10.594893,14.2357,16.966323,19.014291,19.997316"
0.8,2,19,0.095941457954074,0.11979923148392752,0.031166908724138576,0,"1.057468,16.912501,10.361809,14.548735,17.688952,19.196256"
0.8,2,20,0.02488224650442613,-0.26122331257874204,0.12533079497746819,0,"8.910819,9.201952,15.693397,16.391223,16.914593,17.16581"
0.8,2,21,0.000947961796341066,-0.01605941823565043,0.004799247407240692,0,"1.642079,10.966685,20.735347,13.021583,16.336255,17.927298"
0.8,2,22,0.2352372884471427,0.29372776147388113,0.10048529429330477,0,"0.729879,10.710364,22.739078,12.223022,16.090137,17.946354"
0.8,2,23,0.39897422813918065,0.49817110517211904,0.1940355867383139,0,"0.503935,14.857718,15.435563,13.320107,17.041844,18.828279"
0.8,2,24,0.020580999677176817,-0.2477610036483598,0.10379225015032723,0,"7.355746,10.144535,15.650425,15.87937,16.935801,17.442888"
0.8,2,25,0.25838876931012245,0.32263372907807863,0.1183953219853967,0,"0.691347,11.255074,17.800502,21.51474,13.978662,16.185342"
0.8,2,26,0.018555286705632185,-0.24245071033913637,0.09365258378573177,0,"6.839976,11.992104,14.557542,12.016865,18.344179,18.711959"
0.8,2,27,0.08991635775877094,0.11227633650505764,0.027337427603854547,0,"1.08763,13.865938,15.694733,14.465151,16.729601,18.38276"
0.8,2,28,0.016925976230812396,-0.23437832980273027,0.08548191256071219,0,"6.243971,10.764757,15.657809,15.643667,16.901434,17.599533"
0.8,2,29,0.04148429175727348,0.05180032787706307,0.012945966606837472,0,"1.308785,11.609224,17.154372,19.536596,14.840309,16.74288"
0.8,2,30,0.015382717341462846,-0.2292092924179105,0.07775267120578011,0,"5.867566,11.92829,14.990347,13.270151,17.7602,18.383779"
0.8,2,31,0.0008718945606732651,-0.024448900658409115,0.0044528155904095534,0,"1.672877,13.224428,15.831617,15.118617,16.569308,18.116721"
0.8,2,32,0.09149280948855056,0.11424484943761412,0.027670294545802,0,"1.082454,13.634375,15.860584,15.031108,16.513954,18.202919"
0.8,2,33,0.3749609035870783,0.4681872831039555,0.18263638715353803,0,"0.532902,12.860408,18.084054,14.759986,23.007564,13.635549"
0.8,2,34,0.012946271956463118,-0.21885477506331077,0.06554123764492392,0,"5.2881,11.85397,14.69062,15.611145,13.826021,19.84735"
0.8,2,35,0.2549119078376682,0.3182918997826494,0.11877245861268226,0,"0.693188,12.560025,17.005731,18.051546,15.925681,16.829336"
0.8,2,36,0.011962196892005441,-0.21101882391228619,0.06059446529038598,0,"4.894804,12.033579,15.326244,14.067049,17.454447,18.124705"
0.8,2,37,-0.0017952578874136467,-0.003930377935783214,-0.008951616309016086,0,"1.696439,6.828359,15.432606,14.338491,17.83181,19.582463"
0.8,2,38,0.08531942202444699,0.10653164041686769,0.04442189309667666,0,"1.308075,5.26133,15.295679,14.019213,18.094751,20.13718"
0.8,2,39,0.4731051036007335,0.5907364735041948,0.21667809287148998,0,"0.454701,9.551988,17.24348,14.557293,21.595219,15.900983"
0.8,2,40,0.009011992225153642,-0.19596003997095057,0.04579800328236966,0,"4.32384,11.470299,15.116097,15.435503,15.120887,19.189622"
0.8,2,41,0.3891248146892066,0.48587680729342475,0.1733370431604474,0,"0.533927,9.184647,16.537806,16.557541,17.188938,17.9786"
0.8,2,42,0.008193620504137284,-0.1876925875688944,0.041677195675286716,0,"4.032517,11.558745,15.528171,14.482131,17.410196,18.100354"
0.8,2,43,0.22287511223985615,0.2782935122844629,0.08833801229127736,0,"0.759982,9.777368,16.885312,14.871296,20.285602,16.550594"
0.8,2,44,0.006283257038066838,-0.17295849136119645,0.03207604311266632,0,"3.640262,11.188139,15.410966,15.341469,15.981672,18.749784"
0.8,2,45,0.1802647444878185,0.2250913675839445,0.05788663297876995,0,"0.849596,9.565398,16.434169,16.111114,17.520119,17.856338"
0.8,2,46,0.005704485597263303,-0.1642646622308792,0.029150336298941093,0,"3.427159,11.226514,15.679171,14.753628,17.428516,18.059685"
0.8,2,47,0.10853397728612335,0.13552588612725394,0.024238377091910013,0,"1.050114,9.948777,16.640776,15.055829,19.430923,16.976876"
0.8,2,48,0.004491565233169645,-0.15145243107450293,0.02304059529485139,0,"3.158074,10.981576,15.615934,15.293862,16.556548,18.454299"
0.8,2,49,0.08632384955615105,0.10779303233222712,0.015946322517833622,0,"1.134051,9.828761,16.351492,15.823748,17.693423,17.798513"
0.8,2,50,0.004122742116116337,-0.14350910828856206,0.021166580433302634,0,"3.003637,10.993552,15.791224,14.931981,17.472667,18.016156"
0.8,2,51,0.049846475183772526,0.06224427219087811,0.00631006658664604,0,"1.292427,10.077682,16.473159,15.162887,18.870765,17.257851"
0.8,2,52,0.0033667538321384867,-0.13233411221143143,0.017345759849688475,0,"2.818951,10.830926,15.758805,15.272033,16.94225,18.254891"
0.8,2,53,0.036164753706707214,0.04516026117937197,0.002082771330718103,0,"1.363542,10.0115,16.287062,15.638118,17.77784,17.775572"
0.8,2,54,0.0030773433220097467,-0.12542210065948023,0.015872532480206453,0,"2.707678,10.829875,15.873864,15.049671,17.523529,17.976059"
0.8,2,55,-0.00036084133621520204,-0.030658769929730587,-0.0016798917096474408,0,"1.75208,10.48848,18.388642,12.964894,15.739295,15.12066"
0.8,2,56,0.05880588637486358,0.0734328340765211,0.004364231927404205,0,"1.248082,10.138301,17.742149,13.890136,17.410351,15.818341"
0.8,2,57,0.0021775093013761382,-0.11310763238779137,0.011328648388043816,0,"2.532292,10.715488,16.089362,15.041717,17.020267,17.848799"
0.8,2,58,0.05054415206783012,0.06311584823304794,0.004904014026607506,0,"1.288116,10.101224,17.698922,14.109847,16.661318,16.054754"
0.8,2,59,0.0019094359588155052,-0.10670562776046809,0.009964038266852548,0,"2.450032,10.708432,16.17804,14.893034,17.379827,17.655841"
0.8,2,60,0.027756815228309164,0.03466210200750805,-0.002980296516427533,0,"1.405942,10.213257,17.512983,14.06824,17.284433,16.117694"
0.8,2,61,0.0012726020987397025,-0.0964740167977168,0.006742164396492889,0,"2.330945,10.631782,16.326632,14.879471,17.064295,17.560282"
0.8,2,62,0.021706887153194243,0.027104732956277952,0.007085009034282441,0,"1.440852,10.194763,17.473836,14.212402,16.819696,16.278799"
0.8,2,63,0.0010763142240083209,-0.09097187821342176,0.005739718913981312,0,"2.270589,10.62282,16.394006,14.779595,17.286472,17.426334"
0.8,2,64,0.040074763157269676,0.050040517230862044,0.01158479397675155,0,"1.335691,10.349664,20.128831,11.374306,14.55154,21.748091"
0.8,2,65,0.0007891523806528983,-0.09234125036089172,0.00431081608861944,0,"2.291196,10.533987,15.222126,16.056761,18.306595,14.871761"
0.8,2,66,0.017391769563040692,0.021716634640496474,0.0054427146555736106,0,"1.465222,10.256137,17.674815,13.880509,16.95895,16.788131"
0.8,2,67,0.0006099274565967062,-0.08209234343732577,0.003374632024708127,0,"2.177886,10.569174,16.55133,14.712977,17.046737,17.43159"
0.8,2,68,0.01324342570328259,0.016538541355622285,-0.0031910714986915223,0,"1.490251,10.247217,17.659883,13.958179,16.656861,16.92383"
0.8,2,69,0.0004838186486571856,-0.07747202537854962,0.0027262550897104165,0,"2.133243,10.560219,16.604986,14.642692,17.181537,17.342584"
0.8,2,70,-0.0009869240600832306,-0.08506278856503456,-0.004589779366789226,0,"2.271872,9.767875,11.941761,16.256562,17.88884,16.227962"
0.8,2,71,-0.0015950507999285461,-0.08938549787908058,-0.00761010190622019,0,"2.448098,6.359588,15.548865,14.538842,18.09563,15.408952"
0.8,2,72,-0.0018589238099750375,-0.03416564992930201,-0.009148807642515466,0,"1.864234,7.65676,16.267268,13.094726,16.288022,18.832976"
0.8,2,73,-0.0032673344592719566,-0.021499670613313038,-0.016234439174731802,0,"1.795844,7.177439,16.441458,12.601055,15.951593,19.493178"
0.8,2,74,-0.0036733447688369943,-0.022856404164748934,-0.01825704118633964,0,"1.846627,6.491792,14.90144,13.734534,17.182831,16.960343"
0.8,2,75,0.015500699301733596,-0.00636131161612824,0.07745149026486764,0,"1.793176,5.813454,14.626459,13.571461,17.205513,16.881802"
0.8,2,76,0.007341229141598405,0.009169391006932148,-0.008095883764300593,0,"1.796124,5.148416,14.279936,13.5021,17.048462,16.921936"
0.8,2,77,-0.000563851021435293,-0.06830034881190447,-0.00254351020172712,0,"2.075803,9.657324,16.217477,14.452593,17.159358,17.272476"
0.8,2,78,-0.001204584999098182,-0.05537918382055734,-0.005795612647561121,0,"2.293313,4.944417,11.772566,15.675799,18.964059,19.861131"
0.8,2,79,0.01451826019503413,0.0008634023969208426,0.07251533203354943,0,"2.029406,4.210086,12.462087,14.595834,18.145563,18.572201"
0.8,2,80,-0.001370136710973151,-0.0635993477061706,-0.0065896964675735,0,"2.068048,8.747064,15.591578,14.476467,17.323725,17.489096"
0.8,2,81,0.020531920408984317,0.025618863328135344,0.08167327906765587,0,"1.77601,3.767645,17.954414,12.198504,17.22771,20.037093"
0.8,2,82,-0.0017090494680949563,-0.07393737649762135,-0.008241256577906392,0,"2.186721,8.764049,12.943866,15.580218,17.778651,16.862817"
0.8,2,83,-0.002164892693744424,-0.02416799585815703,-0.010717074410878616,0,"1.723431,9.850411,18.514045,12.747404,15.757355,15.404485"
0.8,2,84,0.01266992557944124,-0.019664368768057494,0.06336492045182662,0,"1.821955,6.410186,15.669181,13.370381,16.875565,17.08165"
0.8,2,85,-0.0017617064731331458,-0.05725654793431228,-0.008570935238689792,0,"2.026345,8.357412,15.604512,14.292119,17.249032,17.421189"
0.8,2,86,0.04021105835445263,0.05021303784876395,0.0022882258122853827,0,"1.359862,9.464105,15.730444,13.225765,15.821461,19.83254"
0.8,2,87,-0.002164634276783798,-0.07407421095849553,-0.010516358181903107,0,"2.252959,6.876584,15.579128,14.319996,17.716602,16.146217"
0.8,2,88,0.012946273814479265,0.012673169714311872,0.06461606033320588,0,"1.602837,6.430159,19.213865,11.76432,16.117756,18.139808"
0.8,2,89,-0.0014899951660887983,-0.06252697133654761,-0.007192675269827975,0,"2.085374,8.374899,13.988865,14.944234,17.501835,17.075649"
0.8,2,90,-0.0025902111646364423,-0.02187254297965198,-0.012850714936327279,0,"1.804273,7.063131,16.184788,12.789968,16.156799,19.071039"
0.8,2,91,-0.0026809875058793242,-0.025030516581097017,-0.013291523939133104,0,"1.743748,9.290437,17.911944,12.911926,15.994934,15.663795"
0.8,2,92,-0.0025773142337579807,-0.06660100504961736,-0.012607559589002434,0,"2.183595,6.81244,15.46618,14.222419,17.62764,16.281904"
0.8,2,93,-0.0029748246350323727,-0.007308479748480312,-0.014830059196970974,0,"1.721145,6.772255,15.344078,14.237832,17.723647,19.145443"
0.8,2,94,-0.0023640517290843613,-0.05232393081387787,-0.01159936355860769,0,"1.99602,8.046347,15.487334,14.199188,17.237998,17.344381"
0.8,2,95,-0.0020770283281392023,-0.06650284806168366,-0.010109021227222056,0,"2.128839,8.385184,13.270128,15.272604,17.679348,16.879071"
0.8,2,96,0.004806539573781146,0.006004609574643716,-0.009758867967710139,0,"1.642552,6.440431,18.495128,12.092688,16.295269,17.943231"
0.8,2,97,-0.0025323141934546346,-0.056650208424140716,-0.012422547585990623,0,"2.044951,8.060918,14.140961,14.742617,17.448668,17.056431"
0.8,2,98,-0.0017402432505789524,-0.016810870633436864,-0.008625347422938079,0,"1.782661,6.783754,15.82913,13.347243,16.806841,17.381937"
0.8,2,99,-0.00249546225237749,-0.04754052811568527,-0.012274874275149561,0,"1.959907,7.835855,15.5443,14.057197,17.166139,17.35064"
0.8,2,100,0.0004627423349592329,-0.02352769274611044,0.002405417028751855,0,"1.817645,6.994107,15.772164,13.489234,16.878701,17.375678"
0.8,2,101,-0.0014802493603924111,-0.04383795184091831,-0.007218676318280104,0,"1.935949,7.695536,15.582277,13.962537,17.118233,17.354813"
0.8,2,102,-0.0019922517063995036,-0.010171350275292562,-0.009910662468427922,0,"1.741835,6.725504,15.270305,14.153949,17.633511,18.78126"
0.8,2,103,0.008940419826703523,-0.025520832692021843,0.04475942304124447,0,"1.760747,8.823813,17.410194,13.049027,16.192917,15.879886"
0.8,2,104,-0.0010432156024097405,-0.022157384457252904,-0.005122326148071621,0,"1.811308,6.967884,15.970897,12.947395,16.327805,18.719256"
0.8,2,105,-0.002942668506824174,-0.06011302965005718,-0.014458431983537107,0,"2.126253,6.75899,15.372057,14.141105,17.553505,16.394977"
0.8,2,106,-0.0023841677359571337,-0.05149462383242993,-0.011703157027428523,0,"2.011449,7.799291,14.267708,14.574604,17.404362,17.040416"
0.8,2,107,-0.0023621871043196054,-0.04389460088913501,-0.011623733384656831,0,"1.940872,7.611757,15.437156,14.00342,17.168921,17.285591"
0.8,2,108,-0.002644021377692897,-0.03573489256493845,-0.013064103214989742,0,"2.066585,5.297846,12.996329,14.802642,18.230728,19.180728"
0.8,2,109,-0.0028622821697691127,-0.05476124915044581,-0.014078287564679104,0,"2.100473,6.59289,13.444102,15.52269,18.730148,16.495182"
0.8,2,110,-0.002408138047228506,-0.07547235394664734,-0.011727073746609334,0,"2.299474,6.79102,13.535959,14.772383,17.789987,15.671153"
0.8,2,111,0.00017917568744694863,-0.05671223650090412,0.001121605777460899,0,"2.209351,5.632733,12.735376,15.179232,18.461599,16.628676"
0.8,2,112,-0.0029048461460766937,-0.046668881128457,-0.014323231973895748,0,"1.984879,7.281598,14.986859,14.199389,17.384367,17.176105"
0.8,2,113,-0.0027661942174545583,-0.04667898630287104,-0.013630624517543766,0,"2.127712,5.274008,14.144541,14.482977,18.219493,16.91908"
0.8,2,114,-0.0017963929786062986,-0.009560125611173531,-0.008934789600985815,0,"1.792767,5.773962,15.079151,14.18873,17.977037,18.704319"
0.8,2,115,-0.0027652747076593247,-0.0662990482711747,-0.013547629715496431,0,"2.212474,6.621387,13.793157,14.675107,17.821162,16.176681"
0.8,2,116,-0.002967841292495242,-0.058679333786524776,-0.014589899228102013,0,"2.064081,7.71077,15.884391,14.115959,17.399774,14.193395"
0.8,2,117,-0.0022352387425100886,-0.03072977225525836,-0.011042232391138274,0,"1.873604,6.747695,15.78464,14.057111,17.668878,16.536347"
0.8,2,118,-0.002315470482046647,-0.0608542567284996,-0.01132261277054869,0,"2.15484,6.642437,14.125071,14.572108,17.795781,16.236625"
0.8,2,119,-0.003119681114407831,-0.053337473143603834,-0.015369685993471272,0,"2.027307,7.507529,15.720566,14.052388,17.363617,14.654553"
0.8,2,120,-0.0031606244806837774,-0.05449075359506832,-0.015569589799239378,0,"2.078805,6.71445,15.293621,14.073343,17.491726,16.489205"
0.8,2,121,-0.003223793890800172,-0.043522854235246655,-0.015928949087971905,0,"1.961611,7.149922,14.972623,14.121913,17.350778,17.140145"
0.8,2,122,-0.0031317503493308828,-0.04981487161123552,-0.015444048211997477,0,"2.057458,6.576039,13.686992,15.224664,18.472262,16.572709"
0.8,2,123,-0.003011853438791541,-0.04318800945746182,-0.014871643512615246,0,"2.080013,5.476631,14.270691,14.358237,18.046716,16.925957"
0.8,2,124,-0.0029198086199156786,-0.059876792775034576,-0.014345190737740515,0,"2.150133,6.599786,13.977871,14.518345,17.714773,16.307291"
0.8,2,125,0.00023287234866448275,-0.029521258679773912,0.0012811656124290804,0,"1.869099,6.705038,15.63744,14.003348,17.58787,16.607013"
0.8,2,126,-0.003345698071688062,-0.05522686454659742,-0.016491091808445477,0,"2.102465,6.617327,14.254466,14.432512,17.693623,16.357245"
0.8,2,127,-0.0020393445297547507,-0.04709360344015995,-0.009998349885127988,0,"1.944259,8.211254,15.339212,14.188215,17.138229,15.798776"
0.8,2,128,-0.003352936613412073,-0.0452274712404456,-0.016567205976122462,0,"2.057192,5.931521,14.448777,14.3299,17.895302,16.738093"
0.8,2,129,-0.0030422442747604973,-0.03402986242952988,-0.015060041882202169,0,"2.00619,5.653911,13.465408,14.586568,17.998557,18.764694"
0.8,2,130,-0.0030434857330542244,-0.050972255911801,-0.0149985411005234,0,"2.023783,7.198299,15.344706,14.141418,17.46944,15.339576"
0.8,2,131,-0.0027188400850265745,-0.04167444230425871,-0.013414088567348492,0,"2.021597,6.024852,14.524221,14.230672,17.776557,16.775135"
0.8,2,132,-0.0035131298793519413,-0.050163338071680025,-0.017347648396076915,0,"2.059108,6.596403,14.362295,14.316182,17.608491,16.457761"
0.8,2,133,-0.002190354352423811,-0.04042617352542428,-0.010779287780237123,0,"1.942288,7.040203,14.960759,14.05735,17.322787,17.110178"
0.8,2,134,-0.00330841887819232,-0.04959345643252845,-0.016327393172059432,0,"2.039508,6.677336,15.228257,14.016875,17.440243,16.567728"
0.8,2,135,-0.0027846008133524335,-0.0456546384449287,-0.013726658854128326,0,"2.021817,6.561997,13.8894,14.976309,18.257357,16.637315"
0.8,2,136,-0.003347244012335405,-0.04879281073340019,-0.016524524294448978,0,"1.996818,7.33818,15.584045,13.999412,17.333486,15.038851"
0.8,2,137,-0.003621591802035301,-0.046972312285822465,-0.01790216759343978,0,"2.052538,6.190036,14.535793,14.367312,17.876868,15.7022"
0.8,2,138,-0.0031800916769807843,-0.04628697778742181,-0.015699610862891344,0,"1.983064,7.260766,14.976189,14.239536,17.456535,15.679597"
0.8,2,139,-0.002655174927935477,-0.04389637147623794,-0.013087201951820615,0,"1.969981,6.956025,15.973274,13.248309,16.708795,15.498179"
0.8,2,140,-0.0019006806647237002,-0.04531368049617289,-0.009312835765867944,0,"2.013149,6.627655,14.236712,14.688309,17.999263,16.447459"
0.8,2,141,-0.0037843501323435173,-0.04323051796164504,-0.018730098491379632,0,"2.017739,6.240317,14.596735,14.261849,17.761195,15.91189"
0.8,2,142,-0.003603831798360818,-0.04593758808297113,-0.017817591048423786,0,"2.023185,6.578967,14.452152,14.219241,17.537548,16.541525"
0.8,2,143,0.003419371559815889,-0.04545281664202475,0.017261407657989558,0,"1.971521,7.197069,15.470277,13.955266,17.308377,15.3591"
0.8,2,144,-0.0026241781006797094,-0.04550500794841977,-0.012925944527077793,0,"2.006936,6.646409,15.173788,13.969818,17.397341,16.633164"
0.8,2,145,-0.00323412693495873,-0.043268220232179216,-0.015981580213651286,0,"1.960104,7.132564,14.963731,14.155369,17.410918,15.893055"
0.8,2,146,-0.0031168604986399648,-0.04215835757459033,-0.015400268794107358,0,"1.992264,6.550296,14.058073,14.769347,18.078269,16.691153"
0.8,2,147,0.003925532217038539,-0.03515517182318462,0.01974853323924619,0,"1.976813,6.016772,13.911696,14.414787,17.814324,17.517943"
0.8,2,148,-0.0025394431974492785,-0.04419617260475722,-0.01250792337345391,0,"1.972403,7.000234,15.210514,14.031853,17.392701,15.718907"
0.8,2,149,-0.003724864109552627,-0.03732874671779721,-0.01845654901188007,0,"1.975931,6.213334,14.171459,14.3382,17.729999,17.158136"
0.8,2,150,-0.003908230554923506,-0.033216596218937744,-0.019388897492249535,0,"1.931326,6.422576,13.874076,14.523029,17.836245,16.41887"
0.8,2,151,-0.0020631251311699905,-0.03081681864919361,-0.010182176205048132,0,"1.918816,6.385278,13.657457,14.61523,17.909396,16.383154"
0.8,2,152,0.008476052709843631,-0.03382602954624783,0.04247309457283033,0,"1.925628,6.476097,14.928458,13.641394,17.074643,16.27012"
0.8,2,153,-0.00031112623470718246,-0.040845364281736934,-0.0013908588575514136,0,"1.981108,6.537929,14.203137,14.581354,17.910998,16.620981"
0.8,2,154,-0.0038204351755502645,-0.04156100204781629,-0.018917014854705358,0,"2.003254,6.270689,14.476292,14.305379,17.773704,15.996387"
0.8,2,155,-0.003710896970312308,-0.03698958706987579,-0.018388138364917123,0,"1.968474,6.248202,14.121895,14.369005,17.747707,17.034925"
0.8,2,156,0.009741536727126522,-0.024696276366412223,0.04875771103006821,0,"1.860654,6.480255,14.730213,13.86595,17.291733,16.870097"
0.8,2,157,-0.002128656819777341,-0.04389820276358858,-0.010457234053778575,0,"2.007782,6.552899,14.355806,14.269872,17.58733,16.521082"
0.8,2,158,-0.003639796519874594,-0.04173580907003567,-0.018014025337755077,0,"1.955298,7.014195,14.782122,14.216646,17.481806,15.980691"
0.8,2,159,-0.0029879232642952562,-0.04073312806793383,-0.014761921887317231,0,"1.982066,6.529007,14.027407,14.728294,18.037932,16.645772"
0.8,2,160,-0.0033066244598843777,-0.05318798761132787,-0.016304066282693888,0,"2.090767,6.532178,13.815653,14.938125,18.196508,15.995812"
0.8,2,161,-0.00353645173233465,-0.03900940133921649,-0.017508712343972416,0,"1.96894,6.452631,14.010008,14.756953,18.10397,16.169737"
0.8,2,162,0.0028222163203296324,-0.041048021313147,0.014261012674226525,0,"1.990215,6.451062,14.332608,14.308085,17.675381,15.886368"
0.8,2,163,-0.0036459212806991105,-0.040789788969650104,-0.018048398848768188,0,"1.983423,6.516016,14.078274,14.658259,17.977507,16.519205"
0.8,2,164,0.010395957578102735,-0.022618177003878387,0.05201824235617303,0,"1.848443,6.442505,14.631903,14.004965,17.443805,16.710793"
0.8,2,165,-0.0034389957839339727,-0.0484195123572361,-0.016984316553687234,0,"2.049732,6.517232,13.951695,14.782598,18.071057,16.114975"
0.8,2,166,0.0011471726672397655,-0.028316722882560652,0.005843286940788284,0,"1.888152,6.457449,14.495861,14.160492,17.569255,16.59163"
0.8,2,167,-0.0033068864420583927,-0.04515251902947767,-0.01633748464952453,0,"2.022512,6.507268,14.042389,14.678914,17.987424,16.194418"
0.8,2,168,0.001866493076631106,-0.040160405660953,0.009483623382416928,0,"1.991208,6.296001,14.375922,14.341654,17.784127,16.066801"
0.8,2,169,-0.0035701461062950914,-0.036365841689733336,-0.017687579585131397,0,"1.962267,6.277261,14.080592,14.394675,17.762463,16.932249"
0.8,2,170,-0.002237545307788854,-0.039700607850644054,-0.011017906201340355,0,"1.97471,6.500442,14.044241,14.63572,17.953963,16.502482"
0.8,2,171,-0.003127520756625041,-0.040436663258656746,-0.015460396733357223,0,"1.951296,6.915564,14.630781,14.267709,17.540879,16.053721"
0.8,2,172,-0.002708943088655408,-0.038073573445776776,-0.013379042107386552,0,"1.962654,6.447622,13.987353,14.717966,18.059349,16.211259"
0.8,2,173,-0.0033224276143463544,-0.04601310152356583,-0.016411673991645864,0,"2.029845,6.501455,13.938758,14.739336,18.031922,16.165624"
0.8,2,174,-0.003157795315690032,-0.037699741289208555,-0.015622555058235094,0,"1.946092,6.725655,13.809345,14.751158,17.944147,16.694601"
0.8,2,175,-0.0022496735976577785,-0.03778946194451588,-0.011086124016494336,0,"1.952979,6.59621,14.062727,14.495571,17.771039,16.322959"
0.8,2,176,-0.0038608604820742206,-0.03811093319180267,-0.019132725951652246,0,"1.956596,6.580248,14.059646,14.518929,17.801526,16.35288"
0.8,2,177,-0.0035504743590336714,-0.03970640815172213,-0.017575970192369103,0,"1.962994,6.69326,14.143713,14.34698,17.579712,16.661389"
0.8,2,178,-0.00326702658453039,-0.03575554317365809,-0.01617593481514218,0,"1.978286,6.151433,13.33793,14.82366,18.111126,17.021484"
0.8,2,179,-0.002725629884640244,-0.038500243684262025,-0.013460687760703471,0,"1.994295,6.149836,14.002227,14.364378,17.763518,16.489564"
0.8,2,180,-0.0037086175379746384,-0.03800762659100132,-0.01837268449901018,0,"1.9541,6.62965,13.841492,14.686695,17.914042,16.660428"
0.8,2,181,-0.0032858522125697666,-0.04056446281926304,-0.016250752459112672,0,"1.953966,6.883555,14.641496,14.246222,17.530844,16.04233"
0.8,2,182,0.007633230152153601,-0.0399960058183747,0.03828784693710441,0,"1.958013,6.761483,14.424235,14.342461,17.627558,16.205522"
0.8,2,183,-0.0038786918681175285,-0.037363643651116274,-0.019224779985997184,0,"1.952377,6.553967,14.028718,14.519612,17.807313,16.363878"
0.8,2,184,-0.003023156120491234,-0.03724082836656245,-0.014951865423566357,0,"1.950298,6.595133,13.846922,14.659417,17.901076,16.620169"
0.8,2,185,0.0015219355969157478,-0.03580541072066254,0.0077451544729884025,0,"1.957099,6.301477,14.046173,14.416067,17.77476,16.846686"
0.8,2,186,-0.003498642878366622,-0.03862754711725616,-0.017321382820543546,0,"1.957705,6.648139,14.098773,14.376321,17.622467,16.62097"
0.8,2,187,-0.0019179267306166923,-0.04378020681460634,-0.009405107718106931,0,"2.013318,6.488308,13.927978,14.703285,17.999309,16.207832"
0.8,2,188,-0.0015280816671172067,-0.03572394060340056,-0.007490022550621811,0,"1.970434,6.196614,13.427287,14.773555,18.065313,16.921048"
0.8,2,189,-0.003175502619194048,-0.03979332995659601,-0.015702637139004855,0,"1.967953,6.666784,13.688412,14.769006,17.969147,16.204236"
0.8,2,190,0.010541768546183423,-0.04060339710956029,0.05281843788147389,0,"1.953799,6.928536,14.394339,14.410002,17.64654,15.890937"
0.8,2,191,-0.0032104113162151763,-0.03674380966818552,-0.01588919215025289,0,"1.967658,6.318543,13.588463,14.712962,17.995517,16.749363"
0.8,2,192,-0.0029048106840316233,-0.037220465391968716,-0.0143608107478424,0,"1.95454,6.534179,13.854227,14.593391,17.855294,16.496248"
0.8,3,1,0.01095550908251967,0.013673495397964447,0.028869839148698576,0,"1.444375,16.127832,13.090607,16.975015,22.405213,20.708675"
0.8,3,2,0.005929349751334919,-0.06761071443825532,0.029887304310117505,0,"1.942681,16.127832,13.090607,16.975015,22.405213,20.708675"
0.8,3,3,0.010651031382464867,0.004627660208062823,0.05318346280868341,0,"1.444375,24.216747,13.090607,16.975015,22.405213,20.708675"
0.8,3,4,0.009021637001730153,0.010816968518751954,0.04501989723733843,0,"1.444375,16.127832,19.660907,16.975015,22.405213,20.708675"
0.8,3,5,0.009708344026887361,0.011624205057290171,0.04844677653766999,0,"1.444375,16.127832,13.090607,25.487522,22.405213,20.708675"
0.8,3,6,0.01028408659053769,0.012829723978502905,0.05021814276281117,0,"1.444375,16.127832,13.090607,16.975015,33.63282,20.708675"
0.8,3,7,0.010739998367561392,0.013401054724022546,0.04216872282067764,0,"1.444375,16.127832,13.090607,16.975015,22.405213,31.088012"
0.8,3,8,0.011993505561062202,-0.023268663674698292,0.06000060185815166,0,"1.604045,18.824137,15.280706,19.812517,26.147749,24.168454"
0.8,3,9,0.006775087374124038,0.007125219124825749,0.03381312287124964,0,"1.470487,16.577216,13.455623,17.447932,23.028969,21.285304"
0.8,3,10,0.008132584604972177,-0.02453852801586103,0.040720356780144185,0,"1.613119,18.973931,15.402378,19.970156,26.355668,10.521574"
0.8,3,11,0.005383393323211802,-0.016680317486863022,0.026956731154851615,0,"1.671063,9.137518,16.172969,20.968537,27.672486,17.505175"
0.8,3,12,0.0044513789389384415,-0.012712864316700143,0.022285460691267744,0,"1.710132,6.625515,16.686696,21.634124,28.550364,16.971259"
0.8,3,13,0.004318074005570707,-0.04284674035122577,0.021740016972286155,0,"1.762751,14.058446,17.371666,22.521573,14.750727,16.25937"
0.8,3,14,0.003312562195604859,-0.05031551987198098,0.016747325731780442,0,"1.818179,13.713548,18.085176,23.445999,11.603721,15.51782"
0.8,3,15,0.003315255043555045,-0.05843671592783669,0.016793228852633943,0,"1.893014,13.253685,19.036523,13.32856,22.377833,14.529086"
0.8,3,16,0.002549260629260083,-0.0728135825377478,0.013024532943507902,0,"2.052084,12.295639,12.258098,20.62558,22.368706,12.469226"
0.8,3,17,0.0017266772217541348,-0.08183518264534737,0.008951775064287779,0,"2.160289,11.656943,11.024307,21.234007,22.362622,11.095995"
0.8,3,18,0.00023201542394053694,-0.055979050663965545,0.0013826107116469005,0,"2.052141,7.011437,15.05726,18.051722,17.087237,22.847827"
0.8,3,19,-0.0009391010954902079,-0.05023676198618149,-0.004490068361145169,0,"2.128638,5.023241,14.99974,17.731983,15.542499,24.902207"
0.8,3,20,0.0007972429923097327,-0.09107108257961823,0.004346153138728409,0,"2.450563,5.55759,17.518722,20.66863,17.918445,13.289706"
0.8,3,21,-0.0007061937794914835,-0.028446669346594844,-0.00341376845161942,0,"2.102778,2.558951,19.359778,22.372753,17.046611,11.393355"
0.8,3,22,0.019276584651713693,-0.10880845437751757,0.09672143564043811,0,"2.490353,10.600148,16.654714,17.959853,7.067729,13.271456"
0.8,3,23,0.0032520707719553457,-0.03436723663097488,0.016381441364935696,0,"1.833664,7.287528,16.681366,21.021745,24.969783,16.354625"
0.8,3,24,0.0011712236962491177,-0.031047338976628314,0.005974333503648455,0,"2.270314,2.11081,13.519836,28.829815,14.103391,16.322141"
0.8,3,25,0.05616147085234357,0.07009568462954585,0.14423300501626957,0,"2.508337,0.087772,12.949403,20.506978,25.710739,15.601514"
0.8,3,26,0.002359830960166182,-0.05933683977268025,0.012024477682239396,0,"1.92853,11.029838,17.229214,22.956163,13.954884,15.531769"
0.8,3,27,0.016822745065243543,-0.09194297417973968,0.08439710012281387,0,"2.525668,5.290609,14.535827,23.576038,8.673205,14.490424"
0.8,3,28,0.002177226509575021,-0.04730030964005914,0.011064269516918426,0,"1.944383,6.954251,16.323776,21.447461,22.253658,16.043925"
0.8,3,29,0.019691923867910563,0.024570240826874423,0.08037506874762046,0,"2.428793,0.78923,13.686168,21.13872,22.454192,15.483998"
0.8,3,30,0.0015369450359356894,-0.06313703633588856,0.007929343981040962,0,"2.009557,9.22224,16.638706,22.653256,15.371435,15.523807"
0.8,3,31,0.010067207429098909,-0.08312853772373109,0.050617933363026446,0,"2.434898,5.023151,14.696581,23.049354,11.86135,14.79847"
0.8,3,32,0.001422060458204243,-0.05403524867382113,0.007319124161554946,0,"2.023907,6.631823,16.052577,21.714443,20.521605,15.836349"
0.8,3,33,0.04117312400062189,0.051399491047807055,0.062057847689958034,0,"2.165368,0.227934,21.672162,23.422952,11.138721,21.326537"
0.8,3,34,0.0011917275648093632,-0.07741163426983709,0.006262022338787379,0,"2.161135,9.487093,12.798938,21.598832,20.491969,12.801075"
0.8,3,35,0.007178712052537919,-0.009334691850850008,0.035895004026066935,0,"2.371396,1.433077,14.777823,21.65223,19.836739,15.991132"
0.8,3,36,0.0009726103261923476,-0.06476407819336338,0.00511699095278241,0,"2.068671,7.878915,16.328559,22.486418,16.115652,15.601694"
0.8,3,37,-0.001073738046554213,-0.07171355022000146,-0.005076759272618442,0,"2.371925,4.183525,15.455946,22.848367,13.217919,15.600372"
0.8,3,38,0.0021035250215572054,-0.07306081672714151,0.010799069305389208,0,"2.431309,3.78084,15.356508,23.037354,12.000641,15.561043"
0.8,3,39,0.01770728202975124,0.022100739762348276,0.045048140313701746,0,"2.301326,0.488864,19.595257,23.38049,10.822889,19.568748"
0.8,3,40,0.0005654831253368887,-0.07456028112064968,0.003122534216950093,0,"2.184334,7.829362,13.931657,21.895775,18.880453,13.929019"
0.8,3,41,0.00044725061899178855,-0.0774964440126564,0.002543695175833735,0,"2.163257,8.993254,19.011633,13.838162,18.803801,15.249972"
0.8,3,42,-0.000723569158319753,-0.06637387953095297,-0.0033490012722027507,0,"2.399826,3.498513,17.097266,17.298805,17.68759,15.853178"
0.8,3,43,-0.0017061350286447586,-0.03795009568873664,-0.008370504256212635,0,"2.004143,5.103404,15.766618,17.993317,15.807845,19.01966"
0.8,3,44,-0.002492302321469991,-0.02750210059368824,-0.01233916404093427,0,"1.932312,5.027815,15.4746,17.547432,15.456079,19.974652"
0.8,3,45,0.0024780911780844894,-0.008399639049761487,0.01241164280381768,0,"2.178604,2.027361,19.867998,15.316726,13.704381,20.395556"
0.8,3,46,-7.939960562558591e-5,-0.07025408544207914,-0.0001158658205390739,0,"2.183379,6.839568,14.921047,20.799266,18.017774,15.006775"
0.8,3,47,0.04597868047693677,0.057394088626795625,0.08747152299413574,0,"2.206454,0.695042,13.424494,25.694708,13.519023,18.993537"
0.8,3,48,-0.00021290133477073057,-0.07247224024137233,-0.0007738438690191446,0,"2.17044,7.495461,18.080443,15.814252,17.923005,15.8739"
0.8,3,49,0.00396684730326332,-0.023663412680768325,0.019908981185853825,0,"2.181957,2.465972,18.568211,17.071931,14.27346,19.525776"
0.8,3,50,-0.0005599015401627615,-0.06642827343431595,-0.002531263343732812,0,"2.183142,6.097203,15.528907,20.178044,17.393721,15.759942"
0.8,3,51,0.01069338331233976,0.013343477609599641,0.039632212861836935,0,"2.199159,1.505165,14.558304,23.511543,14.191802,18.620665"
0.8,3,52,-0.0006527233450073931,-0.06817269314274196,-0.0029879380144515466,0,"2.17522,6.456353,17.493419,17.097134,17.301137,16.331694"
0.8,3,53,-0.0006466330694463937,-0.03368594800771718,-0.0030953262289721284,0,"2.183789,2.834598,17.764676,18.120781,14.690223,18.925207"
0.8,3,54,-0.0005343855852493174,-0.04259773365830988,-0.0024990379536596885,0,"2.183681,3.362794,17.392048,18.463658,15.140806,18.397663"
0.8,3,55,-0.0009272274416822582,-0.06507907472141441,-0.0043714494600655684,0,"2.296951,4.323682,15.459055,21.964878,13.590945,16.329419"
0.8,3,56,-0.0012260770890037882,-0.04656751886816532,-0.005938177192353927,0,"2.095519,5.024003,15.078884,17.701225,15.528095,24.080948"
0.8,3,57,-0.0006173354939652587,-0.060725076039467835,-0.002840936229438984,0,"2.320013,3.750497,16.826822,17.340243,17.315671,16.54009"
0.8,3,58,-0.0010999313226331042,-0.0296327505522494,-0.00537574986109543,0,"2.074062,2.95566,18.712248,21.568533,16.781523,12.823564"
0.8,3,59,-0.0009125626293956671,-0.0621092737946302,-0.004310065985814002,0,"2.134145,6.217854,17.15695,17.172183,16.993628,16.938854"
0.8,3,60,-0.0008436532134379905,-0.06064890024082273,-0.003971698767459203,0,"2.14071,5.918692,15.519856,19.739609,17.070781,16.462394"
0.8,3,61,-0.0011251107541466365,-0.03576138267885975,-0.005477031208808936,0,"1.908797,6.069956,15.640376,21.224377,14.491345,18.996519"
0.8,3,62,-0.0018415017156611614,-0.028775445483990914,-0.009083323472896948,0,"2.004821,3.948375,16.987515,19.319934,13.876424,19.918924"
0.8,3,63,0.0014722561799044717,-0.003603876311768839,0.007368328076692743,0,"1.968668,2.922048,15.293943,22.603276,12.914511,20.435821"
0.8,3,64,-0.0013361441628291055,-0.05580387347895417,-0.006451054265963749,0,"2.106289,5.661153,16.846448,18.077365,16.313774,17.521682"
0.8,3,65,-0.0011510180819849522,-0.006397653031063016,-0.0057237760217787315,0,"1.754048,5.226732,17.454302,16.514744,17.224803,21.442677"
0.8,3,66,9.508911294231176e-5,-0.030174980051608125,0.0005955499349830085,0,"1.859306,7.403131,13.781794,15.226493,14.181984,27.821572"
0.8,3,67,-0.0011503762732452873,-0.032871945834488936,-0.005614778804084397,0,"2.037758,3.677865,17.890506,20.511526,16.348266,15.32323"
0.8,3,68,-0.0009888293135633705,-0.025568891252851,-0.004837033968836613,0,"2.066698,3.463778,17.603709,15.333032,17.091135,20.424185"
0.8,3,69,-0.0014815733858063913,-0.03609115955453639,-0.0072562460447690436,0,"1.934835,5.63195,15.967598,20.242486,14.924643,19.234463"
0.8,3,70,-0.0018435715131381535,-0.03305094746735723,-0.009076577198622718,0,"1.903211,6.507537,14.71261,15.956203,14.759673,25.401219"
0.8,3,71,-0.0018604935514463547,-0.06546505265622883,-0.009031575970636224,0,"2.246877,5.369859,14.234917,19.766804,13.061429,20.601286"
0.8,3,72,-0.0026793121890180582,-0.037393995143001055,-0.013233751213304987,0,"1.945974,5.688457,16.329012,19.26885,13.935912,16.803128"
0.8,3,73,-0.0005173592673834404,-0.03530439879459616,-0.0024431356061326848,0,"1.921392,5.799378,16.537367,19.530121,13.670548,15.590158"
0.8,3,74,0.00018876537203869653,-0.019572337677775165,0.0010210951157887949,0,"1.883023,5.060297,14.388969,19.289871,12.357615,23.122876"
0.8,3,75,-0.001629124451862743,-0.050333716679098486,-0.007936351041555767,0,"2.068543,5.560899,16.436868,18.27945,15.654414,18.455214"
0.8,3,76,-0.0019912717655301156,-0.04593915920521072,-0.009762839351478259,0,"2.098133,5.065797,15.424243,16.470405,13.99,21.150344"
0.8,3,77,0.004393871255119511,-0.029629567636167142,0.022065808737404824,0,"1.973514,4.971879,14.61743,17.830426,12.705426,22.82797"
0.8,3,78,-0.0016405416896397194,-0.047246527484139114,-0.008005716621640402,0,"2.05261,5.462611,16.133629,18.204612,15.162916,19.184007"
0.8,3,79,-0.002647379480833228,-0.03326246307549252,-0.013090756795069103,0,"1.989256,5.069914,14.92067,17.905263,13.196924,22.099178"
0.8,3,80,-0.0028068945879401465,-0.04918067428715377,-0.013823926316235885,0,"2.031713,6.972246,13.377837,16.318385,14.256914,22.091011"
0.8,3,81,-0.0028581452277597645,-0.05116321695795174,-0.01407200126969732,0,"2.036206,7.478941,12.776225,15.818127,14.320329,22.453026"
0.8,3,82,-0.0017253991795884032,-0.053999270694709306,-0.008402596218944236,0,"2.180934,4.727166,15.007278,19.636091,13.227217,15.625986"
0.8,3,83,-0.0021108052450353244,-0.03744382750789113,-0.010393857058086972,0,"1.948676,6.210093,14.761721,16.569517,14.504264,23.772013"
0.8,3,84,-0.0014262131261325393,-0.00711034269930666,-0.007095528731134337,0,"1.746063,6.14224,15.660573,14.759728,15.406408,21.482828"
0.8,3,85,-0.002151839027741934,-0.05719823735115352,-0.01051988230699806,0,"2.160768,5.498444,14.472526,18.932291,13.452258,20.74821"
0.8,3,86,-0.002191166950756676,-0.03536609203441868,-0.010803566818826882,0,"1.906758,6.592144,14.154008,18.876756,14.298588,20.799724"
0.8,3,87,-0.00319446817114431,-0.04502188955364675,-0.01577647682068628,0,"2.040985,5.573525,14.613959,19.546723,13.715766,17.187293"
0.8,3,88,0.006397571797081529,-0.04626309116889123,0.03214077057950371,0,"2.056498,5.467557,14.589332,20.042923,13.58435,16.089839"
0.8,3,89,-0.0023347198281122817,-0.017414035990061943,-0.011592350645955207,0,"1.794721,6.310405,14.950298,17.388759,14.855608,19.024124"
0.8,3,90,-0.0033776567722014253,-0.03615489743763611,-0.016726937333922665,0,"2.005617,5.124065,15.534246,16.948296,14.19495,18.380742"
0.8,3,91,-0.001548808086360388,-0.03568420936863298,-0.007593709884442967,0,"2.022247,4.880273,15.764285,16.626886,14.177677,17.977579"
0.8,3,92,-0.0025331018257472417,-0.05700880131868169,-0.012425048874586897,0,"2.194803,5.010143,14.932605,18.289472,13.417712,19.941882"
0.8,3,93,-0.00286978794972581,-0.05931603323223761,-0.014097578037662442,0,"2.139366,6.286728,14.227638,18.378145,12.137789,18.98043"
0.8,3,94,9.086417224105901e-5,-0.029322000695292103,0.0005710378261603033,0,"1.861365,6.730989,14.534644,17.665663,13.74951,18.692717"
0.8,3,95,-0.0026909744540149164,-0.05309031423356865,-0.013229281731408901,0,"2.138091,5.296198,14.866278,18.185503,13.473012,19.733688"
0.8,3,96,-0.0030466040232978936,-0.05968044216245717,-0.014979319028810834,0,"2.112677,6.746663,14.528449,18.143284,14.062328,15.746925"
0.8,3,97,0.00017126337528082584,-0.06396402595071268,0.0011110619182886916,0,"2.213838,6.479043,12.519922,16.404509,13.365479,20.690907"
0.8,3,98,-0.0022991327174494147,-0.041978713412763366,-0.011316432301294727,0,"1.989886,5.820111,15.694163,18.79146,13.84084,17.451091"
0.8,3,99,-0.002713881971193944,-0.04359041956562759,-0.013381666511196016,0,"2.035077,5.498551,14.76734,19.113651,13.79563,17.386201"
0.8,3,100,-0.0027188606947447344,-0.056290436637488214,-0.01335578594123249,0,"2.094719,6.475797,14.696082,17.94412,14.084432,16.185894"
0.8,3,101,0.0011403590659133471,-0.05574733575557317,0.0059188658067822475,0,"2.116897,6.092666,14.445406,18.139837,12.480648,18.880482"
0.8,3,102,-0.0028123506345853477,-0.04919220754894403,-0.013851133209521443,0,"2.031098,7.085833,13.235895,16.006489,14.299433,21.774312"
0.8,3,103,-0.0029653635313322195,-0.05040716469840534,-0.014610578419448031,0,"2.115838,5.267498,14.977606,17.979302,13.593335,19.508197"
0.8,3,104,-0.0006800811169612026,-0.037478487721551004,-0.0032472443895302794,0,"1.955874,5.594297,16.196551,18.882091,13.979085,17.066063"
0.8,3,105,-0.003012576794491673,-0.036285191211749834,-0.014902840367244125,0,"1.962969,5.588243,15.357167,17.484813,15.501642,17.886654"
0.8,3,106,-0.0034243903147423657,-0.05362488737097015,-0.016890561462765186,0,"2.12659,6.084582,13.326228,16.276799,14.510722,19.974603"
0.8,3,107,-0.0026275485416464746,-0.05582394851564304,-0.012901545368801004,0,"2.155453,6.166358,12.847841,15.842584,14.599328,20.45936"
0.8,3,108,-0.002740870211365063,-0.05093522954609919,-0.013487123015625296,0,"2.076724,6.376077,14.275067,15.099622,14.932541,20.517267"
0.8,3,109,-0.0010307742254559928,-0.03394894479937299,-0.005013062285796677,0,"2.011304,5.365958,14.205987,15.320987,14.926442,23.161364"
0.8,3,110,-0.00290851415793313,-0.053241260418313355,-0.014315290457534866,0,"2.080746,6.290614,14.614399,17.506931,14.224767,17.348473"
0.8,3,111,-0.0025497376061217685,-0.042442724066460935,-0.012566350783559443,0,"2.030457,5.436979,14.740112,18.967922,13.842408,17.773727"
0.8,3,112,-0.002887889403988586,-0.049587335411243896,-0.014226870807490466,0,"2.068991,6.219407,14.352575,15.744338,14.750853,20.06001"
0.8,3,113,-0.002839107688807051,-0.04167746058167571,-0.014014813787920632,0,"2.08877,4.444613,16.151513,17.973671,14.62599,15.945248"
0.8,3,114,-0.002946974369760471,-0.04377442824705369,-0.014545228906907237,0,"2.079124,4.882442,15.665576,17.645807,14.571564,16.916759"
0.8,3,115,-0.003319099662146024,-0.04135252588585525,-0.01641367453265405,0,"2.054134,4.860632,15.472499,18.869645,14.114808,16.611799"
0.8,3,116,-0.002789601514115693,-0.03111049596946386,-0.013809755830869741,0,"2.033593,4.316317,15.496708,17.56129,14.60424,19.077779"
0.8,3,117,-0.002868596946460766,-0.05036491196763068,-0.014127397686746562,0,"2.072864,5.960361,14.761451,17.515991,14.288013,17.63669"
0.8,3,118,-0.003605808546209118,-0.03921897447690281,-0.017854312520617366,0,"2.02563,5.283882,15.166243,16.83638,14.247579,18.646386"
0.8,3,119,-0.002803488814936137,-0.04362256650218854,-0.013829124683987948,0,"2.066158,5.064103,15.114787,18.437504,14.180793,17.172267"
0.8,3,120,-0.002899845454836087,-0.03892844121891054,-0.014329184324979816,0,"1.989959,5.670913,15.018677,17.283477,15.336489,18.234646"
0.8,3,121,-0.0028330679635465562,-0.05110282667540894,-0.013946981529501648,0,"2.117629,5.403501,14.702376,17.695552,13.746233,19.585931"
0.8,3,122,-0.0032911134744333832,-0.045620448987923695,-0.016256828747467755,0,"2.087014,5.082304,15.275685,17.417639,14.561424,17.426399"
0.8,3,123,-0.003044022495957068,-0.05340835210837526,-0.014991487583768073,0,"2.088366,6.256269,14.399704,17.301909,14.272426,17.786161"
0.8,3,124,-0.0031178055767194877,-0.05036894977290332,-0.015372179904601227,0,"2.078559,6.196933,14.181517,15.833082,14.710831,20.045776"
0.8,3,125,-0.003671520351317623,-0.04298091679689664,-0.01816751057882171,0,"2.014498,6.121169,14.420307,15.95421,15.466924,17.785392"
0.8,3,126,-0.0035715326456194903,-0.04153014850445505,-0.01767386876531432,0,"1.997463,6.240918,14.373296,15.663987,15.753706,17.485303"
0.8,3,127,-0.003519124432498437,-0.056218386262929826,-0.01735339522221825,0,"2.150981,6.003475,13.904551,15.923196,13.920147,18.986927"
0.8,3,128,-0.0028861191148468546,-0.04174375129833635,-0.014249371197843086,0,"2.072388,5.3345,14.358473,15.445193,14.866783,19.835667"
0.8,3,129,-0.0029491837648663276,-0.05180589538015472,-0.014524171071739284,0,"2.085701,6.102475,14.392832,16.992456,14.371486,18.127745"
0.8,3,130,-0.0033366710727664632,-0.03995403053138416,-0.016507032209497285,0,"2.023773,5.423248,15.04192,16.689351,14.450803,18.502887"
0.8,3,131,-0.002683566901879344,-0.05412475041388062,-0.01318814736038082,0,"2.128052,6.023089,13.99051,15.928365,14.177943,18.786671"
0.8,3,132,-0.003446203883783113,-0.051932012089531465,-0.017006285085471973,0,"2.107784,6.09068,13.508574,16.223034,14.670089,19.609735"
0.8,3,133,-0.0030760142465120167,-0.04530171508750669,-0.015183680691518542,0,"2.074874,5.255128,15.133122,17.173734,14.71234,17.486232"
0.8,3,134,-0.0031672454874877784,-0.04914588556758595,-0.015624019875293257,0,"2.06784,6.184305,14.221315,15.85327,14.836846,19.669045"
0.8,3,135,-0.003042633752265931,-0.051726180797105684,-0.01499127276537586,0,"2.075999,6.23375,14.403138,17.077292,14.471509,17.786033"
0.8,3,136,-0.0031231242500940064,-0.03965557544682957,-0.015441557391291424,0,"1.994042,5.745915,14.918948,17.061933,15.358228,18.15977"
0.8,3,137,-0.0034476076271216984,-0.037244865251690074,-0.01707198668791382,0,"2.018166,5.373217,14.678258,15.907885,15.360235,19.284987"
0.8,3,138,0.00035675783441424644,-0.04158297947708428,0.0019481729170625073,0,"2.000483,6.391693,13.796653,15.389494,15.335368,20.184374"
0.8,3,139,-0.00282536550052304,-0.04481773384944082,-0.013933622944273166,0,"2.062418,5.444245,14.910377,16.876361,14.816178,17.935922"
0.8,3,140,-0.0032014043656858632,-0.038298431905217256,-0.015837990110697753,0,"2.017554,5.497739,14.635266,15.915606,15.378016,19.035055"
0.8,3,141,-0.0028077934223137493,-0.050483935548782055,-0.013823208161212408,0,"2.092149,6.095761,13.66053,16.17823,14.802895,19.305678"
0.8,3,142,-0.0036333225647118754,-0.04050833328702805,-0.017986592897513753,0,"2.022226,5.539453,14.938318,16.566828,14.620157,18.383304"
0.8,3,143,-0.003152804798249116,-0.048062360409218574,-0.015556218331277433,0,"2.05892,6.173782,14.254481,15.870093,14.941859,19.355103"
0.8,3,144,0.0018404846575505467,-0.04020349537521656,0.009353883385867734,0,"1.997447,5.80843,14.835842,16.877312,15.376344,18.097374"
0.8,3,145,-0.003513404150139252,-0.04499364928612265,-0.0173696764770747,0,"2.064774,5.39927,15.014319,16.97048,14.838104,17.536092"
0.8,3,146,-0.0034770388787345964,-0.04818628404377828,-0.017175273983514358,0,"2.092808,5.800296,14.138565,15.607837,14.639641,19.036168"
0.8,3,147,-0.0036707319608509465,-0.037232924531506534,-0.018186541564564146,0,"1.998314,5.414895,15.473223,16.116788,15.158672,17.738027"
0.8,3,148,-0.0021799845587658247,-0.03549827073444395,-0.010747182528362986,0,"2.011064,5.084701,15.285519,16.507157,15.091979,17.149576"
0.8,3,149,-0.002634755237605866,-0.046208404477337456,-0.012975966603516464,0,"2.05092,5.991997,14.42632,15.97627,14.966879,18.987515"
0.8,3,150,-0.0035105251108014453,-0.03824004722843452,-0.01738228308201148,0,"2.001009,5.532488,15.297737,16.089692,15.210048,17.745921"
0.8,3,151,-0.003398029898089298,-0.04096152188403135,-0.01680949390900137,0,"2.020938,5.636331,14.851983,16.464725,14.761285,18.283652"
0.8,3,152,-0.003064261086890551,-0.04469938473377735,-0.015127380515002647,0,"2.056369,5.519462,14.915317,16.801102,14.942908,17.577642"
0.8,3,153,-0.0037047519160375362,-0.047495637914494515,-0.018315461566962746,0,"2.079694,5.853756,14.185522,15.665566,14.777522,18.827705"
0.8,3,154,-0.0034846668909274056,-0.03916602909237435,-0.017249420917350183,0,"2.017045,5.601556,14.59944,15.92204,15.392834,18.826778"
0.8,3,155,-0.003413124767434803,-0.04740648114420115,-0.01685913877382339,0,"2.051496,6.165013,14.282118,15.884113,15.02937,19.093485"
0.8,3,156,-0.0030243096852906985,-0.04069176303388797,-0.014943837536781163,0,"2.005184,6.117395,14.297052,15.192347,15.269753,19.276669"
0.8,3,157,-0.0029683066946849046,-0.044109535862987936,-0.014650444885087488,0,"2.047811,5.619037,14.812273,16.532976,14.997382,17.860813"
0.8,3,158,-0.003582831684334211,-0.04376322430588683,-0.017721384140307203,0,"2.02532,6.076588,14.381177,15.906103,15.352024,17.959111"
0.8,3,159,-0.003276322174260739,-0.03982476504992519,-0.0162061057053986,0,"2.014058,5.586008,15.112368,16.019004,15.13796,17.926218"
0.8,3,160,-0.0035740722356764902,-0.04051623072979063,-0.01769060564981348,0,"2.027446,5.643574,14.530453,15.879294,15.290282,18.826932"
0.8,3,161,-0.0027527581458149618,-0.0472035864413852,-0.013561414968340929,0,"2.056188,6.113121,14.266019,15.847688,14.987395,19.049188"
0.8,3,162,-0.0036410691210525567,-0.04212219921867422,-0.018018837970417673,0,"2.030695,5.672558,14.740906,16.331532,14.763991,18.374328"
0.8,3,163,-0.0028001182803408242,-0.04518639170923508,-0.013806039795072111,0,"2.060251,5.57515,14.793685,16.611846,14.915343,17.785986"
0.8,3,164,-0.0037619159817092614,-0.03865534951266997,-0.018636322188307325,0,"2.022931,5.356463,14.982018,16.290093,15.091645,17.517572"
0.8,3,165,2.5607028029818972e-6,-0.037138008868266625,0.0001611943551328432,0,"2.017405,5.23057,15.101351,16.363828,15.10902,17.262303"
0.8,3,166,-0.0033543528540571897,-0.03895502263740938,-0.016599344834901414,0,"2.006505,5.82105,14.51713,15.418685,15.222465,18.691303"
0.8,3,167,-0.0037634465544730605,-0.04410308281626038,-0.018622198242857407,0,"2.050112,5.888567,14.000034,15.81142,15.028016,18.806099"
0.8,3,168,-0.0028199915291159876,-0.04479836277681731,-0.013906857337135536,0,"2.05614,5.93902,13.814646,15.776823,15.009692,18.952746"
0.8,3,169,0.0017587593213620896,-0.04666212684109591,0.0089714736405343,0,"2.07233,5.675965,14.422907,16.542651,14.878695,18.079279"
0.8,3,170,0.004844069816191576,-0.04027814106285618,0.02435710454066864,0,"2.017431,5.796864,14.501426,15.606013,15.16517,18.589299"
0.8,3,171,-0.0020400418958828243,-0.039623012544310415,-0.01003168574349339,0,"2.027454,5.445071,14.818354,16.210315,15.08104,17.732327"
0.8,3,172,-0.0037250652490814114,-0.046937406945506494,-0.01841915746016487,0,"2.074755,5.859557,14.154608,15.689875,14.819271,18.824104"
0.8,3,173,0.004269991279937809,-0.042410013704835714,0.02149809835615224,0,"2.033927,5.708549,14.617427,16.244847,14.807995,18.44629"
0.8,3,174,-0.002574428784003062,-0.04381579952631687,-0.012684196525384661,0,"2.029446,6.045245,14.317653,15.890322,15.298023,18.100276"
0.8,3,175,-0.003425918153584525,-0.041112610486329554,-0.016948192133843465,0,"2.031218,5.684393,14.44205,15.867982,15.246571,18.82346"
0.8,3,176,-0.0027864070967996493,-0.039800074067497915,-0.013759076111616642,0,"2.013753,5.832302,14.430947,15.484141,15.190057,18.710436"
0.8,3,177,0.0066461266063018104,-0.04278872133046849,0.0333684194973336,0,"2.041597,5.876404,14.103788,15.406505,15.412998,18.552611"
0.8,3,178,-0.0033574869371856154,-0.0424397791491235,-0.01660107449483675,0,"2.035205,5.736519,14.531821,16.105123,14.908829,18.46401"
0.8,3,179,-0.0028352713417211196,-0.046195229603162025,-0.01397759819200095,0,"2.050675,6.237549,13.807351,15.405973,15.082548,19.510468"
0.8,3,180,-0.0036411768738525943,-0.04300391957950203,-0.01801585283810686,0,"2.055765,5.701051,14.137951,15.564516,14.793741,19.612583"
0.8,3,181,-0.0033781595172385553,-0.04820472545978374,-0.01668129738696668,0,"2.085652,5.870148,13.926991,15.997489,14.769602,19.303139"
0.8,3,182,0.006376175295589882,-0.04208175063798095,0.032017186294207134,0,"2.060174,5.343131,14.590468,16.272828,14.772795,18.433997"
0.8,3,183,-0.002778942069640778,-0.045641370182918306,-0.01369844642105117,0,"2.052257,6.088322,13.93787,15.550449,15.030923,19.331056"
0.8,3,184,-0.0030984282013154004,-0.04646251569551871,-0.01529099994385108,0,"2.070642,5.864392,14.128846,15.710133,14.854062,18.821103"
0.8,3,185,-0.0036117435946058903,-0.043196827447405495,-0.017868062600639195,0,"2.054823,5.732296,14.114965,15.605666,14.832787,19.478169"
0.8,3,186,-0.0028558556356099336,-0.04169372511679659,-0.014098404872709774,0,"2.034363,5.718413,14.368381,15.858555,15.210145,18.820567"
0.8,3,187,-0.002132729236083723,-0.04752881530234862,-0.010463067851357866,0,"2.079716,5.873218,13.939165,15.966478,14.812671,19.220299"
0.8,3,188,0.004856702552887472,-0.04284361732556194,0.02443045677696265,0,"2.037687,5.761855,14.44319,16.056173,14.928693,18.521025"
0.8,3,189,-0.0033453601660885773,-0.045884047614777296,-0.0165267379020817,0,"2.050581,6.179366,13.839465,15.473548,15.07346,19.393073"
0.8,3,190,-0.003370618362773322,-0.044831187676236034,-0.01665710995320846,0,"2.05669,5.876011,14.065142,15.737633,14.968524,19.089885"
0.8,4,1,0.007707142890122583,-0.023305152369274884,0.03859034471537465,0,"1.999836,4.390134,11.127918,18.348543,43.592981,21.065297"
0.8,4,2,0.00870481492755977,-0.10686627524372652,0.043907632106667094,0,"2.865252,4.390134,11.127918,18.348543,43.592981,21.065297"
0.8,4,3,0.007177452092619248,-0.04516438392259452,0.03603188611267395,0,"1.999836,6.592857,11.127918,18.348543,43.592981,21.065297"
0.8,4,4,0.008646172604077282,-0.036572133131876794,0.04333381773517875,0,"1.999836,4.390134,16.716855,18.348543,43.592981,21.065297"
0.8,4,5,0.010077410359748806,-0.033284943640390946,0.05046972185145415,0,"1.999836,4.390134,11.127918,27.547814,43.592981,21.065297"
0.8,4,6,0.013141868532922586,-0.026373118675041884,0.06574908605325985,0,"1.999836,4.390134,11.127918,18.348543,65.414472,21.065297"
0.8,4,7,0.009943905455191188,-0.023633435849737483,0.04976429672263227,0,"1.999836,4.390134,11.127918,18.348543,43.592981,31.622946"
0.8,4,8,0.002793953233742335,-0.06795718338462735,0.014227367534715471,0,"2.279729,5.121585,12.990889,21.414966,21.771491,24.584513"
0.8,4,9,0.0006349859242272479,-0.07313784714696861,0.0034640169927313835,0,"2.327344,5.243884,13.301386,21.926037,14.497661,25.171049"
0.8,4,10,0.003992631419813146,-0.07252779773006074,0.020233035254731246,0,"2.391211,5.407073,13.715382,10.341802,33.894541,25.953097"
0.8,4,11,0.0030325427054944064,-0.09468576156552536,0.015525930643091046,0,"2.52557,5.747414,14.577874,16.872116,30.661728,13.505501"
0.8,4,12,0.01185214637021555,0.014798013396097709,0.009486213102520985,0,"1.595229,6.201766,15.727864,16.379974,26.35131,21.543215"
0.8,4,13,0.00749166977705411,-0.09418073670419755,0.03779727455752982,0,"2.640881,4.690561,11.89457,18.020448,40.719369,21.14495"
0.8,4,14,0.0010086871578452313,-0.09391134803754883,0.005413667513862491,0,"2.632797,6.302798,8.531678,16.27061,25.393439,21.569766"
0.8,4,15,0.0017845476843839948,-0.12025040855026284,0.009394345710410618,0,"2.852255,6.943034,13.254961,15.577965,19.326925,21.737923"
0.8,4,16,-0.0017679401851688665,-0.07456038759067243,-0.008532926449032613,0,"2.265193,7.39258,12.941767,15.091899,15.069722,21.855927"
0.8,4,17,0.0003464073870914223,-0.06955216519852722,0.0020082373588923286,0,"2.203979,7.844128,13.1163,14.603808,10.794801,21.974424"
0.8,4,18,0.10571643569635528,-0.11809810017850436,0.5285260448376529,0,"3.018608,5.751824,14.313045,13.678257,2.754138,22.199124"
0.8,4,19,0.00533260121520025,-0.06217482385066429,0.02688482055085306,0,"2.162315,6.45259,11.658769,17.570162,36.775544,21.254268"
0.8,4,20,0.043176330826628785,-0.11123607641837902,0.21611048795086663,0,"2.842846,5.891882,13.782189,14.456638,9.505869,22.010153"
0.8,4,21,0.004097977615388249,-0.07242714201256414,0.02075883780718432,0,"2.272618,6.359095,12.012671,17.051241,32.230586,21.380249"
0.8,4,22,-0.00014035057935341965,-0.10545165147182368,-0.0002796666242555479,0,"2.726704,5.985284,13.428284,14.975558,14.050754,21.884172"
0.8,4,23,0.022656533304963918,-0.11129861358688159,0.1136142467324347,0,"2.717276,7.131746,11.629876,23.229625,5.775309,15.955015"
0.8,4,24,0.0026506159091408523,-0.08166052530668921,0.01356615549143958,0,"2.444909,5.694011,13.367797,12.489749,29.207484,24.28675"
0.8,4,25,0.019418679121583383,-0.08926617149104699,0.09735310718669443,0,"2.553653,6.772592,10.364047,15.238488,8.520466,31.996363"
0.8,4,26,0.002237690211099048,-0.09458625615148097,0.011555240839261904,0,"2.530246,5.918117,13.875565,16.599845,26.971484,16.58731"
0.8,4,27,0.01811061861255784,-0.10650305336194223,0.09088821705917782,0,"2.663903,6.90096,11.743358,20.990892,9.229275,18.648632"
0.8,4,28,0.00185560079805631,-0.08681831919451467,0.009615661605454157,0,"2.481121,5.894949,13.097056,13.906604,25.877767,23.347064"
0.8,4,29,0.008890479377257338,-0.09296178521068528,0.04477946456256687,0,"2.561137,6.668696,10.976095,15.983046,11.10062,28.601324"
0.8,4,30,0.0015751850572663067,-0.09463961974713206,0.008246237527792272,0,"2.535389,6.043134,13.392318,16.497045,24.326338,18.589646"
0.8,4,31,0.006545222854631378,-0.10308673622657182,0.03310535586220098,0,"2.628857,6.74136,11.853015,19.539768,11.677188,20.255764"
0.8,4,32,0.0013518132573632387,-0.0899587150444742,0.0071117893576364555,0,"2.505614,6.035917,12.889716,14.845464,23.511002,22.831847"
0.8,4,33,-0.0009909518322052504,-0.049120533661205,-0.004753523502878554,0,"2.154107,5.392017,11.573365,17.624239,19.622713,22.229547"
0.8,4,34,0.00216266632617139,-0.06952869530766376,0.011080366046041568,0,"2.332209,6.073304,10.829697,17.08089,13.055428,26.591124"
0.8,4,35,0.0009548686890258067,-0.09106268307847604,0.0051334607167262125,0,"2.501255,6.048162,12.965212,16.594353,22.447852,19.923225"
0.8,4,36,0.0024502361252045075,-0.07639424646081706,0.012544213398467341,0,"2.360057,6.084603,11.357458,19.315434,13.516379,21.379382"
0.8,4,37,0.000759050000637346,-0.08791404686740119,0.004142763427229107,0,"2.481215,6.044031,12.634339,15.590459,21.845231,22.58977"
0.8,4,38,-0.0014988992506775505,-0.06390484562278717,-0.007231645225670935,0,"2.187382,5.731691,17.083296,17.663572,10.451234,22.981464"
0.8,4,39,-0.0008190111809718464,-0.06256214896836304,-0.0038409663426431373,0,"2.211125,5.880625,14.022264,17.696235,9.397992,25.647417"
0.8,4,40,0.008432701742691926,-0.05651748872573352,0.04234723143692565,0,"2.142195,5.830301,14.81578,19.402054,5.854295,24.000089"
0.8,4,41,2.010915550063283e-6,-0.08344941879639395,0.00034350874419170063,0,"2.423859,6.008401,12.997912,16.225725,19.179597,22.824823"
0.8,4,42,0.031480484724667065,-0.07494502184713953,0.15754465905167225,0,"2.324871,6.887229,14.047573,11.166386,14.759639,20.636734"
0.8,4,43,-5.939758499163274e-5,-0.0740198985389896,-9.07423378826433e-7,0,"2.326932,5.517219,13.425751,20.13276,14.541324,24.41533"
0.8,4,44,0.0013328819353376892,-0.06260147646078151,0.006907907674856717,0,"2.197651,5.9572,14.493661,18.169029,8.531809,23.513129"
0.8,4,45,-0.000587940228364182,-0.08027160189143429,-0.0026159987355196535,0,"2.385774,5.999867,13.247203,16.549609,17.404932,22.939541"
0.8,4,46,2.754627220063839e-5,-0.07415788525531222,0.00043392897305138955,0,"2.312701,6.610101,14.006306,13.067613,14.124422,21.430692"
0.8,4,47,-0.0006637039994687587,-0.07429480538164854,-0.0030183224533638364,0,"2.324558,5.699141,13.52251,18.955235,14.47184,23.917891"
0.8,4,48,-0.00023918474872850103,-0.017941979796465196,-0.0011230327916649796,0,"1.807135,6.045892,14.035181,19.551372,14.755355,24.639757"
0.8,4,49,-0.0005764158383570826,-0.03732798300152182,-0.0027300372225567693,0,"1.952739,6.03579,13.934031,18.788736,14.637921,24.180493"
0.8,4,50,0.0007423851763282335,-0.09453123483503117,0.004085964856125168,0,"2.567038,5.995385,13.529434,15.738194,14.168187,22.343436"
0.8,4,51,-0.0015830408548326753,-0.04799552826463699,-0.00771550665445038,0,"2.051835,6.029056,13.866598,18.280312,14.559632,23.874317"
0.8,4,52,-0.0024665985424917472,-0.0439151432371758,-0.01214518695255748,0,"2.015651,6.041038,14.422727,18.554222,10.45277,23.89598"
0.8,4,53,0.010117412915178777,-0.037471211698006004,0.0506862631595264,0,"1.955754,6.0479,14.618648,18.888324,9.294135,24.055387"
0.8,4,54,8.521953557659841e-5,-0.04044883902991245,0.0005873057282743677,0,"1.973594,6.456116,14.447493,16.014925,12.04614,22.910327"
0.8,4,55,-0.0011415480731834938,-0.06903185924226307,-0.005426186742206213,0,"2.264968,5.825203,13.676674,18.465183,14.067556,23.749963"
0.8,4,56,-0.0008638237879224995,-0.055244052545058174,-0.004094048680751514,0,"2.101095,6.255896,13.832542,17.53024,18.676614,20.548315"
0.8,4,57,-0.0012113581013399437,-0.05654220103384165,-0.005824796905658694,0,"2.119322,6.193329,13.864162,17.557906,17.130163,21.398165"
0.8,4,58,-0.0004692749245255924,-0.06603039213423355,-0.0020801728812098186,0,"2.146098,7.013193,17.045051,17.580126,7.62145,23.689059"
0.8,4,59,-0.0014457243859878433,-0.053642730818429435,-0.007007043962702797,0,"2.152772,5.661743,12.485308,17.616887,17.622421,22.472799"
0.8,4,60,-0.0023175327371961684,-0.0447947920472679,-0.011397087430361413,0,"2.000516,6.524307,14.544611,16.456416,14.361073,21.742921"
0.8,4,61,-0.0030869541285795513,-0.05450346122777208,-0.015201555242743928,0,"2.10386,6.26622,14.583939,16.99653,10.375466,24.209637"
0.8,4,62,-0.002619943339959454,-0.05405590006137155,-0.012870622477074711,0,"2.101287,6.278369,14.703902,16.902967,9.249743,24.678215"
0.8,4,63,0.0029477823833249555,-0.05497672557495981,0.01494387494398064,0,"2.05448,7.000274,16.66234,16.730764,7.468086,23.71395"
0.8,4,64,-0.0017457650273401022,-0.05472111570157101,-0.008501439234659569,0,"2.136297,5.884563,13.181479,17.4692,15.929937,22.679657"
0.8,4,65,-0.0026954807272799924,-0.04127313140451341,-0.013299012098683227,0,"2.003831,6.981219,10.763763,16.619287,16.464975,23.104682"
0.8,4,66,-0.00022070436025879004,-0.05755318595542419,-0.0008724366208514023,0,"2.122221,7.000881,12.946158,15.448872,12.991664,21.955285"
0.8,4,67,-0.0018804042385193865,-0.04975799238252236,-0.009193795427639206,0,"2.063517,6.190916,13.713192,17.808406,14.298304,23.554478"
0.8,4,68,-0.002113477074505006,-0.04866345121630768,-0.01036236919846134,0,"2.013925,7.247912,13.808515,16.373054,11.077495,23.441551"
0.8,4,69,-0.0018574714956279643,-0.014132045127092097,-0.009221607689941513,0,"1.809544,5.692136,14.337144,19.177406,10.606971,24.793822"
0.8,4,70,-0.0020605956790370923,-0.0264965333034283,-0.010186805456515236,0,"1.88321,5.97517,14.104581,18.496488,11.350754,24.304173"
0.8,4,71,0.001962342088289207,-0.03793347483534132,0.009953490849937463,0,"1.943389,6.820868,13.696181,16.69026,10.395875,23.34517"
0.8,4,72,-0.0023202521540566803,-0.047802114040798205,-0.011398653660459751,0,"2.043341,6.295863,13.710357,17.622048,13.647895,23.519593"
0.8,4,73,-0.002048444667119575,-0.06537027338104971,-0.009970771470603074,0,"2.180317,7.143937,13.173384,15.710698,14.109124,22.333948"
0.8,4,74,-0.0015116643733995036,-0.034097055914233926,-0.007414519124216368,0,"1.931774,6.169807,13.949381,18.03219,11.81048,23.975802"
0.8,4,75,-0.002713703823006078,-0.043757921948824524,-0.01338010731991518,0,"2.0204,6.862008,11.400453,16.682161,15.450052,23.288842"
0.8,4,76,-0.00219412590479747,-0.04572260037744352,-0.01077696216031726,0,"2.030273,6.07856,14.449596,18.294606,10.439886,23.948256"
0.8,4,77,-0.00220545634675205,-0.04893371157872037,-0.010820726161284086,0,"2.053391,6.290923,13.855954,17.517795,13.102486,23.634601"
0.8,4,78,-0.002746742392771698,-0.046453468601385745,-0.013534363725727222,0,"2.017629,6.481285,14.551166,16.546435,13.6968,22.15404"
0.8,4,79,-0.003004430281406683,-0.04970559172756692,-0.014808520519603546,0,"2.028832,7.084225,13.937752,16.476966,10.96049,23.569566"
0.8,4,80,-0.001152833579612472,-0.03175188647574051,-0.005631528823336063,0,"1.91944,6.023665,14.184474,18.246495,11.188205,24.288417"
0.8,4,81,-0.0024438564948978387,-0.0636533731095769,-0.011952716265785104,0,"2.167521,6.99759,13.408477,15.925003,13.486843,22.646563"
0.8,4,82,-0.002259878020874863,-0.056610711684279544,-0.011061885372264935,0,"2.100029,7.249165,12.796316,15.087024,15.250838,22.552826"
0.8,4,83,-0.002398891981774341,-0.05622021738621093,-0.011757821218108755,0,"2.092317,7.356087,13.036745,15.053578,13.30433,22.505891"
0.8,4,84,-0.0017376112920087533,-0.04847790988651629,-0.008485659161336367,0,"2.04318,6.433335,14.176526,17.473201,10.507166,23.572019"
0.8,4,85,-0.002864868215069263,-0.055390580619233146,-0.01408869006280658,0,"2.090522,7.113148,13.02635,15.48472,14.460222,22.722692"
0.8,4,86,-0.002407143172363302,-0.048361425094909746,-0.011830439721715158,0,"2.050242,6.245635,13.932632,17.65036,12.838948,23.691222"
0.8,4,87,-0.0021591642533713034,-0.04987106329950364,-0.01058575126239611,0,"2.057236,6.430599,13.783317,17.217563,12.916511,23.493667"
0.8,4,88,-0.0005987330011787038,-0.05056985413258007,-0.0027885969923708287,0,"2.041279,6.947836,14.04545,16.56356,10.862985,23.676244"
0.8,4,89,-0.002511286074501281,-0.055327210826196696,-0.012322798730471152,0,"2.092743,6.971935,13.285948,15.736688,13.779424,22.970516"
0.8,4,90,-0.0025476307341533357,-0.047928764690284495,-0.012533904707298246,0,"2.031925,6.445435,14.556628,16.621451,13.143241,22.496639"
0.8,4,91,-0.002100514722171672,-0.045735425429581505,-0.010309322586553482,0,"2.034239,6.762677,11.931031,16.734556,14.604282,23.442307"
0.8,4,92,-0.0021265718293084043,-0.06231685325224698,-0.010373218515018018,0,"2.156873,6.87565,13.604387,16.103591,12.968276,22.907075"
0.8,4,93,-0.002808675083056511,-0.0560513979255243,-0.013805364459121339,0,"2.09424,7.174359,13.29461,15.377403,12.816182,22.789848"
0.8,4,94,-0.0024988207533890353,-0.056829608099785225,-0.012254530803742295,0,"2.130033,6.550852,13.040063,15.959846,15.032645,22.595764"
0.8,4,95,-0.0023041009381289937,-0.0642192660739724,-0.011252375251097985,0,"2.169415,6.665353,15.524165,15.530614,11.434127,22.547519"
0.8,4,96,-0.0024378277786845735,-0.049329876852100274,-0.011979839546468002,0,"2.050683,6.482333,14.490731,15.970587,12.558742,22.962899"
0.8,4,97,-0.002858507716610405,-0.04119348658827934,-0.014113650985713197,0,"1.999287,6.631568,12.226477,16.690221,14.467771,23.460915"
0.8,4,98,-0.002793256506292505,-0.05483458308498383,-0.013733210988134459,0,"2.099806,6.864385,12.505159,16.490127,13.979493,23.211541"
0.8,4,99,-0.0016351958803285246,-0.04656747221803098,-0.007981727784985515,0,"2.010866,6.900367,13.777523,16.677627,11.154549,23.783935"
0.8,4,100,-0.0011348204772205852,-0.05521282910799605,-0.005447803266404538,0,"2.110031,6.609094,13.162973,16.079476,14.386294,22.793792"
0.8,4,101,-0.0030126628605801394,-0.04357048895002838,-0.014874158188911676,0,"2.016602,6.570662,12.619387,16.741273,13.785715,23.585702"
0.8,4,102,-0.00243914481857457,-0.05582948759432074,-0.011960445696798772,0,"2.095842,7.022939,13.509498,15.647258,12.409393,23.02648"
0.8,4,103,-0.0024058769566709785,-0.05484792740894122,-0.01179819487884029,0,"2.100481,6.764658,12.851621,16.574527,13.378817,23.37789"
0.8,4,104,-0.0024451900055012803,-0.04896596785662513,-0.012018068087991912,0,"2.043862,6.415562,14.56118,16.683964,12.681941,22.782139"
0.8,4,105,-0.002925698564059137,-0.05524624829070672,-0.01439311471242044,0,"2.094595,6.854273,13.50228,15.946662,13.212094,23.177036"
0.8,4,106,-0.0025393034943643946,-0.05649580045343157,-0.012458076193814435,0,"2.125664,6.503404,13.297376,16.132627,14.256444,22.864743"
0.8,4,107,-0.0029783215446903696,-0.050242222555217986,-0.014675962870360618,0,"2.059518,6.446309,14.506265,16.141577,12.19486,23.170689"
0.8,4,108,-0.002361890141855869,-0.046938776085155176,-0.011610085519419305,0,"2.052059,5.996226,14.180644,17.23362,13.092772,23.570169"
0.8,4,109,-0.002881532182992492,-0.05452291866500937,-0.01417539384645597,0,"2.088526,6.85172,13.621356,15.911651,12.523289,23.117095"
0.8,4,110,-0.0026820349711450787,-0.05578051206950807,-0.013173878928518845,0,"2.119085,6.74861,12.815688,15.939476,12.76734,23.926161"
0.8,4,111,-0.002749515989643116,-0.04818911723690911,-0.013541282197070875,0,"2.035192,6.742481,13.918929,16.42643,10.696486,24.197364"
0.8,4,112,-0.00210807984668761,-0.04612737714663266,-0.010345544180670851,0,"2.01393,6.495235,14.768364,16.781898,11.495288,23.226346"
0.8,4,113,-0.002871533849723805,-0.0543684616113711,-0.014126069332840704,0,"2.101449,6.706375,13.141134,16.07988,12.555331,23.809526"
0.8,4,114,-0.0025517877750727306,-0.055902569851611766,-0.012522805790167041,0,"2.119776,6.48933,13.405858,16.179428,14.185774,22.825864"
0.8,4,115,-0.003379238681628414,-0.04957459083136864,-0.016681213830985614,0,"2.049218,6.700284,13.833417,16.385263,11.278027,23.968781"
0.8,4,116,-0.002802791037762673,-0.048285225950735255,-0.013807007277732694,0,"2.036013,6.523396,14.414414,16.627772,11.901145,23.266788"
0.8,4,117,-0.002958693211622481,-0.05340180970057758,-0.014565293525784312,0,"2.0905,6.675875,13.353347,16.171195,12.446299,23.719069"
0.8,4,118,-0.002790359374065337,-0.047715201157748355,-0.013747188876818875,0,"2.049492,6.319535,13.844855,16.882515,11.907523,24.159877"
0.8,4,119,-0.002723465438534223,-0.05344826909009508,-0.013390143972338397,0,"2.082005,6.762997,13.658606,16.073462,12.420661,23.290892"
0.8,4,120,-0.0014946440726228008,-0.0537079217188562,-0.007251137538699881,0,"2.094724,6.338543,14.458852,16.894652,10.525892,24.169494"
0.8,4,121,-0.0027289878907206214,-0.04460918159700958,-0.013453049677537535,0,"2.022027,6.592264,12.821725,16.681938,13.367766,23.649549"
0.8,4,122,-0.0029813743522656556,-0.05012807844070202,-0.014691667779785686,0,"2.0578,6.488632,14.394124,16.182191,12.042054,23.303704"
0.8,4,123,-0.002631794007344679,-0.052764777385917186,-0.0129349759512285,0,"2.083602,6.679943,13.433359,16.206873,12.251587,23.760688"
0.8,4,124,-0.0017822645638001181,-0.05432339709755443,-0.008685343886723651,0,"2.087011,6.828606,13.557469,16.019762,12.889748,23.308994"
0.8,4,125,-0.0025139567959220842,-0.05371843627444428,-0.0123425676668458,0,"2.081959,6.826479,13.656699,15.990587,12.315745,23.259042"
0.8,4,126,-0.0031388325270378338,-0.04782190463785305,-0.015487387629008753,0,"2.032543,7.033661,12.773413,15.594219,14.189101,22.914092"
0.8,4,127,-0.0025969792404202494,-0.04522984211134737,-0.012791185648007852,0,"2.022115,6.611793,13.413442,16.327261,12.258342,23.642958"
0.8,4,128,-0.0032555938506266535,-0.04294432546006499,-0.016090101849443567,0,"2.007279,6.542371,13.233127,16.468662,12.813211,23.820881"
0.8,4,129,-0.002873811982812392,-0.05084129843765725,-0.014151543177134199,0,"2.062008,6.733892,13.416279,16.17912,13.055571,23.496273"
0.8,4,130,-0.0031713801761522093,-0.04268196365472968,-0.015670502523618512,0,"1.993601,6.68372,13.390669,16.290258,13.330321,23.290406"
0.8,4,131,-0.0018913811977710646,-0.04997946782836675,-0.009247740377164693,0,"2.045377,6.801899,14.191951,15.684633,12.20166,23.28183"
0.8,4,132,-0.002888639181947319,-0.045567113103542334,-0.01424668077654588,0,"2.025913,6.6272,13.050096,16.51572,13.173415,23.588262"
0.8,4,133,-0.0022202383704288315,-0.04218839678498182,-0.010921516748255977,0,"1.993546,6.624697,13.475336,16.299651,12.553136,23.465769"
0.8,4,134,-0.002944744933178958,-0.04939860144573559,-0.01451161864147038,0,"2.050549,6.715692,13.426122,16.199209,12.971831,23.491189"
0.8,4,135,-0.0028174029022842934,-0.04872796190143275,-0.013878224439376363,0,"2.03767,6.76089,13.966861,15.857547,12.368098,23.341422"
0.8,4,136,-0.002712611718241352,-0.04613141537485996,-0.013365167761945379,0,"2.027871,6.64948,13.20289,16.406025,13.039195,23.547122"
0.8,4,137,-0.0028043573001660126,-0.044106949426407555,-0.013831527175948488,0,"2.01425,6.568687,13.333175,16.454762,12.557346,23.845531"
0.8,4,138,-0.0027356525028466865,-0.043813569079931364,-0.013489518719194515,0,"2.002838,6.68648,13.46446,16.306092,12.988271,23.403468"
0.8,4,139,-0.002372049236884148,-0.04812919584867148,-0.011656073327698357,0,"2.03532,6.97809,12.95008,15.72606,13.70392,23.089873"
0.8,4,140,-0.0032296238690677622,-0.05005512794277672,-0.01593196686670101,0,"2.056369,6.523903,14.300673,16.216037,11.914716,23.41455"
0.8,4,141,-0.00291899339550595,-0.04943628859634655,-0.014382838984160207,0,"2.050327,6.713124,13.494004,16.230218,12.68953,23.570788"
0.8,4,142,-0.002177244180086689,-0.04635018953021364,-0.010690130012300292,0,"2.029792,6.63938,13.180649,16.493977,12.857516,23.651682"
0.8,4,143,-0.0015915951181034078,-0.04881095130260396,-0.007754976808498126,0,"2.039593,6.750788,13.94462,15.9455,12.186419,23.445982"
0.8,4,144,-0.0021049272998478687,-0.04679610270863932,-0.010327124963441348,0,"2.031424,6.657947,13.307978,16.402564,12.745666,23.617399"
0.8,4,145,-0.0032401440468380325,-0.049853955867986244,-0.015985319091626593,0,"2.055176,6.553296,14.222797,16.244241,11.808601,23.506922"
0.8,4,146,-0.0031950142989455262,-0.04946308259685546,-0.015761457706633578,0,"2.050142,6.710984,13.550573,16.256059,12.454279,23.63712"
0.8,4,147,-0.0029251205470329873,-0.045023813144281555,-0.014431076406181631,0,"2.020065,6.590619,13.416549,16.443179,12.344126,23.866073"
0.8,4,148,-0.0029139559641846993,-0.04479126906694253,-0.01437623850614958,0,"2.010545,6.688781,13.525953,16.319287,12.703229,23.497687"
0.8,4,149,-0.003027425932067681,-0.04858465402444831,-0.014927863181059556,0,"2.037634,6.931783,13.097303,15.835927,13.299604,23.236358"
0.8,4,150,-0.003084636551958535,-0.04667940432874376,-0.015221243898579123,0,"2.033025,6.64953,13.289444,16.475858,12.594267,23.704532"
0.8,4,151,-0.0027393270272438467,-0.05169069583418559,-0.013476395956925569,0,"2.071325,6.690033,13.610741,16.227555,11.889737,23.808908"
0.8,4,152,-0.0024860682102428814,-0.04593824717607062,-0.012234353708801327,0,"2.020636,6.68899,13.540084,16.303998,12.567647,23.549557"
0.8,4,153,-0.0023325472780105494,-0.04990161254918046,-0.011451678261594433,0,"2.054183,6.577792,14.1579,16.267745,11.720172,23.583898"
0.8,4,154,-0.0007335502580569845,-0.049624131417408554,-0.00346578897563965,0,"2.049988,6.7092,13.597714,16.277593,12.258236,23.692397"
0.8,4,155,-0.0016570914411053119,-0.04719265039063328,-0.00808859800595807,0,"2.035721,6.657989,13.380106,16.460759,12.374893,23.748573"
0.8,4,156,-0.0008508890088048071,-0.048608744019697,-0.004055954113831417,0,"2.039563,6.893196,13.219988,15.927483,12.962673,23.358428"
0.8,4,157,-0.002868683110636919,-0.04579233906170907,-0.014146100096840919,0,"2.024915,6.608895,13.486027,16.433526,12.166442,23.883191"
0.8,4,158,-0.002520128498905923,-0.04559082882574479,-0.012405873305920717,0,"2.016974,6.690698,13.577197,16.330283,12.465695,23.576202"
0.8,4,159,-0.0030597300671218464,-0.046093692989765636,-0.015099176387262908,0,"2.023538,6.667072,13.620498,16.324093,12.064396,23.680628"
0.8,4,160,-0.002898142474744513,-0.04606062102685406,-0.014292177711903248,0,"2.028596,6.407788,14.131727,16.806407,11.06054,24.121996"
0.8,4,161,-0.0018871932672474504,-0.047073551031839064,-0.009238433698411486,0,"2.03006,6.55951,14.222149,16.388347,11.210199,23.856326"
0.8,4,162,-0.0023138009724301073,-0.04703062677186083,-0.011369512842220875,0,"2.031003,6.575922,14.081809,16.400415,11.404314,23.838367"
0.8,4,163,-0.0023246166885905937,-0.04726082148051507,-0.01142261753949142,0,"2.034777,6.641575,13.520446,16.44869,12.180777,23.766532"
0.8,4,164,-0.0025013535437365592,-0.04723957975042066,-0.01230550389578533,0,"2.034148,6.630632,13.614007,16.440644,12.051366,23.778505"
0.8,4,165,-0.002740895634898344,-0.043536023309736216,-0.01351681726398879,0,"2.005023,6.657319,13.263057,16.638994,11.975315,24.085869"
0.8,4,166,-0.0017013543981511331,-0.045028557284379545,-0.008318339422195953,0,"2.01526,6.613372,13.689967,16.532211,11.618771,23.993718"
0.8,4,167,-0.0032735178366182743,-0.04677709929679312,-0.016164316469434767,0,"2.030996,6.627756,13.626667,16.455905,11.979267,23.814373"
0.8,4,168,-0.0020764500174253486,-0.04723784700217315,-0.010183115583534519,0,"2.037111,6.532335,13.743267,16.684446,11.042304,24.27541"
0.8,4,169,-0.0031302385065438945,-0.0458131757913869,-0.015452487342211718,0,"2.020326,6.664302,13.604875,16.38931,12.228462,23.692737"
0.8,4,170,-0.00329360608257796,-0.049825103163744694,-0.01625247752271211,0,"2.054252,6.568036,14.171346,16.292507,11.617061,23.6347"
0.8,4,171,-0.0032794937173270446,-0.04895347912449352,-0.016185469200936317,0,"2.04405,6.602837,14.176817,16.450969,11.242809,23.754548"
0.8,4,172,-0.0023725895234678798,-0.04962381035400909,-0.011652799576347017,0,"2.045516,6.869042,13.546147,15.959609,12.40947,23.393259"
0.8,4,173,-0.0033589945830874482,-0.046788105502886035,-0.01659122926416154,0,"2.031413,6.484643,14.03413,16.665274,11.285361,24.00054"
0.8,4,174,-0.0014825250590398613,-0.049793769073740696,-0.007206243974929416,0,"2.053226,6.548878,14.195253,16.555649,11.145933,23.941265"
0.8,4,175,-0.003102779410014114,-0.046738409766181724,-0.01531163177922662,0,"2.028477,6.647372,13.71629,16.362686,11.911319,23.724067"
0.8,4,176,-0.0027284484095574883,-0.04919366361948167,-0.013432035357951566,0,"2.048269,6.568576,14.09946,16.517057,11.29901,23.897825"
0.8,4,177,-0.0025289794361834346,-0.04716173974966231,-0.012443806415503023,0,"2.031772,6.634239,13.780152,16.388415,11.809267,23.753027"
0.8,4,178,-0.0029125622196439884,-0.04720431087817713,-0.01435963422048675,0,"2.034378,6.520579,14.000678,16.618605,11.284138,23.995247"
0.8,4,179,-0.002202744214949663,-0.049823753463227816,-0.01080362243845695,0,"2.053413,6.590076,14.115025,16.307967,11.560556,23.69038"
0.8,4,180,-0.0023844846376344987,-0.0490801590360469,-0.011714388163864442,0,"2.044911,6.619078,14.119583,16.440018,11.248679,23.790253"
0.8,4,181,-0.003274831820317982,-0.047306687970704794,-0.016168763586120974,0,"2.03403,6.639843,13.661125,16.444132,11.862393,23.840108"
0.8,4,182,-0.0033191014180571216,-0.04644560600897045,-0.016393331334914815,0,"2.025133,6.670299,13.642966,16.388636,12.070056,23.738744"
0.8,4,183,-0.0022105019117767974,-0.04733254637252772,-0.010852327046347532,0,"2.031929,6.65619,13.735811,16.366449,11.80577,23.764853"
0.8,4,184,-0.0033577011904261734,-0.04781225692857409,-0.016580676248168405,0,"2.036595,6.634377,13.832263,16.440517,11.59151,23.849664"
0.8,5,1,0.017557114063115782,-0.18199153484532038,0.08842511134361661,0,"3.982606,8.085817,12.381785,21.726279,33.909486,35.648721"
0.8,5,2,0.024909501627740176,-0.22888007572688862,0.1253376907508576,0,"5.973238,8.085817,12.381785,21.726279,33.909486,35.648721"
0.8,5,3,0.020111012901902755,-0.18986627126378627,0.10121331627829064,0,"3.982606,12.153269,12.381785,21.726279,33.909486,35.648721"
0.8,5,4,0.02053155020156901,-0.18598620676374575,0.10329839743746261,0,"3.982606,8.085817,18.597671,21.726279,33.909486,35.648721"
0.8,5,5,0.02202312357438675,-0.18500591255491886,0.11074489662552792,0,"3.982606,8.085817,12.381785,32.614418,33.909486,35.648721"
0.8,5,6,0.022378370982800197,-0.18307060930818245,0.11251162572550824,0,"3.982606,8.085817,12.381785,21.726279,50.88923,35.648721"
0.8,5,7,0.020480735210112157,-0.18229787199595412,0.10302983770084378,0,"3.982606,8.085817,12.381785,21.726279,33.909486,53.498082"
0.8,5,8,0.01743147612209706,-0.07484611566510181,0.08736939567746826,0,"2.089061,9.441507,14.453745,25.355658,39.569401,41.598508"
0.8,5,9,0.01753645237956742,0.005254780155286812,0.08757366910810788,0,"1.531536,9.667477,14.799072,25.960555,40.51272,42.590139"
0.8,5,10,0.015987397355807502,-0.16228590072227267,0.08050562475716946,0,"3.331231,9.893451,15.144399,26.565452,18.816381,43.58177"
0.8,5,11,0.014434979032556989,-0.15765150080187176,0.07273276839759485,0,"3.223944,10.194753,15.604835,27.37198,13.470908,44.903945"
0.8,5,12,0.014537992898340292,-0.14904239102802458,0.0732129211346789,0,"3.081644,10.596494,16.21875,13.929834,28.983265,46.666845"
0.8,5,13,0.014411449693540189,-0.1316067894081033,0.0725111644608725,0,"2.788457,11.433466,9.209986,22.219157,27.341191,50.339553"
0.8,5,14,0.013299141559013794,-0.11871723459412029,0.06690367306038508,0,"2.595995,11.991453,7.645734,22.301304,26.246475,52.788025"
0.8,5,15,0.011961854495138056,-0.1046981583339128,0.060167897211814134,0,"2.344059,12.735438,13.846936,22.410832,24.786853,32.253507"
0.8,5,16,0.010328782330257991,-0.08168229609384493,0.05191872211355179,0,"2.088659,13.510424,14.091128,22.524925,23.266415,28.712744"
0.8,5,17,0.00987116793448627,-0.030589385106018125,0.04942876844441102,0,"1.762385,9.120176,14.416717,22.677048,21.239163,47.790875"
0.8,5,18,0.023710601904839177,0.029597019209036707,0.04654461121289423,0,"1.444736,8.614715,14.755873,22.835509,19.127442,49.814567"
0.8,5,19,0.07074125778290459,0.08831966793099308,0.07433851882660181,0,"1.155641,13.532674,15.095029,22.993971,17.015722,51.838259"
0.8,5,20,0.0161376429928923,-0.16440712492442563,0.08126457888527394,0,"3.464534,8.993494,12.833992,21.937561,31.093859,38.346977"
0.8,5,21,0.008286584282989281,-0.15937139090414465,0.04202837859996303,0,"3.313431,12.027408,12.483151,18.225225,8.530824,44.804629"
0.8,5,22,0.009795988049100769,-0.16694465304886427,0.04959812073696235,0,"3.526132,12.458402,12.154719,17.03682,3.391727,45.338983"
0.8,5,23,0.0075138086515805814,-0.05970418227537177,0.0377700898971073,0,"1.908846,13.486805,13.985956,20.405878,9.485167,50.20871"
0.8,5,24,0.008885102585162395,-0.026692279833046836,0.044487794250893276,0,"1.675048,14.23571,14.17795,20.150597,5.886411,52.185665"
0.8,5,25,0.006547590291451971,-0.05438594134574434,0.03292257264999285,0,"1.882765,12.847153,9.856981,30.572287,5.102395,43.069464"
0.8,5,26,0.008281231851696812,-0.02780026403325552,0.041475884430186905,0,"1.699937,13.222265,8.796776,33.346029,1.39871,42.469901"
0.8,5,27,0.028808243569869867,0.0359659442869551,0.033576924381125056,0,"1.37273,14.133049,8.555067,18.196908,17.817115,44.220871"
0.8,5,28,0.012838592663858985,-0.1400698884618958,0.0646885543188237,0,"2.890036,10.851124,14.429842,25.842802,14.195275,44.790099"
0.8,5,29,0.004060754525558928,-0.0685046533640926,0.02055723400724377,0,"1.996129,11.956209,18.775983,24.448084,1.331217,33.670816"
0.8,5,30,0.004683546768128375,-0.05811627760698871,0.023626572378691146,0,"1.900613,11.950335,20.631105,24.805881,0.040777,30.484614"
0.8,5,31,0.01063515970748875,0.01327516202167904,0.022049802640870003,0,"1.469562,13.464913,13.440112,20.44168,8.685584,37.962313"
0.8,5,32,0.0049435150660716775,-0.026281132278708097,0.02479790195751571,0,"1.684233,13.029279,13.605067,21.341867,9.603793,39.100278"
0.8,5,33,0.00979008671686186,-0.06858562096725795,0.049175600467710634,0,"2.061536,10.645236,13.616806,23.365205,0.007129,57.50218"
0.8,5,34,0.00605555503467015,-0.11849017134736738,0.030721014843896333,0,"2.509675,15.54395,13.02458,23.442467,9.0e-6,41.661151"
0.8,5,35,0.007325200577462281,-0.10749963518401041,0.03701898244560185,0,"2.341199,15.651717,13.627082,22.780064,12.307006,26.669503"
0.8,5,36,0.11091965492351313,0.13849311405900439,0.07184592531207873,0,"1.001474,15.477631,15.142051,29.438324,0.741886,33.322012"
0.8,5,37,0.007215414295335126,-0.13858558625976894,0.036594819002712,0,"2.878756,12.602444,12.9263,20.094075,7.125529,42.890859"
0.8,5,38,0.003289453850487027,-0.11691197988746085,0.01689801915283215,0,"2.513588,13.723443,13.286025,27.153737,0.176313,25.478647"
0.8,5,39,0.0036569364439854165,-0.12449798103743774,0.018763910233842995,0,"2.618324,13.762882,13.16937,28.27838,0.029714,21.35697"
0.8,5,40,0.006576882295374672,-0.07752402455083705,0.033161346228847866,0,"2.127389,10.915789,13.531213,26.237441,0.00011,48.620902"
0.8,5,41,0.017260107335571588,0.021547778913456175,0.02322990837940858,0,"1.422187,13.402825,14.433633,30.97122,8.7e-5,34.30956"
0.8,5,42,0.005820119034164263,-0.1224895119694722,0.029560992226472738,0,"2.61757,12.735841,13.177522,21.906932,4.391192,41.460643"
0.8,5,43,0.006841702749152972,-0.1001050209899408,0.034574359470254376,0,"2.257496,15.696183,13.710823,23.38435,11.391681,26.192764"
0.8,5,44,0.006180601831364635,-0.08139684830670024,0.031197399150899086,0,"2.148924,11.712514,13.561148,25.761926,0.003339,44.882879"
0.8,5,45,0.00750643953152886,-0.12286875017453036,0.03798568697137106,0,"2.608725,13.38659,18.619844,17.446051,0.001623,32.348674"
0.8,5,46,0.005249639630594356,-0.06816673132346864,0.0264943707075581,0,"1.999017,12.937059,11.317426,28.384581,3.217375,41.282666"
0.8,5,47,0.005565781715611214,-0.1002821385142536,0.028201835296816274,0,"2.276177,14.929416,14.167716,23.13063,7.333949,29.335188"
0.8,5,48,0.008147963142555104,-0.04967074441939753,0.04089760108936376,0,"1.852762,10.893146,15.08533,25.346143,19.595968,28.448261"
0.8,5,49,0.006056495239362777,-0.10873949031030734,0.030686747410644477,0,"2.39655,14.768813,13.368038,23.759747,0.001606,39.459003"
0.8,5,50,0.003864236061135426,-0.07779669002000535,0.019612754311445713,0,"2.080057,12.250748,17.86099,24.899026,1.024232,32.305454"
0.8,5,51,0.004893939289689808,-0.0462470261717681,0.024630054498637477,0,"1.815041,13.144973,13.551893,22.310512,7.729204,36.830006"
0.8,5,52,0.004852138937140842,-0.07741907372187559,0.024545825155436282,0,"2.082495,13.068123,11.645525,28.17944,2.461867,38.648663"
0.8,5,53,0.0050166910409903355,-0.1033037070176016,0.0254711988341879,0,"2.315342,14.728421,14.020767,23.801148,5.839654,28.692431"
0.8,5,54,0.005480286852396826,-0.12158128599697161,0.027859899506465557,0,"2.600178,12.900441,13.195606,22.7814,3.408259,38.796977"
0.8,5,55,0.005124274665824998,-0.11828345694281267,0.026068438718178072,0,"2.510327,15.240532,13.068154,24.061012,4.7e-5,38.964067"
0.8,5,56,0.005165172259588497,-0.053502173761889656,0.026013856136853197,0,"1.848207,14.484972,14.61551,27.353559,0.161424,28.176112"
0.8,5,57,0.004137365607877023,-0.06792425360165331,0.020937587466325402,0,"1.968304,14.220883,14.378859,26.591532,0.344296,29.946256"
0.8,5,58,0.006314556099396738,-0.03846728487416877,0.03169495468179857,0,"1.760358,11.805002,15.179863,26.917453,14.634376,25.003086"
0.8,5,59,0.005703222339834736,-0.1074520572844428,0.02891700292538607,0,"2.38035,14.667943,13.420105,24.537086,0.002813,36.637237"
0.8,5,60,0.003987307957318265,-0.08519389517084994,0.020257058308965764,0,"2.150779,12.496196,17.098496,25.274811,0.802814,31.167653"
0.8,5,61,0.003224402784467705,-0.07692267235786128,0.016413291320449525,0,"2.056564,14.137976,14.19672,26.685233,0.309165,29.201655"
0.8,5,62,0.004604769601423745,-0.08487567820457602,0.02334001070922781,0,"2.15283,13.177343,11.91894,28.00849,1.870272,36.45366"
0.8,5,63,0.004688316380360692,-0.06112625947706059,0.023662424515196512,0,"1.926676,13.241385,13.507582,23.117716,6.168393,34.938113"
0.8,5,64,0.004569084929890544,-0.10577814241777386,0.023245291927196626,0,"2.348109,14.560924,13.89831,24.359913,4.599715,28.1568"
0.8,5,65,0.006642398165352687,-0.11809252777076883,0.033650710227618896,0,"2.51087,14.987684,13.104466,24.576466,0.000187,36.716497"
0.8,5,66,0.0054760759861490725,-0.05540482250362261,0.027574424795963892,0,"1.880106,12.124741,14.864223,26.956834,11.92098,25.082346"
0.8,5,67,0.0046873856590195105,-0.06779098001825701,0.023684407807363222,0,"1.9815,12.601897,14.57093,26.560106,8.503406,27.021371"
0.8,5,68,0.004328724095315181,-0.11586912742289349,0.02208501197429319,0,"2.48019,13.657874,14.815557,29.563047,0.120869,24.221816"
0.8,5,69,0.005197400188874117,-0.12459110014362729,0.026458906438506596,0,"2.593132,14.649356,13.83375,27.121638,0.000368,31.205373"
0.8,5,70,0.004218434743906117,-0.07874929699125952,0.021385785122373255,0,"2.080279,12.94314,14.448067,26.653695,5.771238,27.718705"
0.8,5,71,0.00321985025924754,-0.10890151293621579,0.016518339008973593,0,"2.388013,13.995841,17.32879,25.221656,0.824822,18.861432"
0.8,5,72,0.014168347831784169,-0.11240170710434225,0.07122012586147675,0,"2.427803,14.132258,18.230432,24.757183,0.695913,15.929394"
0.8,5,73,0.0028902423093639107,-0.0906507053835665,0.014799015353000822,0,"2.204889,12.4239,16.492907,29.15748,0.016669,24.059836"
0.8,5,74,0.0030754370478549196,-0.08814770736884366,0.015714062006743232,0,"2.181254,12.067731,16.92534,29.957075,0.003951,23.377008"
0.8,5,75,0.0024232652735301195,-0.0678690675086336,0.01237542721047466,0,"1.988634,12.915624,16.134778,23.819157,2.020106,27.940826"
0.8,5,76,0.00523971119369944,-0.05876063647544092,0.026407191323075896,0,"1.909836,12.791916,16.354648,22.861842,2.609212,28.560662"
0.8,5,77,0.002849341732200615,-0.10538151332241887,0.014653581133159593,0,"2.352167,13.621187,17.064504,25.783664,0.000718,24.517978"
0.8,5,78,0.003983340861893576,-0.10508418454117527,0.020316724323309276,0,"2.347531,14.443128,14.402745,27.332164,0.015457,18.852472"
0.8,5,79,0.0017284085040863058,-0.1018806011181493,0.009040524400503624,0,"2.314428,14.118639,14.852037,26.989272,0.031762,20.905002"
0.8,5,80,0.007002895729063842,-0.06327614139966699,0.035232350860057826,0,"1.929007,13.347613,18.737222,25.398417,0.053391,23.016929"
0.8,5,81,0.004096393910887237,-0.1094209266532665,0.020898754506542716,0,"2.413395,13.660804,14.194557,26.861184,0.145279,25.068361"
0.8,5,82,0.0016967042374895992,-0.0739187459874823,0.008770425745652274,0,"2.041928,13.116126,15.920987,24.34751,1.307838,26.768189"
0.8,5,83,0.0038106644189133433,-0.1047902639599152,0.019453030120286097,0,"2.345866,13.704095,16.69576,25.984598,0.001353,23.915816"
0.8,5,84,0.0029384860624525997,-0.09260824975557502,0.015047815495789513,0,"2.223048,12.706356,16.219429,28.796112,0.018566,23.53403"
0.8,5,85,0.002878817850181635,-0.10774163788408946,0.014810245556887647,0,"2.37571,14.016308,16.915997,25.516258,0.526969,19.202027"
0.8,5,86,0.002987721301974416,-0.08145818523912177,0.015249190060767803,0,"2.09894,14.134753,14.305939,26.735906,0.216812,27.818879"
0.8,5,87,0.0036849086502701613,-0.11459644741205291,0.018864064976023,0,"2.480129,13.789309,13.547027,27.126326,0.133775,24.716373"
0.8,5,88,0.002720111005003613,-0.0876427780830972,0.013937188948402054,0,"2.163758,13.589735,13.891379,27.185863,3.261889,23.732351"
0.8,5,89,0.011605619580668877,-0.06361245779805516,0.05822432341112549,0,"1.933479,13.437997,17.154897,26.063981,0.845314,22.603787"
0.8,5,90,0.003198715746738028,-0.10722648881739459,0.016406078610349373,0,"2.386559,13.730757,14.148338,26.949269,0.188556,24.364275"
0.8,5,91,0.002043679601118333,-0.07298924393500049,0.010499855126205465,0,"2.021851,13.496549,16.553585,26.241038,0.650519,22.955884"
0.8,5,92,0.0009230352535448471,-0.09778058972932001,0.005001297329312204,0,"2.28019,12.879818,17.145199,26.289445,0.799426,17.880282"
0.8,5,93,0.011294470904434459,-0.10030686325825942,0.056816765209995346,0,"2.310788,12.670662,17.618409,26.215035,0.957021,16.223849"
0.8,5,94,0.0018616763282416047,-0.08954451026456271,0.00965690277948679,0,"2.174036,14.366036,15.540299,23.393683,4.169859,20.280548"
0.8,5,95,0.004151326745657956,-0.06523934719747963,0.020996594522557144,0,"1.960416,13.17266,14.385165,25.966012,2.170521,24.972058"
0.8,5,96,0.0021131919329786548,-0.10108846824337653,0.010959354183683101,0,"2.304998,13.8757,16.494192,25.591217,0.711769,20.163699"
0.8,5,97,0.0007037859835658888,-0.09271297367348817,0.003885895916606791,0,"2.213591,13.694554,18.277388,23.764859,0.071574,19.252184"
0.8,5,98,0.0009719335851628488,-0.09361594059763054,0.005228902785419348,0,"2.221927,13.712024,19.00839,23.194691,0.027721,18.505489"
0.8,5,99,0.0015221586564487196,-0.07445440548681237,0.007900710193996852,0,"2.044276,13.348208,16.268973,24.750718,0.556733,22.516997"
0.8,5,100,0.008467434412913725,-0.1026830640424031,0.04270519912161663,0,"2.336023,13.677911,16.114709,23.604124,0.58057,19.578516"
0.8,5,101,0.0018022276001316867,-0.07847893754967672,0.009315738012844299,0,"2.073308,13.526776,16.480439,25.801553,0.638461,22.39299"
0.8,5,102,0.002265025763698039,-0.08500949327261505,0.011653513278302358,0,"2.146922,12.528672,17.441375,27.254102,0.002727,22.958"
0.8,5,103,0.001718857421140348,-0.08862792145976153,0.00893985893260818,0,"2.16951,14.059808,15.857145,24.037087,2.558615,20.72679"
0.8,5,104,0.009242868930426829,-0.09790034559105527,0.04655938664785053,0,"2.281281,13.545608,16.293471,24.258077,0.379607,20.290158"
0.8,5,105,0.0019993853264362073,-0.08200054222786674,0.010314614186905602,0,"2.107578,13.529915,16.449278,25.544307,0.588035,22.042518"
0.8,5,106,0.01158718884728116,-0.09691927135098918,0.058265355965843924,0,"2.269054,13.015607,17.333897,25.868681,0.569448,18.108932"
0.8,5,107,0.0029358538948475333,-0.07770757566662723,0.014975124652251925,0,"2.072222,13.405932,16.603709,24.586408,0.410251,21.972862"
0.8,5,108,0.0014549346224030598,-0.07725410340991598,0.0075761134122427215,0,"2.070257,13.212531,16.313721,24.250401,0.909213,25.515521"
0.8,5,109,0.0026477732935895693,-0.08937505749425363,0.013582783914010854,0,"2.17684,13.998933,16.260519,23.991715,1.810204,20.481022"
0.8,5,110,0.004139628411555394,-0.10037508205561714,0.021078563822177265,0,"2.29754,14.047958,15.422929,26.45187,0.036404,20.629532"
0.8,5,111,1.01e9,NaN,NaN,1,"2.096505,13.554739,16.779931,25.462104,0.463863,21.869522"
0.8,5,112,0.002574365644935034,-0.09702956676575819,0.01324669979194626,0,"2.269962,13.570433,16.624124,24.175874,0.292997,20.117162"
0.8,5,113,0.002789334271848445,-0.08111202591052037,0.014256862600284026,0,"2.097688,14.294507,15.833566,23.205029,0.182096,24.547163"
0.8,5,114,0.0014519785485224313,-0.07048704777033848,0.007534306627066445,0,"2.004731,13.344338,17.881413,21.539559,2.109748,23.332439"
0.8,5,115,0.0030274612739740123,-0.09171394290364678,0.015488673468016634,0,"2.204972,13.965833,17.126534,22.389404,0.826478,22.442302"
0.8,5,116,0.003193717931172352,-0.08015791226762,0.016272948356575667,0,"2.094181,13.499249,16.690847,24.220241,0.465125,22.051102"
0.8,5,117,0.001880142397643579,-0.07425302460607291,0.009688036050591597,0,"2.039114,13.402707,17.947409,21.910442,1.476287,22.652397"
0.8,5,118,0.0013763677552803718,-0.07989542404270633,0.00719422624632636,0,"2.093953,13.292868,16.640999,24.169477,0.641802,24.471632"
0.8,5,119,0.0065078582575739865,-0.09631795969567547,0.032891671455197447,0,"2.260541,13.59112,16.899668,24.107372,0.234358,19.972999"
0.8,5,120,0.002458171551613502,-0.08987172464795261,0.012637706949709615,0,"2.182953,13.948203,16.596664,23.953906,1.259782,20.276216"
0.8,5,121,0.004485429677543667,-0.0830511598030012,0.022736616410519828,0,"2.116882,14.194515,16.240869,23.298334,0.156442,23.664666"
0.8,5,122,0.008342015060364341,-0.08033553430224775,0.04198942801101968,0,"2.095596,13.454036,16.882656,24.449483,0.313472,21.519415"
0.8,5,123,0.00208542945294982,-0.09184822539116666,0.010783756409903866,0,"2.206408,13.92062,17.318343,22.618646,0.58724,21.910616"
0.8,5,124,0.0009395802230870914,-0.07345413654929253,0.004986730930701927,0,"2.025058,13.893369,17.44089,22.464516,0.959741,24.102904"
0.8,5,125,0.0017192777086357477,-0.08476209285870721,0.008926510404209359,0,"2.136003,13.189593,18.499695,22.995615,1.844299,20.557316"
0.8,5,126,0.003984632694417677,-0.07580764064449377,0.020206187846819545,0,"2.054905,13.183034,18.778244,22.020613,0.377002,24.039467"
0.8,5,127,0.0009264362581445445,-0.08764496910702578,0.004977783383767059,0,"2.161458,13.820675,16.960261,23.63169,1.064526,20.903424"
0.8,5,128,0.0019022868945901708,-0.07190335578952577,0.009789258637471487,0,"2.017276,13.177302,17.937204,23.693554,1.075343,22.069336"
0.8,5,129,0.0024529326921422677,-0.07528941043128182,0.012553267834601867,0,"2.048449,13.301189,17.83406,23.514403,0.980919,22.042883"
0.8,5,130,0.0015466053877395622,-0.0883165174913332,0.008078214793869276,0,"2.170123,13.799655,17.179782,23.653885,0.744995,20.628218"
0.8,5,131,0.0025257180815388513,-0.07680843573979607,0.01292290124940404,0,"2.056137,13.860234,17.580306,22.68124,0.675253,23.29445"
0.8,5,132,0.0021831250304277876,-0.08206414765408448,0.011232649093661617,0,"2.113761,13.359816,16.91373,24.102041,0.466053,23.601724"
0.8,5,133,0.007892018443922892,-0.08611636316535595,0.03976479287939649,0,"2.14888,13.273753,18.462644,23.123823,1.284152,20.339794"
0.8,5,134,0.001722846097618044,-0.0774941383218561,0.008915291749628018,0,"2.067902,13.451349,18.002406,22.219512,1.024986,22.085694"
0.8,5,135,0.011743553277000168,-0.09196589214629314,0.059026603350235796,0,"2.207605,13.882942,17.478184,22.809682,0.430278,21.467544"
0.8,5,136,0.001535406605129225,-0.07552313825568438,0.00797115442424462,0,"2.049621,13.263511,17.993901,23.705438,0.752225,21.599811"
0.8,5,137,0.0024441614268421717,-0.07855176667301551,0.012522491709193728,0,"2.074509,13.869286,16.853194,23.585169,0.160626,23.147566"
0.8,5,138,0.012813486758247169,-0.08796787484872969,0.06435495034029048,0,"2.173701,13.285823,17.493161,24.329061,0.236422,20.143948"
0.8,5,139,0.004172311177126361,-0.07878666195556394,0.0211555469864676,0,"2.075598,13.764498,17.565782,22.955877,0.575781,22.769367"
0.8,5,140,0.0033521452104983674,-0.07856409438663299,0.01705792450553284,0,"2.076693,13.335352,18.041149,23.715341,0.538448,21.20854"
0.8,5,141,0.004287499330442001,-0.08916219349776987,0.021772373053147942,0,"2.177351,13.782138,17.362716,23.672381,0.533704,20.398879"
0.8,5,142,0.0017123843213108438,-0.08013887781963171,0.008873603514318429,0,"2.091984,13.491883,18.048236,22.47707,0.718615,21.613443"
0.8,5,143,0.0034547988757121766,-0.08397283860509311,0.017592293439541717,0,"2.130309,13.415606,17.141007,24.045844,0.350509,22.8768"
0.8,5,144,0.002683258869331232,-0.08105970654987017,0.013726806366489153,0,"2.097508,13.840164,17.09056,23.615117,0.140749,22.498336"
0.8,5,145,0.002442089881228113,-0.07961124061021932,0.012516377990590855,0,"2.082145,13.83262,17.696487,22.861843,0.487975,22.620739"
0.8,5,146,0.002010611758175048,-0.0759417232085486,0.010346479204504933,0,"2.05362,13.421255,18.068892,23.154311,0.169752,22.957802"
0.8,5,147,0.003145353693640586,-0.07885369950267901,0.016026157109104544,0,"2.074622,13.78967,18.599897,22.48367,0.21231,20.506881"
0.8,5,148,0.004165694131376595,-0.08443953837056274,0.02114508372663859,0,"2.127526,14.021364,17.886004,22.403615,0.091979,21.941255"
0.8,5,149,0.003824106933159237,-0.0795474591643054,0.019419305197256154,0,"2.08514,13.449687,18.015291,23.49672,0.412745,21.330659"
0.8,5,150,0.0017629307432727418,-0.08231266313763037,0.009134769599314918,0,"2.112115,13.525661,18.086428,22.691701,0.516401,21.219899"
0.8,5,151,0.001966884322415611,-0.0789612641314401,0.010140126542061756,0,"2.080039,13.466805,18.103642,23.256069,0.147452,22.340199"
0.8,5,152,0.0024413794538566363,-0.08190216827256451,0.012521983958415028,0,"2.103892,13.809609,17.793303,23.012346,0.364992,22.059313"
0.8,5,153,0.00789933542266372,-0.08310173763442398,0.03978929476908721,0,"2.116731,13.815896,17.288364,23.640074,0.12596,21.95731"
0.8,5,154,0.0015438079069453258,-0.08129958537133827,0.008036201674537446,0,"2.097603,13.773818,18.546146,22.697201,0.178123,20.297764"
0.8,5,155,0.00867472778367758,-0.08104049807436035,0.04365414676392143,0,"2.099335,13.395219,18.080522,23.723594,0.398236,20.88248"
0.8,5,156,0.0017126564978938508,-0.08584342351240215,0.008897758425093771,0,"2.141803,13.966896,17.951235,22.630489,0.088229,21.493076"
0.8,5,157,0.003947830003418489,-0.08474850407587804,0.020058085947448512,0,"2.132703,13.596552,18.96435,22.377481,0.259762,20.263502"
0.8,5,158,0.01188131601949373,-0.08448626913492933,0.059684840333674716,0,"2.130039,13.633109,18.685019,22.587913,0.231036,20.545803"
0.8,5,159,0.012071744508189635,-0.08317383569159681,0.060630787096617955,0,"2.11681,13.760607,18.501353,22.875144,0.153557,20.123501"
0.8,5,160,0.0020829560369429855,-0.08702588920779032,0.010752131609936155,0,"2.153722,13.921506,18.005594,22.819551,0.085216,21.119594"
0.8,5,161,0.013522041683225676,-0.08408245812239266,0.06787865958902894,0,"2.128934,13.55381,18.118255,22.870561,0.383729,20.891947"
0.8,5,162,0.007788372962481543,-0.08138970973055727,0.03922819545587408,0,"2.102132,13.504763,18.132599,23.340867,0.130978,21.82553"
0.8,5,163,0.006875171812153847,-0.08378157240052504,0.03467630904133001,0,"2.122065,13.790433,17.873984,23.137765,0.28319,21.591458"
0.8,5,164,0.006765790146651947,-0.0847704778458734,0.03413389874589734,0,"2.132789,13.795672,17.453202,23.660872,0.114762,21.506456"
0.8,5,165,0.0014772104755923256,-0.08704236991669961,0.007726495362266161,0,"2.151278,13.935368,17.963119,23.662458,0.038325,20.914294"
0.8,5,166,0.0037360655076239895,-0.08896511750042842,0.01901717083728438,0,"2.175001,13.786825,17.400609,23.920313,0.065771,21.946338"
0.8,5,167,0.004272485900827627,-0.09311950844632878,0.021713194343579878,0,"2.214312,14.13669,17.525366,23.647739,0.061454,20.284578"
0.8,5,168,0.008463559541576984,-0.09400032608090543,0.04265114786434421,0,"2.22505,13.966439,17.667775,24.020832,0.015553,20.083023"
0.8,5,169,0.0010624845131933143,-0.08553239818550536,0.0056489032554531415,0,"2.139133,13.819768,17.839616,23.284943,0.180041,21.340052"
0.8,5,170,0.002312450840311715,-0.09328754119055901,0.011923480885435378,0,"2.216333,13.969231,18.217362,23.372416,0.04839,20.112557"
0.8,5,171,0.003962586287557785,-0.08499001947913853,0.020132758756948532,0,"2.135456,13.572394,18.375863,23.293774,0.084018,21.277095"
0.8,5,172,0.003204098333292019,-0.08640985699202886,0.016349781313115097,0,"2.148543,13.666443,18.234114,23.352768,0.07977,21.111675"
0.8,5,173,0.011290038304913343,-0.08841823289721423,0.056747117338816766,0,"2.165739,13.882132,18.778455,22.832019,0.083746,19.337115"
0.8,5,174,0.002407653322143173,-0.08873323238881008,0.012380818721549558,0,"2.173457,13.80271,17.63025,23.73893,0.068483,21.511467"
0.8,5,175,0.01259782099666066,-0.0917755049975302,0.06329291408920423,0,"2.200598,14.047936,17.743662,23.528284,0.065637,20.305041"
0.8,5,176,0.0035289307310200943,-0.08730310370516231,0.017975890179741383,0,"2.157195,13.730025,18.152372,23.382021,0.077227,20.977236"
0.8,5,177,0.001528379717070428,-0.08676399540607709,0.007980973593383067,0,"2.151493,13.798899,17.912578,23.364929,0.154951,20.992074"
0.8,5,178,0.0010167739382533336,-0.08786241793590643,0.005429889473536759,0,"2.161629,13.895233,18.015497,23.679525,0.042558,20.637276"
0.8,5,179,0.0035155593512997854,-0.0880042609782828,0.01791190189851355,0,"2.163668,13.88368,18.050893,22.977102,0.082781,20.808359"
0.8,5,180,0.0010757223106421052,-0.09319080616637397,0.0057456291487272965,0,"2.215876,13.923452,18.227366,23.437823,0.051667,19.969162"
0.8,5,181,0.004285264559439049,-0.08938673183003777,0.021762107616898507,0,"2.180132,13.784684,17.738106,23.743252,0.068989,21.13492"
0.8,5,182,0.003734792522522384,-0.08747052485964474,0.019004839872178325,0,"2.159347,13.671129,18.241326,23.42145,0.078344,20.80176"
0.8,5,183,0.009690922614162139,-0.08921223083853495,0.04876269929486998,0,"2.174982,13.837632,18.503576,23.138644,0.078903,19.685352"
0.8,5,184,0.003567007639069272,-0.08937045156453478,0.018174345655948554,0,"2.179273,13.793508,17.865685,23.642484,0.070554,20.893325"
0.8,5,185,0.013931909337503701,-0.09191046788569562,0.06995723132773357,0,"2.202475,13.99198,17.875143,23.534124,0.067092,20.049033"
0.8,5,186,0.001929499039347358,-0.08822921527666025,0.009990421636207225,0,"2.166518,13.724604,18.180296,23.440229,0.07635,20.676306"
0.8,5,187,0.005175370150690101,-0.08951600022676773,0.02620870604830927,0,"2.178234,13.846632,18.355655,23.245672,0.0765,19.885128"
0.8,5,188,0.013121537074339688,-0.08950350569819418,0.06589979959489634,0,"2.1791,13.802362,17.947346,23.576348,0.071513,20.725292"
0.8,5,189,0.0009301649590587658,-0.08880724188931571,0.005001052710140952,0,"2.170266,13.861786,18.059145,23.693747,0.046432,20.406427"
0.8,5,190,0.0007777792746922537,-0.09310961439414327,0.004257077753284558,0,"2.215495,13.885302,18.235703,23.492329,0.054563,19.849665"
0.8,5,191,0.01153961539934568,-0.08777522669866186,0.05799118671680625,0,"2.161809,13.781508,17.97338,23.431584,0.136554,20.702092"
0.8,5,192,0.0027692968051166236,-0.08898775043847579,0.014188246780556468,0,"2.174344,13.719596,18.196478,23.494334,0.075533,20.438952"
0.8,5,193,0.014898082129587592,-0.08864702596395686,0.07477022852327053,0,"2.171967,13.852159,18.088642,23.108395,0.080802,20.548996"
0.8,5,194,0.0035032750835689097,-0.09003645441449881,0.017858662572929618,0,"2.184982,13.777016,17.934302,23.66288,0.070723,20.619802"
0.8,5,195,0.001676312793438682,-0.0916750497956355,0.00873952464173422,0,"2.201502,13.721095,18.136823,24.071516,0.063307,19.874044"
0.8,5,196,0.005158417544600232,-0.09394984163839706,0.026141745344210543,0,"2.225003,13.771608,18.306567,23.961638,0.028329,19.444932"
0.8,5,197,0.0008290994020964111,-0.092940524867582,0.004512746363588796,0,"2.214436,13.773258,18.251036,23.873295,0.036996,19.654459"
0.8,5,198,0.007086724271290248,-0.09272648598543286,0.03576875854185113,0,"2.21154,13.774848,18.451223,23.80048,0.044938,19.205442"
0.8,5,199,0.0012271268063852472,-0.09049143035544485,0.006491108644703314,0,"2.189402,13.776655,18.020455,23.685813,0.065602,20.384075"
0.8,5,200,0.007293571291011472,-0.09422872791222041,0.036807963403302946,0,"2.227273,13.851288,18.130373,24.032853,0.040078,19.367999"
0.8,5,201,0.0022001348066631675,-0.08987910504422948,0.011348841611880878,0,"2.183142,13.741544,18.18546,23.584087,0.068018,20.26046"
0.8,5,202,0.0030639986343890136,-0.0933635807212265,0.015677769725104873,0,"2.218428,13.829339,18.14139,23.943099,0.044575,19.546491"
0.8,5,203,0.0009188295142477197,-0.09046774338856348,0.004951067477315538,0,"2.189012,13.756177,18.178115,23.643922,0.063415,20.141465"
0.8,5,204,0.00938481124784149,-0.09117637401162358,0.04724152021503891,0,"2.195863,13.861483,18.203791,23.313139,0.047953,20.022047"
0.8,5,205,0.0008833467858665018,-0.09157388512780074,0.0047782512186250875,0,"2.200562,13.744493,18.147985,23.94512,0.060452,19.898711"
0.8,5,206,0.0010066578987484856,-0.09159269963170429,0.0053942660262430026,0,"2.200543,13.785928,18.191562,23.735545,0.054363,19.867152"
0.95,1,1,0.0,0.0,0.0,0,"1.6,10.0,10.0,20.0,20.0,20.0"
0.95,1,2,0.0003195667248103533,-0.07983937369729821,0.007900382214241483,0,"2.203701,10.0,10.0,20.0,20.0,20.0"
0.95,1,3,0.0008414007156302951,-0.013695698912695356,0.017071161430516582,0,"1.6,15.024932,10.0,20.0,20.0,20.0"
0.95,1,4,0.0006468857837920928,-0.005072652554827423,0.01302107499938418,0,"1.6,10.0,15.024932,20.0,20.0,20.0"
0.95,1,5,0.0011398283651226817,-0.004242027064179408,0.022854311505167854,0,"1.6,10.0,10.0,30.025,20.0,20.0"
0.95,1,6,0.0009872527746437468,-0.0011846293855248373,0.019747815635564325,0,"1.6,10.0,10.0,20.0,30.025,20.0"
0.95,1,7,0.000660656889774375,-0.0003339228118839423,0.01320627605286042,0,"1.6,10.0,10.0,20.0,20.0,30.025"
0.95,1,8,-6.263560624388711e-5,-0.033444849014336725,-0.0006166433502550889,0,"1.793809,11.674956,11.674956,9.975047,23.341667,23.341667"
0.95,1,9,0.003084404844792162,-0.03627894175678864,0.06231508170751465,0,"1.826904,11.954119,11.954119,6.634648,23.898611,23.898611"
0.95,1,10,0.0003184487800761352,-0.04718784729384918,0.007258286413692139,0,"1.860211,12.233283,12.233283,16.658333,11.088904,24.455556"
0.95,1,11,-0.00030130762074050864,-0.03427408988064634,-0.005369575131945942,0,"1.950019,6.279625,12.977721,15.544445,18.143519,25.940741"
0.95,1,12,0.00019101690235875086,-0.02190107927470697,0.004232226327067379,0,"2.010653,4.827921,13.474014,14.801852,17.834105,26.930864"
0.95,1,13,-0.0004078099697889556,-0.06657647216068313,-0.006884362062663463,0,"2.071861,10.062034,13.970308,14.05926,17.524691,14.554321"
0.95,1,14,-0.0007538819661731623,-0.07502690492139635,-0.013638489640316387,0,"2.154314,10.072373,14.632033,13.069138,17.11214,11.975881"
0.95,1,15,-7.55232600462854e-5,-0.07698744087253778,-4.765616817931084e-5,0,"2.265643,10.086158,8.814512,11.748979,16.562071,21.904612"
0.95,1,16,0.01382090809119933,-0.008854320031804114,0.2763100838207698,0,"1.674494,10.114878,13.444145,8.998752,15.416095,22.539483"
0.95,1,17,4.329899042771757e-5,-0.07018115776281962,0.002197224581466456,0,"2.11235,10.019146,10.574012,18.166438,19.236016,20.423247"
0.95,1,18,-0.00041625505748097124,-0.049642537696517774,-0.00737451841497061,0,"2.091894,7.144245,10.657746,12.842999,27.042915,16.739825"
0.95,1,19,0.0034753586391387823,-0.023771067095319842,0.0698889341234632,0,"1.834039,8.399308,12.344931,9.560482,21.498088,19.544326"
0.95,1,20,-0.00014086581779778153,-0.06361185118681292,-0.001607084099306877,0,"2.065116,9.749157,10.869162,16.7321,19.613028,20.27676"
0.95,1,21,0.00393564999394373,-0.09540220800695069,0.08044519663437222,0,"2.536386,8.334851,13.20869,6.638859,20.605113,20.059827"
0.95,1,22,-0.00022141616521200043,-0.022936418813624272,-0.003988542803977167,0,"1.746099,9.722457,10.53477,17.772925,20.100852,20.009971"
0.95,1,23,-7.618639804603514e-5,-0.07015232103875094,-0.00019064321796646855,0,"2.302692,6.011223,11.153642,19.261858,16.183175,15.607595"
0.95,1,24,-3.934243037220365e-5,-0.0266318384235483,-0.0002805631142823728,0,"1.839869,6.240434,14.793967,19.992182,22.836472,14.945643"
0.95,1,25,-0.0007486846453689774,-0.07079019233442588,-0.01361506418883661,0,"2.192887,9.444924,9.811019,13.122842,17.607805,20.744784"
0.95,1,26,-2.9215759608144286e-5,-0.030308578510782155,-8.443756701323468e-6,0,"1.771203,11.4612,12.007153,10.432986,23.690244,22.955057"
0.95,1,27,-0.0006839205561350729,-0.06642321898641748,-0.01240396599596355,0,"2.211279,6.918496,11.295893,17.790374,17.434353,16.832172"
0.95,1,28,-0.000901041522251886,-0.04495628226730075,-0.017149511570388604,0,"2.046158,6.778135,12.433882,13.315473,19.534167,17.137695"
0.95,1,29,-0.0009316850322695324,-0.039560117907584014,-0.017864194210935602,0,"2.043004,6.283514,12.69467,12.746036,19.521023,16.614518"
0.95,1,30,0.013308478781670447,-0.07886123070330664,0.26740053847829326,0,"2.486378,5.660267,13.488253,10.599041,18.853066,16.272667"
0.95,1,31,-0.00041072012342529364,-0.03691685762331991,-0.007505476696965822,0,"1.863764,9.044912,11.027011,16.577274,19.892888,19.387087"
0.95,1,32,-0.00022506639795981886,-0.07827634695903725,-0.0030110663006739924,0,"2.236544,10.023821,10.395066,13.171775,21.393523,8.157633"
0.95,1,33,-0.0004873517553408924,-0.043071366084953266,-0.008919759391811916,0,"1.996947,6.903092,12.547275,15.149,18.685186,22.976842"
0.95,1,34,-0.0007991649688507353,-0.07644478450364878,-0.01451633213930606,0,"2.374497,6.543935,12.852521,11.662861,19.241586,15.907585"
0.95,1,35,0.0022577787845280465,-0.07500148339855714,0.04653406980532815,0,"2.231118,8.243777,13.953389,15.003749,9.491191,18.277433"
0.95,1,36,-0.0005174700929526575,-0.055112663314938304,-0.009292968287781533,0,"2.11492,7.327456,11.207014,13.203124,24.117615,16.996093"
0.95,1,37,7.691765045598124e-5,-0.08568138778598036,0.0031631362408124364,0,"2.369827,8.626632,11.617092,12.049126,19.659655,10.046877"
0.95,1,38,-0.0006017396421763685,-0.051057099213498075,-0.01105365430416673,0,"2.057816,7.190236,12.392244,14.632353,18.847597,20.82184"
0.95,1,39,0.0005982470246409442,-0.07391754616817348,0.013356017852162005,0,"2.228565,8.156256,13.352435,14.471408,12.470557,17.302831"
0.95,1,40,-0.0006492644744926618,-0.058663168170743185,-0.01185883046414496,0,"2.133745,7.465566,11.564582,13.414504,22.176438,17.047216"
0.95,1,41,0.0012378430553489906,-0.08038014924718223,0.02625782611655969,0,"2.312911,8.385352,11.891312,12.63623,18.850184,12.218881"
0.95,1,42,-0.0006905112081249039,-0.05646447788672834,-0.012724674408241987,0,"2.099744,7.389373,12.308755,14.299666,18.848029,19.388013"
0.95,1,43,0.0027696473981971485,-0.07274594119996378,0.05671840244429793,0,"2.223744,8.084507,12.967034,14.149132,14.411874,16.773766"
0.95,1,44,-0.0005503729801875789,-0.06133632683779418,-0.009832237156676804,0,"2.148672,7.568711,11.798323,13.536942,20.882344,17.001641"
0.95,1,45,0.0009065006139746487,-0.0708434092302466,0.019456580474393248,0,"2.318333,6.500524,12.826212,11.84339,19.288159,16.025407"
0.95,1,46,-0.0008632238518436147,-0.07082624799317992,-0.01590287544955231,0,"2.135643,9.440629,14.309139,13.015288,17.51362,12.748985"
0.95,1,47,-0.0008026197318726501,-0.06662344841609451,-0.014771777340206987,0,"2.167696,8.917779,10.291615,13.060041,17.926674,20.056407"
0.95,1,48,-0.0007251637844721188,-0.054086705319000034,-0.013462166122259103,0,"2.090255,7.20498,12.373074,14.040727,18.960194,18.925764"
0.95,1,49,-0.0001678932836628387,-0.06261679396201533,-0.0021659806073711096,0,"2.182971,6.812629,11.529022,16.949651,17.782132,16.795896"
0.95,1,50,-0.0007180093909577289,-0.055970817973455295,-0.013283458818840077,0,"2.118541,7.268466,11.75293,13.303093,21.733869,16.9751"
0.95,1,51,-0.0006132398233147216,-0.04480099481933305,-0.011402175389337757,0,"1.932477,8.808921,11.490597,15.861559,18.524345,18.013482"
0.95,1,52,0.00034649135809558285,-0.04911026920667881,0.007855067209628919,0,"1.980164,9.162115,12.774979,10.392625,20.277777,17.648854"
0.95,1,53,-0.0006823722437281154,-0.06087732245953162,-0.012478297450380815,0,"2.14877,7.20402,11.736681,15.856808,18.198073,16.938056"
0.95,1,54,-0.0006025411985843049,-0.07033150165009722,-0.010703821618715526,0,"2.306731,6.630922,12.895432,11.479112,19.426806,16.072794"
0.95,1,55,-0.0007346313644658255,-0.04977699901318704,-0.013733131176889055,0,"1.993469,8.445791,11.724736,15.13115,18.674755,17.690034"
0.95,1,56,0.0012741352345811403,-0.05334468285699093,0.02646978388202359,0,"2.034077,8.649373,12.645366,11.24198,19.911973,17.398879"
0.95,1,57,-0.0008191063008447627,-0.05985799971691731,-0.015229594427845966,0,"2.129527,7.444848,11.888128,15.087668,18.483723,17.01486"
0.95,1,58,-0.0007967040558680343,-0.05910272770277285,-0.01479633295804994,0,"2.06758,8.643713,12.674183,14.390543,15.292795,17.375088"
0.95,1,59,-0.0004628847620235303,-0.06266395623522308,-0.00805902105095041,0,"2.088203,9.186938,12.154407,13.769514,16.844003,14.907532"
0.95,1,60,-0.0008061876254790798,-0.05585073554499975,-0.015047540993233355,0,"2.089913,7.535204,12.33663,13.995525,18.607496,18.256059"
0.95,1,61,0.003990337885583682,-0.06889776655059203,0.08103478049563917,0,"2.219166,7.64234,13.006712,12.300552,17.107022,16.331937"
0.95,1,62,-0.0008024443971519821,-0.05322114029849279,-0.015022663613754511,0,"2.030584,8.311869,11.938398,14.659383,18.413466,17.463684"
0.95,1,63,-0.0006884731511190047,-0.057634054493696546,-0.01266175423276708,0,"2.131002,7.333916,11.812002,13.13077,21.529207,16.676415"
0.95,1,64,-0.0006740304792600925,-0.05911651820437301,-0.012345050688630121,0,"2.078111,8.425377,12.530486,14.180581,16.332197,17.258643"
0.95,1,65,-0.0006617671170481168,-0.06688341152472925,-0.011952604917075393,0,"2.12012,8.9142,14.04006,12.970412,17.848188,13.393239"
0.95,1,66,-0.0008707615532600462,-0.056873659255198036,-0.01631831322612602,0,"2.115033,7.251203,12.022551,14.697396,18.656606,16.948136"
0.95,1,67,-0.0008573348235739157,-0.05358137361013465,-0.01611253783505069,0,"2.082073,7.326491,12.396303,13.787277,18.75975,17.982468"
0.95,1,68,0.0017208483327428345,-0.06283830599848286,0.03557531914967815,0,"2.146766,8.478519,10.692118,13.007707,18.192399,19.482758"
0.95,1,69,-0.0007286525554591317,-0.051557668333806844,-0.013579875535304986,0,"2.032652,7.973639,12.064443,14.340492,18.598059,17.322157"
0.95,1,70,-0.0010151111403242366,-0.056639443766708486,-0.019206866508408846,0,"2.063478,8.250149,12.677598,14.116458,15.997499,17.248326"
0.95,1,71,-0.000925325605691334,-0.046326639151250876,-0.017608697272680218,0,"2.005908,6.854483,14.606439,14.544984,18.267976,13.686857"
0.95,1,72,-0.00045967863545258805,-0.024535202465558292,-0.008718685177029117,0,"1.994328,5.734034,11.447278,15.107136,18.752117,19.874249"
0.95,1,73,-0.0008143473438359837,-0.06222010637175859,-0.01508967518047577,0,"2.098995,8.383749,13.607929,13.326533,17.998843,14.473407"
0.95,1,74,-0.0009546918000726533,-0.05484200233689178,-0.018033804152899208,0,"2.103502,6.809413,13.937388,13.399069,17.802507,14.995747"
0.95,1,75,-0.0008125267597006195,-0.036950427757586946,-0.015532944122495729,0,"2.038604,5.875822,12.50372,14.437207,18.336278,18.018611"
0.95,1,76,0.00010624504827656445,-0.05908820674266922,0.0032443325610809204,0,"2.088894,7.96545,13.423894,13.511645,18.055082,15.064274"
0.95,1,77,-0.000897174088323539,-0.05529039954171305,-0.016876088087091123,0,"2.096815,7.04944,13.727423,13.518634,17.501672,15.371177"
0.95,1,78,-0.0007442810924369525,-0.043517448458261776,-0.014044745582449614,0,"2.046412,6.611032,12.691825,12.97444,18.933769,16.720153"
0.95,1,79,-0.0009718210809889032,-0.04817715469690473,-0.01850255312740945,0,"2.015468,7.087008,14.284966,14.473563,17.889563,14.280435"
0.95,1,80,-0.0008607289677359998,-0.05707557257048701,-0.016114029446434294,0,"2.106415,7.41766,12.131726,14.600573,18.213422,16.998168"
0.95,1,81,-0.0008879191362984332,-0.054216192949002984,-0.01671156349644115,0,"2.07897,7.480406,12.443186,13.84214,18.299375,17.860111"
0.95,1,82,-0.0009394792106207252,-0.06134446706245514,-0.017606432905322517,0,"2.093063,8.361482,13.452874,13.458187,17.665285,14.935893"
0.95,1,83,-0.00047679490677054667,-0.06479163559709336,-0.008296560498567584,0,"2.104981,8.604758,13.547431,15.028746,16.25517,15.511217"
0.95,1,84,-0.0008592632338633042,-0.04815731249055105,-0.016254021718227374,0,"2.056139,6.943133,12.834426,13.316824,18.487336,16.518664"
0.95,1,85,-0.0007095754291560662,-0.06193672765186633,-0.013001709048687166,0,"2.095186,8.272348,13.40483,14.686362,16.701603,15.712707"
0.95,1,86,0.0016200103836610826,-0.05084485115918405,0.03333292691832779,0,"2.062632,7.164595,12.929493,13.54508,18.189714,16.384337"
0.95,1,87,-0.0010218105676331596,-0.04960863427092338,-0.019474173128387243,0,"2.023445,7.280813,14.017071,14.414045,17.574219,14.775083"
0.95,1,88,-0.0009435506194082314,-0.060590217087641424,-0.017702096167332093,0,"2.088124,8.342927,13.323661,13.567899,17.387321,15.321299"
0.95,1,89,-0.0009732543235285768,-0.05561431312380495,-0.0183900244967225,0,"2.091248,7.249502,13.552452,13.618271,17.250977,15.684035"
0.95,1,90,-0.0009092799434585158,-0.0547217666317049,-0.017128756546621285,0,"2.076386,7.608679,12.482254,13.88786,17.915729,17.758147"
0.95,1,91,-0.0008950607581025689,-0.05707665946747485,-0.016799958673495846,0,"2.099241,7.556387,12.222704,14.519887,17.844101,17.039861"
0.95,1,92,-0.0008303274100896747,-0.04982523521880683,-0.015644224508128024,0,"2.057362,7.160897,12.808288,13.450096,18.072363,16.640274"
0.95,1,93,-0.0009043788145781934,-0.06108933218946109,-0.016909969010953138,0,"2.089891,8.268649,13.283625,14.591378,16.584252,15.968643"
0.95,1,94,-0.0008141906071742116,-0.05570127752970174,-0.01521027759282706,0,"2.044973,8.110459,14.22285,13.545417,16.392565,15.211984"
0.95,1,95,-0.0007920514025815076,-0.05696034183820446,-0.014744037519185071,0,"2.090167,7.648723,12.556061,14.357475,17.602178,16.735215"
0.95,1,96,-0.0009342736979223062,-0.05559568615685816,-0.017611544377088714,0,"2.056789,8.088568,12.900843,14.166056,16.260286,16.836119"
0.95,1,97,-0.001029444282078651,-0.05465190032414152,-0.019530968566847468,0,"2.079901,7.25472,13.629888,13.7509,17.30485,15.532543"
0.95,1,98,-0.0006830135863896974,-0.05885647842549299,-0.01252946916854103,0,"2.077301,8.165879,13.439229,13.708923,17.418471,15.230263"
0.95,1,99,-0.0009307548969573837,-0.05390603116037117,-0.01757331003706354,0,"2.067534,7.55403,12.738057,13.975558,17.858811,17.26097"
0.95,1,100,-0.0009124550502878592,-0.05927445013463431,-0.01710578067252659,0,"2.078772,8.103983,13.405866,14.561822,16.749247,15.769717"
0.95,1,101,-0.0004705922690580275,-0.055908310449336265,-0.008341246236386768,0,"2.08655,7.510455,12.521765,14.502247,17.799121,16.662398"
0.95,1,102,-0.0009699895421190837,-0.05474550728433368,-0.018341284919060258,0,"2.04138,7.972164,14.188554,13.690188,16.589507,15.139167"
0.95,1,103,0.00044757731701638146,-0.050388926915271845,0.009899036914802983,0,"2.038633,7.252249,13.520863,14.477267,16.693836,16.540937"
0.95,1,104,-0.0008717257640813263,-0.05750773433804662,-0.016325542786417208,0,"2.070842,8.013583,13.452835,13.83698,17.297698,15.448709"
0.95,1,105,-0.0009156065892806798,-0.051864473921262935,-0.01730939738372586,0,"2.045063,7.404492,13.507257,14.34921,16.814608,16.322491"
0.95,1,106,-0.0010240916492440968,-0.047185278602981384,-0.019565746944480794,0,"2.025985,7.081029,13.588024,13.553497,17.384847,16.185741"
0.95,1,107,0.0005781106251638311,-0.05360023377472016,0.012568048896100192,0,"2.053221,7.672553,13.513554,13.500872,17.509565,15.587383"
0.95,1,108,-0.000887557958591902,-0.05215609945054689,-0.01674344983244519,0,"2.046422,7.449166,13.508307,14.20782,16.930435,16.199973"
0.95,1,109,0.0007243895857534838,-0.04845060907413608,0.015392960327151095,0,"2.034941,7.109976,13.595001,13.586398,17.371514,16.076875"
0.95,1,110,-0.0009871692631660523,-0.050496473578173634,-0.018765187078257473,0,"2.032822,7.276464,13.95254,14.303521,17.529324,14.901327"
0.95,1,111,0.0005310864672769344,-0.054822683829509486,0.011651708629669688,0,"2.047785,7.852574,14.095443,13.700307,16.708731,15.20473"
0.95,1,112,-0.0008789967635769592,-0.05548494346671256,-0.016509212133538093,0,"2.060636,7.949572,13.02235,14.096864,16.43438,16.618857"
0.95,1,113,-0.0008851032195566286,-0.05403799860067525,-0.01665868373398574,0,"2.069593,7.504142,12.886695,13.938115,17.766484,16.972899"
0.95,1,114,-0.0009169685232184581,-0.05231686402483485,-0.017328022025871415,0,"2.050857,7.379529,13.527696,14.249491,16.896315,16.190833"
0.95,1,115,-0.000911450922600724,-0.05856793951445196,-0.01709912847276711,0,"2.07896,7.962418,13.443203,14.426669,16.841847,15.730188"
0.95,1,116,-0.0009273661472557626,-0.05362911054434834,-0.01751085898578683,0,"2.076461,7.256378,12.725348,14.55488,17.549003,16.777486"
0.95,1,117,-0.0009683609603435895,-0.05234928017321257,-0.018354228654925808,0,"2.068854,6.928435,13.69944,14.310995,18.194895,15.416235"
0.95,1,118,0.0013059012635947911,-0.053383626830425815,0.02710520897270119,0,"2.059651,7.181799,14.10601,14.594038,17.005594,14.543305"
0.95,1,119,-0.0008893748283351524,-0.0539456598218921,-0.016745783246840243,0,"2.067935,7.450413,13.089914,14.047435,17.639669,16.567967"
0.95,1,120,-0.0006573063889039539,-0.05350015037957212,-0.012117507413453743,0,"2.061307,7.235518,13.902791,14.484717,17.132409,14.948238"
0.95,1,121,-0.0009359824481716465,-0.053881833450681704,-0.017678215911958006,0,"2.06683,7.414595,13.225393,14.120315,17.555126,16.298012"
0.95,1,122,-0.0008934340038010741,-0.04628842001145439,-0.016972227867935896,0,"2.046282,6.541311,13.476899,14.003366,18.167991,15.975291"
0.95,1,123,-0.0009398499907674896,-0.05677166467360715,-0.017700637549002238,0,"2.073503,7.725477,13.448819,14.356118,17.062871,15.771038"
0.95,1,124,-0.000538708156846584,-0.05500289214626766,-0.009719388797355233,0,"2.081933,7.239127,13.366113,14.216085,18.169041,15.374714"
0.95,1,125,0.0005830568156881364,-0.05277586130468308,0.012651226452099595,0,"2.056026,7.356128,13.500765,14.243924,17.108436,16.054813"
0.95,1,126,-0.0009970499840729228,-0.05119153470693254,-0.018949411110915804,0,"2.040646,7.27284,13.898765,14.211418,17.491912,15.006529"
0.95,1,127,-0.0008504365583549,-0.0527456428954976,-0.015990573378704825,0,"2.070694,6.982809,13.687848,14.217646,18.046554,15.43562"
0.95,1,128,0.0002663474076310821,-0.05645449358165826,0.0063931903403328105,0,"2.074569,7.64701,13.478997,14.255249,17.103201,15.731289"
0.95,1,129,-0.0009338331010720999,-0.053932260672137466,-0.017634314753917454,0,"2.069007,7.387948,13.292809,14.058746,17.513413,16.170434"
0.95,1,130,-0.000700871022683535,-0.05380476668490698,-0.012982147738918537,0,"2.077034,7.256101,12.876105,14.420883,17.508311,16.569995"
0.95,1,131,0.0005886356704363589,-0.05271346274877739,0.012761507693260676,0,"2.055689,7.358727,13.544728,14.166393,16.964405,16.081118"
0.95,1,132,0.0003820650634238633,-0.054944384167775084,0.008676567999665319,0,"2.081594,7.241726,13.410076,14.138554,18.025009,15.401019"
0.95,1,133,-0.0009578573569533304,-0.054580073665567636,-0.0181020237157051,0,"2.07727,7.261226,13.432518,14.143194,17.848242,15.514369"
0.95,1,134,-0.0008245713059142949,-0.05023923451827625,-0.015521359303135501,0,"2.063594,6.824984,13.460314,14.012347,18.13456,15.678541"
0.95,1,135,-0.0008564042764011378,-0.05204398767587183,-0.01612312663554563,0,"2.056661,7.07205,14.257943,13.710534,17.9382,14.542684"
0.95,1,136,-0.0005468262839679026,-0.055836219240034686,-0.00986577174205533,0,"2.067774,7.585642,13.93961,14.018465,17.246497,15.055519"
0.95,1,137,-0.0007677146683033586,-0.05136119452416722,-0.014364066603504477,0,"2.06429,6.951728,13.540196,14.013367,17.986549,15.574704"
0.95,1,138,-0.0010414681193760672,-0.051771551803148366,-0.01982587702623527,0,"2.047173,7.26982,13.853952,14.134665,17.460735,15.094198"
0.95,1,139,-0.001005349123290055,-0.05457900525668331,-0.01905093043548861,0,"2.077708,7.260141,13.465413,14.077812,17.757677,15.517398"
0.95,1,140,-0.0009757358217153168,-0.054117322277743546,-0.018468019291737456,0,"2.070822,7.365743,13.348989,14.007439,17.478653,16.064119"
0.95,1,141,-0.001002462190282243,-0.05247080301445324,-0.019033265283087145,0,"2.060529,7.102493,14.153267,13.717262,17.832641,14.70766"
0.95,1,142,0.000536313229102989,-0.05307083864454551,0.011722887628677459,0,"2.072228,7.028124,13.678188,14.139855,17.922937,15.451774"
0.95,1,143,0.00025895023423159374,-0.0510804894364114,0.006143390593330356,0,"2.066309,6.896595,13.488576,13.968773,17.996275,15.654208"
0.95,1,144,-0.001014265086550967,-0.053185717285298625,-0.019255517585013635,0,"2.061905,7.355049,13.635174,13.745762,17.354007,15.404935"
0.95,1,145,-0.0010197303694868198,-0.05567006600778436,-0.019317558577011465,0,"2.066352,7.639486,13.873652,13.842507,17.06658,15.11941"
0.95,1,146,-0.000744251396299237,-0.053337591166394305,-0.013857755937885352,0,"2.060354,7.261479,14.188126,13.748864,17.446844,14.394596"
0.95,1,147,-0.0008408906113812237,-0.05395641798598161,-0.01577686342246834,0,"2.069076,7.348365,13.488845,13.964343,17.473351,15.785865"
0.95,1,148,-0.001009872162230292,-0.054170381344351065,-0.01914905694212103,0,"2.074436,7.257237,13.667232,13.814861,17.330831,15.459486"
0.95,1,149,-0.0010070157085148826,-0.05499132306273244,-0.01907640262947624,0,"2.063152,7.57787,13.870368,13.8912,17.132272,15.115208"
0.95,1,150,-0.0007538087070659086,-0.05294184917453319,-0.014056222784217809,0,"2.059448,7.340844,13.671637,13.810579,17.371795,15.353145"
0.95,1,151,-0.0009809642642526404,-0.05412266362870713,-0.01857238229381354,0,"2.07261,7.261755,13.530169,14.087287,17.708186,15.446864"
0.95,1,152,-0.0008353705559082232,-0.05235538512960762,-0.015696961838863044,0,"2.058301,7.13038,14.103381,13.786829,17.770657,14.772083"
0.95,1,153,-0.0009908143883377264,-0.05372081847601298,-0.018776815400309954,0,"2.066874,7.349755,13.43315,14.028643,17.475666,15.902465"
0.95,1,154,-0.0010036513057099863,-0.054129221787973913,-0.01902554535487333,0,"2.068058,7.27475,13.814447,14.103916,17.587654,15.243623"
0.95,1,155,-0.00099143694013614,-0.05529129207313216,-0.018759444808524747,0,"2.072462,7.533368,13.286392,14.233362,17.127792,15.981865"
0.95,1,156,-0.0009414913005936532,-0.05391332424398622,-0.017787685166071238,0,"2.058104,7.49251,13.778344,13.981595,16.996797,15.485417"
0.95,1,157,-0.001018005143535966,-0.05409374075540181,-0.019313008787579092,0,"2.07019,7.300211,13.571532,14.069672,17.589621,15.45329"
0.95,1,158,-0.0005075238185306508,-0.05444030824865491,-0.009107003510378187,0,"2.064937,7.387986,13.921492,14.053916,17.267302,14.880092"
0.95,1,159,-0.0010014643289138197,-0.05375987422507475,-0.018988860107892067,0,"2.066551,7.356127,13.51454,14.032855,17.440939,15.73207"
0.95,1,160,-0.0010497373728308198,-0.052384847845639904,-0.01997945589165756,0,"2.057388,7.145321,14.144299,13.782361,17.71956,14.717427"
0.95,1,161,-0.0010229171809208882,-0.05190264852655581,-0.01945274055585733,0,"2.054879,7.080657,14.287283,13.707195,17.818188,14.506687"
0.95,1,162,-0.0010185882331315952,-0.053348057486373265,-0.01933881275763316,0,"2.060237,7.252267,14.12607,13.89937,17.499286,14.629008"
0.95,1,163,-0.0006365677220560534,-0.052823164707451395,-0.011715998313366116,0,"2.056128,7.326148,13.930037,13.760127,17.323114,14.912583"
0.95,1,164,0.0002505622144302874,-0.053903320841172137,0.006029378006581432,0,"2.066068,7.283316,13.833712,14.046618,17.543564,15.188449"
0.95,1,165,-0.0010452433004630353,-0.05182096501911815,-0.019900367306590852,0,"2.048874,7.24907,13.902343,14.075948,17.503873,15.031403"
0.95,1,166,-0.0008417180598870378,-0.053187803382185095,-0.015807984948530696,0,"2.059762,7.234442,14.129108,13.879869,17.535998,14.643744"
0.95,1,167,-0.00042938309868426685,-0.05378836277761721,-0.007558124955954648,0,"2.068055,7.274395,13.666993,14.021787,17.611278,15.330646"
0.95,1,168,5.094073929010411e-5,-0.05383820415734318,0.002039700963827773,0,"2.071592,7.238584,13.746743,13.809445,17.395619,15.335809"
0.95,1,169,-0.0008704099183283568,-0.054571711907273314,-0.01635498085946946,0,"2.062191,7.505771,13.916023,13.87306,17.230153,15.048911"
0.95,1,170,-0.0008040203579930784,-0.053833707414828916,-0.015042524194785023,0,"2.066278,7.253178,13.869422,14.050324,17.609639,15.155923"
0.95,1,171,-0.0005901741285628266,-0.052684474422924996,-0.010791685871349599,0,"2.04927,7.315468,14.12932,14.085005,17.674547,14.640209"
0.95,1,172,-0.0010045030011769148,-0.05238450381174328,-0.019075678772342813,0,"2.046544,7.293346,14.363179,13.893735,17.479979,14.415226"
0.95,1,173,-0.0005417443893528,-0.05340342440105124,-0.009810412311124894,0,"2.06441,7.244901,13.978805,13.766761,17.351853,15.030669"
0.95,1,174,-0.001022547484669004,-0.05280459297788147,-0.01942823419260771,0,"2.051791,7.303706,14.104234,14.031964,17.620765,14.705286"
0.95,1,175,-0.0008222063640340203,-0.05191965810998364,-0.015442211565025676,0,"2.042588,7.324034,14.316973,13.795322,17.42047,14.364742"
0.95,1,176,-0.0008730202370377985,-0.05224344076997439,-0.016451328038088353,0,"2.04653,7.312224,14.242381,13.837822,17.451998,14.496606"
0.95,1,177,-0.000920856428461449,-0.052248791100710054,-0.017406994543771703,0,"2.044681,7.3687,14.095045,13.951762,17.466111,14.827875"
0.95,1,178,0.0003413270180350932,-0.05003097292741367,0.007769359486835881,0,"2.036434,7.051717,14.367804,13.984804,17.850608,14.34903"
0.95,1,179,0.0003303817995587712,-0.053832634226387385,0.007622833208268509,0,"2.057891,7.430086,13.99132,13.891684,17.333563,14.932264"
0.95,1,180,-0.0009210304403381034,-0.05196401738665288,-0.017415876599815833,0,"2.050292,7.231778,13.942669,14.027017,17.53982,14.979074"
0.95,1,181,-0.0005618654120647192,-0.05274062886262104,-0.010225011281622953,0,"2.052724,7.277308,14.110912,13.990364,17.637231,14.707309"
0.95,1,182,-0.000893981944161289,-0.05238807514955762,-0.016867398057326843,0,"2.04835,7.268674,14.326699,13.875173,17.519909,14.465593"
0.95,1,183,-0.0003820201738963601,-0.05227630280200771,-0.006640513211477572,0,"2.046797,7.331467,14.103254,13.923528,17.508353,14.809467"
0.95,1,184,-0.0010565818623285395,-0.05226740418340163,-0.02011843812895718,0,"2.048339,7.284406,14.226034,13.828579,17.496592,14.533409"
0.95,1,185,-0.001047258124647828,-0.05424325722578904,-0.019894645959706844,0,"2.06139,7.44569,13.954069,13.857944,17.311721,14.993664"
0.95,1,186,-0.0008582485933409486,-0.05304915842169318,-0.01614089695984694,0,"2.059366,7.219588,14.13164,13.863617,17.566591,14.656025"
0.95,1,187,-0.0010777645613748801,-0.052698684960179515,-0.020533482730523647,0,"2.055648,7.254506,14.130892,13.754533,17.414167,14.741088"
0.95,1,188,-0.001015995000339653,-0.0526950483686818,-0.019299394693094996,0,"2.056135,7.250705,14.134222,13.715228,17.37699,14.746718"
0.95,1,189,-0.000966064291409783,-0.052292035549290475,-0.01830942772503409,0,"2.047771,7.323866,14.109914,13.844918,17.433998,14.820727"
0.95,1,190,-0.0009502096497632364,-0.052834349368850606,-0.017982357999257292,0,"2.058593,7.293175,13.842594,13.823278,17.452044,15.129536"
0.95,1,191,-0.000644720842065444,-0.05360970610438057,-0.011863968456868768,0,"2.059417,7.350541,14.193265,13.603521,17.402873,14.66621"
0.95,1,192,-0.0008933256380522366,-0.052231581791781806,-0.016857255451549313,0,"2.051812,7.251571,13.984435,13.956434,17.516996,14.92693"
0.95,1,193,0.0013724123276814002,-0.05233472919327968,0.02841419221608421,0,"2.049557,7.279422,14.210177,13.816238,17.482854,14.568022"
0.95,1,194,-0.0009997776666103605,-0.05243954104217946,-0.01898022183057521,0,"2.057098,7.163518,14.142064,13.777723,17.668661,14.72137"
0.95,1,195,-0.0009220808290036979,-0.0540027536770223,-0.017398166094116402,0,"2.060433,7.413824,13.98354,13.840709,17.328795,14.951568"
0.95,1,196,-0.0010617046636679686,-0.05233034925136544,-0.020219597040542867,0,"2.049083,7.312306,14.11341,13.829854,17.430693,14.807454"
0.95,1,197,-0.0010246294265182333,-0.05284246724357884,-0.019469112540196454,0,"2.058102,7.28673,13.890643,13.81182,17.445731,15.064795"
0.95,1,198,-0.0007368700664276761,-0.05198450505733912,-0.013735959772691375,0,"2.051185,7.235566,13.97404,13.981603,17.518878,14.939409"
0.95,1,199,-0.000981676355550655,-0.053126076763162,-0.01860552612638662,0,"2.060962,7.276057,13.868019,13.849176,17.452787,15.173872"
0.95,1,200,-0.0010044340211183805,-0.05373389013416413,-0.01904868782199648,0,"2.062593,7.333413,14.068817,13.639669,17.394733,14.880639"
0.95,1,201,-0.0010149953824372632,-0.05168228228728916,-0.019298645639647102,0,"2.054061,7.128364,14.087742,13.71355,17.606795,14.844838"
0.95,1,202,-0.0007855368497328675,-0.05212152739853075,-0.01470572225183342,0,"2.051234,7.216885,14.276504,13.659874,17.534139,14.512856"
0.95,1,203,-0.0006825575196436636,-0.05291367119427816,-0.012633157482699275,0,"2.05934,7.266195,13.9361,13.817626,17.466346,15.063703"
0.95,1,204,-0.0009498426746089669,-0.05237576694396563,-0.01798373019005392,0,"2.050177,7.302672,14.116324,13.8173,17.427939,14.796393"
0.95,1,205,-0.0009359534568163699,-0.0528156048838264,-0.017697874768765914,0,"2.057693,7.281359,13.930685,13.802272,17.44047,15.010844"
0.95,1,206,-0.001073104935021574,-0.0518513786019487,-0.020456466040953483,0,"2.054326,7.149387,14.094934,13.720381,17.574691,14.827546"
0.95,1,207,-0.0010551778444421954,-0.0534768222418851,-0.02006742983641166,0,"2.061435,7.320261,14.079163,13.658813,17.397972,14.857381"
0.95,1,208,1.01e9,NaN,NaN,1,"2.056856,7.178682,14.140202,13.773858,17.626245,14.724656"
0.95,1,209,-0.0005445932832801174,-0.05304994279528749,-0.009874042709782094,0,"2.060076,7.272465,13.911831,13.833402,17.446351,15.101741"
0.95,1,210,-0.000897826682741512,-0.05299322794430136,-0.016932729594294205,0,"2.05626,7.348204,13.947741,13.755042,17.274285,15.053674"
0.95,1,211,-0.0010647323326571274,-0.052392893906614724,-0.0202789027661507,0,"2.051771,7.279662,14.188081,13.669378,17.396824,14.660567"
0.95,1,212,-0.001017919177766969,-0.05261919920255313,-0.019339279490999853,0,"2.055174,7.26464,14.090013,13.737113,17.44201,14.815636"
0.95,2,1,0.008143053701115321,-0.28738301430103436,0.16815319809593,0,"13.6,13.6,13.6,13.6,13.6,13.6"
0.95,2,2,0.01053843597810454,-0.3050979597385919,0.2163492315655583,0,"20.424998,13.6,13.6,13.6,13.6,13.6"
0.95,2,3,0.008772521328090857,-0.2912099085426443,0.1808026122119153,0,"13.6,20.424998,13.6,13.6,13.6,13.6"
0.95,2,4,0.008705126119058947,-0.2898306201306119,0.17942987428937102,0,"13.6,13.6,20.424998,13.6,13.6,13.6"
0.95,2,5,0.008686127627505057,-0.2893497130453257,0.17904115594202014,0,"13.6,13.6,13.6,20.424998,13.6,13.6"
0.95,2,6,0.008672877658695271,-0.2885820354360883,0.17876184999719374,0,"13.6,13.6,13.6,13.6,20.424998,13.6"
0.95,2,7,0.008520563913377511,-0.2879328392940024,0.1757062959182179,0,"13.6,13.6,13.6,13.6,13.6,20.424998"
0.95,2,8,0.005005305821925875,-0.24679270850107232,0.10469048741262516,0,"6.776141,15.874999,15.874999,15.874999,15.874999,15.874999"
0.95,2,9,0.0030881216072912838,-0.2077326753449249,0.06564370926811108,0,"4.511047,16.254165,16.254165,16.254165,16.254165,16.254165"
0.95,2,10,0.006961192341010685,-0.2712943389184434,0.14423420505460938,0,"10.566691,7.660193,16.759721,16.759721,16.759721,16.759721"
0.95,2,11,0.006404898666270404,-0.2664642048766074,0.1330277654526109,0,"9.555625,12.504632,8.713127,17.812961,17.812961,17.812961"
0.95,2,12,0.005420469070446294,-0.2559322585475538,0.11315893538594335,0,"8.207679,12.13951,13.90895,10.117323,19.217282,19.217282"
0.95,2,13,0.003929406357448836,-0.2365668550813124,0.08299989749802356,0,"6.41152,11.652683,14.011934,15.781377,11.989717,21.08971"
0.95,2,14,0.0017182744996853037,-0.18631413496456228,0.037867590967065656,0,"4.031083,11.003582,14.149245,16.508503,18.277948,14.486282"
0.95,2,15,0.00027243487556104023,-0.10985574191107059,0.007528428179351787,0,"2.500931,10.570852,14.240786,16.993254,19.057606,13.496496"
0.95,2,16,0.21489723431794727,0.22597809249836143,0.06734513260992137,0,"0.845741,9.993887,14.36284,17.639588,20.09715,21.276779"
0.95,2,17,0.007237924444525555,-0.2780608209950248,0.14989175273667976,0,"11.380836,12.998975,13.72714,14.273264,14.682858,14.879463"
0.95,2,18,0.0008336087318770683,-0.11638115506399008,0.018864552031725434,0,"2.582707,10.594893,14.2357,16.966323,19.014291,19.997316"
0.95,2,19,0.11392463752507706,0.11979923148392752,0.031166908724138576,0,"1.057468,16.912501,10.361809,14.548735,17.688952,19.196256"
0.95,2,20,0.006024644141672483,-0.26122331257874204,0.12533079497746819,0,"8.910819,9.201952,15.693397,16.391223,16.914593,17.16581"
0.95,2,21,0.00022494588540852896,-0.01605941823565043,0.004799247407240692,0,"1.642079,10.966685,20.735347,13.021583,16.336255,17.927298"
0.95,2,22,0.2793254390383019,0.29372776147388113,0.10048529429330477,0,"0.729879,10.710364,22.739078,12.223022,16.090137,17.946354"
0.95,2,23,0.4737455142427635,0.49817110517211904,0.1940355867383139,0,"0.503935,14.857718,15.435563,13.320107,17.041844,18.828279"
0.95,2,24,0.004959429166557941,-0.2477610036483598,0.10379225015032723,0,"7.355746,10.144535,15.650425,15.87937,16.935801,17.442888"
0.95,2,25,0.3068144644328981,0.32263372907807863,0.1183953219853967,0,"0.691347,11.255074,17.800502,21.51474,13.978662,16.185342"
0.95,2,26,0.004456983643653699,-0.24245071033913637,0.09365258378573177,0,"6.839976,11.992104,14.557542,12.016865,18.344179,18.711959"
0.95,2,27,0.10677054907086475,0.11227633650505764,0.027337427603854547,0,"1.08763,13.865938,15.694733,14.465151,16.729601,18.38276"
0.95,2,28,0.004055710310351055,-0.23437832980273027,0.08548191256071219,0,"6.243971,10.764757,15.657809,15.643667,16.901434,17.599533"
0.95,2,29,0.04926016909302346,0.05180032787706307,0.012945966606837472,0,"1.308785,11.609224,17.154372,19.536596,14.840309,16.74288"
0.95,2,30,0.0036737723660522827,-0.2292092924179105,0.07775267120578011,0,"5.867566,11.92829,14.990347,13.270151,17.7602,18.383779"
0.95,2,31,0.00019963696467450968,-0.024448900658409115,0.0044528155904095534,0,"1.672877,13.224428,15.831617,15.118617,16.569308,18.116721"
0.95,2,32,0.10864252308742643,0.11424484943761412,0.027670294545802,0,"1.082454,13.634375,15.860584,15.031108,16.513954,18.202919"
0.95,2,33,0.4452318286870642,0.4681872831039555,0.18263638715353803,0,"0.532902,12.860408,18.084054,14.759986,23.007564,13.635549"
0.95,2,34,0.0030724269078183,-0.21885477506331077,0.06554123764492392,0,"5.2881,11.85397,14.69062,15.611145,13.826021,19.84735"
0.95,2,35,0.30268562072124106,0.3182918997826494,0.11877245861268226,0,"0.693188,12.560025,17.005731,18.051546,15.925681,16.829336"
0.95,2,36,0.002832285105067149,-0.21101882391228619,0.06059446529038598,0,"4.894804,12.033579,15.326244,14.067049,17.454447,18.124705"
0.95,2,37,-0.00045176225530524957,-0.003930377935783214,-0.008951616309016086,0,"1.696439,6.828359,15.432606,14.338491,17.83181,19.582463"
0.95,2,38,0.10130848454907515,0.10653164041686769,0.04442189309667666,0,"1.308075,5.26133,15.295679,14.019213,18.094751,20.13718"
0.95,2,39,0.5617716833834576,0.5907364735041948,0.21667809287148998,0,"0.454701,9.551988,17.24348,14.557293,21.595219,15.900983"
0.95,2,40,0.0021060280263102004,-0.19596003997095057,0.04579800328236966,0,"4.32384,11.470299,15.116097,15.435503,15.120887,19.189622"
0.95,2,41,0.4620532167478403,0.48587680729342475,0.1733370431604474,0,"0.533927,9.184647,16.537806,16.557541,17.188938,17.9786"
0.95,2,42,0.0019076356853576523,-0.1876925875688944,0.041677195675286716,0,"4.032517,11.558745,15.528171,14.482131,17.410196,18.100354"
0.95,2,43,0.26464763240752454,0.2782935122844629,0.08833801229127736,0,"0.759982,9.777368,16.885312,14.871296,20.285602,16.550594"
0.95,2,44,0.001441095390995814,-0.17295849136119645,0.03207604311266632,0,"3.640262,11.188139,15.410966,15.341469,15.981672,18.749784"
0.95,2,45,0.21405353033560096,0.2250913675839445,0.05788663297876995,0,"0.849596,9.565398,16.434169,16.111114,17.520119,17.856338"
0.95,2,46,0.0013029229026426676,-0.1642646622308792,0.029150336298941093,0,"3.427159,11.226514,15.679171,14.753628,17.428516,18.059685"
0.95,2,47,0.12887955333156673,0.13552588612725394,0.024238377091910013,0,"1.050114,9.948777,16.640776,15.055829,19.430923,16.976876"
0.95,2,48,0.0010093019849865355,-0.15145243107450293,0.02304059529485139,0,"3.158074,10.981576,15.615934,15.293862,16.556548,18.454299"
0.95,2,49,0.10250658141245728,0.10779303233222712,0.015946322517833622,0,"1.134051,9.828761,16.351492,15.823748,17.693423,17.798513"
0.95,2,50,0.0009230536978126637,-0.14350910828856206,0.021166580433302634,0,"3.003637,10.993552,15.791224,14.931981,17.472667,18.016156"
0.95,2,51,0.059191506143244865,0.06224427219087811,0.00631006658664604,0,"1.292427,10.077682,16.473159,15.162887,18.870765,17.257851"
0.95,2,52,0.0007424378738760491,-0.13233411221143143,0.017345759849688475,0,"2.818951,10.830926,15.758805,15.272033,16.94225,18.254891"
0.95,2,53,0.04294525450709031,0.04516026117937197,0.002082771330718103,0,"1.363542,10.0115,16.287062,15.638118,17.77784,17.775572"
0.95,2,54,0.0006752692550078274,-0.12542210065948023,0.015872532480206453,0,"2.707678,10.829875,15.873864,15.049671,17.523529,17.976059"
0.95,2,55,-0.00011320441150109855,-0.030658769929730587,-0.0016798917096474408,0,"1.75208,10.48848,18.388642,12.964894,15.739295,15.12066"
0.95,2,56,0.0698311717766641,0.0734328340765211,0.004364231927404205,0,"1.248082,10.138301,17.742149,13.890136,17.410351,15.818341"
0.95,2,57,0.0004595466010531917,-0.11310763238779137,0.011328648388043816,0,"2.532292,10.715488,16.089362,15.041717,17.020267,17.848799"
0.95,2,58,0.060020261077918274,0.06311584823304794,0.004904014026607506,0,"1.288116,10.101224,17.698922,14.109847,16.661318,16.054754"
0.95,2,59,0.0003973297688835258,-0.10670562776046809,0.009964038266852548,0,"2.450032,10.708432,16.17804,14.893034,17.379827,17.655841"
0.95,2,60,0.03296177688921396,0.03466210200750805,-0.002980296516427533,0,"1.405942,10.213257,17.512983,14.06824,17.284433,16.117694"
0.95,2,61,0.0002457950120866384,-0.0964740167977168,0.006742164396492889,0,"2.330945,10.631782,16.326632,14.879471,17.064295,17.560282"
0.95,2,62,0.02577560005522423,0.027104732956277952,0.007085009034282441,0,"1.440852,10.194763,17.473836,14.212402,16.819696,16.278799"
0.95,2,63,0.00020084964734201426,-0.09097187821342176,0.005739718913981312,0,"2.270589,10.62282,16.394006,14.779595,17.286472,17.426334"
0.95,2,64,0.047586609100387096,0.050040517230862044,0.01158479397675155,0,"1.335691,10.349664,20.128831,11.374306,14.55154,21.748091"
0.95,2,65,0.00012803215739255603,-0.09234125036089172,0.00431081608861944,0,"2.291196,10.533987,15.222126,16.056761,18.306595,14.871761"
0.95,2,66,0.0206517058471129,0.021716634640496474,0.0054427146555736106,0,"1.465222,10.256137,17.674815,13.880509,16.95895,16.788131"
0.95,2,67,9.091260657118241e-5,-0.08209234343732577,0.003374632024708127,0,"2.177886,10.569174,16.55133,14.712977,17.046737,17.43159"
0.95,2,68,-0.0002169895134739692,-0.08939709670686126,-0.0026386068252237938,0,"2.318165,9.788741,11.871435,16.302196,17.923818,16.255878"
0.95,2,69,-0.00048507288478775404,-0.01843173483569345,-0.009341912821055842,0,"1.699353,9.854573,14.705243,15.051717,17.186049,16.366691"
0.95,2,70,-0.0005999774218257056,-0.002263836292685558,-0.011944590955997078,0,"1.609836,9.726534,14.423783,15.09707,17.169312,16.190083"
0.95,2,71,-0.000623091872488997,-0.07092891862518737,-0.01110308491099038,0,"2.276358,6.089176,14.798355,14.705513,18.103214,15.034091"
0.95,2,72,0.0006682751267664349,-0.07145029344588227,0.014708349761039408,0,"2.382119,4.904759,14.626145,14.636662,18.358865,14.52032"
0.95,2,73,0.003792280097370076,0.0019164599986723208,0.075733455751675,0,"1.655021,7.295698,15.266588,13.316954,16.298134,18.333161"
0.95,2,74,-9.050004115858604e-5,-0.08009480189506848,-0.0002879116754899297,0,"2.180814,9.994183,15.229537,15.600126,17.971851,15.448661"
0.95,2,75,-0.00035633698827936124,-0.012750309848359537,-0.006877606272196191,0,"1.759798,7.069013,13.496788,14.956453,17.866363,15.112356"
0.95,2,76,0.013795580016065664,0.014507970717618779,-0.015494757078254817,0,"1.623887,6.669118,14.240997,13.854746,16.906086,16.983183"
0.95,2,77,-0.00030904855899777073,-0.06791496731760313,-0.00488570109982113,0,"2.084353,9.439835,15.06478,15.309229,17.794224,15.704415"
0.95,2,78,0.0013589801458712648,-0.047531298034805936,0.028054642937149432,0,"2.156599,5.826919,9.973984,17.271425,19.823619,17.505769"
0.95,2,79,-0.0004949352277443635,-0.037076080969409175,-0.009185073942525962,0,"1.817539,9.711098,16.986191,13.682648,16.420016,15.518178"
0.95,2,80,0.04042175378891223,0.04250745917738674,-0.014290316473741072,0,"1.455084,6.499358,18.196072,13.06094,17.137828,16.12465"
0.95,2,81,-0.0004439460695461788,-0.07344617095595174,-0.007475968174585901,0,"2.165477,9.24031,12.925537,15.761987,17.79282,16.234007"
0.95,2,82,0.0008449018045300026,0.0008881943571932283,0.005467611142045858,0,"1.68756,6.781403,14.289639,14.204825,17.266954,16.852645"
0.95,2,83,-0.000485006118438471,-0.058490211865257505,-0.008580228115214306,0,"2.016322,8.996631,14.93559,15.125162,17.706346,15.895786"
0.95,2,84,-9.992846032281994e-5,-0.0711029014333463,-0.0006469671121107079,0,"2.095655,9.794699,16.337233,14.613838,17.141476,17.705847"
0.95,2,85,0.0027960161236999003,-0.024760896654126563,0.056334445065361005,0,"1.814392,7.523116,13.970195,14.89935,17.745548,15.544604"
0.95,2,86,-0.0006169330079882707,-0.018046971279979333,-0.011983783921524271,0,"1.715333,9.119989,14.486211,15.031811,17.324962,15.997418"
0.95,2,87,7.978853796727461e-6,-0.045002316077679835,0.0010136074739365286,0,"1.891726,9.107127,16.621551,13.853126,16.700549,15.437497"
0.95,2,88,-0.0005280302165966432,-0.06122456963163943,-0.009387949559372333,0,"2.059022,8.511775,14.912717,15.05522,17.77249,15.752171"
0.95,2,89,-0.000364797260505314,-0.017846199949727665,-0.006949917493567881,0,"1.789118,6.705107,15.326897,14.399662,17.877044,18.824401"
0.95,2,90,-0.0004021268261664884,-0.07376970895499622,-0.006634277775409425,0,"2.183852,8.714826,13.237673,15.585908,17.844552,16.034021"
0.95,2,91,-0.0008951882764047874,-0.024571774181263717,-0.017419482336315406,0,"1.842877,6.905622,13.713716,14.914629,17.905838,15.099312"
0.95,2,92,-0.0008462957931246234,-0.0451897852235775,-0.01605125868455992,0,"2.057955,6.242106,12.203642,16.044455,18.908818,16.809641"
0.95,2,93,-0.00074124117969871,-0.07923540277131623,-0.013306044896422758,0,"2.258678,8.488924,12.457209,16.046184,18.076247,12.751152"
0.95,2,94,-0.0009995404865796808,-0.02796954021308848,-0.01943994851902589,0,"1.883177,6.404279,14.286275,15.013363,18.185971,14.44724"
0.95,2,95,-0.0003051931655895171,-0.017826120238428445,-0.005759407619640555,0,"1.83447,6.019717,14.461042,14.917939,18.242875,14.182776"
0.95,2,96,-0.0007874749164937511,-0.027398662503044013,-0.015213710032284888,0,"1.946032,5.905456,12.402419,15.530098,18.39586,14.294113"
0.95,2,97,0.007708535579894934,-0.05334292460544321,0.15502919796743453,0,"2.385622,4.2366,12.134328,15.719603,19.200354,13.481098"
0.95,2,98,-0.0008061910582219036,-0.030218479674036867,-0.01553413591471664,0,"1.822051,8.30382,14.09423,15.146443,17.637528,15.578031"
0.95,2,99,-0.0008658472006883318,-0.0019237946603671563,-0.017263128786433213,0,"1.672008,7.994238,11.58748,16.192878,18.266874,14.625738"
0.95,2,100,0.05703671083228577,0.059978073019744005,0.011245883204378138,0,"1.506209,5.431535,13.63871,14.901105,18.357382,17.533541"
0.95,2,101,-0.0008528956559595385,-0.06392925765756241,-0.01582742979390317,0,"2.126501,7.9788,12.654125,15.855337,18.123103,13.548216"
0.95,2,102,-0.0006673109354473144,-0.036175449037775254,-0.012646238938290255,0,"1.851848,8.705215,13.777402,15.525604,17.946851,15.741946"
0.95,2,103,0.0015293242489553508,-0.030954175861933664,0.031143470849634092,0,"1.930227,6.371492,12.631583,15.529349,18.321025,14.535419"
0.95,2,104,-0.0008247621655022089,-0.02517057109959439,-0.016001001457694175,0,"1.849573,6.822043,13.809142,14.931085,17.952527,14.990633"
0.95,2,105,-0.00017378892882626367,-0.006825632871164139,-0.0033427488031699815,0,"1.70656,7.729127,12.037277,15.996292,18.25339,14.595988"
0.95,2,106,-0.0007748755703921217,-0.05848564408665173,-0.014371912257938102,0,"2.08532,7.716264,12.92615,15.715008,18.133581,13.698053"
0.95,2,107,-0.0008365367771812489,-0.042471172780008615,-0.01590787538541938,0,"2.028487,6.269131,12.550747,15.872607,18.788344,16.415907"
0.95,2,108,-0.0007069969251682969,-0.03016448784748557,-0.013553259974289411,0,"1.83219,7.987088,14.126238,15.124263,17.728935,15.389566"
0.95,2,109,-0.0005879146423472594,-0.02793711895790113,-0.011216271315429627,0,"1.935509,5.988554,12.716395,15.443975,18.360879,14.319634"
0.95,2,110,-0.0006489904155041141,-0.0596219348836778,-0.011835156390901491,0,"2.17263,6.000268,14.767708,14.703808,18.130023,15.157689"
0.95,2,111,-0.0007174633440054652,-0.052449188663781995,-0.013339392902594838,0,"2.012572,7.744778,14.772359,15.009403,17.945582,15.713395"
0.95,2,112,-0.0006127607413599001,-0.0153216392296011,-0.011952151530305266,0,"1.731044,8.315033,12.722597,15.851435,18.114957,15.060575"
0.95,2,113,-0.0008957279774391532,-0.053839309541944616,-0.016874737929556544,0,"2.096863,6.38564,14.426855,14.895079,18.127512,15.141504"
0.95,2,114,-0.0009231066319238035,-0.054543657226925,-0.01740839475640807,0,"2.155847,5.79461,13.464271,15.354585,18.648904,14.746011"
0.95,2,115,-0.0008482393917186625,-0.029223898503844936,-0.016393140622178004,0,"2.018518,5.387621,12.382123,15.584507,18.666698,14.099721"
0.95,2,116,0.0008584592689822663,-0.00781313516236859,0.017300334613117196,0,"1.924646,4.64364,14.046987,14.8354,18.656404,16.248952"
0.95,2,117,-0.0009530497491864779,-0.05286446511318206,-0.018038531614964118,0,"2.058266,7.202921,13.112956,15.568407,18.220718,14.123203"
0.95,2,118,-0.0008420646698213402,-0.0612549557833498,-0.01566178744909405,0,"2.235314,5.6594,12.931933,15.831764,18.926856,14.667229"
0.95,2,119,-0.0007529763129368379,-0.05312801346823845,-0.01403605794489532,0,"2.119356,6.008313,14.317391,14.876629,18.137209,12.659064"
0.95,2,120,-0.0008400596851377071,-0.04437212627802822,-0.01594218112234924,0,"2.043549,6.225652,12.845187,15.70661,18.679822,15.789766"
0.95,2,121,-0.0008044985674023364,-0.05154380467378569,-0.01509554351572906,0,"2.10413,6.051772,14.02295,15.042625,18.245732,13.285204"
0.95,2,122,-0.0007851187370993815,-0.045558815826029136,-0.014821935305987077,0,"2.053609,6.196667,13.041481,15.595946,18.607473,15.372339"
0.95,2,123,-0.000841227366083687,-0.04898299493635713,-0.015877992425457482,0,"2.028745,7.069769,13.308509,15.4759,18.214927,14.177209"
0.95,2,124,-0.0008305929582536658,-0.05047400616493547,-0.01563721583210742,0,"2.109629,5.896159,13.601272,15.297715,18.571749,14.696216"
0.95,2,125,-0.0006948739763983355,-0.049716534819152405,-0.012939925440961841,0,"2.060755,6.388747,14.403425,14.914793,18.137255,15.025793"
0.95,2,126,0.0022770850006123416,-0.03033555826218559,0.0460720036156127,0,"1.995753,5.556837,12.699481,15.489316,18.586577,14.157641"
0.95,2,127,-0.0008899929847833341,-0.056344383914426754,-0.016712603797495063,0,"2.175401,5.783445,13.157656,15.695364,18.803375,14.630564"
0.95,2,128,-0.0009243903501630045,-0.041770489342449924,-0.017676491214538986,0,"2.016532,6.255419,13.085368,15.591069,18.597513,15.566012"
0.95,2,129,-0.0006499565855884135,-0.05808745095018072,-0.011883586557157669,0,"2.094796,7.043196,14.581355,15.173419,18.250353,15.356704"
0.95,2,130,-0.0007935110545280085,-0.05442864828461251,-0.014821255517634885,0,"2.078188,6.795216,14.267709,15.226068,18.30639,15.15686"
0.95,2,131,-0.0008477858524283178,-0.04444807397308939,-0.0160951085345431,0,"2.035244,6.345658,12.832172,15.8517,18.756054,14.53224"
0.95,2,132,-0.0010545291929945572,-0.034188412311203564,-0.020420583442535722,0,"2.003705,5.789869,12.489376,15.748969,18.736806,14.192967"
0.95,2,133,0.0015260794846576823,-0.029290887356461015,0.031047069483442935,0,"1.991373,5.622547,12.192988,15.836119,18.808542,14.032318"
0.95,2,134,-0.0008243269122468278,-0.035216909481583125,-0.015801615349437026,0,"1.937998,6.653255,12.78518,15.82774,18.526467,14.485861"
0.95,2,135,-0.0008879555003625337,-0.048011937682990224,-0.01683005313813571,0,"2.080717,6.022259,13.465256,15.386053,18.564202,14.661157"
0.95,2,136,-0.0006869970341319647,-0.03204315650819911,-0.013118002706277221,0,"2.035016,5.132675,13.130192,15.619606,18.999713,15.166184"
0.95,2,137,-0.001009597615445062,-0.047113161456310476,-0.01927752471651481,0,"2.029789,6.7464,13.27879,15.499851,18.345725,14.342038"
0.95,2,138,-0.0010204049248833116,-0.04151918153919659,-0.019599634414007472,0,"2.0267,5.988058,13.755402,15.126523,18.32181,14.747752"
0.95,2,139,0.001024573036343455,-0.03629044920046415,0.02115981944223566,0,"1.963812,6.300026,13.219032,15.50566,18.432865,14.647701"
0.95,2,140,-0.0009540819657184067,-0.04600370901280154,-0.018189379463661226,0,"2.06109,6.068542,13.424219,15.405987,18.542312,14.658914"
0.95,2,141,0.002334665819945553,-0.021467607562725477,0.047054146795806995,0,"1.835592,6.634261,13.615486,15.09989,18.106671,14.687744"
0.95,2,142,0.0007709718953943787,-0.051094936124076146,0.016373867826418587,0,"2.117552,5.925134,13.233961,15.596118,18.687258,14.640094"
0.95,2,143,-0.0006700992745131214,-0.040338390058373086,-0.01262293314600732,0,"2.022862,5.955019,13.544397,15.230264,18.390976,14.655288"
0.95,2,144,-0.000997687871474538,-0.045303157437136504,-0.01907392351467048,0,"2.025435,6.586867,13.147221,15.54137,18.410905,14.317193"
0.95,2,145,0.0011189717496290982,-0.029457354945981118,0.02291620852802756,0,"1.903095,6.301822,13.986792,15.135964,18.277777,14.404861"
0.95,2,146,-0.0009619171664071982,-0.044278387552588366,-0.01837867528935541,0,"2.051491,6.022082,13.268412,15.463151,18.574728,14.581256"
0.95,2,147,-0.0009641374659627322,-0.04063245834300744,-0.01849224037036712,0,"2.014393,6.177792,12.986036,15.617386,18.620729,15.337171"
0.95,2,148,-0.0007462140192181073,-0.05289183867912267,-0.013905430019439363,0,"2.1465,5.784516,13.046276,15.704298,18.79228,14.557631"
0.95,2,149,0.0008029614053181097,-0.05569735392393543,0.01710037745346349,0,"2.187719,5.803542,12.173783,15.965849,18.897697,14.808974"
0.95,2,150,-0.0008551923223034599,-0.05172317355487249,-0.016105001147379228,0,"2.139465,5.886545,12.47595,15.827535,18.794377,14.741622"
0.95,2,151,1.5673270318172452e-5,-0.049643739142508775,0.0012554410090620527,0,"2.103889,6.127384,12.260027,16.070639,18.918965,14.587326"
0.95,2,152,-0.0007457450884374116,-0.04197073618771574,-0.014103354426754866,0,"2.036299,5.983741,13.330335,15.370326,18.478975,14.643961"
0.95,2,153,0.0002720141878707635,-0.04815111275460318,0.006348806093659065,0,"2.090319,6.098651,12.474088,15.930576,18.830967,14.598653"
0.95,2,154,-0.0009069814411610925,-0.0430264776620716,-0.017304820926715758,0,"2.045273,6.002891,13.187627,15.463701,18.53764,14.636409"
0.95,2,155,0.002531434796500106,-0.033733727704927025,0.051218418338057625,0,"1.947929,6.370891,12.805264,15.516406,18.432782,14.711242"
0.95,2,156,0.00046724325908348687,-0.049825164654415804,0.010281262048055573,0,"2.113006,5.882186,13.006108,15.672983,18.732364,14.583233"
0.95,2,157,-0.0009882852852803321,-0.043724806877840416,-0.018916018356571085,0,"2.021808,6.45395,13.03758,15.57597,18.465222,14.296489"
0.95,2,158,0.0006623202204773274,-0.03961070408788528,0.013985022764451904,0,"2.01261,6.113113,12.903259,15.639316,18.640075,15.14647"
0.95,2,159,-0.000986742053010361,-0.0425769974223934,-0.018906971138043682,0,"2.043503,5.98337,13.138572,15.510787,18.601741,14.516541"
0.95,2,160,-0.0010039756772422552,-0.041624712513159884,-0.019269374632462588,0,"2.038327,5.967379,13.071252,15.511246,18.570834,14.562502"
0.95,2,161,-0.00045444073451624337,-0.04896666597720878,-0.008150297739018875,0,"2.116656,5.870431,12.478188,15.81444,18.784782,14.65018"
0.95,2,162,-0.0008215080603436059,-0.04996148637863951,-0.015465427538139814,0,"2.1225,5.785408,12.95346,15.711743,18.783034,14.496854"
0.95,2,163,0.0009562139126980641,-0.04763386233099737,0.02000931232592429,0,"2.102887,5.836951,12.81955,15.651736,18.674065,13.758708"
0.95,2,164,0.0002795503594944801,-0.04100283495416027,0.006363697356661979,0,"2.027573,6.067073,12.889308,15.641386,18.64574,14.915176"
0.95,2,165,-0.0009831177589450946,-0.046344213418702956,-0.018763052071874647,0,"2.087759,5.882964,12.833501,15.649666,18.6684,13.990001"
0.95,2,166,-0.0008055747634093272,-0.03730625627335754,-0.015387289109882851,0,"1.989569,6.083793,13.363059,15.421687,18.490564,14.034939"
0.95,2,167,0.0009617604918344476,-0.03929636474338549,0.019961878887925333,0,"2.010583,6.048224,13.215581,15.487146,18.5396,14.137479"
0.95,2,168,-0.001032970107686171,-0.04045202618449861,-0.019870942713504425,0,"2.032544,5.937788,12.974273,15.550866,18.598496,14.500913"
0.95,2,169,-0.0009944552688640306,-0.04233219847541289,-0.019065727878369382,0,"2.018788,6.343207,12.946212,15.604803,18.510486,14.279235"
0.95,2,170,-0.0008222001895293824,-0.04139402756402627,-0.015641875391479654,0,"2.036853,5.951113,13.030373,15.550484,18.624252,14.462612"
0.95,2,171,-0.0005992625193839222,-0.044368370963478454,-0.01113112021915319,0,"2.073677,5.867446,12.776147,15.666216,18.679801,14.023829"
0.95,2,172,-0.0009229287786327101,-0.047455247066714834,-0.01753938649189471,0,"2.10256,5.786151,12.876112,15.717948,18.77533,14.446206"
0.95,2,173,-0.0009538824233068547,-0.046588889582693416,-0.018174285278787117,0,"2.097703,5.857003,12.480052,15.803528,18.776786,14.573978"
0.95,2,174,-0.0009811129922047683,-0.03989344333360406,-0.018845438981775098,0,"2.023589,6.020859,12.822652,15.659317,18.660918,14.794808"
0.95,2,175,-0.0010235883538975215,-0.04261829492271524,-0.0196423770973215,0,"2.0559,5.960423,12.499187,15.811326,18.728689,14.466757"
0.95,2,176,-0.0010625323911857513,-0.03481791426760078,-0.020568538913716877,0,"1.975316,6.18359,12.527805,15.674989,18.562064,14.490013"
0.95,2,177,-0.0005607740479352388,-0.03287773245151371,-0.010580223818307699,0,"1.95435,6.249866,12.469754,15.667829,18.52652,14.497314"
0.95,2,178,-0.0009403880146031981,-0.03178222526604901,-0.018185712299709306,0,"1.939772,6.221581,12.939783,15.546562,18.489033,14.334254"
0.95,2,179,-0.0006807588142323434,-0.044084055802852684,-0.012764814409982672,0,"2.07112,5.917742,12.556674,15.760701,18.728827,14.534024"
0.95,2,180,0.0013493458540768156,-0.03429123722628541,0.027610839749086624,0,"1.998965,5.855461,12.495781,15.736639,18.707682,14.242475"
0.95,2,181,-0.0009806041269774786,-0.03944054832009447,-0.018843868253214546,0,"2.022971,5.978745,12.899861,15.571554,18.592424,14.499096"
0.95,2,182,-0.0008146241981957529,-0.041321206331502436,-0.015491889154462035,0,"2.042401,5.997609,12.503956,15.788603,18.700918,14.470633"
0.95,2,183,-0.0005808098696335362,-0.04097079043522289,-0.010826925448952529,0,"2.011522,6.316601,12.876478,15.616501,18.519082,14.314365"
0.95,2,184,1.8830920530844192e-5,-0.039068287246295574,0.0011177980702262724,0,"2.015518,6.047976,12.773511,15.661929,18.644442,14.744009"
0.95,2,185,-0.0008168093825986776,-0.044666451224238124,-0.015472053025687327,0,"2.077151,5.911415,12.488011,15.782105,18.740999,14.559983"
0.95,2,186,-0.0009160329619669805,-0.04541083494341408,-0.017440412962452273,0,"2.049278,6.289918,12.86076,15.628588,18.545627,14.783559"
0.95,2,187,-0.00102777312849009,-0.04115621288989116,-0.01975374078410974,0,"2.029696,6.112952,12.692812,15.677057,18.610186,14.519608"
0.95,3,1,0.0008397691590808341,-0.11722500861346875,0.01900365469058199,0,"2.851506,5.478881,15.67009,16.615115,23.443338,20.351951"
0.95,3,2,0.0021929880893367627,-0.18105423670811943,0.04725253974444504,0,"4.227713,5.478881,15.67009,16.615115,23.443338,20.351951"
0.95,3,3,0.0012787746203726115,-0.1291923623106024,0.02800214514620744,0,"2.851506,8.237311,15.67009,16.615115,23.443338,20.351951"
0.95,3,4,0.0017674827919370718,-0.12440971008944819,0.03767576456587504,0,"2.851506,5.478881,23.530135,16.615115,23.443338,20.351951"
0.95,3,5,0.0017673001445294924,-0.1216530739477544,0.03761979150409306,0,"2.851506,5.478881,15.67009,24.947672,23.443338,20.351951"
0.95,3,6,0.001897284208097094,-0.11873310246953202,0.04016145165720575,0,"2.851506,5.478881,15.67009,16.615115,35.190007,20.351951"
0.95,3,7,0.0014709928696654952,-0.11763251530938341,0.0316232519322559,0,"2.851506,5.478881,15.67009,16.615115,23.443338,30.552926"
0.95,3,8,0.007656266072814337,0.008049740152231186,0.027313501001830873,0,"1.597226,6.397148,18.290105,19.392634,27.358894,23.752276"
0.95,3,9,0.001950934636825017,-0.16579431400324152,0.04212665804451737,0,"3.762842,5.63175,16.10676,17.078035,24.09593,20.918672"
0.95,3,10,0.0012513522001346645,-0.04972358815176189,0.025945846331245498,0,"1.991436,6.243961,17.853436,18.929714,26.706301,23.185555"
0.95,3,11,0.0007966264689895067,-0.10604404434443107,0.017929436785548758,0,"2.556947,6.652545,19.017887,20.164167,12.784326,24.696811"
0.95,3,12,0.0006065542232556731,-0.10307566134571451,0.014075446584097928,0,"2.508498,6.848408,19.575854,20.755676,9.05016,25.420954"
0.95,3,13,0.0006113682136794774,-0.09067782472723498,0.01393630663677023,0,"2.444224,7.109621,9.839801,21.544354,19.733227,26.386478"
0.95,3,14,0.0002539323611917382,-0.08276867996067427,0.006644607535552016,0,"2.311601,7.653979,15.756346,12.077363,18.496524,28.397988"
0.95,3,15,-4.791702335332972e-5,-0.07408455172695642,0.00044881719854703017,0,"2.224232,8.01697,15.770722,9.932353,17.672055,29.738994"
0.95,3,16,8.3355376369338e-6,-0.0691992787302671,0.0014800170315821676,0,"2.109178,8.501022,15.78989,18.182311,16.572763,17.925701"
0.95,3,17,-0.0001097423702444838,-0.02840343357968278,-0.0016535286382374642,0,"1.875481,5.829339,15.829823,18.70471,14.282572,27.317927"
0.95,3,18,-0.00020137197130039755,-0.0020901003431158527,-0.003983743775713033,0,"1.724863,5.429016,15.856445,19.052976,12.75578,28.478923"
0.95,3,19,0.002936417949348247,-0.1047104114402863,0.0606571996047256,0,"2.626181,7.549485,12.980816,16.431198,6.371144,26.248779"
0.95,3,20,0.0009372421169533224,-0.061160628461606345,0.019887007272564386,0,"2.093893,6.461404,17.041332,18.513295,23.316823,23.696092"
0.95,3,21,6.79216616472617e-5,-0.0979731032068056,0.0032167054883861512,0,"2.517447,7.331789,13.792918,16.847618,9.758969,25.738242"
0.95,3,22,0.0024320237768305246,-0.013142399689439269,0.04884133979091887,0,"1.688499,8.935221,14.538435,18.823298,5.077178,30.877813"
0.95,3,23,0.0005980174062532874,-0.1059599611223992,0.013959627758632687,0,"2.647503,6.053781,15.481481,16.983146,20.381268,22.106261"
0.95,3,24,-0.00032294030813080545,-0.0655135697179627,-0.005208839498476336,0,"2.12367,6.949486,22.249355,12.37366,8.997169,23.416547"
0.95,3,25,-0.0006226453759236428,-0.059938940403059124,-0.011302764885928795,0,"2.071456,6.922799,24.317622,10.845226,7.208422,22.921558"
0.95,3,26,0.0033933670462380507,-0.032367589434041166,0.06841391121279494,0,"1.922037,7.235526,14.09384,9.858897,19.066109,23.548939"
0.95,3,27,0.0003794489498891439,-0.09377336563698742,0.009361311633252378,0,"2.407955,6.912918,18.662184,18.939537,10.719409,25.108952"
0.95,3,28,0.0033998871482670617,-0.017837915744116174,0.06826839496950987,0,"1.723226,8.317797,19.248446,14.283506,4.525149,27.864529"
0.95,3,29,0.0003455577286188258,-0.09551556179894875,0.008717233013542991,0,"2.486351,6.43073,16.109309,16.533206,17.736766,23.065972"
0.95,3,30,-0.0006915234578639145,-0.04289383984974167,-0.013002483716416768,0,"1.966397,7.296803,15.216784,11.525013,16.515264,24.180845"
0.95,3,31,-6.138313411406402e-5,-0.031358769585174834,-0.0006312148453176403,0,"1.895433,7.360794,14.642551,10.289282,17.481243,24.026161"
0.95,3,32,0.002961745606007956,-0.015758081967692017,0.05947484083670851,0,"1.730266,8.068247,17.472152,12.261939,9.09083,26.595449"
0.95,3,33,0.0001115123276929462,-0.0849854488695122,0.003841128953426226,0,"2.355113,6.70348,16.336449,15.821327,16.295758,23.654218"
0.95,3,34,0.0006404875164403248,-0.03300543419962036,0.013423430148450821,0,"1.85025,7.795209,17.245011,12.973815,10.531752,26.007203"
0.95,3,35,-5.158728261431786e-5,-0.07743204788449062,0.00043902423328567863,0,"2.268598,6.885367,16.487876,15.346742,15.335086,24.046382"
0.95,3,36,0.001793471717126835,0.0018860188326670496,-0.0007578359579177435,0,"1.628438,7.017881,20.686863,11.447241,18.927298,23.359227"
0.95,3,37,-0.0002413828316960348,-0.08582276436527012,-0.003193830280699861,0,"2.361778,7.279466,14.941908,15.947553,11.286988,25.341739"
0.95,3,38,0.0011563024550273447,-0.04332532121911109,0.023925304898811173,0,"2.089877,5.444284,18.407229,9.367702,10.351548,33.643779"
0.95,3,39,-0.00010350023386984516,-0.06654901059804054,-0.0008047687073268056,0,"2.105958,7.991013,16.226113,16.713196,15.535889,20.545381"
0.95,3,40,0.0036994443492228608,-0.03983040474530992,0.0746709936809371,0,"1.938696,5.918172,18.578194,19.87792,8.540364,18.765949"
0.95,3,41,-0.00015469748780076628,-0.06931987641021284,-0.001775097007214066,0,"2.175855,7.666914,16.238634,11.589917,16.150074,27.910153"
0.95,3,42,-0.0002873289117972113,-0.033897374599378347,-0.005097430687868165,0,"1.866982,7.309144,17.77796,13.211208,11.148815,25.746484"
0.95,3,43,0.0021357354618749304,-0.03338938419103776,0.04330580173539289,0,"1.944326,5.977282,18.557005,10.677445,9.485711,30.981186"
0.95,3,44,-0.0002317046812530881,-0.06182875059728757,-0.0034558914722410544,0,"2.078747,7.65516,16.614595,15.707233,14.527513,22.284682"
0.95,3,45,0.0040819070183337434,-0.028103161071277735,0.08209001041661246,0,"1.845805,6.296896,18.669804,17.173152,8.330837,21.741257"
0.95,3,46,-0.00028628127121165583,-0.06324012239026384,-0.004519543555262837,0,"2.119708,7.438469,16.643829,12.520452,14.846828,26.882004"
0.95,3,47,-0.00047147585054402926,-0.09932007615594009,-0.007534900663254462,0,"2.445756,9.208066,19.314454,7.533109,12.421914,20.640181"
0.95,3,48,-0.0003411216218457057,-0.06949613078656587,-0.005496509442526831,0,"2.193511,7.496214,19.456257,8.153718,9.948354,26.286255"
0.95,3,49,0.004289215385258734,-0.03564363684197862,0.08637516164352865,0,"1.863635,7.944218,22.633727,5.319975,12.742624,23.544037"
0.95,3,50,-6.73317795154621e-5,-0.07862216016133741,0.00014703841434182685,0,"2.276472,7.390242,16.223878,14.175473,11.529593,25.042122"
0.95,3,51,-0.00042825871707603786,-0.057471296670350155,-0.007465753950833265,0,"2.05383,6.985125,22.800816,10.958523,8.759102,23.131439"
0.95,3,52,0.0007511724091256401,-0.09129745842135874,0.016741358533984618,0,"2.363961,8.889464,18.631509,8.198254,13.104138,21.230292"
0.95,3,53,0.0001811719573070853,-0.06541498158310691,0.004861462333886846,0,"2.155157,7.462977,18.749678,8.715523,11.042815,25.935353"
0.95,3,54,6.548728547642724e-5,-0.035650765784834816,0.0019851251343060983,0,"1.883432,7.307087,17.351097,12.930175,12.043217,25.485544"
0.95,3,55,-0.000320707301152123,-0.059995786807339815,-0.005268957116586412,0,"2.093916,7.414857,16.405988,12.354545,15.124901,26.431811"
0.95,3,56,-0.00031961627562644853,-0.07924623137390152,-0.0048817653510737635,0,"2.294517,7.282356,14.987721,15.210462,12.158362,25.148257"
0.95,3,57,0.00048103947142745415,-0.01308169144235749,0.009859482083869997,0,"1.794391,5.695728,16.539186,15.700035,12.110362,28.874125"
0.95,3,58,-0.00042917621847973644,-0.030206360028195836,-0.008001601927131868,0,"1.885877,6.227167,16.887906,14.449693,12.275991,27.600153"
0.95,3,59,-0.00029061830683213433,-0.0367748072533895,-0.005108536262565716,0,"1.903631,6.708102,15.800426,17.0941,14.582755,24.723996"
0.95,3,60,-0.00029784510265596715,-0.067141485405174,-0.004676537293127905,0,"2.183239,6.664299,16.682117,14.267263,14.428858,24.919956"
0.95,3,61,-0.0003284958106366095,-0.07488473935366119,-0.0051419642008118105,0,"2.257552,7.24865,18.526685,9.161161,11.838022,25.746824"
0.95,3,62,-0.00025807812329171274,-0.049164251555810515,-0.004223218467806045,0,"1.998985,7.487329,18.25985,10.285858,11.128312,25.826487"
0.95,3,63,-0.00032442157176277274,-0.06427936824189659,-0.005261861577082333,0,"2.152203,6.801426,16.945072,13.603691,13.878765,25.071044"
0.95,3,64,-0.00036134836335710406,-0.028126420944463076,-0.00668587938980747,0,"1.847234,6.708893,20.606696,8.807184,13.972269,25.572449"
0.95,3,65,0.002910727200228748,-0.0412841143139312,0.058940002174365236,0,"1.958018,6.341322,20.588665,10.480481,10.621538,24.002441"
0.95,3,66,-0.00043754420330996787,-0.056930117770761124,-0.007661550278276613,0,"2.071074,7.235859,17.103101,12.042199,14.374336,26.026916"
0.95,3,67,0.0004236981019359592,-0.033119358766977844,0.009094135719572183,0,"1.875309,7.099267,20.102257,8.71097,12.032846,25.681831"
0.95,3,68,-0.000490260899138151,-0.059627653453311835,-0.008663628938211876,0,"2.105252,6.85106,17.47127,12.788211,13.571112,25.172842"
0.95,3,69,-0.0001763578772606478,-0.010878106677885219,-0.003317156361971163,0,"1.728673,6.519645,18.168839,14.362491,14.651288,24.814724"
0.95,3,70,-0.0006204013812035699,-0.0659105564142296,-0.011144582469731296,0,"2.166454,7.127114,18.467044,10.028006,12.306898,25.591474"
0.95,3,71,-0.000439211290440975,-0.07398468180365593,-0.00737114570884119,0,"2.240228,7.19873,15.375611,15.123487,11.961917,24.995441"
0.95,3,72,-0.0003796853006768036,-0.04861317359500561,-0.006663392322908052,0,"2.08926,6.993635,10.706445,14.360343,18.242889,28.057784"
0.95,3,73,-0.00032838989512006217,-0.05713141071581799,-0.005476824274526171,0,"2.059722,6.986543,20.785084,11.525489,10.339635,23.952497"
0.95,3,74,-0.0003538068893955334,-0.062424526996806305,-0.00588418758738396,0,"2.132715,7.155394,17.925334,10.277503,13.008291,25.356369"
0.95,3,75,-0.0004920665466084,-0.05690490360051902,-0.008751386377380752,0,"2.081911,6.925338,17.095522,12.577678,14.061803,25.007509"
0.95,3,76,-0.00034979984341505956,-0.0692175094352684,-0.005675189000031056,0,"2.193882,7.215075,15.34914,14.52374,12.720805,24.859675"
0.95,3,77,-0.0005099108190426339,-0.05463833150218646,-0.00915093714516596,0,"2.053512,7.246016,16.788715,11.956001,14.731158,25.719237"
0.95,3,78,0.00037273119052836425,-0.03255760968344423,0.008065153241311407,0,"1.89922,6.405333,16.609386,13.962245,12.982535,27.030268"
0.95,3,79,-0.0003992422457993058,-0.05528161356917448,-0.0069275666914803136,0,"2.039176,7.037065,21.536811,11.052938,10.051708,23.30634"
0.95,3,80,-0.0003934156155757728,-0.07877989678067164,-0.00636512914353915,0,"2.260593,7.887004,18.028049,10.008735,14.047128,22.446391"
0.95,3,81,-0.0006817544754788676,-0.0477366580080787,-0.01271537762979405,0,"1.984614,7.300739,20.181265,7.942533,14.750966,23.812556"
0.95,3,82,-0.00040628182147413463,-0.05032693169148404,-0.00716226246487961,0,"1.995417,7.40888,18.357048,11.41003,15.044372,22.801257"
0.95,3,83,6.26202238310742e-5,-0.018437922095513218,0.00160112387256367,0,"1.788068,6.518285,18.363999,12.145912,14.337948,25.829524"
0.95,3,84,-0.0005796524819015979,-0.0701982179081956,-0.01024903446331292,0,"2.179561,7.658797,18.084041,10.364924,14.095598,23.010246"
0.95,3,85,-0.0004648418385825593,-0.05074452645599142,-0.008324366402584757,0,"2.047192,7.575142,13.704315,10.872351,19.681388,24.870877"
0.95,3,86,-0.0006232553293156896,-0.0573840365887312,-0.011363446444683206,0,"2.108749,7.258697,15.333166,10.336038,16.234353,26.065833"
0.95,3,87,-0.0004988216289296286,-0.05823467840683803,-0.008861112576286356,0,"2.07699,6.987017,20.52885,10.694941,10.448354,24.394532"
0.95,3,88,-0.00022570503438585135,-0.053910335420501186,-0.00348631799673077,0,"2.040665,7.657418,18.282085,8.362223,14.863419,24.053574"
0.95,3,89,-0.0005107444817590263,-0.056468568595238314,-0.009132853977893096,0,"2.07502,7.047324,17.293283,11.875067,14.195406,24.84852"
0.95,3,90,-0.0004752507378607529,-0.050563784314988175,-0.008535767088142132,0,"2.044906,7.615821,13.770236,10.638151,19.725922,24.81788"
0.95,3,91,-0.0005859231518278345,-0.057297283226413274,-0.010619195459795033,0,"2.071632,7.091797,19.402414,10.685476,11.994598,24.46509"
0.95,3,92,-0.0007231201655923264,-0.05656307699023542,-0.013374330518513527,0,"2.074402,7.305344,18.381603,8.953666,14.530902,23.075126"
0.95,3,93,0.0011798815394065832,-0.056756554872280415,0.02465135397672824,0,"2.07789,7.315233,18.647084,8.45334,14.497526,22.634441"
0.95,3,94,-0.0008489341817704105,-0.054598716520701376,-0.015925382638875996,0,"2.052691,7.5901,18.239808,8.060945,15.178486,23.354712"
0.95,3,95,-0.00023074263242334013,-0.054210320891182856,-0.003581275276258067,0,"2.048977,7.68058,18.397563,7.425487,15.342333,23.105744"
0.95,3,96,0.003050628499430023,-0.03374385934359622,0.061592111204923805,0,"1.908944,6.955766,17.500973,8.802859,15.639257,25.307808"
0.95,3,97,-0.0004348562329929215,-0.06457541448157361,-0.0074627290556528725,0,"2.133718,7.541604,17.986863,10.10457,14.352875,23.393173"
0.95,3,98,-0.0006513168019753744,-0.05617631398148917,-0.011947039034824358,0,"2.070779,7.3528,18.35797,8.804869,14.638833,23.121724"
0.95,3,99,-0.0006747135727583057,-0.04463840659465368,-0.012633508221646036,0,"1.980698,7.345682,15.720621,10.947625,16.292468,24.043156"
0.95,3,100,-0.0007763693639349286,-0.048884512116474724,-0.014583997550934605,0,"1.995911,7.348963,19.857689,7.962268,14.82222,23.736248"
0.95,3,101,-0.0005238994545935914,-0.05686961944347768,-0.009388078244201542,0,"2.099375,7.313926,15.817606,9.956824,16.058376,25.61398"
0.95,3,102,-0.0007289123673018416,-0.05690639395634345,-0.013483542318547745,0,"2.068472,7.174836,19.208646,10.248018,12.525244,24.280027"
0.95,3,103,-0.0006004470858912013,-0.0675951592376,-0.010713919772537078,0,"2.158264,7.647347,18.110002,9.980895,14.27608,23.067657"
0.95,3,104,-0.0008465964902813761,-0.05227765504863291,-0.015922731628075407,0,"2.009373,7.505973,20.68064,8.71129,13.186068,21.587195"
0.95,3,105,0.0007703562194950908,-0.03606843732866455,0.016076348350795633,0,"1.903311,7.125469,19.245123,8.26407,14.605025,23.640031"
0.95,3,106,-0.000705663398472677,-0.06270219720100303,-0.012909017205429044,0,"2.115105,7.560356,18.299189,9.694738,14.330904,23.163053"
0.95,3,107,-0.0006887113660436706,-0.0507538426516185,-0.01279710720328936,0,"2.003155,7.48916,18.977561,9.736654,14.139629,23.59974"
0.95,3,108,0.00017891927159844907,-0.06328470090280638,0.004776018730391907,0,"2.101145,7.544107,22.700557,7.190789,11.768388,22.530502"
0.95,3,109,-0.0007594184172156542,-0.04804336709186634,-0.014261283086481127,0,"2.000621,7.378751,16.883944,10.321378,15.538453,23.791047"
0.95,3,110,-0.00021951942589923515,-0.057202716453538235,-0.003300236668698775,0,"2.077504,7.363823,18.745745,8.596149,14.387495,23.037688"
0.95,3,111,-0.000651209247006701,-0.051853843980002395,-0.01202693496954442,0,"2.015488,7.46827,18.938925,9.546561,14.18094,23.506065"
0.95,3,112,-0.0008052229555753243,-0.05271359047394266,-0.015087813079422141,0,"2.016573,7.519994,20.273835,8.602893,13.518137,21.881782"
0.95,3,113,-0.0007117081752361612,-0.04982945238477651,-0.013274129779632826,0,"2.00534,7.38915,19.588043,7.978714,14.881597,23.672659"
0.95,3,114,-0.0007636939448208367,-0.04914333911809507,-0.014325829623549363,0,"2.00927,7.413974,17.109921,9.944607,15.478459,23.718325"
0.95,3,115,-0.0004546622798646317,-0.05657345573015218,-0.008010339598820915,0,"2.065839,7.244039,19.047173,9.883474,12.96745,24.125808"
0.95,3,116,-0.0005829442443469995,-0.061492340159464955,-0.010480050373536609,0,"2.104664,7.565314,18.289292,9.422416,14.472168,23.194996"
0.95,3,117,-0.0005973925422011942,-0.051290329868207245,-0.010962372204323612,0,"2.011385,7.505983,18.854602,9.457345,14.312772,23.558902"
0.95,3,118,-0.000632795711153798,-0.04982608575930676,-0.011697521072576544,0,"2.000774,7.750832,18.40466,7.938891,16.313091,22.334651"
0.95,3,119,-0.0003240282910940619,-0.04112830909802416,-0.00569343451450427,0,"1.928495,7.491357,19.200998,7.905391,15.422013,22.978681"
0.95,3,120,-0.0005367754621986943,-0.058152139025116796,-0.009620997604891768,0,"2.074977,7.552987,18.441243,9.169554,14.630475,23.158943"
0.95,3,121,-0.00042466764830545976,-0.05299949369913403,-0.007478883702123518,0,"2.022579,7.531678,19.93483,8.512564,13.794862,22.12727"
0.95,3,122,-0.0005524220128751144,-0.05006174879864332,-0.010087179850477579,0,"2.016487,7.443327,17.298236,9.630637,15.428463,23.657723"
0.95,3,123,-0.0006306291700367502,-0.050580876941962866,-0.011639906832005692,0,"2.013208,7.42264,19.363337,7.992419,14.931079,23.619668"
0.95,3,124,-0.0005938793687963348,-0.05063956790355968,-0.010904531054704347,0,"2.009399,7.724043,18.377185,7.959233,16.12399,22.504661"
0.95,3,125,-0.0007557170375720637,-0.051956631436683706,-0.014113051702441828,0,"2.018251,7.520002,18.752137,9.224593,14.457058,23.524871"
0.95,3,126,-0.0006749457810984377,-0.060309412645117855,-0.01234069608562588,0,"2.095975,7.569445,18.281045,9.195486,14.589887,23.221615"
0.95,3,127,-0.0005243850771990707,-0.05277439638922786,-0.009475512500085992,0,"2.045969,7.558169,16.835752,8.841796,16.441459,24.50048"
0.95,3,128,-0.00031630530994850194,-0.052952162266918554,-0.005314700415483098,0,"2.042065,7.553754,17.352265,8.786923,16.00036,24.104945"
0.95,3,129,-0.0002926816859505525,-0.05244231706445651,-0.004852377317468903,0,"2.023979,7.531685,18.666749,9.030637,14.577296,23.496511"
0.95,3,130,-0.00010853472516223763,-0.05943405948894925,-0.0010404069659887272,0,"2.088743,7.572887,18.274172,9.006381,14.687987,23.243798"
0.95,3,131,-0.0004205362410060134,-0.05129211285692215,-0.007428745929908831,0,"2.019772,7.450549,19.176082,8.00384,14.972313,23.575509"
0.95,3,132,-0.00048308169779771523,-0.05129766393300148,-0.008678300041186082,0,"2.016594,7.701718,18.354289,7.976184,15.966406,22.646336"
0.95,3,133,-0.0005218742065653646,-0.05075249315638168,-0.009463723038297733,0,"2.022508,7.467789,17.455165,9.368999,15.3868,23.607221"
0.95,3,134,-0.0008576827692811698,-0.05335514374072398,-0.016123783870678948,0,"2.027588,7.541415,19.652327,8.437291,14.025466,22.331844"
0.95,3,135,0.001435988799971635,-0.045585545523620985,0.029556345019362107,0,"1.966183,7.521528,18.907301,7.95292,15.347602,23.093579"
0.95,3,136,-0.00028612969757465097,-0.05708353787153197,-0.004633373358575332,0,"2.06816,7.564327,18.379694,8.830789,14.797923,23.218762"
0.95,3,137,0.001798059269880193,-0.047611034546441666,0.03682896608789832,0,"1.98645,7.530088,18.801779,8.128479,15.237666,23.118616"
0.95,3,138,-0.0007195196360236001,-0.05548804996652635,-0.013322796974133855,0,"2.054472,7.558621,18.450041,8.713731,14.871213,23.202071"
0.95,3,139,-0.00026241213692956963,-0.05321078775272706,-0.004233004766523052,0,"2.040537,7.571709,18.442489,7.823061,15.556266,22.74272"
0.95,3,140,-0.0006371886246149569,-0.052553219749597584,-0.011733527789267506,0,"2.026736,7.538355,18.629372,8.829354,14.740457,23.370879"
0.95,3,141,-0.0007021476206486799,-0.05479451421010205,-0.012988867775206442,0,"2.047087,7.682121,17.750918,9.125014,15.083963,22.595512"
0.95,3,142,-0.0007383993922164226,-0.05578220799666878,-0.0136944314609308,0,"2.060479,7.424423,18.371588,9.535664,13.795723,23.507744"
0.95,3,143,-0.00030240616454345895,-0.05801511250441769,-0.004940895258027211,0,"2.067225,7.643891,19.576187,8.198352,13.84497,22.513699"
0.95,3,144,-0.0005119632070944961,-0.05190648566409816,-0.009243797117154895,0,"2.02994,7.497138,17.808668,9.173878,15.129829,23.424967"
0.95,3,145,-0.0006711354120803584,-0.05429491205835886,-0.012378726186312028,0,"2.048501,7.581986,18.475228,8.123667,14.986316,23.184234"
0.95,3,146,-0.000637439502004221,-0.05545777602582547,-0.01168340888670702,0,"2.054986,7.443921,18.585045,9.352592,13.834014,23.31176"
0.95,3,147,-0.0006085856071452417,-0.05514340646432942,-0.011112874545537027,0,"2.049984,7.555753,18.650422,8.667657,14.730256,23.057033"
0.95,3,148,-0.0008354212108208081,-0.05456750907354002,-0.015655985558460428,0,"2.043833,7.65867,18.06782,9.010389,14.907547,22.551568"
0.95,3,149,-0.00035949746167481184,-0.05269535775083877,-0.006182554881348945,0,"2.026878,7.538865,18.799864,8.764008,14.621292,23.197706"
0.95,3,150,-0.0007985620852439247,-0.05122999133483855,-0.014982888980536013,0,"2.023354,7.480059,17.821358,9.213707,15.159911,23.394658"
0.95,3,151,-0.0008560570750916915,-0.05541367987968848,-0.01605222935476497,0,"2.055881,7.5484,18.284202,8.837729,14.593211,22.745992"
0.95,3,152,-0.0006262932684066724,-0.053064332832809584,-0.011506136907402653,0,"2.034716,7.529062,18.311571,8.990776,14.438566,22.782986"
0.95,3,153,0.00016057049853293633,-0.05355890843508627,0.004224804426498863,0,"2.037258,7.53351,18.368046,8.936922,14.487181,22.82866"
0.95,3,154,-0.0007455978116150061,-0.05504302099040012,-0.013852286546935572,0,"2.051158,7.547236,18.512223,8.770988,14.498587,22.676968"
0.95,3,155,-0.0007142118250619432,-0.05437322976766908,-0.013237907228424717,0,"2.041123,7.639127,18.331904,8.914869,14.760533,22.514947"
0.95,3,156,-0.0007234382393783182,-0.05135212247692697,-0.0134795948656391,0,"2.02406,7.490285,18.12652,9.084299,14.970837,23.217522"
0.95,3,157,0.001704068428080924,-0.05425797429366386,0.03507719288031774,0,"2.045011,7.575224,18.671411,8.175935,14.826174,23.042169"
0.95,3,158,-0.00043383956618170546,-0.05510485024487877,-0.0076221769919894156,0,"2.050412,7.46017,18.762925,9.200034,13.865922,23.148441"
0.95,3,159,-0.0007969450334547645,-0.054864777395062125,-0.014881588310278818,0,"2.046246,7.553363,18.817406,8.629262,14.612791,22.936168"
0.95,3,160,-0.000632704175031451,-0.053828367569301865,-0.011619724792020253,0,"2.035171,7.501974,18.72969,9.503035,14.085204,22.566461"
0.95,3,161,-0.0007953929283682611,-0.05259951058719383,-0.014893574291916609,0,"2.024714,7.630966,18.627098,8.579878,15.11855,22.266196"
0.95,3,162,-0.00020372991051686594,-0.05339138110104805,-0.003057104864552851,0,"2.036441,7.632158,18.626136,7.969252,15.243717,22.748087"
0.95,3,163,-0.0007722226502298266,-0.05380392153727112,-0.014407770724663704,0,"2.035383,7.523671,18.712431,9.247381,14.27829,22.596732"
0.95,3,164,-0.0007618352153703638,-0.05272266061346876,-0.01422075300274861,0,"2.028583,7.456522,19.150764,8.668154,14.40764,22.826863"
0.95,3,165,-0.0007788762302534556,-0.05579798551226314,-0.014502860020315783,0,"2.047169,7.594106,19.697563,8.36003,14.009604,21.994067"
0.95,3,166,-0.0006344819886293509,-0.05259675002642022,-0.011678622899185837,0,"2.018764,7.552777,19.706974,8.536333,14.31886,22.306989"
0.95,3,167,-0.0008414739121499853,-0.05470826128799839,-0.015774247031496227,0,"2.045748,7.54816,18.711348,8.731878,14.468632,22.615304"
0.95,3,168,-0.00036777721591220626,-0.05562718565005322,-0.00629233545543767,0,"2.047034,7.674044,18.921961,8.660406,14.430138,22.086574"
0.95,3,169,0.0008403856039481362,-0.053237424579082704,0.01780142172424104,0,"2.031654,7.492774,19.11263,8.666862,14.41139,22.703481"
0.95,3,170,-0.0006306855727882903,-0.054474674906175455,-0.01156712550704142,0,"2.042718,7.547035,18.868178,8.682779,14.394771,22.568061"
0.95,3,171,-0.0004762772609433809,-0.05460421248748026,-0.008479585596009476,0,"2.043133,7.551372,18.95656,8.597266,14.514903,22.835447"
0.95,3,172,-0.0004463099793036268,-0.05272948451610865,-0.007916422957309155,0,"2.025193,7.616041,18.79797,8.556113,14.93637,22.277137"
0.95,3,173,-0.0005659120041917018,-0.05529520183865162,-0.010257373875024622,0,"2.043902,7.585324,19.690024,8.372907,14.012248,22.050364"
0.95,3,174,-0.0008279874326634738,-0.05372406906546401,-0.015523467873152494,0,"2.034083,7.526628,18.86908,9.11236,14.236152,22.552584"
0.95,3,175,-0.0007525796910273581,-0.052821288248325236,-0.01403395538844053,0,"2.028417,7.470671,19.234358,8.629676,14.343944,22.74436"
0.95,3,176,-0.00039878053850427606,-0.05540018311345237,-0.00691609119973019,0,"2.0481,7.45811,19.625539,8.721305,13.572792,22.750416"
0.95,3,177,-0.0007925561586891338,-0.05313886181148972,-0.014826658141223137,0,"2.029005,7.589718,18.935898,8.583644,14.709107,22.356017"
0.95,3,178,-0.0005366498179753602,-0.053061345073862176,-0.009715115687416398,0,"2.025443,7.535558,19.460062,8.67561,14.058993,22.032296"
0.95,3,179,-0.0003484912551443708,-0.05328229602423425,-0.0059515099684585016,0,"2.028388,7.538193,19.376145,8.662553,14.134978,22.166154"
0.95,3,180,-0.0005905561337765993,-0.05368407090449715,-0.010780344983363166,0,"2.033,7.529093,18.999621,8.999843,14.201038,22.515794"
0.95,3,181,-0.0007487944395692341,-0.053202257380510355,-0.013951094806348624,0,"2.028769,7.581668,19.055303,8.559252,14.595167,22.351988"
0.95,3,182,-0.0008288009668159005,-0.052934915560370784,-0.01555470123943152,0,"2.028279,7.482461,19.304019,8.597611,14.290865,22.675607"
0.95,3,183,-0.0007809537510104422,-0.05428713979345325,-0.014573046317815405,0,"2.040194,7.546099,18.998869,8.641863,14.33322,22.528691"
0.95,3,184,-0.000496135747397771,-0.05504611027065826,-0.008867970881930975,0,"2.04118,7.578006,19.683741,8.383638,14.014451,22.097277"
0.95,3,185,-0.0007405962876079121,-0.054399783009266824,-0.013764565309672488,0,"2.040539,7.549712,19.072521,8.570603,14.43333,22.751513"
0.95,3,186,-0.0005100306090924562,-0.05210576863001087,-0.009201401176702206,0,"2.024948,7.49881,18.677146,8.88519,14.611911,22.954536"
0.95,3,187,-0.0008277689079414706,-0.05269959064690246,-0.015538547389149102,0,"2.027651,7.512009,18.844912,8.801595,14.512334,22.811659"
0.95,3,188,-0.0008124882727034465,-0.05345232039549517,-0.015218952414140369,0,"2.031335,7.542028,19.309695,8.202922,14.529089,22.63464"
0.95,3,189,-0.0007586018604986183,-0.052183788695314905,-0.014166378845915456,0,"2.020744,7.518847,19.315854,8.509568,14.328717,22.359963"
0.95,3,190,-0.0007236464845538695,-0.05314024144866382,-0.0134498152882645,0,"2.029823,7.465954,19.419923,8.504358,14.078064,22.762147"
0.95,3,191,-0.0007510215916593486,-0.05317942695459705,-0.013996026694355262,0,"2.028945,7.562381,19.116073,8.550103,14.508983,22.420348"
0.95,3,192,-0.0007794975134922548,-0.053072756600090545,-0.014567000893549814,0,"2.029647,7.485239,19.359153,8.513507,14.164248,22.693787"
0.95,3,193,0.0012606869909687136,-0.054346099556507675,0.02622009561533256,0,"2.040833,7.51757,19.173804,8.555355,14.289691,22.865446"
0.95,3,194,-0.0006230104500984729,-0.05255741021787453,-0.011450168039790043,0,"2.024088,7.518634,19.292179,8.517199,14.322212,22.44421"
0.95,3,195,-0.0007534748218970548,-0.052989943341150744,-0.014048638875583636,0,"2.028164,7.492287,19.36207,8.570891,14.246632,22.618313"
0.95,3,196,-0.0008355237288625918,-0.05281278649552379,-0.015691340293543327,0,"2.027641,7.51691,18.979481,8.740876,14.43119,22.73169"
0.95,3,197,-0.00043525267020523263,-0.05335118610441269,-0.007683697170949855,0,"2.030711,7.541926,19.3668,8.241983,14.445152,22.584174"
0.95,3,198,-0.0004271023375804537,-0.05416333668413358,-0.007505437916693836,0,"2.038091,7.545318,19.107779,8.607767,14.281928,22.495884"
0.95,3,199,-0.00019350546323630452,-0.053088254574054035,-0.0028585738539650962,0,"2.029304,7.494602,19.408015,8.500804,14.141118,22.633463"
0.95,3,200,-0.0008635900234293686,-0.052372913426882516,-0.016260454658817772,0,"2.021885,7.522609,19.371933,8.497522,14.278175,22.355277"
0.95,3,201,-0.0007782438590481409,-0.05320553778464321,-0.01453943253052406,0,"2.028719,7.558887,19.205448,8.531301,14.428397,22.405597"
0.95,3,202,-1.0863584835317396e-5,-0.05298909123714669,0.0007887323044949435,0,"2.027451,7.529006,19.32301,8.503308,14.309169,22.504482"
0.95,4,1,0.004618211036007621,-0.03865860825677847,0.09300572854848266,0,"2.172137,5.855247,8.630042,17.546794,21.14205,5.743161"
0.95,4,2,0.005485306114723127,-0.1245135030265411,0.1119599189330337,0,"3.145749,5.855247,8.630042,17.546794,21.14205,5.743161"
0.95,4,3,7.552534413820207e-5,-0.06705136135798215,0.0027817010475181814,0,"2.172137,8.803717,8.630042,17.546794,21.14205,5.743161"
0.95,4,4,0.000366475771535598,-0.057811837485105044,0.00841952082210684,0,"2.172137,5.855247,12.969797,17.546794,21.14205,5.743161"
0.95,4,5,-0.000661058268458028,-0.05632615079351366,-0.01213882967440938,0,"2.172137,5.855247,8.630042,26.345191,21.14205,5.743161"
0.95,4,6,0.0004889662839346071,-0.04776326022158145,0.01067615147143075,0,"2.172137,5.855247,8.630042,17.546794,31.738075,5.743161"
0.95,4,7,0.004695327106767913,-0.03977701191398331,0.09456773762409976,0,"2.172137,5.855247,8.630042,17.546794,21.14205,8.635104"
0.95,4,8,0.08062402836797321,0.08478228290025475,0.00632887951923955,0,"1.313691,6.837181,10.076549,20.479593,24.674059,6.706167"
0.95,4,9,0.001580614058086762,-0.10605696601074131,0.0335937697461931,0,"2.813438,6.018769,8.871111,18.035594,21.730718,5.903517"
0.95,4,10,0.0010210831121345736,-0.08299255882351103,0.02197654431602214,0,"2.381593,6.891776,10.156915,20.642526,24.870281,2.952223"
0.95,4,11,-0.00013448951941671277,-0.09297964327115045,-0.0009222549112711254,0,"2.452471,7.237606,10.665904,21.674437,26.113025,4.854266"
0.95,4,12,0.0005616920449461431,-0.01305271833837332,0.011470372175176768,0,"1.727952,7.480347,11.023093,22.398585,26.985126,4.347188"
0.95,4,13,-0.0006443817585325869,-0.03208776860421597,-0.012265701865306317,0,"1.908977,6.802809,10.025949,20.377005,24.550511,7.815286"
0.95,4,14,0.0008079065299213227,-0.09358987090471554,0.017918419725890145,0,"2.646409,5.989155,8.82746,17.947087,21.624128,7.54008"
0.95,4,15,-5.696819363082974e-5,-0.03199193589260513,-0.0005309861045525444,0,"1.872677,7.23165,10.65714,21.656668,26.091626,4.876048"
0.95,4,16,0.0005394175067849028,-0.061263077373976946,0.011940408197606,0,"2.073332,8.073878,11.896285,24.168836,14.989029,5.846133"
0.95,4,17,0.00022667034824965613,-0.0531142164871268,0.005537040038210317,0,"2.155578,6.224558,9.174369,18.650467,28.946568,5.760321"
0.95,4,18,-0.0003468554603895017,-0.054871640548628295,-0.005888659377988104,0,"2.067883,8.197241,6.29302,24.536727,28.18656,5.851855"
0.95,4,19,-0.0006277397276239362,-0.059041504111021534,-0.011421584389979325,0,"2.055184,8.485104,9.125776,25.39514,20.128706,5.865206"
0.95,4,20,0.00010621368911092018,-0.04191742487817818,0.00291778706783595,0,"2.000431,5.800714,9.835391,29.114929,27.595443,5.923065"
0.95,4,21,-5.442710684722814e-5,-0.06391560950510182,0.0001257287149374342,0,"2.143234,8.302834,8.830922,19.474816,22.217616,5.773138"
0.95,4,22,-3.2218626835722463e-5,-0.04719638462257496,0.0002521066644500247,0,"2.028754,6.300501,9.63449,27.186906,26.519877,5.893075"
0.95,4,23,-0.0007315894036665911,-0.06156160368329638,-0.013448668934414765,0,"2.124026,7.968945,8.964845,20.760165,22.934659,5.793125"
0.95,4,24,-0.00038972646055336505,-0.08539643098117805,-0.006165831191233678,0,"2.39323,7.616707,7.244665,24.70622,21.593544,7.099996"
0.95,4,25,0.0011167729279515728,-0.01674303548424097,0.02263094528794407,0,"1.799823,7.737134,6.096796,25.699045,20.065652,7.872413"
0.95,4,26,-0.00027545059802804305,-0.0825472334285714,-0.00393667784757043,0,"2.339869,7.32085,9.904041,22.345205,25.105129,5.355439"
0.95,4,27,0.0002529759542722842,-0.032955518950645274,0.0056799939515563835,0,"1.904262,7.65387,6.857485,25.028277,21.073548,7.368398"
0.95,4,28,-0.00042684207436125216,-0.07512749528547934,-0.007102316760040889,0,"2.265535,7.376349,9.396148,22.792384,24.433199,5.690267"
0.95,4,29,0.002103442924320311,-0.06915860057956369,0.043339532365052835,0,"2.236306,6.504369,11.50423,22.255308,16.740997,6.816561"
0.95,4,30,-0.00029330583918256843,-0.05765183364419605,-0.0047659659784332065,0,"2.09569,7.914982,7.160788,24.15649,26.278966,6.012509"
0.95,4,31,3.0492999996161234e-5,-0.05774142046307788,0.0017052417469747283,0,"2.164098,6.207099,8.685841,25.414353,21.440818,5.751488"
0.95,4,32,-0.0004069216925908797,-0.03766826934788697,-0.00741532141279494,0,"1.944314,6.997096,9.849093,20.440865,24.281202,7.477979"
0.95,4,33,-0.0006768662753442427,-0.05955408993799613,-0.012393404393669247,0,"2.066611,8.399073,9.098954,24.622644,20.596365,5.853191"
0.95,4,34,-0.00046423845999328604,-0.07295745955660414,-0.007890686781508727,0,"2.241778,7.475103,9.324263,22.45368,24.183442,5.707407"
0.95,4,35,-0.0004968285762884389,-0.08170827672200127,-0.008375738529521226,0,"2.347789,7.67541,7.531282,24.048544,21.817063,6.882014"
0.95,4,36,-0.00041218136906064144,-0.05609649573734316,-0.0071706233388644375,0,"2.077209,8.159191,6.737947,23.9073,27.311243,5.842066"
0.95,4,37,-0.00041463551146453696,-0.06473008699834827,-0.007055782793528587,0,"2.101038,9.352343,8.482628,19.996713,25.600507,6.766857"
0.95,4,38,-8.834657678013683e-6,-0.09135776319289068,0.0015575468003043436,0,"2.38008,9.346603,6.864558,24.82215,23.199891,4.807561"
0.95,4,39,-0.00042084077758299497,-0.04756188194412023,-0.007505634160561048,0,"2.01514,7.388522,9.351539,21.171079,24.100984,7.031955"
0.95,4,40,-0.0007470522020474502,-0.07339498124116227,-0.013533006390975932,0,"2.220643,7.927152,10.847376,20.443642,19.099764,6.835993"
0.95,4,41,8.932031641067325e-5,-0.07590897554592675,0.0032254514121738964,0,"2.244805,7.888481,11.532465,19.866365,17.731184,7.001789"
0.95,4,42,0.0005687007066609698,-0.06672164353895244,0.012629096264195283,0,"2.236588,6.260197,9.890059,24.503205,18.643586,5.934095"
0.95,4,43,-0.0004328019295408616,-0.06557794127534745,-0.0074026550515340905,0,"2.123462,8.83674,8.717182,20.747795,24.44102,6.627985"
0.95,4,44,-0.0001048891608803556,-0.0889337415182342,-0.00040763449426639564,0,"2.36236,8.7057,8.809648,23.187744,20.256454,5.535227"
0.95,4,45,-0.00045245159966623473,-0.055242025450451156,-0.007991442067698418,0,"2.071913,7.608005,9.261222,21.50719,23.460229,6.782239"
0.95,4,46,0.00035153414358964346,-0.06931948807140942,0.008339413731418222,0,"2.233222,6.84821,9.625368,23.86416,19.589488,5.989673"
0.95,4,47,-0.0004234214995928173,-0.06643169019734388,-0.007199028849257549,0,"2.141648,8.505223,8.86854,21.267189,23.632431,6.521551"
0.95,4,48,-0.0007535152277519345,-0.06364025554326337,-0.013847292407309364,0,"2.140045,7.96198,9.278584,20.707411,22.29551,5.966778"
0.95,4,49,-0.0006935131275226131,-0.06207282720264144,-0.012678200632969094,0,"2.092061,8.320415,9.390344,23.926144,20.346932,6.016857"
0.95,4,50,-0.0005719433780194103,-0.08045834286016613,-0.009900258787257782,0,"2.326472,7.717365,8.083823,23.447727,21.36418,6.874344"
0.95,4,51,-0.0006099189798847044,-0.07308197000580009,-0.010799023144439437,0,"2.238252,7.550438,9.578107,22.118674,23.336163,5.89531"
0.95,4,52,-0.0008040001559460896,-0.058462430572180535,-0.014954262675374974,0,"2.096494,7.661193,9.525571,21.329932,22.733485,6.791198"
0.95,4,53,-0.0004980042215286498,-0.06698125073549104,-0.008678761904693966,0,"2.139574,8.68513,9.07219,20.697103,23.550811,6.662649"
0.95,4,54,0.00020295598054141878,-0.07008810538685142,0.005385408204973574,0,"2.231125,7.027976,9.829031,23.294074,19.507867,6.130635"
0.95,4,55,-0.0004099305488245166,-0.06755439584982538,-0.006908169286057586,0,"2.154758,8.408872,9.198327,21.129931,22.876987,6.573949"
0.95,4,56,-0.0007451486548717717,-0.06279891590498497,-0.013696097597643064,0,"2.132768,7.911846,9.319748,20.811164,22.368506,6.104092"
0.95,4,57,-0.0007673101718357379,-0.07100468319636108,-0.013983131324659226,0,"2.199813,7.882824,10.627071,20.591357,19.705384,6.828527"
0.95,4,58,-0.0007468793969029313,-0.06136468407792793,-0.013757901039538445,0,"2.092799,8.210535,9.412882,23.493442,20.744691,6.145838"
0.95,4,59,-0.00047574782005645964,-0.07072385999378278,-0.008163040021226087,0,"2.214447,7.568897,9.569351,21.987217,23.235716,6.044514"
0.95,4,60,-8.617757943014103e-5,-0.07695238753295984,-0.00026119503044613746,0,"2.2877,7.708003,8.324087,23.094761,21.592398,6.860486"
0.95,4,61,-0.0004346688686199037,-0.06562849683462306,-0.007438996935604625,0,"2.132377,8.514455,9.147752,20.802574,23.41459,6.684073"
0.95,4,62,-0.0007856230004005251,-0.05185852023147032,-0.01471243568792463,0,"2.004245,8.208568,10.876817,19.910468,22.475059,6.005708"
0.95,4,63,2.915764286326835e-6,-0.060007560484877806,0.001197261673265948,0,"2.113804,7.300284,10.629406,21.905285,20.339691,5.955922"
0.95,4,64,-0.0006760039219449158,-0.06477642485639397,-0.01227704931730951,0,"2.129278,8.312059,9.394685,20.986359,22.902107,6.562652"
0.95,4,65,-0.0008713616824603321,-0.0522045101099171,-0.016418929028090112,0,"2.005055,8.493498,10.149559,20.387024,20.407361,6.768192"
0.95,4,66,0.0007733079547290078,-0.049327861755683225,0.01638700146647165,0,"1.970769,8.647621,10.246262,20.120325,19.935968,6.888878"
0.95,4,67,-0.00019588646298579943,-0.05476271215272151,-0.0028743633654488288,0,"2.047349,7.810759,10.575865,21.188102,19.909389,6.318349"
0.95,4,68,-0.00039052422973577034,-0.06306494914306018,-0.006605644916081177,0,"2.115558,8.228504,9.591543,21.019983,22.40332,6.521928"
0.95,4,69,-0.0007718635978358795,-0.05750666518867381,-0.014330315003129646,0,"2.08117,7.799894,9.629568,21.172781,22.345797,6.787364"
0.95,4,70,-0.0007705854266316589,-0.05192332249763196,-0.01441075465052763,0,"2.00438,8.256055,10.755607,19.989894,22.130443,6.132713"
0.95,4,71,-0.0009127492989679991,-0.06808805770440368,-0.016944368514461836,0,"2.166993,7.984595,10.547485,20.557301,19.82238,6.818471"
0.95,4,72,-0.00028063001065412984,-0.060012064281776356,-0.004467903088640202,0,"2.078097,8.257695,9.535659,22.975705,20.688469,6.249518"
0.95,4,73,-0.0009350596037393539,-0.061079062965175276,-0.017523166711736995,0,"2.111321,8.008781,9.458047,20.740474,22.041648,6.214722"
0.95,4,74,-0.00040774271657403394,-0.06274616260720278,-0.006955721520423397,0,"2.10842,8.342298,9.520495,20.88647,22.486316,6.596905"
0.95,4,75,-0.0005259986155349377,-0.057965652213492105,-0.009409215702939455,0,"2.080522,8.037333,10.484593,18.268943,22.389513,6.85662"
0.95,4,76,-0.0008989833919744059,-0.053638105641195796,-0.016943600232073308,0,"2.041085,7.851092,10.821132,19.485668,20.559399,6.595655"
0.95,4,77,-0.00033288265511665727,-0.0569330717340788,-0.005570354385000642,0,"2.055676,8.093955,9.969198,22.508771,20.046163,6.249101"
0.95,4,78,-0.0009473275339647934,-0.05784527038484677,-0.01782966088110266,0,"2.076375,8.04677,10.398693,18.975581,21.998955,6.755333"
0.95,4,79,-0.001011167209677962,-0.06465848003519514,-0.018975857215674838,0,"2.156743,7.80549,9.579225,20.449716,20.261404,7.180831"
0.95,4,80,-0.0010185173426498716,-0.06654923687648331,-0.019086824527816418,0,"2.18245,7.730404,9.383169,20.526353,19.949897,7.355631"
0.95,4,81,-0.0003063392465119957,-0.06256490225362166,-0.004933118668752345,0,"2.112721,8.238484,10.623125,19.051353,19.247416,6.715173"
0.95,4,82,-0.000890438914450101,-0.05839551194678848,-0.016682580981031994,0,"2.086418,7.872988,9.795157,20.819209,21.8294,6.775332"
0.95,4,83,-0.0007899366545957427,-0.06890510889398666,-0.014475060961967129,0,"2.217711,7.338166,9.984988,19.981172,21.659866,6.736723"
0.95,4,84,-0.0008881006976707381,-0.0552198986154033,-0.016696139739982102,0,"2.040055,8.300912,10.122131,20.319382,20.616111,6.762947"
0.95,4,85,-0.0009562682698704785,-0.066436193923357,-0.017845232480385387,0,"2.181844,7.530681,10.012417,20.048814,21.451115,6.741968"
0.95,4,86,-0.0003382364228933332,-0.0663385264203693,-0.0054987976582214215,0,"2.166749,7.84444,10.411815,19.292188,20.111731,6.718463"
0.95,4,87,-0.0007570703172607305,-0.05977136421432336,-0.013991758666475979,0,"2.099746,7.86823,9.897932,20.564706,21.543122,6.765853"
0.95,4,88,-0.0008925452388716786,-0.06646378749165957,-0.016571521293798228,0,"2.181945,7.563967,9.907541,20.128404,21.200912,6.844221"
0.95,4,89,-0.0009079891454131862,-0.05936008722953365,-0.01701492632457799,0,"2.093948,7.99404,10.229436,19.234043,21.657445,6.855359"
0.95,4,90,-0.0007816468406311299,-0.06208803999176083,-0.014438825227551577,0,"2.123129,7.962383,9.445567,20.704787,21.693023,6.404754"
0.95,4,91,-0.00030097860197675504,-0.06772867202440688,-0.004727999271799566,0,"2.169567,7.942228,10.353428,20.552143,19.843633,6.90798"
0.95,4,92,-0.0008360912139878636,-0.05592330364420482,-0.015643637872644722,0,"2.064452,7.830976,10.581466,19.659116,20.457815,6.722276"
0.95,4,93,-0.000498792239145138,-0.059827705908174975,-0.008830288082564863,0,"2.102337,7.849223,9.726492,20.7704,21.51615,6.872027"
0.95,4,94,-0.0004361255487245603,-0.05537976227869662,-0.007662632858337626,0,"2.079862,7.701433,9.404465,19.788891,22.314781,6.776698"
0.95,4,95,-0.0009343869094119436,-0.05756372027023703,-0.0175764510520523,0,"2.094737,7.741564,9.562622,19.9161,21.902923,6.798577"
0.95,4,96,-0.0003080675612352853,-0.06297655568185026,-0.0049598368299206275,0,"2.144337,7.758547,9.976766,19.285868,20.771188,6.788165"
0.95,4,97,-0.0008773177950425539,-0.06037411628546546,-0.01638286482660062,0,"2.10932,7.83411,9.768204,20.522978,21.39199,6.858049"
0.95,4,98,-0.0009189446282920439,-0.06017466679772305,-0.017218355541142982,0,"2.118879,7.602644,10.365248,19.290877,20.493971,7.406835"
0.95,4,99,-0.0007938702933774338,-0.06729080905746307,-0.014584296199257607,0,"2.196371,7.657928,9.157294,20.213802,21.741231,7.317305"
0.95,4,100,-0.0009347944212529968,-0.05794275974206091,-0.017577398591369392,0,"2.086273,7.802134,10.344098,19.751564,20.671718,6.821424"
0.95,4,101,-0.0003002094016524278,-0.062435212391174506,-0.004813105891724512,0,"2.14324,7.644136,10.162495,19.092802,20.566965,7.169263"
0.95,4,102,-0.0005491951359079023,-0.06074211517591697,-0.009819982547268347,0,"2.114963,7.802447,9.833919,20.284615,21.254486,6.909912"
0.95,4,103,-0.0009507728189908553,-0.05945338352243035,-0.01786797411877214,0,"2.102216,7.790179,10.18394,19.880695,20.551414,6.910441"
0.95,4,104,-0.0009064383756684712,-0.059011502996557164,-0.016990558398036787,0,"2.109284,7.739704,9.532713,20.017809,21.577419,6.8914"
0.95,4,105,-0.0008928622811370874,-0.06127113922170619,-0.016676417559969348,0,"2.129437,7.623937,10.201565,19.49679,20.403292,7.398301"
0.95,4,106,-0.0006231252561683091,-0.060643139728315226,-0.011298986482046136,0,"2.108625,7.950099,10.088389,19.449428,21.372854,6.938722"
0.95,4,107,-0.0008216163770242558,-0.06648343840589824,-0.015153988222550485,0,"2.182029,7.591706,9.820144,20.194729,20.992409,6.92944"
0.95,4,108,-0.0008608611413820368,-0.061434334335962994,-0.016033936538718707,0,"2.121459,7.816826,9.704031,20.52354,21.151641,6.940965"
0.95,4,109,-0.00028630635955459276,-0.06395961667048865,-0.0045063880862663,0,"2.166973,7.480841,9.520131,20.763877,20.16917,7.203313"
0.95,4,110,-0.0008520145811133053,-0.06125887977447284,-0.01586051239415695,0,"2.118318,7.871883,9.993678,19.668503,21.17224,6.982817"
0.95,4,111,-0.0010694785622053723,-0.05636352680516295,-0.02029836586894039,0,"2.072672,7.932615,9.846215,19.843168,20.609558,7.230394"
0.95,4,112,-0.0007420293726626833,-0.05456921080506929,-0.013789982465491846,0,"2.054607,7.989437,9.85056,19.784574,20.545749,7.28056"
0.95,4,113,-0.0009568544571736303,-0.06023482687624752,-0.017974652780043843,0,"2.120705,7.672672,9.623529,20.427615,20.242167,7.259539"
0.95,4,114,-0.000927022159641429,-0.059542446597350564,-0.017391744962516387,0,"2.117312,7.679676,9.886341,19.540603,19.959608,7.407614"
0.95,4,115,-0.0003908976463972562,-0.059270524236166744,-0.006685127839618332,0,"2.105315,7.891151,9.283746,20.581958,20.560062,6.953377"
0.95,4,116,-0.0008987076552960685,-0.06094399862220425,-0.01679941771438509,0,"2.125411,7.66847,10.048592,19.677651,20.42942,7.324137"
0.95,4,117,-0.0009296639863323102,-0.059614212992683276,-0.017443166513271935,0,"2.10933,7.846613,9.436712,20.401097,20.533934,7.02752"
0.95,4,118,-0.0011080551004785109,-0.06159391100739577,-0.020969847852577106,0,"2.125473,7.811012,9.920587,20.188702,19.038107,7.505694"
0.95,4,119,-0.000245533933927721,-0.061994987976576786,-0.0037290448621373207,0,"2.128174,7.822897,9.985234,20.217184,18.614889,7.6081"
0.95,4,120,-0.00033339044570188786,-0.0616114044790254,-0.005491700528407861,0,"2.120154,7.914825,9.578373,20.88194,20.348751,7.022124"
0.95,4,121,-0.00022058987626050457,-0.05990373093813058,-0.003270356281104503,0,"2.117786,7.718866,9.835013,19.764159,20.024465,7.343358"
0.95,4,122,-0.0009353323712159738,-0.057262610292596224,-0.017601056771988144,0,"2.081445,7.912347,9.858611,19.900757,20.34765,7.276274"
0.95,4,123,-0.001024749060690509,-0.065719360386886,-0.019227086280179148,0,"2.172924,7.743838,9.472737,20.470078,19.797932,7.38064"
0.95,4,124,-0.0008942147379118611,-0.060450504704518196,-0.016719016152698662,0,"2.121499,7.695728,9.673039,20.387797,20.04149,7.300562"
0.95,4,125,-0.0009241532974016366,-0.05981811006678732,-0.017329192664099657,0,"2.106087,7.793651,10.140047,19.93203,20.299196,7.00963"
0.95,4,126,-0.0006281650014689496,-0.05994914249360603,-0.011412853468531936,0,"2.112018,7.84068,9.517357,20.365697,20.28463,7.107204"
0.95,4,127,-0.00035786252545467394,-0.059958374990198016,-0.006012029354924786,0,"2.118672,7.701565,9.892049,19.648619,19.806025,7.42396"
0.95,4,128,-0.0006481205049956202,-0.06168091846978474,-0.01177869395503145,0,"2.12104,7.897523,9.635408,20.766401,20.130311,7.102707"
0.95,4,129,-0.0010034662285076173,-0.06222839154471697,-0.018868117013788918,0,"2.130715,7.777352,10.049454,20.18289,19.600266,7.417963"
0.95,4,130,-0.0003881495645871219,-0.06076767274265233,-0.0066018037059261125,0,"2.124905,7.680456,10.069417,19.587684,19.577903,7.527561"
0.95,4,131,-0.0010130915325068316,-0.06153671046352071,-0.019073559591737982,0,"2.121684,7.861344,9.707742,20.569948,20.038243,7.173507"
0.95,4,132,-0.0010137937129056055,-0.062294207367995375,-0.01907321110701317,0,"2.124507,7.937458,10.043353,20.027005,19.665641,7.287321"
0.95,4,133,-0.0004168102287569606,-0.06380295073806108,-0.007116831679436608,0,"2.146122,7.887465,9.544117,20.51443,19.19675,7.6709"
0.95,4,134,-0.0004998150004096069,-0.06048969207765034,-0.008838157701015759,0,"2.112744,7.809286,10.040724,20.029096,20.115455,7.11982"
0.95,4,135,-0.00106593831257504,-0.06508049931792943,-0.020062174589870252,0,"2.164995,7.755034,9.547378,20.423182,19.671295,7.401482"
0.95,4,136,-0.0005465478623177732,-0.06219266618021092,-0.009739557031899548,0,"2.124668,7.916383,10.022892,20.053954,19.561052,7.323714"
0.95,4,137,-0.0009731544287693376,-0.061548360451736416,-0.018275394332471273,0,"2.122315,7.852955,9.743216,20.506407,19.871554,7.228866"
0.95,4,138,-0.0008775535159154664,-0.06218115758031669,-0.01635327504923406,0,"2.129841,7.782962,10.027977,20.183859,19.506573,7.432584"
0.95,4,139,-0.0010600894295661738,-0.05799521127136793,-0.020079799777390078,0,"2.088764,7.895458,9.86894,19.948748,20.129393,7.314508"
0.95,4,140,-0.00019423063105376137,-0.060107255763733436,-0.002739834926637652,0,"2.109314,7.796545,10.103471,19.974808,20.089015,7.092294"
0.95,4,141,-0.0001294891756156957,-0.06343271770287578,-0.0013831786972620108,0,"2.142676,7.874722,9.606861,20.460142,19.170309,7.643365"
0.95,4,142,-0.00035353693144836527,-0.06068076485564432,-0.005911892204505553,0,"2.114864,7.809574,10.020702,20.055697,19.935897,7.184125"
0.95,4,143,-0.00010465136431060856,-0.06289121713674178,-0.0008971969636504262,0,"2.137105,7.861693,9.689628,20.379253,19.323427,7.551507"
0.95,4,144,-0.00037401469785377703,-0.06104978573758938,-0.00631403399406727,0,"2.118566,7.81826,9.965522,20.109623,19.833819,7.245349"
0.95,4,145,-0.0002994973679521412,-0.06252697701724463,-0.004797137658057116,0,"2.133394,7.853006,9.744807,20.325327,19.425505,7.490271"
0.95,4,146,-0.0005798634727345206,-0.06130059352612499,-0.010422136041652375,0,"2.121035,7.824051,9.928736,20.145574,19.765767,7.286167"
0.95,4,147,-0.0009543697753108596,-0.060937588417597964,-0.01791166965662619,0,"2.126073,7.72411,9.656053,20.411536,19.766511,7.399381"
0.95,4,148,-0.0004109585547757,-0.06189953988552287,-0.007036043793895164,0,"2.131389,7.783124,9.659313,20.40857,19.562044,7.474672"
0.95,4,149,-0.0009165278371508133,-0.061401384624636506,-0.01714678365149666,0,"2.12276,7.81723,9.883832,20.189407,19.731813,7.317583"
0.95,4,150,-0.0003615605916360502,-0.060737633637026764,-0.0060711256679495396,0,"2.120223,7.835637,9.512028,20.372135,19.896318,7.289919"
0.95,4,151,-0.00035876197082638427,-0.06194972104006179,-0.005992202514252254,0,"2.128237,7.791741,9.941984,20.215238,19.57153,7.408806"
0.95,4,152,-0.000825410841460357,-0.0643716060399636,-0.015269886428019797,0,"2.158394,7.764363,9.609579,20.384102,19.565763,7.41885"
0.95,4,153,-0.00037662109830885265,-0.058584334530069074,-0.006412906703402332,0,"2.094869,7.881383,9.877548,19.98874,19.947512,7.346371"
0.95,4,154,-0.0005576329943433943,-0.06155728981017611,-0.009973098282192339,0,"2.122842,7.845965,9.772778,20.453456,19.732646,7.275001"
0.95,4,155,-0.00036664928428297545,-0.06114309030950345,-0.006165101867911027,0,"2.125973,7.738594,9.700142,20.374397,19.64511,7.4171"
0.95,4,156,-0.0006782221707357499,-0.06143191732721173,-0.012384852133364599,0,"2.123212,7.816194,9.889958,20.189289,19.616195,7.348933"
0.95,4,157,-0.0003344221471948307,-0.06208296956086064,-0.005503363159081176,0,"2.129113,7.787637,10.010078,20.184666,19.428495,7.444769"
0.95,4,158,-0.0001922188796549471,-0.06086440261374397,-0.0026852686747630417,0,"2.121097,7.831533,9.580121,20.341562,19.753283,7.325879"
0.95,4,159,-0.0008089452049575935,-0.06189219517687568,-0.014987964426364853,0,"2.127776,7.794953,9.938418,20.210815,19.482626,7.424953"
0.95,4,160,-0.0003622973457419186,-0.0620652469747018,-0.006060646575743289,0,"2.124836,7.899365,9.969481,20.097304,19.482507,7.356165"
0.95,4,161,-0.00021325291544206098,-0.06127992883440169,-0.003097642018968616,0,"2.125784,7.765388,9.745031,20.328215,19.618009,7.406944"
0.95,4,162,-0.0010524071423115415,-0.06403903837444147,-0.019811589527588838,0,"2.152897,7.772138,9.661413,20.351535,19.477821,7.433324"
0.95,4,163,-0.0009677585826422314,-0.06183858202018174,-0.018162076517943215,0,"2.127392,7.797629,9.935446,20.20713,19.40854,7.43841"
0.95,4,164,-0.0002755594903527002,-0.061458983022730784,-0.004339129999622493,0,"2.123589,7.81533,9.895063,20.189191,19.519847,7.375059"
0.95,4,165,-0.0008292175589935215,-0.06155253551100515,-0.01539945355160971,0,"2.12328,7.840139,9.797413,20.40933,19.616889,7.313447"
0.95,4,166,-0.0009417356589403131,-0.05910655625100343,-0.01769399461542176,0,"2.099961,7.869655,9.884721,20.022067,19.795944,7.372924"
0.95,4,167,-0.0002087767606797628,-0.06122274121535932,-0.00300929383666676,0,"2.12589,7.750663,9.736882,20.343448,19.543943,7.431865"
0.95,4,168,-0.0002728306264973523,-0.06198770216417781,-0.004274571617210454,0,"2.124942,7.884639,9.961332,20.112537,19.40844,7.381086"
0.95,4,169,-0.0006618145597543055,-0.0618637205873011,-0.012048831672255123,0,"2.1251,7.862309,9.923924,20.151022,19.431024,7.389549"
0.95,4,170,-0.00035337066802840537,-0.06190212527731243,-0.005885387592706459,0,"2.127748,7.83563,9.812771,20.254071,19.402928,7.442722"
0.95,4,171,-0.0003510442541913036,-0.06182514547160688,-0.005840366952912623,0,"2.127054,7.832247,9.826487,20.243258,19.422415,7.431445"
0.95,4,172,-0.00029000991564625666,-0.06362255333456437,-0.004586783016551854,0,"2.148319,7.778617,9.704609,20.324396,19.404535,7.445385"
0.95,4,173,-0.00027322348446633067,-0.06179826611605139,-0.004286016616505128,0,"2.127072,7.79986,9.93297,20.204058,19.346801,7.449624"
0.95,4,174,-0.00030199016816750924,-0.059532521686879135,-0.0049037816696298475,0,"2.104207,7.859881,9.890699,20.049839,19.669638,7.395051"
0.95,4,175,-0.0005988585742905344,-0.06156889559548333,-0.010796565903592903,0,"2.123645,7.835285,9.817942,20.372559,19.520426,7.345487"
0.95,4,176,-0.0010928515574638736,-0.06181752053913997,-0.020661836422611185,0,"2.125162,7.85376,9.923368,20.157302,19.365538,7.408906"
0.95,4,177,-0.0009817776259306858,-0.061458209370723486,-0.018449397143426527,0,"2.123903,7.814611,9.899317,20.18911,19.439557,7.396831"
0.95,4,178,-0.0009933490785151765,-0.06142427816865823,-0.018681239046052955,0,"2.123142,7.851195,9.785871,20.223244,19.465799,7.382827"
0.95,4,179,-0.0010407253577764907,-0.058742743976261586,-0.019678716303677152,0,"2.093619,7.896632,10.04132,20.069189,19.428487,7.366213"
0.95,4,180,-0.00023992355571199512,-0.06257820101426596,-0.0036058794155532925,0,"2.134121,7.827617,9.905436,20.350196,19.083,7.406932"
0.95,4,181,-0.00031029398345738503,-0.05991559322605881,-0.005062420976875703,0,"2.109184,7.854503,9.893155,20.099899,19.571865,7.397032"
0.95,4,182,-0.0003963592362943326,-0.06216404036480618,-0.006739328630325003,0,"2.129127,7.832994,9.90298,20.300136,19.180773,7.404952"
0.95,4,183,-0.00019124382122288279,-0.061791328227338814,-0.0026481929951430727,0,"2.125799,7.836579,9.901342,20.266763,19.245955,7.403632"
0.95,4,184,-0.0007049417175066644,-0.061781063503282406,-0.0129120820615094,0,"2.125214,7.846635,9.922904,20.162535,19.310966,7.425037"
0.95,4,185,-0.0008528438290536055,-0.05923358989770651,-0.01591552285016551,0,"2.098918,7.882362,10.021198,20.089108,19.363424,7.389459"
0.95,4,186,-0.00037777094555253816,-0.06145289423859248,-0.00638143248802947,0,"2.123531,7.844498,9.808323,20.217487,19.394517,7.403304"
0.95,4,187,-7.294769663442562e-5,-0.06150138389980151,-0.0002901375010911922,0,"2.124164,7.814011,9.902862,20.189042,19.372649,7.414974"
0.95,4,188,-0.0003684352687286045,-0.06157452660302352,-0.006192596772342296,0,"2.12395,7.831239,9.835049,20.341916,19.440039,7.372187"
0.95,4,189,-0.0003051153104417601,-0.060323231961560746,-0.004951213587977565,0,"2.111896,7.847255,9.897727,20.114699,19.482906,7.415141"
0.95,4,190,-0.00026879739112351415,-0.06049435718807769,-0.00422233270319361,0,"2.112154,7.873656,9.899068,20.182441,19.304004,7.421965"
0.95,4,191,-0.00010936835260049802,-0.06060048959269951,-0.001034922826921747,0,"2.114155,7.863715,9.8997,20.183541,19.315445,7.4208"
0.95,4,192,-0.0003417123889504972,-0.059651321211019355,-0.005695177498502069,0,"2.103337,7.87047,10.00443,20.105707,19.309204,7.408831"
0.95,4,193,-0.0003686941021512612,-0.061750138512889796,-0.0061944349763040085,0,"2.125257,7.840698,9.922518,20.166897,19.26549,7.438479"
0.95,4,194,-0.0002681804850912739,-0.061476651517506815,-0.004191361961031814,0,"2.123854,7.838917,9.827034,20.21269,19.335116,7.420368"
0.95,4,195,-0.0008766653714516917,-0.06157775080630671,-0.01634698318053346,0,"2.124204,7.827868,9.849306,20.31638,19.373051,7.394437"
0.95,4,196,-0.0003905832136020829,-0.060466920809178586,-0.006656136640027233,0,"2.114157,7.841214,9.901537,20.127033,19.408773,7.430233"
0.95,4,197,-0.0002960069707963179,-0.061437838540085936,-0.004748072411253468,0,"2.124382,7.813511,9.905816,20.188985,19.316892,7.430094"
0.95,4,198,-0.0003370737767560897,-0.060632124568398275,-0.005583881287035186,0,"2.115076,7.829341,10.007698,20.151878,19.23539,7.448887"
0.95,4,199,-0.00039796153809689057,-0.06043256424608414,-0.006804207833428777,0,"2.111449,7.860024,9.962875,20.163214,19.226446,7.445426"
0.95,4,200,-0.00038097153018703405,-0.06101454495004767,-0.0064537005491406285,0,"2.119541,7.854421,9.846054,20.204099,19.304967,7.425479"
0.95,4,201,-0.00047092895648914685,-0.06265445204216988,-0.008219924616365337,0,"2.136724,7.807943,9.79653,20.283068,19.22974,7.471085"
0.95,4,202,-0.0003518200467833272,-0.060894016511297534,-0.005873541080871014,0,"2.118584,7.826796,9.836445,20.260602,19.261538,7.452305"
0.95,4,203,-0.0003669672621512566,-0.0616080203386169,-0.00616263022636504,0,"2.124144,7.838381,9.908173,20.182514,19.264831,7.440783"
0.95,4,204,-0.0003025300185362474,-0.061502407599278185,-0.004877177448889769,0,"2.124415,7.825059,9.861186,20.2951,19.317227,7.412979"
0.95,4,205,-0.0006883335621245206,-0.062477193647514584,-0.012567037525661962,0,"2.134847,7.808454,9.817206,20.26734,19.197801,7.476853"
0.95,4,206,-0.00028466879322562767,-0.06055190145455443,-0.004538351385490524,0,"2.113784,7.851855,9.955827,20.167462,19.195056,7.45547"
0.95,4,207,-0.00036189053368861676,-0.0607018376201207,-0.006078397361628407,0,"2.116042,7.836181,9.904712,20.137311,19.346995,7.44281"
0.95,4,208,-0.0002523999217603359,-0.06119122357424136,-0.0038814837035925365,0,"2.120529,7.847186,9.858476,20.201533,19.26049,7.438848"
0.95,4,209,-0.0005533327611503847,-0.06172422769708149,-0.009884010885877259,0,"2.125293,7.83575,9.922196,20.170531,19.227593,7.449681"
0.95,4,210,-0.00032090729099195774,-0.061704762310245354,-0.005240514821123365,0,"2.126083,7.808917,9.935429,20.207282,19.180436,7.475648"
0.95,4,211,-0.0002372953067423216,-0.06251693305645342,-0.003554529876896917,0,"2.136948,7.789937,9.831278,20.254627,19.240997,7.465751"
0.95,4,212,-0.0002658243797068101,-0.060965894228243535,-0.004153981622177394,0,"2.11764,7.841535,9.935069,20.181989,19.202713,7.457184"
0.95,4,213,-0.0001426451251019863,-0.06219592466451728,-0.0016695104229909052,0,"2.133284,7.808881,9.834436,20.254234,19.171186,7.48166"
0.95,4,214,-0.00034609070346418536,-0.061702625431487065,-0.005743720465619828,0,"2.125323,7.831627,9.921928,20.173559,19.196012,7.459017"
0.95,4,215,-0.00024475771957339654,-0.06076610888613786,-0.003736861461170138,0,"2.117613,7.831986,9.907358,20.145876,19.295514,7.45329"
0.95,4,216,-0.00013962799783958973,-0.061694169453849784,-0.0016187519851834642,0,"2.125982,7.809267,9.932955,20.204186,19.156715,7.480655"
0.95,4,217,-0.00018642293075438714,-0.06158578480058575,-0.0025557729309456656,0,"2.124591,7.822718,9.871086,20.277367,19.270707,7.428431"
0.95,4,218,-0.0007185674076778363,-0.06069194840314994,-0.013204996137759106,0,"2.115731,7.845048,9.949954,20.171002,19.168898,7.463841"
0.95,4,219,-0.0003917443710926439,-0.06125455807715095,-0.006664386431955049,0,"2.121353,7.841157,9.868828,20.199394,19.223427,7.449989"
0.95,4,220,-0.0002812838162448037,-0.06022957012716292,-0.00447683765482515,0,"2.110094,7.852302,9.978811,20.131066,19.226369,7.438427"
0.95,4,221,-0.0005589607372786921,-0.060570883648355264,-0.010018349606648436,0,"2.113937,7.848327,9.978069,20.059166,19.112069,7.494988"
0.95,4,222,-0.0009205318850752829,-0.061115248837921986,-0.017232215757827296,0,"2.119686,7.844505,9.965368,20.161754,19.026114,7.484028"
0.95,4,223,-0.00020470518486192152,-0.06211905143459598,-0.0029109307891919123,0,"2.130419,7.82159,9.889434,20.186792,19.028506,7.514092"
0.95,4,224,-0.00036123655986896035,-0.060468911418473235,-0.00606975212829991,0,"2.113477,7.847183,9.963915,20.140354,19.193392,7.451038"
0.95,4,225,-0.0006420073634266084,-0.06021964824582057,-0.011684289662199365,0,"2.111234,7.84745,9.960312,20.133231,19.05799,7.490842"
0.95,4,226,-0.0004353455797762824,-0.060951298293216896,-0.007541295632322198,0,"2.117901,7.839583,9.94052,20.152208,19.104434,7.481563"
0.95,5,1,0.01728664471232376,-0.01525730427824501,0.34567710592183964,0,"1.857999,6.365369,12.599352,16.824675,7.615313,16.472303"
0.95,5,2,0.013356918857147407,-0.09855774335417158,0.26874223203464254,0,"2.632256,6.365369,12.599352,16.824675,7.615313,16.472303"
0.95,5,3,0.009158351827442388,-0.037540399076543045,0.18369660752377814,0,"1.857999,9.570541,12.599352,16.824675,7.615313,16.472303"
0.95,5,4,0.01007260937716087,-0.02982196494187688,0.20181698788922364,0,"1.857999,6.365369,18.924023,16.824675,7.615313,16.472303"
0.95,5,5,0.0024234283916840984,-0.02722740122747072,0.04893695150549837,0,"1.857999,6.365369,12.599352,25.262013,7.615313,16.472303"
0.95,5,6,0.011564089065259525,-0.019489429090517207,0.231420659798112,0,"1.857999,6.365369,12.599352,16.824675,11.44724,16.472303"
0.95,5,7,0.004088527935435497,-0.016932555927457738,0.08201026700432723,0,"1.857999,6.365369,12.599352,16.824675,7.615313,24.733454"
0.95,5,8,0.0020058996430002895,-0.06279062613939441,0.0412697450116426,0,"2.107709,7.43318,14.707574,19.637121,8.892427,19.22602"
0.95,5,9,-0.00024355666589842125,-0.0689138608672626,-0.0035582117497406918,0,"2.150253,7.61124,15.058945,20.105862,9.105312,19.684973"
0.95,5,10,0.07514744662947938,0.07902029417381165,0.061957697863790684,0,"1.263925,7.848678,15.527439,20.73085,9.389167,20.29691"
0.95,5,11,0.0033475774672988953,-0.08124557062619231,0.06842678839947602,0,"2.383434,6.612432,13.087366,17.475705,7.910897,17.109737"
0.95,5,12,0.002523751935470603,-0.0675667045391237,0.05170709899665871,0,"2.127375,7.931127,15.690111,20.94786,4.390249,20.509388"
0.95,5,13,0.0033685465197313335,-0.07115270567134147,0.06865417762475734,0,"2.219563,8.453355,8.287717,22.322255,7.131968,21.855083"
0.95,5,14,0.0020600913217723215,-0.07119921551979011,0.042512099430891515,0,"2.344098,4.881489,13.174847,24.154781,6.970891,23.649343"
0.95,5,15,0.0026988905687523627,-0.10228717341272633,0.05586540226762138,0,"2.51271,7.584616,13.366679,26.59815,6.75616,15.026822"
0.95,5,16,0.0022496496991080334,-0.0690464988703514,0.04625861884185545,0,"2.233312,5.21041,19.371632,22.525869,7.114069,15.629106"
0.95,5,17,6.814037575422526e-5,-0.05516237848006348,0.0024084842219837255,0,"2.023964,6.579661,16.666489,29.055807,6.070448,19.880907"
0.95,5,18,0.00038987194202485615,-0.007099168442985498,0.007924398642271568,0,"1.749697,5.275104,17.487113,20.752581,6.995633,23.581852"
0.95,5,19,-0.0003120062133546121,-0.03072602589732562,-0.005650679095947103,0,"1.986688,4.053888,15.76268,26.337778,10.244288,19.12344"
0.95,5,20,-0.0001593091503002349,-0.021486214145397864,-0.002775169767474661,0,"1.96353,3.420557,15.774775,27.236098,11.222013,18.892448"
0.95,5,21,0.0001225228891264546,-0.07483185426275533,0.0038683946189025376,0,"2.306452,4.835719,19.907885,22.382213,7.884061,24.044237"
0.95,5,22,-9.702653786115565e-5,-0.03807516865846425,-0.0012158866660462453,0,"1.950555,5.863574,13.314356,25.070472,8.642235,27.692479"
0.95,5,23,0.00011772360538887415,-0.015039229104449853,0.002637579880881147,0,"1.722056,6.522213,19.557643,23.74679,9.342819,21.019953"
0.95,5,24,0.00047086720299904436,-0.08386208842730683,0.010999724016083623,0,"2.303737,6.543006,15.935553,28.14706,10.100679,20.233478"
0.95,5,25,0.0001160400846725361,-0.022922375850355114,0.0027535732613461206,0,"1.838587,5.486058,17.228519,21.984994,7.512917,23.023789"
0.95,5,26,0.007505800316928578,0.00789348887482711,-0.010258571765257268,0,"1.602021,7.20259,12.621661,26.385021,9.088012,19.430943"
0.95,5,27,-4.8212253847544166e-5,-0.06445741153895365,0.00026018555673250343,0,"2.183602,5.228804,18.693514,23.049348,8.084695,23.275355"
0.95,5,28,-0.00010432880910358821,-0.07163725875269701,-0.0007247435222482723,0,"2.334823,5.082636,12.68386,24.787964,7.210143,23.207028"
0.95,5,29,3.821387419665958e-5,-0.08495800105375588,0.002376103400553997,0,"2.379201,5.98261,13.498095,27.484083,8.938907,21.264271"
0.95,5,30,-0.00013220618506438453,-0.062243209005317185,-0.0014600426874991634,0,"2.303622,4.693519,13.003994,19.889362,11.339903,24.868275"
0.95,5,31,0.0012763082060249485,-0.02586064774389163,0.025991524902730156,0,"1.927928,4.858382,16.007687,18.929512,9.269717,24.686245"
0.95,5,32,-0.00011008144349398003,-0.07642318863652281,-0.0007488394463393278,0,"2.302197,5.794883,13.91636,26.058321,8.994041,21.8346"
0.95,5,33,-0.00010429520370212951,-0.05207888066898125,-0.0010953100313006447,0,"2.155943,5.799746,9.219981,24.367239,10.427217,22.19491"
0.95,5,34,0.005465085801409607,-0.08378308356537735,0.11078281180413008,0,"2.467025,5.143926,13.234219,22.111703,10.464587,15.945263"
0.95,5,35,-0.0003137062068489307,-0.04631965660259392,-0.005388661999529795,0,"2.034206,5.743495,13.300999,24.577344,8.945939,25.734609"
0.95,5,36,-5.388389572410605e-5,-0.06702249528473832,0.0001955539419859209,0,"2.212305,5.188876,18.689062,22.884972,8.185916,22.622732"
0.95,5,37,-0.0006115310344761938,-0.05584522540624323,-0.011158403003801443,0,"2.165309,5.697833,10.798099,24.120194,10.053639,22.266214"
0.95,5,38,-0.00027629934176208123,-0.04373053272266731,-0.004690416297213729,0,"1.981462,6.111821,14.596494,22.241657,12.35149,21.297008"
0.95,5,39,-0.0006220930503543775,-0.02606710739389434,-0.011934651315288258,0,"1.908587,5.50418,13.590704,19.699078,11.68617,22.490239"
0.95,5,40,-0.00025618058638873266,-0.014630326652616932,-0.004840794726648279,0,"1.84525,5.455761,13.536428,18.639204,12.134874,22.599512"
0.95,5,41,0.0003249796083226645,-0.02255367076864491,0.0069211907203372,0,"1.780902,6.880569,14.698641,25.804609,9.455689,18.663886"
0.95,5,42,-0.0003814198505335292,-0.05816991153515372,-0.006516652039463194,0,"2.213779,5.05658,13.286435,20.875236,11.02586,23.83421"
0.95,5,43,0.00485191410928666,0.005100420537191952,0.03338398887948146,0,"1.946288,3.143682,12.052857,25.844567,12.330519,25.230267"
0.95,5,44,-0.0005869159787705849,-0.061702560880311966,-0.010555415503182577,0,"2.115838,6.859937,14.557929,21.062313,9.642818,20.609189"
0.95,5,45,0.0003844155141549944,-0.049940134832500344,0.00862854430061677,0,"2.159547,4.8583,12.502451,23.315658,8.1816,23.388958"
0.95,5,46,-0.0004438108374203429,-0.04520369370480059,-0.008009337230784855,0,"2.010819,5.902489,14.247486,22.420657,11.656466,21.645667"
0.95,5,47,-0.0006203432067411124,-0.06307261511087725,-0.011197287160555014,0,"2.162418,7.545379,10.831216,17.913829,10.759309,26.403269"
0.95,5,48,0.0009010587448628437,-0.05856284306751762,0.01911475416137831,0,"2.156979,6.444058,12.469615,17.453092,12.662228,20.014986"
0.95,5,49,-0.0004296405962230087,-0.04864283286106966,-0.007660937162936907,0,"2.05452,5.860171,13.162435,23.389969,9.565281,24.781339"
0.95,5,50,-0.0003597643836110103,-0.0413865311736809,-0.006402541038881382,0,"1.927136,7.402212,12.442846,21.993443,10.095353,22.231096"
0.95,5,51,-0.0005595364714822014,-0.056187924887659724,-0.010113045810967516,0,"2.165201,5.446415,13.145837,21.061604,10.870774,23.567024"
0.95,5,52,-0.0005360801470241738,-0.05596179489818326,-0.009648680157260725,0,"2.120307,6.45764,12.561312,18.70259,11.991132,20.879195"
0.95,5,53,-0.00045868454671047713,-0.06116374614473846,-0.008003576181278227,0,"2.20178,6.600434,10.914216,18.432546,10.01148,23.759377"
0.95,5,54,-0.000775289856059331,-0.05904151911534197,-0.014369638619375735,0,"2.169609,6.484049,11.469756,19.097231,10.28564,23.407092"
0.95,5,55,-0.0004527374890961328,-0.05358824754703079,-0.008028544533995069,0,"2.107389,6.053924,12.236525,22.28216,9.108371,25.368481"
0.95,5,56,-0.000770454918967626,-0.055611981319561785,-0.014338132601679154,0,"2.118153,6.390333,12.507181,19.299185,11.510658,21.627409"
0.95,5,57,-0.0009612206158416981,-0.05157689092785024,-0.018226225164040752,0,"2.047355,7.381692,11.439119,19.335672,10.441958,22.034113"
0.95,5,58,-0.0008079280798190094,-0.05040088515184399,-0.015185759019475664,0,"2.027905,7.704682,11.154668,19.048017,10.370489,21.778628"
0.95,5,59,0.0005947171441047712,-0.033028986909865554,0.012509384249133726,0,"2.07341,6.140492,8.987532,18.759417,11.936329,25.466923"
0.95,5,60,-0.0006611346897037101,-0.05911647339444767,-0.012087393406173513,0,"2.10875,6.739979,13.62951,20.678497,10.025059,21.418811"
0.95,5,61,-0.0007434990692982135,-0.04827654358608252,-0.013938788269559133,0,"2.006046,7.651332,13.691069,14.554304,11.515963,23.527431"
0.95,5,62,0.00345943659497464,-0.037065301708338744,0.0698231494824687,0,"1.957528,5.838732,14.611242,19.640826,11.062499,18.431762"
0.95,5,63,-0.0007097935316250147,-0.059182023426362876,-0.013058353833565822,0,"2.127851,7.260714,11.461214,18.201662,10.80984,25.074685"
0.95,5,64,5.886127049355222e-5,-0.07978729340103469,0.0026904934909997014,0,"2.288663,8.467411,11.141915,17.356439,9.843549,23.206274"
0.95,5,65,2.7195635667633717e-5,-0.037233109855421415,0.0012500917088967833,0,"1.970471,5.997107,13.182571,19.308638,11.379062,22.609578"
0.95,5,66,-0.00028564197736874567,-0.058095493210315874,-0.004604420755623284,0,"2.149091,6.633595,11.46465,19.136971,10.311693,23.178262"
0.95,5,67,-0.0007185923746149095,-0.05505110857985948,-0.013312563865415433,0,"2.106304,6.55548,12.32917,19.305266,11.33254,21.695193"
0.95,5,68,0.0005505653837759248,-0.048835655638945055,0.011927257874783659,0,"2.012912,7.606389,13.315743,15.351198,11.336961,23.278545"
0.95,5,69,-0.0005913662686420759,-0.05796645128032206,-0.010715247550964424,0,"2.114372,7.280876,11.457531,18.390664,10.748526,24.567923"
0.95,5,70,-0.0006463367094217506,-0.05792149404121425,-0.011814411390261667,0,"2.09848,6.846905,13.264444,20.454693,10.094542,21.521361"
0.95,5,71,0.0008222584443277547,-0.0311071765685062,0.017019186055301394,0,"1.931497,5.816579,13.232106,19.63851,11.4788,22.414218"
0.95,5,72,-0.0004133300629869802,-0.07544539218668564,-0.0068263124956968735,0,"2.247933,8.28643,11.191449,17.686311,9.943282,23.010914"
0.95,5,73,0.00047938981857946554,-0.06912030671522153,0.01089019200717134,0,"2.242886,6.72185,10.399726,22.751995,9.620569,22.057378"
0.95,5,74,-7.415937786803361e-5,-0.06614486410915886,-0.00022620893035629752,0,"2.20407,6.869226,10.885722,21.518528,9.906627,22.260905"
0.95,5,75,-0.00030648316777222046,-0.05258421356489279,-0.005125437859851589,0,"2.050733,7.458927,12.829736,16.584664,11.050891,23.075017"
0.95,5,76,-0.0007587865306399793,-0.05861952909108,-0.014047911648420633,0,"2.072246,7.969962,12.705832,18.115452,10.892216,22.123245"
0.95,5,77,-0.000636278956690303,-0.06647829192965922,-0.01145104054659593,0,"2.178181,7.314632,11.299446,21.178022,10.100131,21.909233"
0.95,5,78,0.002409028044709821,-0.03863442991499608,0.048865749313268037,0,"1.960367,6.164173,12.973734,21.240278,11.260029,21.606109"
0.95,5,79,-0.0005929677137602427,-0.0699476945356838,-0.010519828250776075,0,"2.199227,7.932519,11.488495,18.278639,10.162737,22.77678"
0.95,5,80,-0.000437436614680798,-0.062120150044796485,-0.00756088855421061,0,"2.119156,7.386002,12.71797,20.498585,10.259511,19.452052"
0.95,5,81,-0.00046011064520884307,-0.05866802137782143,-0.008079441056941306,0,"2.115169,7.298397,11.667604,18.741984,10.667023,23.715278"
0.95,5,82,-0.0007546905310397201,-0.05738833579390647,-0.013989442797912255,0,"2.068091,7.871907,12.494713,18.318822,10.817173,22.10839"
0.95,5,83,-0.0008483968851121223,-0.0545376618724137,-0.015915806320346226,0,"2.096445,6.693132,12.180828,19.310334,11.184109,21.75168"
0.95,5,84,-0.0007592698604821025,-0.056949990675398666,-0.014089258128680782,0,"2.089933,6.936019,12.960222,20.26819,10.152444,21.60682"
0.95,5,85,9.159935497996887e-5,-0.0641194242822232,0.0030472089520096057,0,"2.156215,7.325808,11.322725,20.870964,10.157102,21.930046"
0.95,5,86,-0.0008697288787880407,-0.06690815597917923,-0.016107215396759633,0,"2.1737,7.840705,11.480266,18.454811,10.209273,22.653002"
0.95,5,87,-0.0005568964329154543,-0.05692810697174948,-0.01004624837746837,0,"2.103158,7.297679,11.454463,18.548165,10.697432,24.145621"
0.95,5,88,-0.0008367429978826807,-0.0508548345377135,-0.01575286523620084,0,"2.036964,7.347776,12.68048,17.207701,11.010362,22.836496"
0.95,5,89,-0.00024935596325126216,-0.056047353442840946,-0.003918301248362899,0,"2.067437,7.392607,12.957414,19.083678,10.574338,20.184546"
0.95,5,90,-0.0008256286633999462,-0.056848582977150355,-0.015417033158274779,0,"2.097192,7.313499,11.704954,18.637417,10.676916,23.485442"
0.95,5,91,-0.0006662352957568364,-0.05477239814047334,-0.012271758591875848,0,"2.112235,6.632554,11.653909,19.41922,10.407845,22.680794"
0.95,5,92,-0.0005322457720863708,-0.057342669544260955,-0.009545858861524925,0,"2.075429,7.665279,12.354579,18.502222,10.748951,22.203791"
0.95,5,93,-0.0006246675614465848,-0.06458485292098846,-0.011254984039393512,0,"2.152492,7.764196,11.473408,18.601622,10.248054,22.549854"
0.95,5,94,-0.0007179506225888149,-0.05409522848476475,-0.013317885225340415,0,"2.088239,6.807861,12.05721,19.314557,11.060416,21.798752"
0.95,5,95,-0.0007381561715338707,-0.050863514073250835,-0.01378293372955608,0,"2.038694,7.353429,12.473586,17.562363,10.915628,22.702765"
0.95,5,96,-0.0007234794574867744,-0.05598693870991513,-0.013392444869377712,0,"2.088861,7.324865,11.660648,18.753793,10.637756,23.243554"
0.95,5,97,-0.0006670024657448016,-0.056091007994218504,-0.01226205810490097,0,"2.082819,7.010286,12.706704,20.11277,10.200696,21.678035"
0.95,5,98,-0.0007109067576910571,-0.056570013993657305,-0.013130174713228415,0,"2.064631,7.790196,12.31878,18.488297,10.754637,22.09601"
0.95,5,99,-0.0008018864044543202,-0.043378926892075675,-0.015198330147988964,0,"1.985329,6.792013,12.745275,19.254196,11.088979,21.967889"
0.95,5,100,-0.0007143887450594267,-0.047820838972566934,-0.013365813147562189,0,"2.021504,7.473015,11.524836,17.456856,11.432435,22.936326"
0.95,5,101,-0.0009923391551782833,-0.04380647019583708,-0.018995464705139603,0,"2.025223,6.587647,11.64811,18.737515,11.104419,22.798456"
0.95,5,102,-0.0009398059006638478,-0.04104109423376273,-0.017998338883951498,0,"2.018678,6.387368,11.536332,18.779052,11.162716,22.91553"
0.95,5,103,-0.0007690666252441862,-0.05206502658779569,-0.014377719280435158,0,"2.069623,6.60956,12.483147,20.195843,10.317288,21.912184"
0.95,5,104,-0.0009361723465771592,-0.045415765076291706,-0.01784270469040322,0,"1.996938,7.208464,12.092751,18.631904,10.441593,23.087568"
0.95,5,105,0.0004854554482881371,-0.04007691713798135,0.010460110281103274,0,"1.965972,6.652736,12.633348,19.152038,10.798863,21.590771"
0.95,5,106,-0.0006204035337733965,-0.05328084653068217,-0.011384350241143815,0,"2.068222,7.212816,11.822764,18.820167,10.664607,22.96809"
0.95,5,107,-0.0006703826907347374,-0.05042770176178943,-0.012437090390829908,0,"2.043661,7.249313,11.473951,19.23598,10.552367,22.161503"
0.95,5,108,-0.0008383708702966789,-0.04522997699306934,-0.015892155687377868,0,"2.001644,7.104969,12.018644,18.649506,10.552063,23.039383"
0.95,5,109,-0.0008702531054621359,-0.04348291361915756,-0.016562324426052655,0,"1.991961,6.757949,12.562414,19.168083,11.091552,22.106317"
0.95,5,110,-0.0008795825949459137,-0.05071044913834381,-0.01661154182346626,0,"2.062203,6.605908,12.343974,19.952788,10.448476,22.059896"
0.95,5,111,-0.0009249265567252941,-0.04983286876938556,-0.01753417245543211,0,"2.036447,7.225763,12.336006,17.758222,10.947093,22.718714"
0.95,5,112,-0.0007493727851927962,-0.05410681772734746,-0.01394548068634996,0,"2.078214,7.201961,11.658558,18.75108,10.715533,23.169371"
0.95,5,113,-0.0006910957423227808,-0.04535209717549574,-0.012947277722398787,0,"2.021447,6.578791,12.715286,18.436418,11.067345,23.135875"
0.95,5,114,-0.0008340319514757345,-0.04624809107596761,-0.01578613915991138,0,"2.025144,6.690511,12.508396,18.569679,10.981515,22.97348"
0.95,5,115,0.002397166807959177,-0.03937319295668376,0.048642784041319165,0,"1.969695,6.45571,12.813958,18.86085,10.992839,22.062711"
0.95,5,116,-0.0008047984549416849,-0.05163503809099873,-0.015099803571533177,0,"2.060004,7.077547,11.851124,18.769375,10.761751,22.984928"
0.95,5,117,-0.00022659674643586212,-0.0415377342716928,-0.003738978998556519,0,"1.987656,6.580039,12.621391,18.842555,10.946621,22.247154"
0.95,5,118,-0.0006468306827524279,-0.05003096385507265,-0.011974051290511656,0,"2.047891,6.994611,11.979502,18.781572,10.792562,22.861965"
0.95,5,119,-0.0007310486096702854,-0.04890334538587278,-0.013678130500573538,0,"2.034575,7.119384,12.221357,17.921437,10.973314,22.732004"
0.95,5,120,-0.0008765067390749801,-0.04963882971732804,-0.016570426590280074,0,"2.056025,6.602865,12.227996,19.750243,10.557799,22.182989"
0.95,5,121,-0.000730834054629118,-0.04361198425356744,-0.013774279112651916,0,"1.997492,6.729563,12.41003,19.096321,11.093697,22.221674"
0.95,5,122,-0.0009616377555513924,-0.04506826874707549,-0.018358099904928468,0,"2.005568,7.01873,11.956888,18.664174,10.644122,22.999228"
0.95,5,123,-0.0008222664182555157,-0.04588314093505716,-0.015557990696647567,0,"2.025157,6.673366,12.365015,18.597651,11.001999,22.944309"
0.95,5,124,-0.0009225812479363212,-0.05039303887221938,-0.017476680539614625,0,"2.054195,6.99588,11.817289,18.764065,10.818862,22.953849"
0.95,5,125,-0.0005022472814724076,-0.051065514498498374,-0.009065635218757917,0,"2.069571,6.936355,11.668856,18.382041,10.606475,23.315272"
0.95,5,126,-0.0004162309920185504,-0.044874280046985196,-0.00746454397550278,0,"2.009451,6.764025,12.286501,18.977275,11.012493,22.40394"
0.95,5,127,-0.0008421261274791042,-0.0449065826194574,-0.01597332415565672,0,"2.008839,6.946869,11.905425,18.676398,10.720838,22.965766"
0.95,5,128,-0.0009428693828953341,-0.04937686977523072,-0.01790132580637091,0,"2.049358,6.927829,11.789092,18.75964,10.866455,22.92795"
0.95,5,129,-6.930364721984988e-5,-0.04872155956892278,-0.0004599034091782861,0,"2.050882,6.600328,12.131349,19.581455,10.648902,22.285567"
0.95,5,130,-0.0004977909716227135,-0.04557088001440804,-0.009080891820360149,0,"2.025168,6.659079,12.245531,18.620962,11.019069,22.92"
0.95,5,131,-0.000841165469769568,-0.047949917621308014,-0.015896364595990503,0,"2.033016,7.030741,12.125815,18.05745,10.995165,22.743079"
0.95,5,132,-0.0008250141312574177,-0.04369919950005979,-0.015654343491156048,0,"2.002106,6.705908,12.283043,19.03652,11.095484,22.317804"
0.95,5,133,-0.0006476569537698805,-0.0431101144769413,-0.012121924975360354,0,"1.997095,7.019048,11.867657,17.714707,11.284909,23.272118"
0.95,5,134,-0.0006635305031280781,-0.045462120575436,-0.012394435336291976,0,"2.013332,7.080285,11.627517,18.373115,11.003354,22.755058"
0.95,5,135,-0.0005292218108536112,-0.048740319729376924,-0.00964872142079326,0,"2.046919,6.740699,11.925344,19.498839,10.643664,22.230586"
0.95,5,136,0.0003121473746122085,-0.04408144101981809,0.007073421450170536,0,"2.005373,6.972651,11.877271,18.012063,11.178034,23.09853"
0.95,5,137,-0.0006403107466505585,-0.048502074871475634,-0.011872802707745378,0,"2.045329,6.871123,11.765595,18.755953,10.906115,22.906368"
0.95,5,138,-0.000602167522084693,-0.044644197967465354,-0.011183926753558449,0,"2.011567,6.886989,11.862539,18.686584,10.784768,22.937881"
0.95,5,139,-0.0007301695735514693,-0.04748863187272538,-0.013687420045402188,0,"2.031716,6.956878,12.046198,18.170794,11.013374,22.752309"
0.95,5,140,-0.0009087121638099379,-0.043755299090636274,-0.017325567026450203,0,"2.005953,6.686197,12.177221,18.986686,11.096973,22.397913"
0.95,5,141,-0.0006914073529755251,-0.045264664728182774,-0.01295516326640861,0,"2.015312,6.998161,11.630949,18.433848,11.020198,22.762291"
0.95,5,142,-0.0005352541608248849,-0.043256853172933096,-0.009873329676535425,0,"2.001775,6.947134,11.831066,17.885175,11.254828,23.193175"
0.95,5,143,-0.00028250844512168235,-0.04796861765254866,-0.004734031135899319,0,"2.043298,6.715188,11.879138,19.371952,10.720456,22.325231"
0.95,5,144,-0.0007752319153814772,-0.04406018340032419,-0.01465284198104233,0,"2.008677,6.908472,11.839078,18.132971,11.165765,23.048517"
0.95,5,145,-0.0006881421121406111,-0.04618564310456652,-0.012872442581244203,0,"2.032491,6.782483,11.839844,18.386006,11.317514,22.617403"
0.95,5,146,-0.0007090082075683239,-0.04177145471741536,-0.013373133378357216,0,"1.994544,6.768802,11.961538,18.193321,11.3333,22.552595"
0.95,5,147,-0.0006797668201758252,-0.04253993175322224,-0.012774303396808462,0,"1.994682,6.85288,11.927854,18.49904,10.927162,22.819957"
0.95,5,148,-0.0009116322138770141,-0.045791614663286045,-0.017345258340597233,0,"2.026175,6.794215,11.854512,18.404845,11.252456,22.651162"
0.95,5,149,-0.0005601995249420505,-0.04358288817560682,-0.01036555007343104,0,"2.015424,6.569277,12.21127,18.441529,11.301898,22.638027"
0.95,5,150,-0.0008980961383096477,-0.04500963068493577,-0.017089650133046114,0,"2.015331,6.926667,11.727669,18.435129,11.067148,22.74158"
0.95,5,151,-0.0007642537757879688,-0.0482069586558571,-0.014354788512785294,0,"2.043225,6.851205,11.802725,18.762659,10.900079,22.910717"
0.95,5,152,-0.00032495683961407135,-0.04257372984978022,-0.005684551373761837,0,"2.009806,6.627937,11.636907,18.982474,11.182239,22.763806"
0.95,5,153,-0.0007620084346973376,-0.04670356689717871,-0.014338462460439905,0,"2.02806,6.902046,11.977983,18.306074,11.041518,22.754225"
0.95,5,154,-0.0006210175205295472,-0.04341825323325427,-0.011583819779379723,0,"2.013452,6.682752,11.705122,18.847194,11.154095,22.76189"
0.95,5,155,-0.0005402373890909638,-0.04617929331986892,-0.009917423784956803,0,"2.025623,6.865493,11.932506,18.396261,11.060281,22.755502"
0.95,5,156,0.0003795482119793041,-0.045356943647842124,0.008444301867028048,0,"2.026016,6.759784,11.820112,18.46029,11.227783,22.675711"
0.95,5,157,-0.0008868542892896782,-0.04379624237547455,-0.016888069111547985,0,"2.009161,6.669771,12.089036,18.945158,11.098214,22.46467"
0.95,5,158,-0.00042199292296854333,-0.044834885450523054,-0.007580415220590331,0,"2.016978,6.870155,11.71441,18.485526,11.07336,22.751059"
0.95,5,159,-0.0005699027600715287,-0.04390978632572162,-0.010553216045196656,0,"2.011432,6.854993,11.80725,18.233729,11.155541,23.00684"
0.95,5,160,-0.0008347039955369235,-0.047503220241788574,-0.01577574298316131,0,"2.040221,6.807273,11.776956,18.758469,10.934136,22.892007"
0.95,5,161,-0.0005119380314568999,-0.046255796756347056,-0.009350549940826569,0,"2.027587,6.849638,11.923004,18.377981,11.052002,22.761597"
0.95,5,162,-0.0006442873984962064,-0.04475477375664047,-0.012023383884663286,0,"2.017504,6.786696,11.832809,18.71917,10.911441,22.882499"
0.95,5,163,-0.0007741366183071778,-0.04525766007583604,-0.014608228596106554,0,"2.026718,6.648521,11.977979,18.771814,11.011891,22.850964"
0.95,5,164,-0.0006213256492718293,-0.04346848343429954,-0.011589022777407476,0,"2.015821,6.602003,11.787709,19.010637,11.019879,22.870215"
0.95,5,165,-0.0008519385764485753,-0.04563071198101373,-0.016155632368963266,0,"2.033455,6.512338,11.896949,19.413859,10.871119,22.57943"
0.95,5,166,-0.0006134810529501058,-0.04676646958326297,-0.011369688448471638,0,"2.034938,6.735405,11.952904,18.771358,10.957194,22.619127"
0.95,5,167,-0.0006257652575688841,-0.044024705935192976,-0.011667168570038966,0,"2.019004,6.624235,11.815242,18.970757,11.009431,22.828367"
0.95,5,168,0.0002927740420920383,-0.046220669622404786,0.006726946618048402,0,"2.031748,6.713169,11.925371,18.811238,10.967642,22.660975"
0.95,5,169,-0.0004348489986328702,-0.0443839509930955,-0.007845839064723859,0,"2.021126,6.639056,11.833596,18.94417,11.002467,22.800468"
0.95,5,170,0.0004761907241667992,-0.04382030703656342,0.010346054262767912,0,"2.011835,6.656083,12.015548,18.910551,11.099248,22.520301"
0.95,5,171,-0.0005569071985590307,-0.045395812739743135,-0.01026535817095453,0,"2.032082,6.524889,11.855476,19.301135,10.910003,22.615934"
0.95,5,172,-0.0004466744116458748,-0.04698526573673803,-0.008032735448470996,0,"2.037719,6.770665,11.755481,18.754976,10.962516,22.876415"
0.95,5,173,-0.000805044659874868,-0.045046760381635326,-0.015229774975271004,0,"2.026469,6.638375,11.923001,18.766098,11.027312,22.842212"
0.95,5,174,-0.000463510104056792,-0.044619018229068746,-0.00841402670807545,0,"2.01879,6.753518,11.802026,18.722227,10.943604,22.868492"
0.95,5,175,0.0002636538657744705,-0.043985835313610167,0.00610270548096703,0,"2.02004,6.618137,11.787386,18.931883,11.025263,22.823382"
0.95,5,176,-0.0009823170439582137,-0.0460521675420775,-0.01875259709876602,0,"2.041633,6.64165,11.574946,18.827394,10.891791,23.087996"
0.95,5,177,-0.0007419776120261967,-0.04659396054328013,-0.01394032666353806,0,"2.040606,6.687437,11.732294,18.771232,10.921286,22.87312"
0.95,5,178,-0.0006475300512605776,-0.043449255644697427,-0.012112952215746542,0,"2.023878,6.50719,11.75647,18.953557,10.970289,22.818988"
0.95,5,179,-0.0005941660616910534,-0.0454179847986331,-0.011009370152494535,0,"2.044524,6.442239,11.694739,19.063416,10.998096,22.810411"
0.95,5,180,-0.0006222806085585351,-0.04487065554111702,-0.011581488227661807,0,"2.035352,6.643285,11.58771,18.405269,11.061062,23.127794"
0.95,5,181,-0.0008938026645333895,-0.04504488897519482,-0.017003197202936138,0,"2.032189,6.617595,11.703755,18.743511,10.996026,22.924761"
