figure_panel,regimen,patient_rank_fraction,approx_virtual_patient_rank_if_N4500,tumor_change_percent_day84,units,digitization_note
I,20 mg C1D1; 20 mg Day 1 subsequent cycles,0.0000,1,233.778,% change from baseline,Digitized from the visible waterfall contour in Fig. 5. X-axis is normalized patient rank. Approximate patient rank assumes n=4500; Fig. 5 itself does not print n.
I,20 mg C1D1; 20 mg Day 1 subsequent cycles,0.0020,10,233.778,% change from baseline,Digitized from the visible waterfall contour in Fig. 5. X-axis is normalized patient rank. Approximate patient rank assumes n=4500; Fig. 5 itself does not print n.
I,20 mg C1D1; 20 mg Day 1 subsequent cycles,0.0040,19,233.778,% change from baseline,Digitized from the visible waterfall contour in Fig. 5. X-axis is normalized patient rank. Approximate patient rank assumes n=4500; Fig. 5 itself does not print n.
I,20 mg C1D1; 20 mg Day 1 subsequent cycles,0.0060,28,233.778,% change from baseline,Digitized from the visible waterfall contour in Fig. 5. X-axis is normalized patient rank. Approximate patient rank assumes n=4500; Fig. 5 itself does not print n.
I,20 mg C1D1; 20 mg Day 1 subsequent cycles,0.0080,37,233.778,% change from baseline,Digitized from the visible waterfall contour in Fig. 5. X-axis is normalized patient rank. Approximate patient rank assumes n=4500; Fig. 5 itself does not print n.
I,20 mg C1D1; 20 mg Day 1 subsequent cycles,0.0100,46,233.778,% change from baseline,Digitized from the visible waterfall contour in Fig. 5. X-axis is normalized patient rank. Approximate patient rank assumes n=4500; Fig. 5 itself does not print n.
I,20 mg C1D1; 20 mg Day 1 subsequent cycles,0.0120,55,233.778,% change from baseline,Digitized from the visible waterfall contour in Fig. 5. X-axis is normalized patient rank. Approximate patient rank assumes n=4500; Fig. 5 itself does not print n.
I,20 mg C1D1; 20 mg Day 1 subsequent cycles,0.0140,64,233.778,% change from baseline,Digitized from the visible waterfall contour in Fig. 5. X-axis is normalized patient rank. Approximate patient rank assumes n=4500; Fig. 5 itself does not print n.
I,20 mg C1D1; 20 mg Day 1 subsequent cycles,0.0160,73,233.778,% change from baseline,Digitized from the visible waterfall contour in Fig. 5. X-axis is normalized patient rank. Approximate patient rank assumes n=4500; Fig. 5 itself does not print n.
I,20 mg C1D1; 20 mg Day 1 subsequent cycles,0.0180,82,233.778,% change from baseline,Digitized from the visible waterfall contour in Fig. 5. X-axis is normalized patient rank. Approximate patient rank assumes n=4500; Fig. 5 itself does not print n.
I,20 mg C1D1; 20 mg Day 1 subsequent cycles,0.0200,91,233.778,% change from baseline,Digitized from the visible waterfall contour in Fig. 5. X-axis is normalized patient rank. Approximate patient rank assumes n=4500; Fig. 5 itself does not print n.
I,20 mg C1D1; 20 mg Day 1 subsequent cycles,0.0220,100,233.778,% change from baseline,Digitized from the visible waterfall contour in Fig. 5. X-axis is normalized patient rank. Approximate patient rank assumes n=4500; Fig. 5 itself does not print n.
I,20 mg C1D1; 20 mg Day 1 subsequent cycles,0.0240,109,233.778,% change from baseline,Digitized from the visible waterfall contour in Fig. 5. X-axis is normalized patient rank. Approximate patient rank assumes n=4500; Fig. 5 itself does not print n.
I,20 mg C1D1; 20 mg Day 1 subsequent cycles,0.0260,118,233.778,% change from baseline,Digitized from the visible waterfall contour in Fig. 5. X-axis is normalized patient rank. Approximate patient rank assumes n=4500; Fig. 5 itself does not print n.
I,20 mg C1D1; 20 mg Day 1 subsequent cycles,0.0280,127,233.778,% change from baseline,Digitized from the visible waterfall contour in Fig. 5. X-axis is normalized patient rank. Approximate patient rank assumes n=4500; Fig. 5 itself does not print n.
I,20 mg C1D1; 20 mg Day 1 subsequent cycles,0.0300,136,233.778,% change from baseline,Digitized from the visible waterfall contour in Fig. 5. X-axis is normalized patient rank. Approximate patient rank assumes n=4500; Fig. 5 itself does not print n.
I,20 mg C1D1; 20 mg Day 1 subsequent cycles,0.0320,145,233.778,% change from baseline,Digitized from the visible waterfall contour in Fig. 5. X-axis is normalized patient rank. Approximate patient rank assumes n=4500; Fig. 5 itself does not print n.
I,20 mg C1D1; 20 mg Day 1 subsequent cycles,0.0340,154,233.778,% change from baseline,Digitized from the visible waterfall contour in Fig. 5. X-axis is normalized patient rank. Approximate patient rank assumes n=4500; Fig. 5 itself does not print n.
I,20 mg C1D1; 20 mg Day 1 subsequent cycles,0.0360,163,233.778,% change from baseline,Digitized from the visible waterfall contour in Fig. 5. X-axis is normalized patient rank. Approximate patient rank assumes n=4500; Fig. 5 itself does not print n.
I,20 mg C1D1; 20 mg Day 1 subsequent cycles,0.0380,172,233.778,% change from baseline,Digitized from the visible waterfall contour in Fig. 5. X-axis is normalized patient rank. Approximate patient rank assumes n=4500; Fig. 5 itself does not print n.
I,20 mg C1D1; 20 mg Day 1 subsequent cycles,0.0400,181,233.778,% change from baseline,Digitized from the visible waterfall contour in Fig. 5. X-axis is normalized patient rank. Approximate patient rank assumes n=4500; Fig. 5 itself does not print n.
I,20 mg C1D1; 20 mg Day 1 subsequent cycles,0.0420,190,233.778,% change from baseline,Digitized from the visible waterfall contour in Fig. 5. X-axis is normalized patient rank. Approximate patient rank assumes n=4500; Fig. 5 itself does not print n.
I,20 mg C1D1; 20 mg Day 1 subsequent cycles,0.0440,199,233.778,% change from baseline,Digitized from the visible waterfall contour in Fig. 5. X-axis is normalized patient rank. Approximate patient rank assumes n=4500; Fig. 5 itself does not print n.
I,20 mg C1D1; 20 mg Day 1 subsequent cycles,0.0460,208,223.004,% change from baseline,Digitized from the visible waterfall contour in Fig. 5. X-axis is normalized patient rank. Approximate patient rank assumes n=4500; Fig. 5 itself does not print n.
I,20 mg C1D1; 20 mg Day 1 subsequent cycles,0.0480,217,198.049,% change from baseline,Digitized from the visible waterfall contour in Fig. 5. X-axis is normalized patient rank. Approximate patient rank assumes n=4500; Fig. 5 itself does not print n.
I,20 mg C1D1; 20 mg Day 1 subsequent cycles,0.0500,226,182.187,% change from baseline,Digitized from the visible waterfall contour in Fig. 5. X-axis is normalized patient rank. Approximate patient rank assumes n=4500; Fig. 5 itself does not print n.
I,20 mg C1D1; 20 mg Day 1 subsequent cycles,0.0520,235,173.63,% change from baseline,Digitized from the visible waterfall contour in Fig. 5. X-axis is normalized patient rank. Approximate patient rank assumes n=4500; Fig. 5 itself does not print n.
I,20 mg C1D1; 20 mg Day 1 subsequent cycles,0.0540,244,169.318,% change from baseline,Digitized from the visible waterfall contour in Fig. 5. X-axis is normalized patient rank. Approximate patient rank assumes n=4500; Fig. 5 itself does not print n.
I,20 mg C1D1; 20 mg Day 1 subsequent cycles,0.0560,253,165.22,% change from baseline,Digitized from the visible waterfall contour in Fig. 5. X-axis is normalized patient rank. Approximate patient rank assumes n=4500; Fig. 5 itself does not print n.
I,20 mg C1D1; 20 mg Day 1 subsequent cycles,0.0580,262,161.121,% change from baseline,Digitized from the visible waterfall contour in Fig. 5. X-axis is normalized patient rank. Approximate patient rank assumes n=4500; Fig. 5 itself does not print n.
I,20 mg C1D1; 20 mg Day 1 subsequent cycles,0.0600,271,157.988,% change from baseline,Digitized from the visible waterfall contour in Fig. 5. X-axis is normalized patient rank. Approximate patient rank assumes n=4500; Fig. 5 itself does not print n.
I,20 mg C1D1; 20 mg Day 1 subsequent cycles,0.0620,280,155.877,% change from baseline,Digitized from the visible waterfall contour in Fig. 5. X-axis is normalized patient rank. Approximate patient rank assumes n=4500; Fig. 5 itself does not print n.
I,20 mg C1D1; 20 mg Day 1 subsequent cycles,0.0640,289,153.828,% change from baseline,Digitized from the visible waterfall contour in Fig. 5. X-axis is normalized patient rank. Approximate patient rank assumes n=4500; Fig. 5 itself does not print n.
I,20 mg C1D1; 20 mg Day 1 subsequent cycles,0.0660,298,150.819,% change from baseline,Digitized from the visible waterfall contour in Fig. 5. X-axis is normalized patient rank. Approximate patient rank assumes n=4500; Fig. 5 itself does not print n.
I,20 mg C1D1; 20 mg Day 1 subsequent cycles,0.0680,307,147.745,% change from baseline,Digitized from the visible waterfall contour in Fig. 5. X-axis is normalized patient rank. Approximate patient rank assumes n=4500; Fig. 5 itself does not print n.
I,20 mg C1D1; 20 mg Day 1 subsequent cycles,0.0700,316,145.626,% change from baseline,Digitized from the visible waterfall contour in Fig. 5. X-axis is normalized patient rank. Approximate patient rank assumes n=4500; Fig. 5 itself does not print n.
I,20 mg C1D1; 20 mg Day 1 subsequent cycles,0.0720,325,141.671,% change from baseline,Digitized from the visible waterfall contour in Fig. 5. X-axis is normalized patient rank. Approximate patient rank assumes n=4500; Fig. 5 itself does not print n.
I,20 mg C1D1; 20 mg Day 1 subsequent cycles,0.0740,334,140.425,% change from baseline,Digitized from the visible waterfall contour in Fig. 5. X-axis is normalized patient rank. Approximate patient rank assumes n=4500; Fig. 5 itself does not print n.
I,20 mg C1D1; 20 mg Day 1 subsequent cycles,0.0760,343,137.503,% change from baseline,Digitized from the visible waterfall contour in Fig. 5. X-axis is normalized patient rank. Approximate patient rank assumes n=4500; Fig. 5 itself does not print n.
I,20 mg C1D1; 20 mg Day 1 subsequent cycles,0.0780,352,133.483,% change from baseline,Digitized from the visible waterfall contour in Fig. 5. X-axis is normalized patient rank. Approximate patient rank assumes n=4500; Fig. 5 itself does not print n.
I,20 mg C1D1; 20 mg Day 1 subsequent cycles,0.0800,361,131.273,% change from baseline,Digitized from the visible waterfall contour in Fig. 5. X-axis is normalized patient rank. Approximate patient rank assumes n=4500; Fig. 5 itself does not print n.
I,20 mg C1D1; 20 mg Day 1 subsequent cycles,0.0820,370,129.224,% change from baseline,Digitized from the visible waterfall contour in Fig. 5. X-axis is normalized patient rank. Approximate patient rank assumes n=4500; Fig. 5 itself does not print n.
I,20 mg C1D1; 20 mg Day 1 subsequent cycles,0.0840,379,127.175,% change from baseline,Digitized from the visible waterfall contour in Fig. 5. X-axis is normalized patient rank. Approximate patient rank assumes n=4500; Fig. 5 itself does not print n.
I,20 mg C1D1; 20 mg Day 1 subsequent cycles,0.0860,388,125.125,% change from baseline,Digitized from the visible waterfall contour in Fig. 5. X-axis is normalized patient rank. Approximate patient rank assumes n=4500; Fig. 5 itself does not print n.
I,20 mg C1D1; 20 mg Day 1 subsequent cycles,0.0880,397,123.076,% change from baseline,Digitized from the visible waterfall contour in Fig. 5. X-axis is normalized patient rank. Approximate patient rank assumes n=4500; Fig. 5 itself does not print n.
I,20 mg C1D1; 20 mg Day 1 subsequent cycles,0.0900,406,119.158,% change from baseline,Digitized from the visible waterfall contour in Fig. 5. X-axis is normalized patient rank. Approximate patient rank assumes n=4500; Fig. 5 itself does not print n.
I,20 mg C1D1; 20 mg Day 1 subsequent cycles,0.0920,415,115.992,% change from baseline,Digitized from the visible waterfall contour in Fig. 5. X-axis is normalized patient rank. Approximate patient rank assumes n=4500; Fig. 5 itself does not print n.
I,20 mg C1D1; 20 mg Day 1 subsequent cycles,0.0940,424,112.918,% change from baseline,Digitized from the visible waterfall contour in Fig. 5. X-axis is normalized patient rank. Approximate patient rank assumes n=4500; Fig. 5 itself does not print n.
I,20 mg C1D1; 20 mg Day 1 subsequent cycles,0.0960,433,108.916,% change from baseline,Digitized from the visible waterfall contour in Fig. 5. X-axis is normalized patient rank. Approximate patient rank assumes n=4500; Fig. 5 itself does not print n.
I,20 mg C1D1; 20 mg Day 1 subsequent cycles,0.0980,442,105.743,% change from baseline,Digitized from the visible waterfall contour in Fig. 5. X-axis is normalized patient rank. Approximate patient rank assumes n=4500; Fig. 5 itself does not print n.
I,20 mg C1D1; 20 mg Day 1 subsequent cycles,0.1000,451,104.517,% change from baseline,Digitized from the visible waterfall contour in Fig. 5. X-axis is normalized patient rank. Approximate patient rank assumes n=4500; Fig. 5 itself does not print n.
I,20 mg C1D1; 20 mg Day 1 subsequent cycles,0.1020,460,97.961,% change from baseline,Digitized from the visible waterfall contour in Fig. 5. X-axis is normalized patient rank. Approximate patient rank assumes n=4500; Fig. 5 itself does not print n.
I,20 mg C1D1; 20 mg Day 1 subsequent cycles,0.1040,469,97.2279,% change from baseline,Digitized from the visible waterfall contour in Fig. 5. X-axis is normalized patient rank. Approximate patient rank assumes n=4500; Fig. 5 itself does not print n.
I,20 mg C1D1; 20 mg Day 1 subsequent cycles,0.1060,478,97.2279,% change from baseline,Digitized from the visible waterfall contour in Fig. 5. X-axis is normalized patient rank. Approximate patient rank assumes n=4500; Fig. 5 itself does not print n.
I,20 mg C1D1; 20 mg Day 1 subsequent cycles,0.1080,487,95.3963,% change from baseline,Digitized from the visible waterfall contour in Fig. 5. X-axis is normalized patient rank. Approximate patient rank assumes n=4500; Fig. 5 itself does not print n.
I,20 mg C1D1; 20 mg Day 1 subsequent cycles,0.1100,496,93.347,% change from baseline,Digitized from the visible waterfall contour in Fig. 5. X-axis is normalized patient rank. Approximate patient rank assumes n=4500; Fig. 5 itself does not print n.
I,20 mg C1D1; 20 mg Day 1 subsequent cycles,0.1120,505,90.386,% change from baseline,Digitized from the visible waterfall contour in Fig. 5. X-axis is normalized patient rank. Approximate patient rank assumes n=4500; Fig. 5 itself does not print n.
I,20 mg C1D1; 20 mg Day 1 subsequent cycles,0.1140,514,88.2218,% change from baseline,Digitized from the visible waterfall contour in Fig. 5. X-axis is normalized patient rank. Approximate patient rank assumes n=4500; Fig. 5 itself does not print n.
I,20 mg C1D1; 20 mg Day 1 subsequent cycles,0.1160,523,87.0801,% change from baseline,Digitized from the visible waterfall contour in Fig. 5. X-axis is normalized patient rank. Approximate patient rank assumes n=4500; Fig. 5 itself does not print n.
I,20 mg C1D1; 20 mg Day 1 subsequent cycles,0.1180,532,86.0554,% change from baseline,Digitized from the visible waterfall contour in Fig. 5. X-axis is normalized patient rank. Approximate patient rank assumes n=4500; Fig. 5 itself does not print n.
I,20 mg C1D1; 20 mg Day 1 subsequent cycles,0.1200,541,83.2238,% change from baseline,Digitized from the visible waterfall contour in Fig. 5. X-axis is normalized patient rank. Approximate patient rank assumes n=4500; Fig. 5 itself does not print n.
I,20 mg C1D1; 20 mg Day 1 subsequent cycles,0.1220,550,81.9528,% change from baseline,Digitized from the visible waterfall contour in Fig. 5. X-axis is normalized patient rank. Approximate patient rank assumes n=4500; Fig. 5 itself does not print n.
I,20 mg C1D1; 20 mg Day 1 subsequent cycles,0.1240,559,80.0287,% change from baseline,Digitized from the visible waterfall contour in Fig. 5. X-axis is normalized patient rank. Approximate patient rank assumes n=4500; Fig. 5 itself does not print n.
I,20 mg C1D1; 20 mg Day 1 subsequent cycles,0.1260,568,77.9795,% change from baseline,Digitized from the visible waterfall contour in Fig. 5. X-axis is normalized patient rank. Approximate patient rank assumes n=4500; Fig. 5 itself does not print n.
I,20 mg C1D1; 20 mg Day 1 subsequent cycles,0.1280,577,75.0349,% change from baseline,Digitized from the visible waterfall contour in Fig. 5. X-axis is normalized patient rank. Approximate patient rank assumes n=4500; Fig. 5 itself does not print n.
I,20 mg C1D1; 20 mg Day 1 subsequent cycles,0.1300,586,73.7474,% change from baseline,Digitized from the visible waterfall contour in Fig. 5. X-axis is normalized patient rank. Approximate patient rank assumes n=4500; Fig. 5 itself does not print n.
I,20 mg C1D1; 20 mg Day 1 subsequent cycles,0.1320,595,70.9405,% change from baseline,Digitized from the visible waterfall contour in Fig. 5. X-axis is normalized patient rank. Approximate patient rank assumes n=4500; Fig. 5 itself does not print n.
I,20 mg C1D1; 20 mg Day 1 subsequent cycles,0.1340,604,69.6448,% change from baseline,Digitized from the visible waterfall contour in Fig. 5. X-axis is normalized patient rank. Approximate patient rank assumes n=4500; Fig. 5 itself does not print n.
I,20 mg C1D1; 20 mg Day 1 subsequent cycles,0.1360,613,66.846,% change from baseline,Digitized from the visible waterfall contour in Fig. 5. X-axis is normalized patient rank. Approximate patient rank assumes n=4500; Fig. 5 itself does not print n.
I,20 mg C1D1; 20 mg Day 1 subsequent cycles,0.1380,622,65.5421,% change from baseline,Digitized from the visible waterfall contour in Fig. 5. X-axis is normalized patient rank. Approximate patient rank assumes n=4500; Fig. 5 itself does not print n.
I,20 mg C1D1; 20 mg Day 1 subsequent cycles,0.1400,631,62.7515,% change from baseline,Digitized from the visible waterfall contour in Fig. 5. X-axis is normalized patient rank. Approximate patient rank assumes n=4500; Fig. 5 itself does not print n.
I,20 mg C1D1; 20 mg Day 1 subsequent cycles,0.1420,640,60.5585,% change from baseline,Digitized from the visible waterfall contour in Fig. 5. X-axis is normalized patient rank. Approximate patient rank assumes n=4500; Fig. 5 itself does not print n.
I,20 mg C1D1; 20 mg Day 1 subsequent cycles,0.1440,649,58.5092,% change from baseline,Digitized from the visible waterfall contour in Fig. 5. X-axis is normalized patient rank. Approximate patient rank assumes n=4500; Fig. 5 itself does not print n.
I,20 mg C1D1; 20 mg Day 1 subsequent cycles,0.1460,658,57.3368,% change from baseline,Digitized from the visible waterfall contour in Fig. 5. X-axis is normalized patient rank. Approximate patient rank assumes n=4500; Fig. 5 itself does not print n.
I,20 mg C1D1; 20 mg Day 1 subsequent cycles,0.1480,667,55.4374,% change from baseline,Digitized from the visible waterfall contour in Fig. 5. X-axis is normalized patient rank. Approximate patient rank assumes n=4500; Fig. 5 itself does not print n.
I,20 mg C1D1; 20 mg Day 1 subsequent cycles,0.1500,676,54.2608,% change from baseline,Digitized from the visible waterfall contour in Fig. 5. X-axis is normalized patient rank. Approximate patient rank assumes n=4500; Fig. 5 itself does not print n.
I,20 mg C1D1; 20 mg Day 1 subsequent cycles,0.1520,685,51.4949,% change from baseline,Digitized from the visible waterfall contour in Fig. 5. X-axis is normalized patient rank. Approximate patient rank assumes n=4500; Fig. 5 itself does not print n.
I,20 mg C1D1; 20 mg Day 1 subsequent cycles,0.1540,694,50.1581,% change from baseline,Digitized from the visible waterfall contour in Fig. 5. X-axis is normalized patient rank. Approximate patient rank assumes n=4500; Fig. 5 itself does not print n.
I,20 mg C1D1; 20 mg Day 1 subsequent cycles,0.1560,703,49.1335,% change from baseline,Digitized from the visible waterfall contour in Fig. 5. X-axis is normalized patient rank. Approximate patient rank assumes n=4500; Fig. 5 itself does not print n.
I,20 mg C1D1; 20 mg Day 1 subsequent cycles,0.1580,712,48.1088,% change from baseline,Digitized from the visible waterfall contour in Fig. 5. X-axis is normalized patient rank. Approximate patient rank assumes n=4500; Fig. 5 itself does not print n.
I,20 mg C1D1; 20 mg Day 1 subsequent cycles,0.1600,721,47.0842,% change from baseline,Digitized from the visible waterfall contour in Fig. 5. X-axis is normalized patient rank. Approximate patient rank assumes n=4500; Fig. 5 itself does not print n.
I,20 mg C1D1; 20 mg Day 1 subsequent cycles,0.1620,730,46.0595,% change from baseline,Digitized from the visible waterfall contour in Fig. 5. X-axis is normalized patient rank. Approximate patient rank assumes n=4500; Fig. 5 itself does not print n.
I,20 mg C1D1; 20 mg Day 1 subsequent cycles,0.1640,739,45.0349,% change from baseline,Digitized from the visible waterfall contour in Fig. 5. X-axis is normalized patient rank. Approximate patient rank assumes n=4500; Fig. 5 itself does not print n.
I,20 mg C1D1; 20 mg Day 1 subsequent cycles,0.1660,748,43.154,% change from baseline,Digitized from the visible waterfall contour in Fig. 5. X-axis is normalized patient rank. Approximate patient rank assumes n=4500; Fig. 5 itself does not print n.
I,20 mg C1D1; 20 mg Day 1 subsequent cycles,0.1680,757,41.9589,% change from baseline,Digitized from the visible waterfall contour in Fig. 5. X-axis is normalized patient rank. Approximate patient rank assumes n=4500; Fig. 5 itself does not print n.
I,20 mg C1D1; 20 mg Day 1 subsequent cycles,0.1700,766,40.9343,% change from baseline,Digitized from the visible waterfall contour in Fig. 5. X-axis is normalized patient rank. Approximate patient rank assumes n=4500; Fig. 5 itself does not print n.
I,20 mg C1D1; 20 mg Day 1 subsequent cycles,0.1720,775,39.0595,% change from baseline,Digitized from the visible waterfall contour in Fig. 5. X-axis is normalized patient rank. Approximate patient rank assumes n=4500; Fig. 5 itself does not print n.
I,20 mg C1D1; 20 mg Day 1 subsequent cycles,0.1740,784,37.0103,% change from baseline,Digitized from the visible waterfall contour in Fig. 5. X-axis is normalized patient rank. Approximate patient rank assumes n=4500; Fig. 5 itself does not print n.
I,20 mg C1D1; 20 mg Day 1 subsequent cycles,0.1760,793,34.961,% change from baseline,Digitized from the visible waterfall contour in Fig. 5. X-axis is normalized patient rank. Approximate patient rank assumes n=4500; Fig. 5 itself does not print n.
I,20 mg C1D1; 20 mg Day 1 subsequent cycles,0.1780,802,33.7556,% change from baseline,Digitized from the visible waterfall contour in Fig. 5. X-axis is normalized patient rank. Approximate patient rank assumes n=4500; Fig. 5 itself does not print n.
I,20 mg C1D1; 20 mg Day 1 subsequent cycles,0.1800,811,31.8891,% change from baseline,Digitized from the visible waterfall contour in Fig. 5. X-axis is normalized patient rank. Approximate patient rank assumes n=4500; Fig. 5 itself does not print n.
I,20 mg C1D1; 20 mg Day 1 subsequent cycles,0.1820,820,30.6797,% change from baseline,Digitized from the visible waterfall contour in Fig. 5. X-axis is normalized patient rank. Approximate patient rank assumes n=4500; Fig. 5 itself does not print n.
I,20 mg C1D1; 20 mg Day 1 subsequent cycles,0.1840,829,28.8172,% change from baseline,Digitized from the visible waterfall contour in Fig. 5. X-axis is normalized patient rank. Approximate patient rank assumes n=4500; Fig. 5 itself does not print n.
I,20 mg C1D1; 20 mg Day 1 subsequent cycles,0.1860,838,28.4394,% change from baseline,Digitized from the visible waterfall contour in Fig. 5. X-axis is normalized patient rank. Approximate patient rank assumes n=4500; Fig. 5 itself does not print n.
I,20 mg C1D1; 20 mg Day 1 subsequent cycles,0.1880,847,26.7721,% change from baseline,Digitized from the visible waterfall contour in Fig. 5. X-axis is normalized patient rank. Approximate patient rank assumes n=4500; Fig. 5 itself does not print n.
I,20 mg C1D1; 20 mg Day 1 subsequent cycles,0.1900,856,25.5544,% change from baseline,Digitized from the visible waterfall contour in Fig. 5. X-axis is normalized patient rank. Approximate patient rank assumes n=4500; Fig. 5 itself does not print n.
I,20 mg C1D1; 20 mg Day 1 subsequent cycles,0.1920,865,24.5298,% change from baseline,Digitized from the visible waterfall contour in Fig. 5. X-axis is normalized patient rank. Approximate patient rank assumes n=4500; Fig. 5 itself does not print n.
I,20 mg C1D1; 20 mg Day 1 subsequent cycles,0.1940,874,22.6776,% change from baseline,Digitized from the visible waterfall contour in Fig. 5. X-axis is normalized patient rank. Approximate patient rank assumes n=4500; Fig. 5 itself does not print n.
I,20 mg C1D1; 20 mg Day 1 subsequent cycles,0.1960,883,20.6283,% change from baseline,Digitized from the visible waterfall contour in Fig. 5. X-axis is normalized patient rank. Approximate patient rank assumes n=4500; Fig. 5 itself does not print n.
I,20 mg C1D1; 20 mg Day 1 subsequent cycles,0.1980,892,18.5791,% change from baseline,Digitized from the visible waterfall contour in Fig. 5. X-axis is normalized patient rank. Approximate patient rank assumes n=4500; Fig. 5 itself does not print n.
I,20 mg C1D1; 20 mg Day 1 subsequent cycles,0.2000,901,16.5298,% change from baseline,Digitized from the visible waterfall contour in Fig. 5. X-axis is normalized patient rank. Approximate patient rank assumes n=4500; Fig. 5 itself does not print n.
I,20 mg C1D1; 20 mg Day 1 subsequent cycles,0.2020,910,15.2998,% change from baseline,Digitized from the visible waterfall contour in Fig. 5. X-axis is normalized patient rank. Approximate patient rank assumes n=4500; Fig. 5 itself does not print n.
I,20 mg C1D1; 20 mg Day 1 subsequent cycles,0.2040,919,14.2752,% change from baseline,Digitized from the visible waterfall contour in Fig. 5. X-axis is normalized patient rank. Approximate patient rank assumes n=4500; Fig. 5 itself does not print n.
I,20 mg C1D1; 20 mg Day 1 subsequent cycles,0.2060,928,13.2505,% change from baseline,Digitized from the visible waterfall contour in Fig. 5. X-axis is normalized patient rank. Approximate patient rank assumes n=4500; Fig. 5 itself does not print n.
I,20 mg C1D1; 20 mg Day 1 subsequent cycles,0.2080,937,12.2259,% change from baseline,Digitized from the visible waterfall contour in Fig. 5. X-axis is normalized patient rank. Approximate patient rank assumes n=4500; Fig. 5 itself does not print n.
I,20 mg C1D1; 20 mg Day 1 subsequent cycles,0.2100,946,10.3901,% change from baseline,Digitized from the visible waterfall contour in Fig. 5. X-axis is normalized patient rank. Approximate patient rank assumes n=4500; Fig. 5 itself does not print n.
I,20 mg C1D1; 20 mg Day 1 subsequent cycles,0.2120,955,8.34086,% change from baseline,Digitized from the visible waterfall contour in Fig. 5. X-axis is normalized patient rank. Approximate patient rank assumes n=4500; Fig. 5 itself does not print n.
I,20 mg C1D1; 20 mg Day 1 subsequent cycles,0.2140,964,6.29158,% change from baseline,Digitized from the visible waterfall contour in Fig. 5. X-axis is normalized patient rank. Approximate patient rank assumes n=4500; Fig. 5 itself does not print n.
I,20 mg C1D1; 20 mg Day 1 subsequent cycles,0.2160,973,4.2423,% change from baseline,Digitized from the visible waterfall contour in Fig. 5. X-axis is normalized patient rank. Approximate patient rank assumes n=4500; Fig. 5 itself does not print n.
I,20 mg C1D1; 20 mg Day 1 subsequent cycles,0.2180,982,2.99589,% change from baseline,Digitized from the visible waterfall contour in Fig. 5. X-axis is normalized patient rank. Approximate patient rank assumes n=4500; Fig. 5 itself does not print n.
I,20 mg C1D1; 20 mg Day 1 subsequent cycles,0.2200,991,1.03696,% change from baseline,Digitized from the visible waterfall contour in Fig. 5. X-axis is normalized patient rank. Approximate patient rank assumes n=4500; Fig. 5 itself does not print n.
I,20 mg C1D1; 20 mg Day 1 subsequent cycles,0.2220,1000,-1.18309,% change from baseline,Digitized from the visible waterfall contour in Fig. 5. X-axis is normalized patient rank. Approximate patient rank assumes n=4500; Fig. 5 itself does not print n.
I,20 mg C1D1; 20 mg Day 1 subsequent cycles,0.2240,1009,-3.40315,% change from baseline,Digitized from the visible waterfall contour in Fig. 5. X-axis is normalized patient rank. Approximate patient rank assumes n=4500; Fig. 5 itself does not print n.
I,20 mg C1D1; 20 mg Day 1 subsequent cycles,0.2260,1018,-5.6232,% change from baseline,Digitized from the visible waterfall contour in Fig. 5. X-axis is normalized patient rank. Approximate patient rank assumes n=4500; Fig. 5 itself does not print n.
I,20 mg C1D1; 20 mg Day 1 subsequent cycles,0.2280,1027,-7.84326,% change from baseline,Digitized from the visible waterfall contour in Fig. 5. X-axis is normalized patient rank. Approximate patient rank assumes n=4500; Fig. 5 itself does not print n.
I,20 mg C1D1; 20 mg Day 1 subsequent cycles,0.2300,1036,-10.0633,% change from baseline,Digitized from the visible waterfall contour in Fig. 5. X-axis is normalized patient rank. Approximate patient rank assumes n=4500; Fig. 5 itself does not print n.
I,20 mg C1D1; 20 mg Day 1 subsequent cycles,0.2320,1045,-12.2834,% change from baseline,Digitized from the visible waterfall contour in Fig. 5. X-axis is normalized patient rank. Approximate patient rank assumes n=4500; Fig. 5 itself does not print n.
I,20 mg C1D1; 20 mg Day 1 subsequent cycles,0.2340,1054,-14.5034,% change from baseline,Digitized from the visible waterfall contour in Fig. 5. X-axis is normalized patient rank. Approximate patient rank assumes n=4500; Fig. 5 itself does not print n.
I,20 mg C1D1; 20 mg Day 1 subsequent cycles,0.2360,1063,-16.7235,% change from baseline,Digitized from the visible waterfall contour in Fig. 5. X-axis is normalized patient rank. Approximate patient rank assumes n=4500; Fig. 5 itself does not print n.
I,20 mg C1D1; 20 mg Day 1 subsequent cycles,0.2380,1072,-18.9435,% change from baseline,Digitized from the visible waterfall contour in Fig. 5. X-axis is normalized patient rank. Approximate patient rank assumes n=4500; Fig. 5 itself does not print n.
I,20 mg C1D1; 20 mg Day 1 subsequent cycles,0.2400,1081,-21.1636,% change from baseline,Digitized from the visible waterfall contour in Fig. 5. X-axis is normalized patient rank. Approximate patient rank assumes n=4500; Fig. 5 itself does not print n.
I,20 mg C1D1; 20 mg Day 1 subsequent cycles,0.2420,1090,-23.3836,% change from baseline,Digitized from the visible waterfall contour in Fig. 5. X-axis is normalized patient rank. Approximate patient rank assumes n=4500; Fig. 5 itself does not print n.
I,20 mg C1D1; 20 mg Day 1 subsequent cycles,0.2440,1099,-25.6037,% change from baseline,Digitized from the visible waterfall contour in Fig. 5. X-axis is normalized patient rank. Approximate patient rank assumes n=4500; Fig. 5 itself does not print n.
I,20 mg C1D1; 20 mg Day 1 subsequent cycles,0.2460,1108,-27.8238,% change from baseline,Digitized from the visible waterfall contour in Fig. 5. X-axis is normalized patient rank. Approximate patient rank assumes n=4500; Fig. 5 itself does not print n.
I,20 mg C1D1; 20 mg Day 1 subsequent cycles,0.2480,1117,-30.0438,% change from baseline,Digitized from the visible waterfall contour in Fig. 5. X-axis is normalized patient rank. Approximate patient rank assumes n=4500; Fig. 5 itself does not print n.
I,20 mg C1D1; 20 mg Day 1 subsequent cycles,0.2500,1126,-32.2639,% change from baseline,Digitized from the visible waterfall contour in Fig. 5. X-axis is normalized patient rank. Approximate patient rank assumes n=4500; Fig. 5 itself does not print n.
I,20 mg C1D1; 20 mg Day 1 subsequent cycles,0.2520,1135,-34.4839,% change from baseline,Digitized from the visible waterfall contour in Fig. 5. X-axis is normalized patient rank. Approximate patient rank assumes n=4500; Fig. 5 itself does not print n.
I,20 mg C1D1; 20 mg Day 1 subsequent cycles,0.2540,1144,-36.704,% change from baseline,Digitized from the visible waterfall contour in Fig. 5. X-axis is normalized patient rank. Approximate patient rank assumes n=4500; Fig. 5 itself does not print n.
I,20 mg C1D1; 20 mg Day 1 subsequent cycles,0.2560,1153,-38.924,% change from baseline,Digitized from the visible waterfall contour in Fig. 5. X-axis is normalized patient rank. Approximate patient rank assumes n=4500; Fig. 5 itself does not print n.
I,20 mg C1D1; 20 mg Day 1 subsequent cycles,0.2580,1162,-41.1441,% change from baseline,Digitized from the visible waterfall contour in Fig. 5. X-axis is normalized patient rank. Approximate patient rank assumes n=4500; Fig. 5 itself does not print n.
I,20 mg C1D1; 20 mg Day 1 subsequent cycles,0.2600,1171,-43.3641,% change from baseline,Digitized from the visible waterfall contour in Fig. 5. X-axis is normalized patient rank. Approximate patient rank assumes n=4500; Fig. 5 itself does not print n.
I,20 mg C1D1; 20 mg Day 1 subsequent cycles,0.2620,1180,-45.5842,% change from baseline,Digitized from the visible waterfall contour in Fig. 5. X-axis is normalized patient rank. Approximate patient rank assumes n=4500; Fig. 5 itself does not print n.
I,20 mg C1D1; 20 mg Day 1 subsequent cycles,0.2640,1189,-47.8042,% change from baseline,Digitized from the visible waterfall contour in Fig. 5. X-axis is normalized patient rank. Approximate patient rank assumes n=4500; Fig. 5 itself does not print n.
I,20 mg C1D1; 20 mg Day 1 subsequent cycles,0.2660,1198,-50.0243,% change from baseline,Digitized from the visible waterfall contour in Fig. 5. X-axis is normalized patient rank. Approximate patient rank assumes n=4500; Fig. 5 itself does not print n.
I,20 mg C1D1; 20 mg Day 1 subsequent cycles,0.2680,1207,-52.8706,% change from baseline,Digitized from the visible waterfall contour in Fig. 5. X-axis is normalized patient rank. Approximate patient rank assumes n=4500; Fig. 5 itself does not print n.
I,20 mg C1D1; 20 mg Day 1 subsequent cycles,0.2700,1216,-56.694,% change from baseline,Digitized from the visible waterfall contour in Fig. 5. X-axis is normalized patient rank. Approximate patient rank assumes n=4500; Fig. 5 itself does not print n.
I,20 mg C1D1; 20 mg Day 1 subsequent cycles,0.2720,1225,-60.0452,% change from baseline,Digitized from the visible waterfall contour in Fig. 5. X-axis is normalized patient rank. Approximate patient rank assumes n=4500; Fig. 5 itself does not print n.
I,20 mg C1D1; 20 mg Day 1 subsequent cycles,0.2740,1234,-63.1191,% change from baseline,Digitized from the visible waterfall contour in Fig. 5. X-axis is normalized patient rank. Approximate patient rank assumes n=4500; Fig. 5 itself does not print n.
I,20 mg C1D1; 20 mg Day 1 subsequent cycles,0.2760,1243,-66.193,% change from baseline,Digitized from the visible waterfall contour in Fig. 5. X-axis is normalized patient rank. Approximate patient rank assumes n=4500; Fig. 5 itself does not print n.
I,20 mg C1D1; 20 mg Day 1 subsequent cycles,0.2780,1252,-68.5257,% change from baseline,Digitized from the visible waterfall contour in Fig. 5. X-axis is normalized patient rank. Approximate patient rank assumes n=4500; Fig. 5 itself does not print n.
I,20 mg C1D1; 20 mg Day 1 subsequent cycles,0.2800,1261,-71.3142,% change from baseline,Digitized from the visible waterfall contour in Fig. 5. X-axis is normalized patient rank. Approximate patient rank assumes n=4500; Fig. 5 itself does not print n.
I,20 mg C1D1; 20 mg Day 1 subsequent cycles,0.2820,1270,-73.6509,% change from baseline,Digitized from the visible waterfall contour in Fig. 5. X-axis is normalized patient rank. Approximate patient rank assumes n=4500; Fig. 5 itself does not print n.
I,20 mg C1D1; 20 mg Day 1 subsequent cycles,0.2840,1279,-76.4353,% change from baseline,Digitized from the visible waterfall contour in Fig. 5. X-axis is normalized patient rank. Approximate patient rank assumes n=4500; Fig. 5 itself does not print n.
I,20 mg C1D1; 20 mg Day 1 subsequent cycles,0.2860,1288,-79.5092,% change from baseline,Digitized from the visible waterfall contour in Fig. 5. X-axis is normalized patient rank. Approximate patient rank assumes n=4500; Fig. 5 itself does not print n.
I,20 mg C1D1; 20 mg Day 1 subsequent cycles,0.2880,1297,-81.8522,% change from baseline,Digitized from the visible waterfall contour in Fig. 5. X-axis is normalized patient rank. Approximate patient rank assumes n=4500; Fig. 5 itself does not print n.
I,20 mg C1D1; 20 mg Day 1 subsequent cycles,0.2900,1306,-84.6304,% change from baseline,Digitized from the visible waterfall contour in Fig. 5. X-axis is normalized patient rank. Approximate patient rank assumes n=4500; Fig. 5 itself does not print n.
I,20 mg C1D1; 20 mg Day 1 subsequent cycles,0.2920,1315,-87.7043,% change from baseline,Digitized from the visible waterfall contour in Fig. 5. X-axis is normalized patient rank. Approximate patient rank assumes n=4500; Fig. 5 itself does not print n.
I,20 mg C1D1; 20 mg Day 1 subsequent cycles,0.2940,1324,-90.0534,% change from baseline,Digitized from the visible waterfall contour in Fig. 5. X-axis is normalized patient rank. Approximate patient rank assumes n=4500; Fig. 5 itself does not print n.
I,20 mg C1D1; 20 mg Day 1 subsequent cycles,0.2960,1333,-92.8255,% change from baseline,Digitized from the visible waterfall contour in Fig. 5. X-axis is normalized patient rank. Approximate patient rank assumes n=4500; Fig. 5 itself does not print n.
I,20 mg C1D1; 20 mg Day 1 subsequent cycles,0.2980,1342,-95.1786,% change from baseline,Digitized from the visible waterfall contour in Fig. 5. X-axis is normalized patient rank. Approximate patient rank assumes n=4500; Fig. 5 itself does not print n.
I,20 mg C1D1; 20 mg Day 1 subsequent cycles,0.3000,1351,-96.5092,% change from baseline,Digitized from the visible waterfall contour in Fig. 5. X-axis is normalized patient rank. Approximate patient rank assumes n=4500; Fig. 5 itself does not print n.
I,20 mg C1D1; 20 mg Day 1 subsequent cycles,0.3020,1360,-96.8172,% change from baseline,Digitized from the visible waterfall contour in Fig. 5. X-axis is normalized patient rank. Approximate patient rank assumes n=4500; Fig. 5 itself does not print n.
I,20 mg C1D1; 20 mg Day 1 subsequent cycles,0.3040,1369,-96.8172,% change from baseline,Digitized from the visible waterfall contour in Fig. 5. X-axis is normalized patient rank. Approximate patient rank assumes n=4500; Fig. 5 itself does not print n.
I,20 mg C1D1; 20 mg Day 1 subsequent cycles,0.3060,1378,-96.8172,% change from baseline,Digitized from the visible waterfall contour in Fig. 5. X-axis is normalized patient rank. Approximate patient rank assumes n=4500; Fig. 5 itself does not print n.
I,20 mg C1D1; 20 mg Day 1 subsequent cycles,0.3080,1387,-96.8172,% change from baseline,Digitized from the visible waterfall contour in Fig. 5. X-axis is normalized patient rank. Approximate patient rank assumes n=4500; Fig. 5 itself does not print n.
I,20 mg C1D1; 20 mg Day 1 subsequent cycles,0.3100,1396,-96.8172,% change from baseline,Digitized from the visible waterfall contour in Fig. 5. X-axis is normalized patient rank. Approximate patient rank assumes n=4500; Fig. 5 itself does not print n.
I,20 mg C1D1; 20 mg Day 1 subsequent cycles,0.3120,1405,-96.8172,% change from baseline,Digitized from the visible waterfall contour in Fig. 5. X-axis is normalized patient rank. Approximate patient rank assumes n=4500; Fig. 5 itself does not print n.
I,20 mg C1D1; 20 mg Day 1 subsequent cycles,0.3140,1414,-96.8172,% change from baseline,Digitized from the visible waterfall contour in Fig. 5. X-axis is normalized patient rank. Approximate patient rank assumes n=4500; Fig. 5 itself does not print n.
I,20 mg C1D1; 20 mg Day 1 subsequent cycles,0.3160,1423,-96.8172,% change from baseline,Digitized from the visible waterfall contour in Fig. 5. X-axis is normalized patient rank. Approximate patient rank assumes n=4500; Fig. 5 itself does not print n.
I,20 mg C1D1; 20 mg Day 1 subsequent cycles,0.3180,1432,-96.8172,% change from baseline,Digitized from the visible waterfall contour in Fig. 5. X-axis is normalized patient rank. Approximate patient rank assumes n=4500; Fig. 5 itself does not print n.
I,20 mg C1D1; 20 mg Day 1 subsequent cycles,0.3200,1441,-96.8172,% change from baseline,Digitized from the visible waterfall contour in Fig. 5. X-axis is normalized patient rank. Approximate patient rank assumes n=4500; Fig. 5 itself does not print n.
I,20 mg C1D1; 20 mg Day 1 subsequent cycles,0.3220,1450,-96.8172,% change from baseline,Digitized from the visible waterfall contour in Fig. 5. X-axis is normalized patient rank. Approximate patient rank assumes n=4500; Fig. 5 itself does not print n.
I,20 mg C1D1; 20 mg Day 1 subsequent cycles,0.3240,1459,-96.8172,% change from baseline,Digitized from the visible waterfall contour in Fig. 5. X-axis is normalized patient rank. Approximate patient rank assumes n=4500; Fig. 5 itself does not print n.
I,20 mg C1D1; 20 mg Day 1 subsequent cycles,0.3260,1468,-96.8172,% change from baseline,Digitized from the visible waterfall contour in Fig. 5. X-axis is normalized patient rank. Approximate patient rank assumes n=4500; Fig. 5 itself does not print n.
I,20 mg C1D1; 20 mg Day 1 subsequent cycles,0.3280,1477,-96.8172,% change from baseline,Digitized from the visible waterfall contour in Fig. 5. X-axis is normalized patient rank. Approximate patient rank assumes n=4500; Fig. 5 itself does not print n.
I,20 mg C1D1; 20 mg Day 1 subsequent cycles,0.3300,1486,-96.8172,% change from baseline,Digitized from the visible waterfall contour in Fig. 5. X-axis is normalized patient rank. Approximate patient rank assumes n=4500; Fig. 5 itself does not print n.
I,20 mg C1D1; 20 mg Day 1 subsequent cycles,0.3320,1495,-96.8172,% change from baseline,Digitized from the visible waterfall contour in Fig. 5. X-axis is normalized patient rank. Approximate patient rank assumes n=4500; Fig. 5 itself does not print n.
I,20 mg C1D1; 20 mg Day 1 subsequent cycles,0.3340,1504,-96.8172,% change from baseline,Digitized from the visible waterfall contour in Fig. 5. X-axis is normalized patient rank. Approximate patient rank assumes n=4500; Fig. 5 itself does not print n.
I,20 mg C1D1; 20 mg Day 1 subsequent cycles,0.3360,1513,-96.8172,% change from baseline,Digitized from the visible waterfall contour in Fig. 5. X-axis is normalized patient rank. Approximate patient rank assumes n=4500; Fig. 5 itself does not print n.
I,20 mg C1D1; 20 mg Day 1 subsequent cycles,0.3380,1522,-96.8172,% change from baseline,Digitized from the visible waterfall contour in Fig. 5. X-axis is normalized patient rank. Approximate patient rank assumes n=4500; Fig. 5 itself does not print n.
I,20 mg C1D1; 20 mg Day 1 subsequent cycles,0.3400,1531,-96.8172,% change from baseline,Digitized from the visible waterfall contour in Fig. 5. X-axis is normalized patient rank. Approximate patient rank assumes n=4500; Fig. 5 itself does not print n.
I,20 mg C1D1; 20 mg Day 1 subsequent cycles,0.3420,1540,-96.8172,% change from baseline,Digitized from the visible waterfall contour in Fig. 5. X-axis is normalized patient rank. Approximate patient rank assumes n=4500; Fig. 5 itself does not print n.
I,20 mg C1D1; 20 mg Day 1 subsequent cycles,0.3440,1549,-96.8172,% change from baseline,Digitized from the visible waterfall contour in Fig. 5. X-axis is normalized patient rank. Approximate patient rank assumes n=4500; Fig. 5 itself does not print n.
I,20 mg C1D1; 20 mg Day 1 subsequent cycles,0.3460,1558,-96.8172,% change from baseline,Digitized from the visible waterfall contour in Fig. 5. X-axis is normalized patient rank. Approximate patient rank assumes n=4500; Fig. 5 itself does not print n.
I,20 mg C1D1; 20 mg Day 1 subsequent cycles,0.3480,1567,-96.8172,% change from baseline,Digitized from the visible waterfall contour in Fig. 5. X-axis is normalized patient rank. Approximate patient rank assumes n=4500; Fig. 5 itself does not print n.
I,20 mg C1D1; 20 mg Day 1 subsequent cycles,0.3500,1576,-96.8172,% change from baseline,Digitized from the visible waterfall contour in Fig. 5. X-axis is normalized patient rank. Approximate patient rank assumes n=4500; Fig. 5 itself does not print n.
I,20 mg C1D1; 20 mg Day 1 subsequent cycles,0.3520,1585,-96.8172,% change from baseline,Digitized from the visible waterfall contour in Fig. 5. X-axis is normalized patient rank. Approximate patient rank assumes n=4500; Fig. 5 itself does not print n.
I,20 mg C1D1; 20 mg Day 1 subsequent cycles,0.3540,1594,-96.8172,% change from baseline,Digitized from the visible waterfall contour in Fig. 5. X-axis is normalized patient rank. Approximate patient rank assumes n=4500; Fig. 5 itself does not print n.
I,20 mg C1D1; 20 mg Day 1 subsequent cycles,0.3560,1603,-96.8172,% change from baseline,Digitized from the visible waterfall contour in Fig. 5. X-axis is normalized patient rank. Approximate patient rank assumes n=4500; Fig. 5 itself does not print n.
I,20 mg C1D1; 20 mg Day 1 subsequent cycles,0.3580,1612,-96.8172,% change from baseline,Digitized from the visible waterfall contour in Fig. 5. X-axis is normalized patient rank. Approximate patient rank assumes n=4500; Fig. 5 itself does not print n.
I,20 mg C1D1; 20 mg Day 1 subsequent cycles,0.3600,1621,-96.8172,% change from baseline,Digitized from the visible waterfall contour in Fig. 5. X-axis is normalized patient rank. Approximate patient rank assumes n=4500; Fig. 5 itself does not print n.
I,20 mg C1D1; 20 mg Day 1 subsequent cycles,0.3620,1630,-96.8172,% change from baseline,Digitized from the visible waterfall contour in Fig. 5. X-axis is normalized patient rank. Approximate patient rank assumes n=4500; Fig. 5 itself does not print n.
I,20 mg C1D1; 20 mg Day 1 subsequent cycles,0.3640,1639,-96.8172,% change from baseline,Digitized from the visible waterfall contour in Fig. 5. X-axis is normalized patient rank. Approximate patient rank assumes n=4500; Fig. 5 itself does not print n.
I,20 mg C1D1; 20 mg Day 1 subsequent cycles,0.3660,1648,-96.8172,% change from baseline,Digitized from the visible waterfall contour in Fig. 5. X-axis is normalized patient rank. Approximate patient rank assumes n=4500; Fig. 5 itself does not print n.
I,20 mg C1D1; 20 mg Day 1 subsequent cycles,0.3680,1657,-96.8172,% change from baseline,Digitized from the visible waterfall contour in Fig. 5. X-axis is normalized patient rank. Approximate patient rank assumes n=4500; Fig. 5 itself does not print n.
I,20 mg C1D1; 20 mg Day 1 subsequent cycles,0.3700,1666,-96.8172,% change from baseline,Digitized from the visible waterfall contour in Fig. 5. X-axis is normalized patient rank. Approximate patient rank assumes n=4500; Fig. 5 itself does not print n.
I,20 mg C1D1; 20 mg Day 1 subsequent cycles,0.3720,1675,-96.8172,% change from baseline,Digitized from the visible waterfall contour in Fig. 5. X-axis is normalized patient rank. Approximate patient rank assumes n=4500; Fig. 5 itself does not print n.
I,20 mg C1D1; 20 mg Day 1 subsequent cycles,0.3740,1684,-96.8172,% change from baseline,Digitized from the visible waterfall contour in Fig. 5. X-axis is normalized patient rank. Approximate patient rank assumes n=4500; Fig. 5 itself does not print n.
I,20 mg C1D1; 20 mg Day 1 subsequent cycles,0.3760,1693,-96.8172,% change from baseline,Digitized from the visible waterfall contour in Fig. 5. X-axis is normalized patient rank. Approximate patient rank assumes n=4500; Fig. 5 itself does not print n.
I,20 mg C1D1; 20 mg Day 1 subsequent cycles,0.3780,1702,-96.8172,% change from baseline,Digitized from the visible waterfall contour in Fig. 5. X-axis is normalized patient rank. Approximate patient rank assumes n=4500; Fig. 5 itself does not print n.
I,20 mg C1D1; 20 mg Day 1 subsequent cycles,0.3800,1711,-96.8172,% change from baseline,Digitized from the visible waterfall contour in Fig. 5. X-axis is normalized patient rank. Approximate patient rank assumes n=4500; Fig. 5 itself does not print n.
I,20 mg C1D1; 20 mg Day 1 subsequent cycles,0.3820,1720,-96.8172,% change from baseline,Digitized from the visible waterfall contour in Fig. 5. X-axis is normalized patient rank. Approximate patient rank assumes n=4500; Fig. 5 itself does not print n.
I,20 mg C1D1; 20 mg Day 1 subsequent cycles,0.3840,1729,-96.8172,% change from baseline,Digitized from the visible waterfall contour in Fig. 5. X-axis is normalized patient rank. Approximate patient rank assumes n=4500; Fig. 5 itself does not print n.
I,20 mg C1D1; 20 mg Day 1 subsequent cycles,0.3860,1738,-96.8172,% change from baseline,Digitized from the visible waterfall contour in Fig. 5. X-axis is normalized patient rank. Approximate patient rank assumes n=4500; Fig. 5 itself does not print n.
I,20 mg C1D1; 20 mg Day 1 subsequent cycles,0.3880,1747,-96.8172,% change from baseline,Digitized from the visible waterfall contour in Fig. 5. X-axis is normalized patient rank. Approximate patient rank assumes n=4500; Fig. 5 itself does not print n.
I,20 mg C1D1; 20 mg Day 1 subsequent cycles,0.3900,1756,-96.8172,% change from baseline,Digitized from the visible waterfall contour in Fig. 5. X-axis is normalized patient rank. Approximate patient rank assumes n=4500; Fig. 5 itself does not print n.
I,20 mg C1D1; 20 mg Day 1 subsequent cycles,0.3920,1765,-96.8172,% change from baseline,Digitized from the visible waterfall contour in Fig. 5. X-axis is normalized patient rank. Approximate patient rank assumes n=4500; Fig. 5 itself does not print n.
I,20 mg C1D1; 20 mg Day 1 subsequent cycles,0.3940,1774,-96.8172,% change from baseline,Digitized from the visible waterfall contour in Fig. 5. X-axis is normalized patient rank. Approximate patient rank assumes n=4500; Fig. 5 itself does not print n.
I,20 mg C1D1; 20 mg Day 1 subsequent cycles,0.3960,1783,-96.8172,% change from baseline,Digitized from the visible waterfall contour in Fig. 5. X-axis is normalized patient rank. Approximate patient rank assumes n=4500; Fig. 5 itself does not print n.
I,20 mg C1D1; 20 mg Day 1 subsequent cycles,0.3980,1792,-96.8172,% change from baseline,Digitized from the visible waterfall contour in Fig. 5. X-axis is normalized patient rank. Approximate patient rank assumes n=4500; Fig. 5 itself does not print n.
I,20 mg C1D1; 20 mg Day 1 subsequent cycles,0.4000,1801,-96.8172,% change from baseline,Digitized from the visible waterfall contour in Fig. 5. X-axis is normalized patient rank. Approximate patient rank assumes n=4500; Fig. 5 itself does not print n.
I,20 mg C1D1; 20 mg Day 1 subsequent cycles,0.4020,1810,-96.8172,% change from baseline,Digitized from the visible waterfall contour in Fig. 5. X-axis is normalized patient rank. Approximate patient rank assumes n=4500; Fig. 5 itself does not print n.
I,20 mg C1D1; 20 mg Day 1 subsequent cycles,0.4040,1819,-96.8172,% change from baseline,Digitized from the visible waterfall contour in Fig. 5. X-axis is normalized patient rank. Approximate patient rank assumes n=4500; Fig. 5 itself does not print n.
I,20 mg C1D1; 20 mg Day 1 subsequent cycles,0.4060,1828,-96.8172,% change from baseline,Digitized from the visible waterfall contour in Fig. 5. X-axis is normalized patient rank. Approximate patient rank assumes n=4500; Fig. 5 itself does not print n.
I,20 mg C1D1; 20 mg Day 1 subsequent cycles,0.4080,1837,-96.8172,% change from baseline,Digitized from the visible waterfall contour in Fig. 5. X-axis is normalized patient rank. Approximate patient rank assumes n=4500; Fig. 5 itself does not print n.
I,20 mg C1D1; 20 mg Day 1 subsequent cycles,0.4100,1846,-96.8172,% change from baseline,Digitized from the visible waterfall contour in Fig. 5. X-axis is normalized patient rank. Approximate patient rank assumes n=4500; Fig. 5 itself does not print n.
I,20 mg C1D1; 20 mg Day 1 subsequent cycles,0.4120,1855,-96.8172,% change from baseline,Digitized from the visible waterfall contour in Fig. 5. X-axis is normalized patient rank. Approximate patient rank assumes n=4500; Fig. 5 itself does not print n.
I,20 mg C1D1; 20 mg Day 1 subsequent cycles,0.4140,1864,-96.8172,% change from baseline,Digitized from the visible waterfall contour in Fig. 5. X-axis is normalized patient rank. Approximate patient rank assumes n=4500; Fig. 5 itself does not print n.
I,20 mg C1D1; 20 mg Day 1 subsequent cycles,0.4160,1873,-96.8172,% change from baseline,Digitized from the visible waterfall contour in Fig. 5. X-axis is normalized patient rank. Approximate patient rank assumes n=4500; Fig. 5 itself does not print n.
I,20 mg C1D1; 20 mg Day 1 subsequent cycles,0.4180,1882,-96.8172,% change from baseline,Digitized from the visible waterfall contour in Fig. 5. X-axis is normalized patient rank. Approximate patient rank assumes n=4500; Fig. 5 itself does not print n.
I,20 mg C1D1; 20 mg Day 1 subsequent cycles,0.4200,1891,-96.8172,% change from baseline,Digitized from the visible waterfall contour in Fig. 5. X-axis is normalized patient rank. Approximate patient rank assumes n=4500; Fig. 5 itself does not print n.
I,20 mg C1D1; 20 mg Day 1 subsequent cycles,0.4220,1900,-96.8172,% change from baseline,Digitized from the visible waterfall contour in Fig. 5. X-axis is normalized patient rank. Approximate patient rank assumes n=4500; Fig. 5 itself does not print n.
I,20 mg C1D1; 20 mg Day 1 subsequent cycles,0.4240,1909,-96.8172,% change from baseline,Digitized from the visible waterfall contour in Fig. 5. X-axis is normalized patient rank. Approximate patient rank assumes n=4500; Fig. 5 itself does not print n.
I,20 mg C1D1; 20 mg Day 1 subsequent cycles,0.4260,1918,-96.8172,% change from baseline,Digitized from the visible waterfall contour in Fig. 5. X-axis is normalized patient rank. Approximate patient rank assumes n=4500; Fig. 5 itself does not print n.
I,20 mg C1D1; 20 mg Day 1 subsequent cycles,0.4280,1927,-96.8172,% change from baseline,Digitized from the visible waterfall contour in Fig. 5. X-axis is normalized patient rank. Approximate patient rank assumes n=4500; Fig. 5 itself does not print n.
I,20 mg C1D1; 20 mg Day 1 subsequent cycles,0.4300,1936,-96.8172,% change from baseline,Digitized from the visible waterfall contour in Fig. 5. X-axis is normalized patient rank. Approximate patient rank assumes n=4500; Fig. 5 itself does not print n.
I,20 mg C1D1; 20 mg Day 1 subsequent cycles,0.4320,1945,-96.8172,% change from baseline,Digitized from the visible waterfall contour in Fig. 5. X-axis is normalized patient rank. Approximate patient rank assumes n=4500; Fig. 5 itself does not print n.
I,20 mg C1D1; 20 mg Day 1 subsequent cycles,0.4340,1954,-96.8172,% change from baseline,Digitized from the visible waterfall contour in Fig. 5. X-axis is normalized patient rank. Approximate patient rank assumes n=4500; Fig. 5 itself does not print n.
I,20 mg C1D1; 20 mg Day 1 subsequent cycles,0.4360,1963,-96.8172,% change from baseline,Digitized from the visible waterfall contour in Fig. 5. X-axis is normalized patient rank. Approximate patient rank assumes n=4500; Fig. 5 itself does not print n.
I,20 mg C1D1; 20 mg Day 1 subsequent cycles,0.4380,1972,-96.8172,% change from baseline,Digitized from the visible waterfall contour in Fig. 5. X-axis is normalized patient rank. Approximate patient rank assumes n=4500; Fig. 5 itself does not print n.
I,20 mg C1D1; 20 mg Day 1 subsequent cycles,0.4400,1981,-96.8172,% change from baseline,Digitized from the visible waterfall contour in Fig. 5. X-axis is normalized patient rank. Approximate patient rank assumes n=4500; Fig. 5 itself does not print n.
I,20 mg C1D1; 20 mg Day 1 subsequent cycles,0.4420,1990,-96.8172,% change from baseline,Digitized from the visible waterfall contour in Fig. 5. X-axis is normalized patient rank. Approximate patient rank assumes n=4500; Fig. 5 itself does not print n.
I,20 mg C1D1; 20 mg Day 1 subsequent cycles,0.4440,1999,-96.8172,% change from baseline,Digitized from the visible waterfall contour in Fig. 5. X-axis is normalized patient rank. Approximate patient rank assumes n=4500; Fig. 5 itself does not print n.
I,20 mg C1D1; 20 mg Day 1 subsequent cycles,0.4460,2008,-96.8172,% change from baseline,Digitized from the visible waterfall contour in Fig. 5. X-axis is normalized patient rank. Approximate patient rank assumes n=4500; Fig. 5 itself does not print n.
I,20 mg C1D1; 20 mg Day 1 subsequent cycles,0.4480,2017,-96.8172,% change from baseline,Digitized from the visible waterfall contour in Fig. 5. X-axis is normalized patient rank. Approximate patient rank assumes n=4500; Fig. 5 itself does not print n.
I,20 mg C1D1; 20 mg Day 1 subsequent cycles,0.4500,2026,-96.8172,% change from baseline,Digitized from the visible waterfall contour in Fig. 5. X-axis is normalized patient rank. Approximate patient rank assumes n=4500; Fig. 5 itself does not print n.
I,20 mg C1D1; 20 mg Day 1 subsequent cycles,0.4520,2035,-96.8172,% change from baseline,Digitized from the visible waterfall contour in Fig. 5. X-axis is normalized patient rank. Approximate patient rank assumes n=4500; Fig. 5 itself does not print n.
I,20 mg C1D1; 20 mg Day 1 subsequent cycles,0.4540,2044,-96.8172,% change from baseline,Digitized from the visible waterfall contour in Fig. 5. X-axis is normalized patient rank. Approximate patient rank assumes n=4500; Fig. 5 itself does not print n.
I,20 mg C1D1; 20 mg Day 1 subsequent cycles,0.4560,2053,-96.8172,% change from baseline,Digitized from the visible waterfall contour in Fig. 5. X-axis is normalized patient rank. Approximate patient rank assumes n=4500; Fig. 5 itself does not print n.
I,20 mg C1D1; 20 mg Day 1 subsequent cycles,0.4580,2062,-96.8172,% change from baseline,Digitized from the visible waterfall contour in Fig. 5. X-axis is normalized patient rank. Approximate patient rank assumes n=4500; Fig. 5 itself does not print n.
I,20 mg C1D1; 20 mg Day 1 subsequent cycles,0.4600,2071,-96.8172,% change from baseline,Digitized from the visible waterfall contour in Fig. 5. X-axis is normalized patient rank. Approximate patient rank assumes n=4500; Fig. 5 itself does not print n.
I,20 mg C1D1; 20 mg Day 1 subsequent cycles,0.4620,2080,-96.8172,% change from baseline,Digitized from the visible waterfall contour in Fig. 5. X-axis is normalized patient rank. Approximate patient rank assumes n=4500; Fig. 5 itself does not print n.
I,20 mg C1D1; 20 mg Day 1 subsequent cycles,0.4640,2089,-96.8172,% change from baseline,Digitized from the visible waterfall contour in Fig. 5. X-axis is normalized patient rank. Approximate patient rank assumes n=4500; Fig. 5 itself does not print n.
I,20 mg C1D1; 20 mg Day 1 subsequent cycles,0.4660,2098,-96.8172,% change from baseline,Digitized from the visible waterfall contour in Fig. 5. X-axis is normalized patient rank. Approximate patient rank assumes n=4500; Fig. 5 itself does not print n.
I,20 mg C1D1; 20 mg Day 1 subsequent cycles,0.4680,2107,-96.8172,% change from baseline,Digitized from the visible waterfall contour in Fig. 5. X-axis is normalized patient rank. Approximate patient rank assumes n=4500; Fig. 5 itself does not print n.
I,20 mg C1D1; 20 mg Day 1 subsequent cycles,0.4700,2116,-96.8172,% change from baseline,Digitized from the visible waterfall contour in Fig. 5. X-axis is normalized patient rank. Approximate patient rank assumes n=4500; Fig. 5 itself does not print n.
I,20 mg C1D1; 20 mg Day 1 subsequent cycles,0.4720,2125,-96.8172,% change from baseline,Digitized from the visible waterfall contour in Fig. 5. X-axis is normalized patient rank. Approximate patient rank assumes n=4500; Fig. 5 itself does not print n.
I,20 mg C1D1; 20 mg Day 1 subsequent cycles,0.4740,2134,-96.8172,% change from baseline,Digitized from the visible waterfall contour in Fig. 5. X-axis is normalized patient rank. Approximate patient rank assumes n=4500; Fig. 5 itself does not print n.
I,20 mg C1D1; 20 mg Day 1 subsequent cycles,0.4760,2143,-96.8172,% change from baseline,Digitized from the visible waterfall contour in Fig. 5. X-axis is normalized patient rank. Approximate patient rank assumes n=4500; Fig. 5 itself does not print n.
I,20 mg C1D1; 20 mg Day 1 subsequent cycles,0.4780,2152,-96.8172,% change from baseline,Digitized from the visible waterfall contour in Fig. 5. X-axis is normalized patient rank. Approximate patient rank assumes n=4500; Fig. 5 itself does not print n.
I,20 mg C1D1; 20 mg Day 1 subsequent cycles,0.4800,2161,-96.8172,% change from baseline,Digitized from the visible waterfall contour in Fig. 5. X-axis is normalized patient rank. Approximate patient rank assumes n=4500; Fig. 5 itself does not print n.
I,20 mg C1D1; 20 mg Day 1 subsequent cycles,0.4820,2170,-96.8172,% change from baseline,Digitized from the visible waterfall contour in Fig. 5. X-axis is normalized patient rank. Approximate patient rank assumes n=4500; Fig. 5 itself does not print n.
I,20 mg C1D1; 20 mg Day 1 subsequent cycles,0.4840,2179,-96.8172,% change from baseline,Digitized from the visible waterfall contour in Fig. 5. X-axis is normalized patient rank. Approximate patient rank assumes n=4500; Fig. 5 itself does not print n.
I,20 mg C1D1; 20 mg Day 1 subsequent cycles,0.4860,2188,-96.8172,% change from baseline,Digitized from the visible waterfall contour in Fig. 5. X-axis is normalized patient rank. Approximate patient rank assumes n=4500; Fig. 5 itself does not print n.
I,20 mg C1D1; 20 mg Day 1 subsequent cycles,0.4880,2197,-96.8172,% change from baseline,Digitized from the visible waterfall contour in Fig. 5. X-axis is normalized patient rank. Approximate patient rank assumes n=4500; Fig. 5 itself does not print n.
I,20 mg C1D1; 20 mg Day 1 subsequent cycles,0.4900,2206,-96.8172,% change from baseline,Digitized from the visible waterfall contour in Fig. 5. X-axis is normalized patient rank. Approximate patient rank assumes n=4500; Fig. 5 itself does not print n.
I,20 mg C1D1; 20 mg Day 1 subsequent cycles,0.4920,2215,-96.8172,% change from baseline,Digitized from the visible waterfall contour in Fig. 5. X-axis is normalized patient rank. Approximate patient rank assumes n=4500; Fig. 5 itself does not print n.
I,20 mg C1D1; 20 mg Day 1 subsequent cycles,0.4940,2224,-96.8172,% change from baseline,Digitized from the visible waterfall contour in Fig. 5. X-axis is normalized patient rank. Approximate patient rank assumes n=4500; Fig. 5 itself does not print n.
I,20 mg C1D1; 20 mg Day 1 subsequent cycles,0.4960,2233,-96.8172,% change from baseline,Digitized from the visible waterfall contour in Fig. 5. X-axis is normalized patient rank. Approximate patient rank assumes n=4500; Fig. 5 itself does not print n.
I,20 mg C1D1; 20 mg Day 1 subsequent cycles,0.4980,2242,-96.8172,% change from baseline,Digitized from the visible waterfall contour in Fig. 5. X-axis is normalized patient rank. Approximate patient rank assumes n=4500; Fig. 5 itself does not print n.
I,20 mg C1D1; 20 mg Day 1 subsequent cycles,0.5000,2250,-96.8172,% change from baseline,Digitized from the visible waterfall contour in Fig. 5. X-axis is normalized patient rank. Approximate patient rank assumes n=4500; Fig. 5 itself does not print n.
I,20 mg C1D1; 20 mg Day 1 subsequent cycles,0.5020,2259,-96.8172,% change from baseline,Digitized from the visible waterfall contour in Fig. 5. X-axis is normalized patient rank. Approximate patient rank assumes n=4500; Fig. 5 itself does not print n.
I,20 mg C1D1; 20 mg Day 1 subsequent cycles,0.5040,2268,-96.8172,% change from baseline,Digitized from the visible waterfall contour in Fig. 5. X-axis is normalized patient rank. Approximate patient rank assumes n=4500; Fig. 5 itself does not print n.
I,20 mg C1D1; 20 mg Day 1 subsequent cycles,0.5060,2277,-96.8172,% change from baseline,Digitized from the visible waterfall contour in Fig. 5. X-axis is normalized patient rank. Approximate patient rank assumes n=4500; Fig. 5 itself does not print n.
I,20 mg C1D1; 20 mg Day 1 subsequent cycles,0.5080,2286,-96.8172,% change from baseline,Digitized from the visible waterfall contour in Fig. 5. X-axis is normalized patient rank. Approximate patient rank assumes n=4500; Fig. 5 itself does not print n.
I,20 mg C1D1; 20 mg Day 1 subsequent cycles,0.5100,2295,-96.8172,% change from baseline,Digitized from the visible waterfall contour in Fig. 5. X-axis is normalized patient rank. Approximate patient rank assumes n=4500; Fig. 5 itself does not print n.
I,20 mg C1D1; 20 mg Day 1 subsequent cycles,0.5120,2304,-96.8172,% change from baseline,Digitized from the visible waterfall contour in Fig. 5. X-axis is normalized patient rank. Approximate patient rank assumes n=4500; Fig. 5 itself does not print n.
I,20 mg C1D1; 20 mg Day 1 subsequent cycles,0.5140,2313,-96.8172,% change from baseline,Digitized from the visible waterfall contour in Fig. 5. X-axis is normalized patient rank. Approximate patient rank assumes n=4500; Fig. 5 itself does not print n.
I,20 mg C1D1; 20 mg Day 1 subsequent cycles,0.5160,2322,-96.8172,% change from baseline,Digitized from the visible waterfall contour in Fig. 5. X-axis is normalized patient rank. Approximate patient rank assumes n=4500; Fig. 5 itself does not print n.
I,20 mg C1D1; 20 mg Day 1 subsequent cycles,0.5180,2331,-96.8172,% change from baseline,Digitized from the visible waterfall contour in Fig. 5. X-axis is normalized patient rank. Approximate patient rank assumes n=4500; Fig. 5 itself does not print n.
I,20 mg C1D1; 20 mg Day 1 subsequent cycles,0.5200,2340,-96.8172,% change from baseline,Digitized from the visible waterfall contour in Fig. 5. X-axis is normalized patient rank. Approximate patient rank assumes n=4500; Fig. 5 itself does not print n.
I,20 mg C1D1; 20 mg Day 1 subsequent cycles,0.5220,2349,-96.8172,% change from baseline,Digitized from the visible waterfall contour in Fig. 5. X-axis is normalized patient rank. Approximate patient rank assumes n=4500; Fig. 5 itself does not print n.
I,20 mg C1D1; 20 mg Day 1 subsequent cycles,0.5240,2358,-96.8172,% change from baseline,Digitized from the visible waterfall contour in Fig. 5. X-axis is normalized patient rank. Approximate patient rank assumes n=4500; Fig. 5 itself does not print n.
I,20 mg C1D1; 20 mg Day 1 subsequent cycles,0.5260,2367,-96.8172,% change from baseline,Digitized from the visible waterfall contour in Fig. 5. X-axis is normalized patient rank. Approximate patient rank assumes n=4500; Fig. 5 itself does not print n.
I,20 mg C1D1; 20 mg Day 1 subsequent cycles,0.5280,2376,-96.8172,% change from baseline,Digitized from the visible waterfall contour in Fig. 5. X-axis is normalized patient rank. Approximate patient rank assumes n=4500; Fig. 5 itself does not print n.
I,20 mg C1D1; 20 mg Day 1 subsequent cycles,0.5300,2385,-96.8172,% change from baseline,Digitized from the visible waterfall contour in Fig. 5. X-axis is normalized patient rank. Approximate patient rank assumes n=4500; Fig. 5 itself does not print n.
I,20 mg C1D1; 20 mg Day 1 subsequent cycles,0.5320,2394,-96.8172,% change from baseline,Digitized from the visible waterfall contour in Fig. 5. X-axis is normalized patient rank. Approximate patient rank assumes n=4500; Fig. 5 itself does not print n.
I,20 mg C1D1; 20 mg Day 1 subsequent cycles,0.5340,2403,-96.8172,% change from baseline,Digitized from the visible waterfall contour in Fig. 5. X-axis is normalized patient rank. Approximate patient rank assumes n=4500; Fig. 5 itself does not print n.
I,20 mg C1D1; 20 mg Day 1 subsequent cycles,0.5360,2412,-96.8172,% change from baseline,Digitized from the visible waterfall contour in Fig. 5. X-axis is normalized patient rank. Approximate patient rank assumes n=4500; Fig. 5 itself does not print n.
I,20 mg C1D1; 20 mg Day 1 subsequent cycles,0.5380,2421,-96.8172,% change from baseline,Digitized from the visible waterfall contour in Fig. 5. X-axis is normalized patient rank. Approximate patient rank assumes n=4500; Fig. 5 itself does not print n.
I,20 mg C1D1; 20 mg Day 1 subsequent cycles,0.5400,2430,-96.8172,% change from baseline,Digitized from the visible waterfall contour in Fig. 5. X-axis is normalized patient rank. Approximate patient rank assumes n=4500; Fig. 5 itself does not print n.
I,20 mg C1D1; 20 mg Day 1 subsequent cycles,0.5420,2439,-96.8172,% change from baseline,Digitized from the visible waterfall contour in Fig. 5. X-axis is normalized patient rank. Approximate patient rank assumes n=4500; Fig. 5 itself does not print n.
I,20 mg C1D1; 20 mg Day 1 subsequent cycles,0.5440,2448,-96.8172,% change from baseline,Digitized from the visible waterfall contour in Fig. 5. X-axis is normalized patient rank. Approximate patient rank assumes n=4500; Fig. 5 itself does not print n.
I,20 mg C1D1; 20 mg Day 1 subsequent cycles,0.5460,2457,-96.8172,% change from baseline,Digitized from the visible waterfall contour in Fig. 5. X-axis is normalized patient rank. Approximate patient rank assumes n=4500; Fig. 5 itself does not print n.
I,20 mg C1D1; 20 mg Day 1 subsequent cycles,0.5480,2466,-96.8172,% change from baseline,Digitized from the visible waterfall contour in Fig. 5. X-axis is normalized patient rank. Approximate patient rank assumes n=4500; Fig. 5 itself does not print n.
I,20 mg C1D1; 20 mg Day 1 subsequent cycles,0.5500,2475,-96.8172,% change from baseline,Digitized from the visible waterfall contour in Fig. 5. X-axis is normalized patient rank. Approximate patient rank assumes n=4500; Fig. 5 itself does not print n.
I,20 mg C1D1; 20 mg Day 1 subsequent cycles,0.5520,2484,-96.8172,% change from baseline,Digitized from the visible waterfall contour in Fig. 5. X-axis is normalized patient rank. Approximate patient rank assumes n=4500; Fig. 5 itself does not print n.
I,20 mg C1D1; 20 mg Day 1 subsequent cycles,0.5540,2493,-96.8172,% change from baseline,Digitized from the visible waterfall contour in Fig. 5. X-axis is normalized patient rank. Approximate patient rank assumes n=4500; Fig. 5 itself does not print n.
I,20 mg C1D1; 20 mg Day 1 subsequent cycles,0.5560,2502,-96.8172,% change from baseline,Digitized from the visible waterfall contour in Fig. 5. X-axis is normalized patient rank. Approximate patient rank assumes n=4500; Fig. 5 itself does not print n.
I,20 mg C1D1; 20 mg Day 1 subsequent cycles,0.5580,2511,-96.8172,% change from baseline,Digitized from the visible waterfall contour in Fig. 5. X-axis is normalized patient rank. Approximate patient rank assumes n=4500; Fig. 5 itself does not print n.
I,20 mg C1D1; 20 mg Day 1 subsequent cycles,0.5600,2520,-96.8172,% change from baseline,Digitized from the visible waterfall contour in Fig. 5. X-axis is normalized patient rank. Approximate patient rank assumes n=4500; Fig. 5 itself does not print n.
I,20 mg C1D1; 20 mg Day 1 subsequent cycles,0.5620,2529,-96.8172,% change from baseline,Digitized from the visible waterfall contour in Fig. 5. X-axis is normalized patient rank. Approximate patient rank assumes n=4500; Fig. 5 itself does not print n.
I,20 mg C1D1; 20 mg Day 1 subsequent cycles,0.5640,2538,-96.8172,% change from baseline,Digitized from the visible waterfall contour in Fig. 5. X-axis is normalized patient rank. Approximate patient rank assumes n=4500; Fig. 5 itself does not print n.
I,20 mg C1D1; 20 mg Day 1 subsequent cycles,0.5660,2547,-96.8172,% change from baseline,Digitized from the visible waterfall contour in Fig. 5. X-axis is normalized patient rank. Approximate patient rank assumes n=4500; Fig. 5 itself does not print n.
I,20 mg C1D1; 20 mg Day 1 subsequent cycles,0.5680,2556,-96.8172,% change from baseline,Digitized from the visible waterfall contour in Fig. 5. X-axis is normalized patient rank. Approximate patient rank assumes n=4500; Fig. 5 itself does not print n.
I,20 mg C1D1; 20 mg Day 1 subsequent cycles,0.5700,2565,-96.8172,% change from baseline,Digitized from the visible waterfall contour in Fig. 5. X-axis is normalized patient rank. Approximate patient rank assumes n=4500; Fig. 5 itself does not print n.
I,20 mg C1D1; 20 mg Day 1 subsequent cycles,0.5720,2574,-96.8172,% change from baseline,Digitized from the visible waterfall contour in Fig. 5. X-axis is normalized patient rank. Approximate patient rank assumes n=4500; Fig. 5 itself does not print n.
I,20 mg C1D1; 20 mg Day 1 subsequent cycles,0.5740,2583,-96.8172,% change from baseline,Digitized from the visible waterfall contour in Fig. 5. X-axis is normalized patient rank. Approximate patient rank assumes n=4500; Fig. 5 itself does not print n.
I,20 mg C1D1; 20 mg Day 1 subsequent cycles,0.5760,2592,-96.8172,% change from baseline,Digitized from the visible waterfall contour in Fig. 5. X-axis is normalized patient rank. Approximate patient rank assumes n=4500; Fig. 5 itself does not print n.
I,20 mg C1D1; 20 mg Day 1 subsequent cycles,0.5780,2601,-96.8172,% change from baseline,Digitized from the visible waterfall contour in Fig. 5. X-axis is normalized patient rank. Approximate patient rank assumes n=4500; Fig. 5 itself does not print n.
I,20 mg C1D1; 20 mg Day 1 subsequent cycles,0.5800,2610,-96.8172,% change from baseline,Digitized from the visible waterfall contour in Fig. 5. X-axis is normalized patient rank. Approximate patient rank assumes n=4500; Fig. 5 itself does not print n.
I,20 mg C1D1; 20 mg Day 1 subsequent cycles,0.5820,2619,-96.8172,% change from baseline,Digitized from the visible waterfall contour in Fig. 5. X-axis is normalized patient rank. Approximate patient rank assumes n=4500; Fig. 5 itself does not print n.
I,20 mg C1D1; 20 mg Day 1 subsequent cycles,0.5840,2628,-96.8172,% change from baseline,Digitized from the visible waterfall contour in Fig. 5. X-axis is normalized patient rank. Approximate patient rank assumes n=4500; Fig. 5 itself does not print n.
I,20 mg C1D1; 20 mg Day 1 subsequent cycles,0.5860,2637,-96.8172,% change from baseline,Digitized from the visible waterfall contour in Fig. 5. X-axis is normalized patient rank. Approximate patient rank assumes n=4500; Fig. 5 itself does not print n.
I,20 mg C1D1; 20 mg Day 1 subsequent cycles,0.5880,2646,-96.8172,% change from baseline,Digitized from the visible waterfall contour in Fig. 5. X-axis is normalized patient rank. Approximate patient rank assumes n=4500; Fig. 5 itself does not print n.
I,20 mg C1D1; 20 mg Day 1 subsequent cycles,0.5900,2655,-96.8172,% change from baseline,Digitized from the visible waterfall contour in Fig. 5. X-axis is normalized patient rank. Approximate patient rank assumes n=4500; Fig. 5 itself does not print n.
I,20 mg C1D1; 20 mg Day 1 subsequent cycles,0.5920,2664,-96.8172,% change from baseline,Digitized from the visible waterfall contour in Fig. 5. X-axis is normalized patient rank. Approximate patient rank assumes n=4500; Fig. 5 itself does not print n.
I,20 mg C1D1; 20 mg Day 1 subsequent cycles,0.5940,2673,-96.8172,% change from baseline,Digitized from the visible waterfall contour in Fig. 5. X-axis is normalized patient rank. Approximate patient rank assumes n=4500; Fig. 5 itself does not print n.
I,20 mg C1D1; 20 mg Day 1 subsequent cycles,0.5960,2682,-96.8172,% change from baseline,Digitized from the visible waterfall contour in Fig. 5. X-axis is normalized patient rank. Approximate patient rank assumes n=4500; Fig. 5 itself does not print n.
I,20 mg C1D1; 20 mg Day 1 subsequent cycles,0.5980,2691,-96.8172,% change from baseline,Digitized from the visible waterfall contour in Fig. 5. X-axis is normalized patient rank. Approximate patient rank assumes n=4500; Fig. 5 itself does not print n.
I,20 mg C1D1; 20 mg Day 1 subsequent cycles,0.6000,2700,-96.8172,% change from baseline,Digitized from the visible waterfall contour in Fig. 5. X-axis is normalized patient rank. Approximate patient rank assumes n=4500; Fig. 5 itself does not print n.
I,20 mg C1D1; 20 mg Day 1 subsequent cycles,0.6020,2709,-96.8172,% change from baseline,Digitized from the visible waterfall contour in Fig. 5. X-axis is normalized patient rank. Approximate patient rank assumes n=4500; Fig. 5 itself does not print n.
I,20 mg C1D1; 20 mg Day 1 subsequent cycles,0.6040,2718,-96.8172,% change from baseline,Digitized from the visible waterfall contour in Fig. 5. X-axis is normalized patient rank. Approximate patient rank assumes n=4500; Fig. 5 itself does not print n.
I,20 mg C1D1; 20 mg Day 1 subsequent cycles,0.6060,2727,-96.8172,% change from baseline,Digitized from the visible waterfall contour in Fig. 5. X-axis is normalized patient rank. Approximate patient rank assumes n=4500; Fig. 5 itself does not print n.
I,20 mg C1D1; 20 mg Day 1 subsequent cycles,0.6080,2736,-96.8172,% change from baseline,Digitized from the visible waterfall contour in Fig. 5. X-axis is normalized patient rank. Approximate patient rank assumes n=4500; Fig. 5 itself does not print n.
I,20 mg C1D1; 20 mg Day 1 subsequent cycles,0.6100,2745,-96.8172,% change from baseline,Digitized from the visible waterfall contour in Fig. 5. X-axis is normalized patient rank. Approximate patient rank assumes n=4500; Fig. 5 itself does not print n.
I,20 mg C1D1; 20 mg Day 1 subsequent cycles,0.6120,2754,-96.8172,% change from baseline,Digitized from the visible waterfall contour in Fig. 5. X-axis is normalized patient rank. Approximate patient rank assumes n=4500; Fig. 5 itself does not print n.
I,20 mg C1D1; 20 mg Day 1 subsequent cycles,0.6140,2763,-96.8172,% change from baseline,Digitized from the visible waterfall contour in Fig. 5. X-axis is normalized patient rank. Approximate patient rank assumes n=4500; Fig. 5 itself does not print n.
I,20 mg C1D1; 20 mg Day 1 subsequent cycles,0.6160,2772,-96.8172,% change from baseline,Digitized from the visible waterfall contour in Fig. 5. X-axis is normalized patient rank. Approximate patient rank assumes n=4500; Fig. 5 itself does not print n.
I,20 mg C1D1; 20 mg Day 1 subsequent cycles,0.6180,2781,-96.8172,% change from baseline,Digitized from the visible waterfall contour in Fig. 5. X-axis is normalized patient rank. Approximate patient rank assumes n=4500; Fig. 5 itself does not print n.
I,20 mg C1D1; 20 mg Day 1 subsequent cycles,0.6200,2790,-96.8172,% change from baseline,Digitized from the visible waterfall contour in Fig. 5. X-axis is normalized patient rank. Approximate patient rank assumes n=4500; Fig. 5 itself does not print n.
I,20 mg C1D1; 20 mg Day 1 subsequent cycles,0.6220,2799,-96.8172,% change from baseline,Digitized from the visible waterfall contour in Fig. 5. X-axis is normalized patient rank. Approximate patient rank assumes n=4500; Fig. 5 itself does not print n.
I,20 mg C1D1; 20 mg Day 1 subsequent cycles,0.6240,2808,-96.8172,% change from baseline,Digitized from the visible waterfall contour in Fig. 5. X-axis is normalized patient rank. Approximate patient rank assumes n=4500; Fig. 5 itself does not print n.
I,20 mg C1D1; 20 mg Day 1 subsequent cycles,0.6260,2817,-96.8172,% change from baseline,Digitized from the visible waterfall contour in Fig. 5. X-axis is normalized patient rank. Approximate patient rank assumes n=4500; Fig. 5 itself does not print n.
I,20 mg C1D1; 20 mg Day 1 subsequent cycles,0.6280,2826,-96.8172,% change from baseline,Digitized from the visible waterfall contour in Fig. 5. X-axis is normalized patient rank. Approximate patient rank assumes n=4500; Fig. 5 itself does not print n.
I,20 mg C1D1; 20 mg Day 1 subsequent cycles,0.6300,2835,-96.8172,% change from baseline,Digitized from the visible waterfall contour in Fig. 5. X-axis is normalized patient rank. Approximate patient rank assumes n=4500; Fig. 5 itself does not print n.
I,20 mg C1D1; 20 mg Day 1 subsequent cycles,0.6320,2844,-96.8172,% change from baseline,Digitized from the visible waterfall contour in Fig. 5. X-axis is normalized patient rank. Approximate patient rank assumes n=4500; Fig. 5 itself does not print n.
I,20 mg C1D1; 20 mg Day 1 subsequent cycles,0.6340,2853,-96.8172,% change from baseline,Digitized from the visible waterfall contour in Fig. 5. X-axis is normalized patient rank. Approximate patient rank assumes n=4500; Fig. 5 itself does not print n.
I,20 mg C1D1; 20 mg Day 1 subsequent cycles,0.6360,2862,-96.8172,% change from baseline,Digitized from the visible waterfall contour in Fig. 5. X-axis is normalized patient rank. Approximate patient rank assumes n=4500; Fig. 5 itself does not print n.
I,20 mg C1D1; 20 mg Day 1 subsequent cycles,0.6380,2871,-96.8172,% change from baseline,Digitized from the visible waterfall contour in Fig. 5. X-axis is normalized patient rank. Approximate patient rank assumes n=4500; Fig. 5 itself does not print n.
I,20 mg C1D1; 20 mg Day 1 subsequent cycles,0.6400,2880,-96.8172,% change from baseline,Digitized from the visible waterfall contour in Fig. 5. X-axis is normalized patient rank. Approximate patient rank assumes n=4500; Fig. 5 itself does not print n.
I,20 mg C1D1; 20 mg Day 1 subsequent cycles,0.6420,2889,-96.8172,% change from baseline,Digitized from the visible waterfall contour in Fig. 5. X-axis is normalized patient rank. Approximate patient rank assumes n=4500; Fig. 5 itself does not print n.
I,20 mg C1D1; 20 mg Day 1 subsequent cycles,0.6440,2898,-96.8172,% change from baseline,Digitized from the visible waterfall contour in Fig. 5. X-axis is normalized patient rank. Approximate patient rank assumes n=4500; Fig. 5 itself does not print n.
I,20 mg C1D1; 20 mg Day 1 subsequent cycles,0.6460,2907,-96.8172,% change from baseline,Digitized from the visible waterfall contour in Fig. 5. X-axis is normalized patient rank. Approximate patient rank assumes n=4500; Fig. 5 itself does not print n.
I,20 mg C1D1; 20 mg Day 1 subsequent cycles,0.6480,2916,-96.8172,% change from baseline,Digitized from the visible waterfall contour in Fig. 5. X-axis is normalized patient rank. Approximate patient rank assumes n=4500; Fig. 5 itself does not print n.
I,20 mg C1D1; 20 mg Day 1 subsequent cycles,0.6500,2925,-96.8172,% change from baseline,Digitized from the visible waterfall contour in Fig. 5. X-axis is normalized patient rank. Approximate patient rank assumes n=4500; Fig. 5 itself does not print n.
I,20 mg C1D1; 20 mg Day 1 subsequent cycles,0.6520,2934,-96.8172,% change from baseline,Digitized from the visible waterfall contour in Fig. 5. X-axis is normalized patient rank. Approximate patient rank assumes n=4500; Fig. 5 itself does not print n.
I,20 mg C1D1; 20 mg Day 1 subsequent cycles,0.6540,2943,-96.8172,% change from baseline,Digitized from the visible waterfall contour in Fig. 5. X-axis is normalized patient rank. Approximate patient rank assumes n=4500; Fig. 5 itself does not print n.
I,20 mg C1D1; 20 mg Day 1 subsequent cycles,0.6560,2952,-96.8172,% change from baseline,Digitized from the visible waterfall contour in Fig. 5. X-axis is normalized patient rank. Approximate patient rank assumes n=4500; Fig. 5 itself does not print n.
I,20 mg C1D1; 20 mg Day 1 subsequent cycles,0.6580,2961,-96.8172,% change from baseline,Digitized from the visible waterfall contour in Fig. 5. X-axis is normalized patient rank. Approximate patient rank assumes n=4500; Fig. 5 itself does not print n.
I,20 mg C1D1; 20 mg Day 1 subsequent cycles,0.6600,2970,-96.8172,% change from baseline,Digitized from the visible waterfall contour in Fig. 5. X-axis is normalized patient rank. Approximate patient rank assumes n=4500; Fig. 5 itself does not print n.
I,20 mg C1D1; 20 mg Day 1 subsequent cycles,0.6620,2979,-96.8172,% change from baseline,Digitized from the visible waterfall contour in Fig. 5. X-axis is normalized patient rank. Approximate patient rank assumes n=4500; Fig. 5 itself does not print n.
I,20 mg C1D1; 20 mg Day 1 subsequent cycles,0.6640,2988,-96.8172,% change from baseline,Digitized from the visible waterfall contour in Fig. 5. X-axis is normalized patient rank. Approximate patient rank assumes n=4500; Fig. 5 itself does not print n.
I,20 mg C1D1; 20 mg Day 1 subsequent cycles,0.6660,2997,-96.8172,% change from baseline,Digitized from the visible waterfall contour in Fig. 5. X-axis is normalized patient rank. Approximate patient rank assumes n=4500; Fig. 5 itself does not print n.
I,20 mg C1D1; 20 mg Day 1 subsequent cycles,0.6680,3006,-96.8172,% change from baseline,Digitized from the visible waterfall contour in Fig. 5. X-axis is normalized patient rank. Approximate patient rank assumes n=4500; Fig. 5 itself does not print n.
I,20 mg C1D1; 20 mg Day 1 subsequent cycles,0.6700,3015,-96.8172,% change from baseline,Digitized from the visible waterfall contour in Fig. 5. X-axis is normalized patient rank. Approximate patient rank assumes n=4500; Fig. 5 itself does not print n.
I,20 mg C1D1; 20 mg Day 1 subsequent cycles,0.6720,3024,-96.8172,% change from baseline,Digitized from the visible waterfall contour in Fig. 5. X-axis is normalized patient rank. Approximate patient rank assumes n=4500; Fig. 5 itself does not print n.
I,20 mg C1D1; 20 mg Day 1 subsequent cycles,0.6740,3033,-96.8172,% change from baseline,Digitized from the visible waterfall contour in Fig. 5. X-axis is normalized patient rank. Approximate patient rank assumes n=4500; Fig. 5 itself does not print n.
I,20 mg C1D1; 20 mg Day 1 subsequent cycles,0.6760,3042,-96.8172,% change from baseline,Digitized from the visible waterfall contour in Fig. 5. X-axis is normalized patient rank. Approximate patient rank assumes n=4500; Fig. 5 itself does not print n.
I,20 mg C1D1; 20 mg Day 1 subsequent cycles,0.6780,3051,-96.8172,% change from baseline,Digitized from the visible waterfall contour in Fig. 5. X-axis is normalized patient rank. Approximate patient rank assumes n=4500; Fig. 5 itself does not print n.
I,20 mg C1D1; 20 mg Day 1 subsequent cycles,0.6800,3060,-96.8172,% change from baseline,Digitized from the visible waterfall contour in Fig. 5. X-axis is normalized patient rank. Approximate patient rank assumes n=4500; Fig. 5 itself does not print n.
I,20 mg C1D1; 20 mg Day 1 subsequent cycles,0.6820,3069,-96.8172,% change from baseline,Digitized from the visible waterfall contour in Fig. 5. X-axis is normalized patient rank. Approximate patient rank assumes n=4500; Fig. 5 itself does not print n.
I,20 mg C1D1; 20 mg Day 1 subsequent cycles,0.6840,3078,-96.8172,% change from baseline,Digitized from the visible waterfall contour in Fig. 5. X-axis is normalized patient rank. Approximate patient rank assumes n=4500; Fig. 5 itself does not print n.
I,20 mg C1D1; 20 mg Day 1 subsequent cycles,0.6860,3087,-96.8172,% change from baseline,Digitized from the visible waterfall contour in Fig. 5. X-axis is normalized patient rank. Approximate patient rank assumes n=4500; Fig. 5 itself does not print n.
I,20 mg C1D1; 20 mg Day 1 subsequent cycles,0.6880,3096,-96.8172,% change from baseline,Digitized from the visible waterfall contour in Fig. 5. X-axis is normalized patient rank. Approximate patient rank assumes n=4500; Fig. 5 itself does not print n.
I,20 mg C1D1; 20 mg Day 1 subsequent cycles,0.6900,3105,-96.8172,% change from baseline,Digitized from the visible waterfall contour in Fig. 5. X-axis is normalized patient rank. Approximate patient rank assumes n=4500; Fig. 5 itself does not print n.
I,20 mg C1D1; 20 mg Day 1 subsequent cycles,0.6920,3114,-96.8172,% change from baseline,Digitized from the visible waterfall contour in Fig. 5. X-axis is normalized patient rank. Approximate patient rank assumes n=4500; Fig. 5 itself does not print n.
I,20 mg C1D1; 20 mg Day 1 subsequent cycles,0.6940,3123,-96.8172,% change from baseline,Digitized from the visible waterfall contour in Fig. 5. X-axis is normalized patient rank. Approximate patient rank assumes n=4500; Fig. 5 itself does not print n.
I,20 mg C1D1; 20 mg Day 1 subsequent cycles,0.6960,3132,-96.8172,% change from baseline,Digitized from the visible waterfall contour in Fig. 5. X-axis is normalized patient rank. Approximate patient rank assumes n=4500; Fig. 5 itself does not print n.
I,20 mg C1D1; 20 mg Day 1 subsequent cycles,0.6980,3141,-96.8172,% change from baseline,Digitized from the visible waterfall contour in Fig. 5. X-axis is normalized patient rank. Approximate patient rank assumes n=4500; Fig. 5 itself does not print n.
I,20 mg C1D1; 20 mg Day 1 subsequent cycles,0.7000,3150,-96.8172,% change from baseline,Digitized from the visible waterfall contour in Fig. 5. X-axis is normalized patient rank. Approximate patient rank assumes n=4500; Fig. 5 itself does not print n.
I,20 mg C1D1; 20 mg Day 1 subsequent cycles,0.7020,3159,-96.8172,% change from baseline,Digitized from the visible waterfall contour in Fig. 5. X-axis is normalized patient rank. Approximate patient rank assumes n=4500; Fig. 5 itself does not print n.
I,20 mg C1D1; 20 mg Day 1 subsequent cycles,0.7040,3168,-96.8172,% change from baseline,Digitized from the visible waterfall contour in Fig. 5. X-axis is normalized patient rank. Approximate patient rank assumes n=4500; Fig. 5 itself does not print n.
I,20 mg C1D1; 20 mg Day 1 subsequent cycles,0.7060,3177,-96.8172,% change from baseline,Digitized from the visible waterfall contour in Fig. 5. X-axis is normalized patient rank. Approximate patient rank assumes n=4500; Fig. 5 itself does not print n.
I,20 mg C1D1; 20 mg Day 1 subsequent cycles,0.7080,3186,-96.8172,% change from baseline,Digitized from the visible waterfall contour in Fig. 5. X-axis is normalized patient rank. Approximate patient rank assumes n=4500; Fig. 5 itself does not print n.
I,20 mg C1D1; 20 mg Day 1 subsequent cycles,0.7100,3195,-96.8172,% change from baseline,Digitized from the visible waterfall contour in Fig. 5. X-axis is normalized patient rank. Approximate patient rank assumes n=4500; Fig. 5 itself does not print n.
I,20 mg C1D1; 20 mg Day 1 subsequent cycles,0.7120,3204,-96.8172,% change from baseline,Digitized from the visible waterfall contour in Fig. 5. X-axis is normalized patient rank. Approximate patient rank assumes n=4500; Fig. 5 itself does not print n.
I,20 mg C1D1; 20 mg Day 1 subsequent cycles,0.7140,3213,-96.8172,% change from baseline,Digitized from the visible waterfall contour in Fig. 5. X-axis is normalized patient rank. Approximate patient rank assumes n=4500; Fig. 5 itself does not print n.
I,20 mg C1D1; 20 mg Day 1 subsequent cycles,0.7160,3222,-96.8172,% change from baseline,Digitized from the visible waterfall contour in Fig. 5. X-axis is normalized patient rank. Approximate patient rank assumes n=4500; Fig. 5 itself does not print n.
I,20 mg C1D1; 20 mg Day 1 subsequent cycles,0.7180,3231,-96.8172,% change from baseline,Digitized from the visible waterfall contour in Fig. 5. X-axis is normalized patient rank. Approximate patient rank assumes n=4500; Fig. 5 itself does not print n.
I,20 mg C1D1; 20 mg Day 1 subsequent cycles,0.7200,3240,-96.8172,% change from baseline,Digitized from the visible waterfall contour in Fig. 5. X-axis is normalized patient rank. Approximate patient rank assumes n=4500; Fig. 5 itself does not print n.
I,20 mg C1D1; 20 mg Day 1 subsequent cycles,0.7220,3249,-96.8172,% change from baseline,Digitized from the visible waterfall contour in Fig. 5. X-axis is normalized patient rank. Approximate patient rank assumes n=4500; Fig. 5 itself does not print n.
I,20 mg C1D1; 20 mg Day 1 subsequent cycles,0.7240,3258,-96.8172,% change from baseline,Digitized from the visible waterfall contour in Fig. 5. X-axis is normalized patient rank. Approximate patient rank assumes n=4500; Fig. 5 itself does not print n.
I,20 mg C1D1; 20 mg Day 1 subsequent cycles,0.7260,3267,-96.8172,% change from baseline,Digitized from the visible waterfall contour in Fig. 5. X-axis is normalized patient rank. Approximate patient rank assumes n=4500; Fig. 5 itself does not print n.
I,20 mg C1D1; 20 mg Day 1 subsequent cycles,0.7280,3276,-96.8172,% change from baseline,Digitized from the visible waterfall contour in Fig. 5. X-axis is normalized patient rank. Approximate patient rank assumes n=4500; Fig. 5 itself does not print n.
I,20 mg C1D1; 20 mg Day 1 subsequent cycles,0.7300,3285,-96.8172,% change from baseline,Digitized from the visible waterfall contour in Fig. 5. X-axis is normalized patient rank. Approximate patient rank assumes n=4500; Fig. 5 itself does not print n.
I,20 mg C1D1; 20 mg Day 1 subsequent cycles,0.7320,3294,-96.8172,% change from baseline,Digitized from the visible waterfall contour in Fig. 5. X-axis is normalized patient rank. Approximate patient rank assumes n=4500; Fig. 5 itself does not print n.
I,20 mg C1D1; 20 mg Day 1 subsequent cycles,0.7340,3303,-96.8172,% change from baseline,Digitized from the visible waterfall contour in Fig. 5. X-axis is normalized patient rank. Approximate patient rank assumes n=4500; Fig. 5 itself does not print n.
I,20 mg C1D1; 20 mg Day 1 subsequent cycles,0.7360,3312,-96.8172,% change from baseline,Digitized from the visible waterfall contour in Fig. 5. X-axis is normalized patient rank. Approximate patient rank assumes n=4500; Fig. 5 itself does not print n.
I,20 mg C1D1; 20 mg Day 1 subsequent cycles,0.7380,3321,-96.8172,% change from baseline,Digitized from the visible waterfall contour in Fig. 5. X-axis is normalized patient rank. Approximate patient rank assumes n=4500; Fig. 5 itself does not print n.
I,20 mg C1D1; 20 mg Day 1 subsequent cycles,0.7400,3330,-96.8172,% change from baseline,Digitized from the visible waterfall contour in Fig. 5. X-axis is normalized patient rank. Approximate patient rank assumes n=4500; Fig. 5 itself does not print n.
I,20 mg C1D1; 20 mg Day 1 subsequent cycles,0.7420,3339,-96.8172,% change from baseline,Digitized from the visible waterfall contour in Fig. 5. X-axis is normalized patient rank. Approximate patient rank assumes n=4500; Fig. 5 itself does not print n.
I,20 mg C1D1; 20 mg Day 1 subsequent cycles,0.7440,3348,-96.8172,% change from baseline,Digitized from the visible waterfall contour in Fig. 5. X-axis is normalized patient rank. Approximate patient rank assumes n=4500; Fig. 5 itself does not print n.
I,20 mg C1D1; 20 mg Day 1 subsequent cycles,0.7460,3357,-96.8172,% change from baseline,Digitized from the visible waterfall contour in Fig. 5. X-axis is normalized patient rank. Approximate patient rank assumes n=4500; Fig. 5 itself does not print n.
I,20 mg C1D1; 20 mg Day 1 subsequent cycles,0.7480,3366,-96.8172,% change from baseline,Digitized from the visible waterfall contour in Fig. 5. X-axis is normalized patient rank. Approximate patient rank assumes n=4500; Fig. 5 itself does not print n.
I,20 mg C1D1; 20 mg Day 1 subsequent cycles,0.7500,3375,-96.8172,% change from baseline,Digitized from the visible waterfall contour in Fig. 5. X-axis is normalized patient rank. Approximate patient rank assumes n=4500; Fig. 5 itself does not print n.
I,20 mg C1D1; 20 mg Day 1 subsequent cycles,0.7520,3384,-96.8172,% change from baseline,Digitized from the visible waterfall contour in Fig. 5. X-axis is normalized patient rank. Approximate patient rank assumes n=4500; Fig. 5 itself does not print n.
I,20 mg C1D1; 20 mg Day 1 subsequent cycles,0.7540,3393,-96.8172,% change from baseline,Digitized from the visible waterfall contour in Fig. 5. X-axis is normalized patient rank. Approximate patient rank assumes n=4500; Fig. 5 itself does not print n.
I,20 mg C1D1; 20 mg Day 1 subsequent cycles,0.7560,3402,-96.8172,% change from baseline,Digitized from the visible waterfall contour in Fig. 5. X-axis is normalized patient rank. Approximate patient rank assumes n=4500; Fig. 5 itself does not print n.
I,20 mg C1D1; 20 mg Day 1 subsequent cycles,0.7580,3411,-96.8172,% change from baseline,Digitized from the visible waterfall contour in Fig. 5. X-axis is normalized patient rank. Approximate patient rank assumes n=4500; Fig. 5 itself does not print n.
I,20 mg C1D1; 20 mg Day 1 subsequent cycles,0.7600,3420,-96.8172,% change from baseline,Digitized from the visible waterfall contour in Fig. 5. X-axis is normalized patient rank. Approximate patient rank assumes n=4500; Fig. 5 itself does not print n.
I,20 mg C1D1; 20 mg Day 1 subsequent cycles,0.7620,3429,-96.8172,% change from baseline,Digitized from the visible waterfall contour in Fig. 5. X-axis is normalized patient rank. Approximate patient rank assumes n=4500; Fig. 5 itself does not print n.
I,20 mg C1D1; 20 mg Day 1 subsequent cycles,0.7640,3438,-96.8172,% change from baseline,Digitized from the visible waterfall contour in Fig. 5. X-axis is normalized patient rank. Approximate patient rank assumes n=4500; Fig. 5 itself does not print n.
I,20 mg C1D1; 20 mg Day 1 subsequent cycles,0.7660,3447,-96.8172,% change from baseline,Digitized from the visible waterfall contour in Fig. 5. X-axis is normalized patient rank. Approximate patient rank assumes n=4500; Fig. 5 itself does not print n.
I,20 mg C1D1; 20 mg Day 1 subsequent cycles,0.7680,3456,-96.8172,% change from baseline,Digitized from the visible waterfall contour in Fig. 5. X-axis is normalized patient rank. Approximate patient rank assumes n=4500; Fig. 5 itself does not print n.
I,20 mg C1D1; 20 mg Day 1 subsequent cycles,0.7700,3465,-96.8172,% change from baseline,Digitized from the visible waterfall contour in Fig. 5. X-axis is normalized patient rank. Approximate patient rank assumes n=4500; Fig. 5 itself does not print n.
I,20 mg C1D1; 20 mg Day 1 subsequent cycles,0.7720,3474,-96.8172,% change from baseline,Digitized from the visible waterfall contour in Fig. 5. X-axis is normalized patient rank. Approximate patient rank assumes n=4500; Fig. 5 itself does not print n.
I,20 mg C1D1; 20 mg Day 1 subsequent cycles,0.7740,3483,-96.8172,% change from baseline,Digitized from the visible waterfall contour in Fig. 5. X-axis is normalized patient rank. Approximate patient rank assumes n=4500; Fig. 5 itself does not print n.
I,20 mg C1D1; 20 mg Day 1 subsequent cycles,0.7760,3492,-96.8172,% change from baseline,Digitized from the visible waterfall contour in Fig. 5. X-axis is normalized patient rank. Approximate patient rank assumes n=4500; Fig. 5 itself does not print n.
I,20 mg C1D1; 20 mg Day 1 subsequent cycles,0.7780,3501,-96.8172,% change from baseline,Digitized from the visible waterfall contour in Fig. 5. X-axis is normalized patient rank. Approximate patient rank assumes n=4500; Fig. 5 itself does not print n.
I,20 mg C1D1; 20 mg Day 1 subsequent cycles,0.7800,3510,-96.8172,% change from baseline,Digitized from the visible waterfall contour in Fig. 5. X-axis is normalized patient rank. Approximate patient rank assumes n=4500; Fig. 5 itself does not print n.
I,20 mg C1D1; 20 mg Day 1 subsequent cycles,0.7820,3519,-96.8172,% change from baseline,Digitized from the visible waterfall contour in Fig. 5. X-axis is normalized patient rank. Approximate patient rank assumes n=4500; Fig. 5 itself does not print n.
I,20 mg C1D1; 20 mg Day 1 subsequent cycles,0.7840,3528,-96.8172,% change from baseline,Digitized from the visible waterfall contour in Fig. 5. X-axis is normalized patient rank. Approximate patient rank assumes n=4500; Fig. 5 itself does not print n.
I,20 mg C1D1; 20 mg Day 1 subsequent cycles,0.7860,3537,-96.8172,% change from baseline,Digitized from the visible waterfall contour in Fig. 5. X-axis is normalized patient rank. Approximate patient rank assumes n=4500; Fig. 5 itself does not print n.
I,20 mg C1D1; 20 mg Day 1 subsequent cycles,0.7880,3546,-96.8172,% change from baseline,Digitized from the visible waterfall contour in Fig. 5. X-axis is normalized patient rank. Approximate patient rank assumes n=4500; Fig. 5 itself does not print n.
I,20 mg C1D1; 20 mg Day 1 subsequent cycles,0.7900,3555,-96.8172,% change from baseline,Digitized from the visible waterfall contour in Fig. 5. X-axis is normalized patient rank. Approximate patient rank assumes n=4500; Fig. 5 itself does not print n.
I,20 mg C1D1; 20 mg Day 1 subsequent cycles,0.7920,3564,-96.8172,% change from baseline,Digitized from the visible waterfall contour in Fig. 5. X-axis is normalized patient rank. Approximate patient rank assumes n=4500; Fig. 5 itself does not print n.
I,20 mg C1D1; 20 mg Day 1 subsequent cycles,0.7940,3573,-96.8172,% change from baseline,Digitized from the visible waterfall contour in Fig. 5. X-axis is normalized patient rank. Approximate patient rank assumes n=4500; Fig. 5 itself does not print n.
I,20 mg C1D1; 20 mg Day 1 subsequent cycles,0.7960,3582,-96.8172,% change from baseline,Digitized from the visible waterfall contour in Fig. 5. X-axis is normalized patient rank. Approximate patient rank assumes n=4500; Fig. 5 itself does not print n.
I,20 mg C1D1; 20 mg Day 1 subsequent cycles,0.7980,3591,-96.8172,% change from baseline,Digitized from the visible waterfall contour in Fig. 5. X-axis is normalized patient rank. Approximate patient rank assumes n=4500; Fig. 5 itself does not print n.
I,20 mg C1D1; 20 mg Day 1 subsequent cycles,0.8000,3600,-96.8172,% change from baseline,Digitized from the visible waterfall contour in Fig. 5. X-axis is normalized patient rank. Approximate patient rank assumes n=4500; Fig. 5 itself does not print n.
I,20 mg C1D1; 20 mg Day 1 subsequent cycles,0.8020,3609,-96.8172,% change from baseline,Digitized from the visible waterfall contour in Fig. 5. X-axis is normalized patient rank. Approximate patient rank assumes n=4500; Fig. 5 itself does not print n.
I,20 mg C1D1; 20 mg Day 1 subsequent cycles,0.8040,3618,-96.8172,% change from baseline,Digitized from the visible waterfall contour in Fig. 5. X-axis is normalized patient rank. Approximate patient rank assumes n=4500; Fig. 5 itself does not print n.
I,20 mg C1D1; 20 mg Day 1 subsequent cycles,0.8060,3627,-96.8172,% change from baseline,Digitized from the visible waterfall contour in Fig. 5. X-axis is normalized patient rank. Approximate patient rank assumes n=4500; Fig. 5 itself does not print n.
I,20 mg C1D1; 20 mg Day 1 subsequent cycles,0.8080,3636,-96.8172,% change from baseline,Digitized from the visible waterfall contour in Fig. 5. X-axis is normalized patient rank. Approximate patient rank assumes n=4500; Fig. 5 itself does not print n.
I,20 mg C1D1; 20 mg Day 1 subsequent cycles,0.8100,3645,-96.8172,% change from baseline,Digitized from the visible waterfall contour in Fig. 5. X-axis is normalized patient rank. Approximate patient rank assumes n=4500; Fig. 5 itself does not print n.
I,20 mg C1D1; 20 mg Day 1 subsequent cycles,0.8120,3654,-96.8172,% change from baseline,Digitized from the visible waterfall contour in Fig. 5. X-axis is normalized patient rank. Approximate patient rank assumes n=4500; Fig. 5 itself does not print n.
I,20 mg C1D1; 20 mg Day 1 subsequent cycles,0.8140,3663,-96.8172,% change from baseline,Digitized from the visible waterfall contour in Fig. 5. X-axis is normalized patient rank. Approximate patient rank assumes n=4500; Fig. 5 itself does not print n.
I,20 mg C1D1; 20 mg Day 1 subsequent cycles,0.8160,3672,-96.8172,% change from baseline,Digitized from the visible waterfall contour in Fig. 5. X-axis is normalized patient rank. Approximate patient rank assumes n=4500; Fig. 5 itself does not print n.
I,20 mg C1D1; 20 mg Day 1 subsequent cycles,0.8180,3681,-96.8172,% change from baseline,Digitized from the visible waterfall contour in Fig. 5. X-axis is normalized patient rank. Approximate patient rank assumes n=4500; Fig. 5 itself does not print n.
I,20 mg C1D1; 20 mg Day 1 subsequent cycles,0.8200,3690,-96.8172,% change from baseline,Digitized from the visible waterfall contour in Fig. 5. X-axis is normalized patient rank. Approximate patient rank assumes n=4500; Fig. 5 itself does not print n.
I,20 mg C1D1; 20 mg Day 1 subsequent cycles,0.8220,3699,-96.8172,% change from baseline,Digitized from the visible waterfall contour in Fig. 5. X-axis is normalized patient rank. Approximate patient rank assumes n=4500; Fig. 5 itself does not print n.
I,20 mg C1D1; 20 mg Day 1 subsequent cycles,0.8240,3708,-96.8172,% change from baseline,Digitized from the visible waterfall contour in Fig. 5. X-axis is normalized patient rank. Approximate patient rank assumes n=4500; Fig. 5 itself does not print n.
I,20 mg C1D1; 20 mg Day 1 subsequent cycles,0.8260,3717,-96.8172,% change from baseline,Digitized from the visible waterfall contour in Fig. 5. X-axis is normalized patient rank. Approximate patient rank assumes n=4500; Fig. 5 itself does not print n.
I,20 mg C1D1; 20 mg Day 1 subsequent cycles,0.8280,3726,-96.8172,% change from baseline,Digitized from the visible waterfall contour in Fig. 5. X-axis is normalized patient rank. Approximate patient rank assumes n=4500; Fig. 5 itself does not print n.
I,20 mg C1D1; 20 mg Day 1 subsequent cycles,0.8300,3735,-96.8172,% change from baseline,Digitized from the visible waterfall contour in Fig. 5. X-axis is normalized patient rank. Approximate patient rank assumes n=4500; Fig. 5 itself does not print n.
I,20 mg C1D1; 20 mg Day 1 subsequent cycles,0.8320,3744,-96.8172,% change from baseline,Digitized from the visible waterfall contour in Fig. 5. X-axis is normalized patient rank. Approximate patient rank assumes n=4500; Fig. 5 itself does not print n.
I,20 mg C1D1; 20 mg Day 1 subsequent cycles,0.8340,3753,-96.8172,% change from baseline,Digitized from the visible waterfall contour in Fig. 5. X-axis is normalized patient rank. Approximate patient rank assumes n=4500; Fig. 5 itself does not print n.
I,20 mg C1D1; 20 mg Day 1 subsequent cycles,0.8360,3762,-96.8172,% change from baseline,Digitized from the visible waterfall contour in Fig. 5. X-axis is normalized patient rank. Approximate patient rank assumes n=4500; Fig. 5 itself does not print n.
I,20 mg C1D1; 20 mg Day 1 subsequent cycles,0.8380,3771,-96.8172,% change from baseline,Digitized from the visible waterfall contour in Fig. 5. X-axis is normalized patient rank. Approximate patient rank assumes n=4500; Fig. 5 itself does not print n.
I,20 mg C1D1; 20 mg Day 1 subsequent cycles,0.8400,3780,-96.8172,% change from baseline,Digitized from the visible waterfall contour in Fig. 5. X-axis is normalized patient rank. Approximate patient rank assumes n=4500; Fig. 5 itself does not print n.
I,20 mg C1D1; 20 mg Day 1 subsequent cycles,0.8420,3789,-96.8172,% change from baseline,Digitized from the visible waterfall contour in Fig. 5. X-axis is normalized patient rank. Approximate patient rank assumes n=4500; Fig. 5 itself does not print n.
I,20 mg C1D1; 20 mg Day 1 subsequent cycles,0.8440,3798,-96.8172,% change from baseline,Digitized from the visible waterfall contour in Fig. 5. X-axis is normalized patient rank. Approximate patient rank assumes n=4500; Fig. 5 itself does not print n.
I,20 mg C1D1; 20 mg Day 1 subsequent cycles,0.8460,3807,-96.8172,% change from baseline,Digitized from the visible waterfall contour in Fig. 5. X-axis is normalized patient rank. Approximate patient rank assumes n=4500; Fig. 5 itself does not print n.
I,20 mg C1D1; 20 mg Day 1 subsequent cycles,0.8480,3816,-96.8172,% change from baseline,Digitized from the visible waterfall contour in Fig. 5. X-axis is normalized patient rank. Approximate patient rank assumes n=4500; Fig. 5 itself does not print n.
I,20 mg C1D1; 20 mg Day 1 subsequent cycles,0.8500,3825,-96.8172,% change from baseline,Digitized from the visible waterfall contour in Fig. 5. X-axis is normalized patient rank. Approximate patient rank assumes n=4500; Fig. 5 itself does not print n.
I,20 mg C1D1; 20 mg Day 1 subsequent cycles,0.8520,3834,-96.8172,% change from baseline,Digitized from the visible waterfall contour in Fig. 5. X-axis is normalized patient rank. Approximate patient rank assumes n=4500; Fig. 5 itself does not print n.
I,20 mg C1D1; 20 mg Day 1 subsequent cycles,0.8540,3843,-96.8172,% change from baseline,Digitized from the visible waterfall contour in Fig. 5. X-axis is normalized patient rank. Approximate patient rank assumes n=4500; Fig. 5 itself does not print n.
I,20 mg C1D1; 20 mg Day 1 subsequent cycles,0.8560,3852,-96.8172,% change from baseline,Digitized from the visible waterfall contour in Fig. 5. X-axis is normalized patient rank. Approximate patient rank assumes n=4500; Fig. 5 itself does not print n.
I,20 mg C1D1; 20 mg Day 1 subsequent cycles,0.8580,3861,-96.8172,% change from baseline,Digitized from the visible waterfall contour in Fig. 5. X-axis is normalized patient rank. Approximate patient rank assumes n=4500; Fig. 5 itself does not print n.
I,20 mg C1D1; 20 mg Day 1 subsequent cycles,0.8600,3870,-96.8172,% change from baseline,Digitized from the visible waterfall contour in Fig. 5. X-axis is normalized patient rank. Approximate patient rank assumes n=4500; Fig. 5 itself does not print n.
I,20 mg C1D1; 20 mg Day 1 subsequent cycles,0.8620,3879,-96.8172,% change from baseline,Digitized from the visible waterfall contour in Fig. 5. X-axis is normalized patient rank. Approximate patient rank assumes n=4500; Fig. 5 itself does not print n.
I,20 mg C1D1; 20 mg Day 1 subsequent cycles,0.8640,3888,-96.8172,% change from baseline,Digitized from the visible waterfall contour in Fig. 5. X-axis is normalized patient rank. Approximate patient rank assumes n=4500; Fig. 5 itself does not print n.
I,20 mg C1D1; 20 mg Day 1 subsequent cycles,0.8660,3897,-96.8172,% change from baseline,Digitized from the visible waterfall contour in Fig. 5. X-axis is normalized patient rank. Approximate patient rank assumes n=4500; Fig. 5 itself does not print n.
I,20 mg C1D1; 20 mg Day 1 subsequent cycles,0.8680,3906,-96.8172,% change from baseline,Digitized from the visible waterfall contour in Fig. 5. X-axis is normalized patient rank. Approximate patient rank assumes n=4500; Fig. 5 itself does not print n.
I,20 mg C1D1; 20 mg Day 1 subsequent cycles,0.8700,3915,-96.8172,% change from baseline,Digitized from the visible waterfall contour in Fig. 5. X-axis is normalized patient rank. Approximate patient rank assumes n=4500; Fig. 5 itself does not print n.
I,20 mg C1D1; 20 mg Day 1 subsequent cycles,0.8720,3924,-96.8172,% change from baseline,Digitized from the visible waterfall contour in Fig. 5. X-axis is normalized patient rank. Approximate patient rank assumes n=4500; Fig. 5 itself does not print n.
I,20 mg C1D1; 20 mg Day 1 subsequent cycles,0.8740,3933,-96.8172,% change from baseline,Digitized from the visible waterfall contour in Fig. 5. X-axis is normalized patient rank. Approximate patient rank assumes n=4500; Fig. 5 itself does not print n.
I,20 mg C1D1; 20 mg Day 1 subsequent cycles,0.8760,3942,-96.8172,% change from baseline,Digitized from the visible waterfall contour in Fig. 5. X-axis is normalized patient rank. Approximate patient rank assumes n=4500; Fig. 5 itself does not print n.
I,20 mg C1D1; 20 mg Day 1 subsequent cycles,0.8780,3951,-96.8172,% change from baseline,Digitized from the visible waterfall contour in Fig. 5. X-axis is normalized patient rank. Approximate patient rank assumes n=4500; Fig. 5 itself does not print n.
I,20 mg C1D1; 20 mg Day 1 subsequent cycles,0.8800,3960,-96.8172,% change from baseline,Digitized from the visible waterfall contour in Fig. 5. X-axis is normalized patient rank. Approximate patient rank assumes n=4500; Fig. 5 itself does not print n.
I,20 mg C1D1; 20 mg Day 1 subsequent cycles,0.8820,3969,-96.8172,% change from baseline,Digitized from the visible waterfall contour in Fig. 5. X-axis is normalized patient rank. Approximate patient rank assumes n=4500; Fig. 5 itself does not print n.
I,20 mg C1D1; 20 mg Day 1 subsequent cycles,0.8840,3978,-96.8172,% change from baseline,Digitized from the visible waterfall contour in Fig. 5. X-axis is normalized patient rank. Approximate patient rank assumes n=4500; Fig. 5 itself does not print n.
I,20 mg C1D1; 20 mg Day 1 subsequent cycles,0.8860,3987,-96.8172,% change from baseline,Digitized from the visible waterfall contour in Fig. 5. X-axis is normalized patient rank. Approximate patient rank assumes n=4500; Fig. 5 itself does not print n.
I,20 mg C1D1; 20 mg Day 1 subsequent cycles,0.8880,3996,-96.8172,% change from baseline,Digitized from the visible waterfall contour in Fig. 5. X-axis is normalized patient rank. Approximate patient rank assumes n=4500; Fig. 5 itself does not print n.
I,20 mg C1D1; 20 mg Day 1 subsequent cycles,0.8900,4005,-96.8172,% change from baseline,Digitized from the visible waterfall contour in Fig. 5. X-axis is normalized patient rank. Approximate patient rank assumes n=4500; Fig. 5 itself does not print n.
I,20 mg C1D1; 20 mg Day 1 subsequent cycles,0.8920,4014,-96.8172,% change from baseline,Digitized from the visible waterfall contour in Fig. 5. X-axis is normalized patient rank. Approximate patient rank assumes n=4500; Fig. 5 itself does not print n.
I,20 mg C1D1; 20 mg Day 1 subsequent cycles,0.8940,4023,-96.8172,% change from baseline,Digitized from the visible waterfall contour in Fig. 5. X-axis is normalized patient rank. Approximate patient rank assumes n=4500; Fig. 5 itself does not print n.
I,20 mg C1D1; 20 mg Day 1 subsequent cycles,0.8960,4032,-96.8172,% change from baseline,Digitized from the visible waterfall contour in Fig. 5. X-axis is normalized patient rank. Approximate patient rank assumes n=4500; Fig. 5 itself does not print n.
I,20 mg C1D1; 20 mg Day 1 subsequent cycles,0.8980,4041,-96.8172,% change from baseline,Digitized from the visible waterfall contour in Fig. 5. X-axis is normalized patient rank. Approximate patient rank assumes n=4500; Fig. 5 itself does not print n.
I,20 mg C1D1; 20 mg Day 1 subsequent cycles,0.9000,4050,-96.8172,% change from baseline,Digitized from the visible waterfall contour in Fig. 5. X-axis is normalized patient rank. Approximate patient rank assumes n=4500; Fig. 5 itself does not print n.
I,20 mg C1D1; 20 mg Day 1 subsequent cycles,0.9020,4059,-96.8172,% change from baseline,Digitized from the visible waterfall contour in Fig. 5. X-axis is normalized patient rank. Approximate patient rank assumes n=4500; Fig. 5 itself does not print n.
I,20 mg C1D1; 20 mg Day 1 subsequent cycles,0.9040,4068,-96.8172,% change from baseline,Digitized from the visible waterfall contour in Fig. 5. X-axis is normalized patient rank. Approximate patient rank assumes n=4500; Fig. 5 itself does not print n.
I,20 mg C1D1; 20 mg Day 1 subsequent cycles,0.9060,4077,-96.8172,% change from baseline,Digitized from the visible waterfall contour in Fig. 5. X-axis is normalized patient rank. Approximate patient rank assumes n=4500; Fig. 5 itself does not print n.
I,20 mg C1D1; 20 mg Day 1 subsequent cycles,0.9080,4086,-96.8172,% change from baseline,Digitized from the visible waterfall contour in Fig. 5. X-axis is normalized patient rank. Approximate patient rank assumes n=4500; Fig. 5 itself does not print n.
I,20 mg C1D1; 20 mg Day 1 subsequent cycles,0.9100,4095,-96.8172,% change from baseline,Digitized from the visible waterfall contour in Fig. 5. X-axis is normalized patient rank. Approximate patient rank assumes n=4500; Fig. 5 itself does not print n.
I,20 mg C1D1; 20 mg Day 1 subsequent cycles,0.9120,4104,-96.8172,% change from baseline,Digitized from the visible waterfall contour in Fig. 5. X-axis is normalized patient rank. Approximate patient rank assumes n=4500; Fig. 5 itself does not print n.
I,20 mg C1D1; 20 mg Day 1 subsequent cycles,0.9140,4113,-96.8172,% change from baseline,Digitized from the visible waterfall contour in Fig. 5. X-axis is normalized patient rank. Approximate patient rank assumes n=4500; Fig. 5 itself does not print n.
I,20 mg C1D1; 20 mg Day 1 subsequent cycles,0.9160,4122,-96.8172,% change from baseline,Digitized from the visible waterfall contour in Fig. 5. X-axis is normalized patient rank. Approximate patient rank assumes n=4500; Fig. 5 itself does not print n.
I,20 mg C1D1; 20 mg Day 1 subsequent cycles,0.9180,4131,-96.8172,% change from baseline,Digitized from the visible waterfall contour in Fig. 5. X-axis is normalized patient rank. Approximate patient rank assumes n=4500; Fig. 5 itself does not print n.
I,20 mg C1D1; 20 mg Day 1 subsequent cycles,0.9200,4140,-96.8172,% change from baseline,Digitized from the visible waterfall contour in Fig. 5. X-axis is normalized patient rank. Approximate patient rank assumes n=4500; Fig. 5 itself does not print n.
I,20 mg C1D1; 20 mg Day 1 subsequent cycles,0.9220,4149,-96.8172,% change from baseline,Digitized from the visible waterfall contour in Fig. 5. X-axis is normalized patient rank. Approximate patient rank assumes n=4500; Fig. 5 itself does not print n.
I,20 mg C1D1; 20 mg Day 1 subsequent cycles,0.9240,4158,-96.8172,% change from baseline,Digitized from the visible waterfall contour in Fig. 5. X-axis is normalized patient rank. Approximate patient rank assumes n=4500; Fig. 5 itself does not print n.
I,20 mg C1D1; 20 mg Day 1 subsequent cycles,0.9260,4167,-96.8172,% change from baseline,Digitized from the visible waterfall contour in Fig. 5. X-axis is normalized patient rank. Approximate patient rank assumes n=4500; Fig. 5 itself does not print n.
I,20 mg C1D1; 20 mg Day 1 subsequent cycles,0.9280,4176,-96.8172,% change from baseline,Digitized from the visible waterfall contour in Fig. 5. X-axis is normalized patient rank. Approximate patient rank assumes n=4500; Fig. 5 itself does not print n.
I,20 mg C1D1; 20 mg Day 1 subsequent cycles,0.9300,4185,-96.8172,% change from baseline,Digitized from the visible waterfall contour in Fig. 5. X-axis is normalized patient rank. Approximate patient rank assumes n=4500; Fig. 5 itself does not print n.
I,20 mg C1D1; 20 mg Day 1 subsequent cycles,0.9320,4194,-96.8172,% change from baseline,Digitized from the visible waterfall contour in Fig. 5. X-axis is normalized patient rank. Approximate patient rank assumes n=4500; Fig. 5 itself does not print n.
I,20 mg C1D1; 20 mg Day 1 subsequent cycles,0.9340,4203,-96.8172,% change from baseline,Digitized from the visible waterfall contour in Fig. 5. X-axis is normalized patient rank. Approximate patient rank assumes n=4500; Fig. 5 itself does not print n.
I,20 mg C1D1; 20 mg Day 1 subsequent cycles,0.9360,4212,-96.8172,% change from baseline,Digitized from the visible waterfall contour in Fig. 5. X-axis is normalized patient rank. Approximate patient rank assumes n=4500; Fig. 5 itself does not print n.
I,20 mg C1D1; 20 mg Day 1 subsequent cycles,0.9380,4221,-96.8172,% change from baseline,Digitized from the visible waterfall contour in Fig. 5. X-axis is normalized patient rank. Approximate patient rank assumes n=4500; Fig. 5 itself does not print n.
I,20 mg C1D1; 20 mg Day 1 subsequent cycles,0.9400,4230,-96.8172,% change from baseline,Digitized from the visible waterfall contour in Fig. 5. X-axis is normalized patient rank. Approximate patient rank assumes n=4500; Fig. 5 itself does not print n.
I,20 mg C1D1; 20 mg Day 1 subsequent cycles,0.9420,4239,-96.8172,% change from baseline,Digitized from the visible waterfall contour in Fig. 5. X-axis is normalized patient rank. Approximate patient rank assumes n=4500; Fig. 5 itself does not print n.
I,20 mg C1D1; 20 mg Day 1 subsequent cycles,0.9440,4248,-96.8172,% change from baseline,Digitized from the visible waterfall contour in Fig. 5. X-axis is normalized patient rank. Approximate patient rank assumes n=4500; Fig. 5 itself does not print n.
I,20 mg C1D1; 20 mg Day 1 subsequent cycles,0.9460,4257,-96.8172,% change from baseline,Digitized from the visible waterfall contour in Fig. 5. X-axis is normalized patient rank. Approximate patient rank assumes n=4500; Fig. 5 itself does not print n.
I,20 mg C1D1; 20 mg Day 1 subsequent cycles,0.9480,4266,-96.8172,% change from baseline,Digitized from the visible waterfall contour in Fig. 5. X-axis is normalized patient rank. Approximate patient rank assumes n=4500; Fig. 5 itself does not print n.
I,20 mg C1D1; 20 mg Day 1 subsequent cycles,0.9500,4275,-96.8172,% change from baseline,Digitized from the visible waterfall contour in Fig. 5. X-axis is normalized patient rank. Approximate patient rank assumes n=4500; Fig. 5 itself does not print n.
I,20 mg C1D1; 20 mg Day 1 subsequent cycles,0.9520,4284,-96.8172,% change from baseline,Digitized from the visible waterfall contour in Fig. 5. X-axis is normalized patient rank. Approximate patient rank assumes n=4500; Fig. 5 itself does not print n.
I,20 mg C1D1; 20 mg Day 1 subsequent cycles,0.9540,4293,-96.8172,% change from baseline,Digitized from the visible waterfall contour in Fig. 5. X-axis is normalized patient rank. Approximate patient rank assumes n=4500; Fig. 5 itself does not print n.
I,20 mg C1D1; 20 mg Day 1 subsequent cycles,0.9560,4302,-96.8172,% change from baseline,Digitized from the visible waterfall contour in Fig. 5. X-axis is normalized patient rank. Approximate patient rank assumes n=4500; Fig. 5 itself does not print n.
I,20 mg C1D1; 20 mg Day 1 subsequent cycles,0.9580,4311,-96.8172,% change from baseline,Digitized from the visible waterfall contour in Fig. 5. X-axis is normalized patient rank. Approximate patient rank assumes n=4500; Fig. 5 itself does not print n.
I,20 mg C1D1; 20 mg Day 1 subsequent cycles,0.9600,4320,-96.8172,% change from baseline,Digitized from the visible waterfall contour in Fig. 5. X-axis is normalized patient rank. Approximate patient rank assumes n=4500; Fig. 5 itself does not print n.
I,20 mg C1D1; 20 mg Day 1 subsequent cycles,0.9620,4329,-96.8172,% change from baseline,Digitized from the visible waterfall contour in Fig. 5. X-axis is normalized patient rank. Approximate patient rank assumes n=4500; Fig. 5 itself does not print n.
I,20 mg C1D1; 20 mg Day 1 subsequent cycles,0.9640,4338,-96.8172,% change from baseline,Digitized from the visible waterfall contour in Fig. 5. X-axis is normalized patient rank. Approximate patient rank assumes n=4500; Fig. 5 itself does not print n.
I,20 mg C1D1; 20 mg Day 1 subsequent cycles,0.9660,4347,-96.8172,% change from baseline,Digitized from the visible waterfall contour in Fig. 5. X-axis is normalized patient rank. Approximate patient rank assumes n=4500; Fig. 5 itself does not print n.
I,20 mg C1D1; 20 mg Day 1 subsequent cycles,0.9680,4356,-96.8172,% change from baseline,Digitized from the visible waterfall contour in Fig. 5. X-axis is normalized patient rank. Approximate patient rank assumes n=4500; Fig. 5 itself does not print n.
I,20 mg C1D1; 20 mg Day 1 subsequent cycles,0.9700,4365,-96.8172,% change from baseline,Digitized from the visible waterfall contour in Fig. 5. X-axis is normalized patient rank. Approximate patient rank assumes n=4500; Fig. 5 itself does not print n.
I,20 mg C1D1; 20 mg Day 1 subsequent cycles,0.9720,4374,-96.8172,% change from baseline,Digitized from the visible waterfall contour in Fig. 5. X-axis is normalized patient rank. Approximate patient rank assumes n=4500; Fig. 5 itself does not print n.
I,20 mg C1D1; 20 mg Day 1 subsequent cycles,0.9740,4383,-96.8172,% change from baseline,Digitized from the visible waterfall contour in Fig. 5. X-axis is normalized patient rank. Approximate patient rank assumes n=4500; Fig. 5 itself does not print n.
I,20 mg C1D1; 20 mg Day 1 subsequent cycles,0.9760,4392,-96.8172,% change from baseline,Digitized from the visible waterfall contour in Fig. 5. X-axis is normalized patient rank. Approximate patient rank assumes n=4500; Fig. 5 itself does not print n.
I,20 mg C1D1; 20 mg Day 1 subsequent cycles,0.9780,4401,-96.8172,% change from baseline,Digitized from the visible waterfall contour in Fig. 5. X-axis is normalized patient rank. Approximate patient rank assumes n=4500; Fig. 5 itself does not print n.
I,20 mg C1D1; 20 mg Day 1 subsequent cycles,0.9800,4410,-96.8172,% change from baseline,Digitized from the visible waterfall contour in Fig. 5. X-axis is normalized patient rank. Approximate patient rank assumes n=4500; Fig. 5 itself does not print n.
I,20 mg C1D1; 20 mg Day 1 subsequent cycles,0.9820,4419,-96.8172,% change from baseline,Digitized from the visible waterfall contour in Fig. 5. X-axis is normalized patient rank. Approximate patient rank assumes n=4500; Fig. 5 itself does not print n.
I,20 mg C1D1; 20 mg Day 1 subsequent cycles,0.9840,4428,-96.8172,% change from baseline,Digitized from the visible waterfall contour in Fig. 5. X-axis is normalized patient rank. Approximate patient rank assumes n=4500; Fig. 5 itself does not print n.
I,20 mg C1D1; 20 mg Day 1 subsequent cycles,0.9860,4437,-96.8172,% change from baseline,Digitized from the visible waterfall contour in Fig. 5. X-axis is normalized patient rank. Approximate patient rank assumes n=4500; Fig. 5 itself does not print n.
I,20 mg C1D1; 20 mg Day 1 subsequent cycles,0.9880,4446,-96.8172,% change from baseline,Digitized from the visible waterfall contour in Fig. 5. X-axis is normalized patient rank. Approximate patient rank assumes n=4500; Fig. 5 itself does not print n.
I,20 mg C1D1; 20 mg Day 1 subsequent cycles,0.9900,4455,-96.8172,% change from baseline,Digitized from the visible waterfall contour in Fig. 5. X-axis is normalized patient rank. Approximate patient rank assumes n=4500; Fig. 5 itself does not print n.
I,20 mg C1D1; 20 mg Day 1 subsequent cycles,0.9920,4464,-96.8172,% change from baseline,Digitized from the visible waterfall contour in Fig. 5. X-axis is normalized patient rank. Approximate patient rank assumes n=4500; Fig. 5 itself does not print n.
I,20 mg C1D1; 20 mg Day 1 subsequent cycles,0.9940,4473,-96.8172,% change from baseline,Digitized from the visible waterfall contour in Fig. 5. X-axis is normalized patient rank. Approximate patient rank assumes n=4500; Fig. 5 itself does not print n.
I,20 mg C1D1; 20 mg Day 1 subsequent cycles,0.9960,4482,-96.8172,% change from baseline,Digitized from the visible waterfall contour in Fig. 5. X-axis is normalized patient rank. Approximate patient rank assumes n=4500; Fig. 5 itself does not print n.
I,20 mg C1D1; 20 mg Day 1 subsequent cycles,0.9980,4491,-96.8172,% change from baseline,Digitized from the visible waterfall contour in Fig. 5. X-axis is normalized patient rank. Approximate patient rank assumes n=4500; Fig. 5 itself does not print n.
I,20 mg C1D1; 20 mg Day 1 subsequent cycles,1.0000,4500,-96.8172,% change from baseline,Digitized from the visible waterfall contour in Fig. 5. X-axis is normalized patient rank. Approximate patient rank assumes n=4500; Fig. 5 itself does not print n.
J,6.7 mg C1D1/C1D8/C1D15; 20 mg Day 1 subsequent cycles,0.0000,1,233.538,% change from baseline,Digitized from the visible waterfall contour in Fig. 5. X-axis is normalized patient rank. Approximate patient rank assumes n=4500; Fig. 5 itself does not print n.
J,6.7 mg C1D1/C1D8/C1D15; 20 mg Day 1 subsequent cycles,0.0020,10,233.538,% change from baseline,Digitized from the visible waterfall contour in Fig. 5. X-axis is normalized patient rank. Approximate patient rank assumes n=4500; Fig. 5 itself does not print n.
J,6.7 mg C1D1/C1D8/C1D15; 20 mg Day 1 subsequent cycles,0.0040,19,233.538,% change from baseline,Digitized from the visible waterfall contour in Fig. 5. X-axis is normalized patient rank. Approximate patient rank assumes n=4500; Fig. 5 itself does not print n.
J,6.7 mg C1D1/C1D8/C1D15; 20 mg Day 1 subsequent cycles,0.0060,28,233.538,% change from baseline,Digitized from the visible waterfall contour in Fig. 5. X-axis is normalized patient rank. Approximate patient rank assumes n=4500; Fig. 5 itself does not print n.
J,6.7 mg C1D1/C1D8/C1D15; 20 mg Day 1 subsequent cycles,0.0080,37,233.538,% change from baseline,Digitized from the visible waterfall contour in Fig. 5. X-axis is normalized patient rank. Approximate patient rank assumes n=4500; Fig. 5 itself does not print n.
J,6.7 mg C1D1/C1D8/C1D15; 20 mg Day 1 subsequent cycles,0.0100,46,233.538,% change from baseline,Digitized from the visible waterfall contour in Fig. 5. X-axis is normalized patient rank. Approximate patient rank assumes n=4500; Fig. 5 itself does not print n.
J,6.7 mg C1D1/C1D8/C1D15; 20 mg Day 1 subsequent cycles,0.0120,55,233.538,% change from baseline,Digitized from the visible waterfall contour in Fig. 5. X-axis is normalized patient rank. Approximate patient rank assumes n=4500; Fig. 5 itself does not print n.
J,6.7 mg C1D1/C1D8/C1D15; 20 mg Day 1 subsequent cycles,0.0140,64,233.538,% change from baseline,Digitized from the visible waterfall contour in Fig. 5. X-axis is normalized patient rank. Approximate patient rank assumes n=4500; Fig. 5 itself does not print n.
J,6.7 mg C1D1/C1D8/C1D15; 20 mg Day 1 subsequent cycles,0.0160,73,233.538,% change from baseline,Digitized from the visible waterfall contour in Fig. 5. X-axis is normalized patient rank. Approximate patient rank assumes n=4500; Fig. 5 itself does not print n.
J,6.7 mg C1D1/C1D8/C1D15; 20 mg Day 1 subsequent cycles,0.0180,82,233.538,% change from baseline,Digitized from the visible waterfall contour in Fig. 5. X-axis is normalized patient rank. Approximate patient rank assumes n=4500; Fig. 5 itself does not print n.
J,6.7 mg C1D1/C1D8/C1D15; 20 mg Day 1 subsequent cycles,0.0200,91,233.538,% change from baseline,Digitized from the visible waterfall contour in Fig. 5. X-axis is normalized patient rank. Approximate patient rank assumes n=4500; Fig. 5 itself does not print n.
J,6.7 mg C1D1/C1D8/C1D15; 20 mg Day 1 subsequent cycles,0.0220,100,233.538,% change from baseline,Digitized from the visible waterfall contour in Fig. 5. X-axis is normalized patient rank. Approximate patient rank assumes n=4500; Fig. 5 itself does not print n.
J,6.7 mg C1D1/C1D8/C1D15; 20 mg Day 1 subsequent cycles,0.0240,109,233.538,% change from baseline,Digitized from the visible waterfall contour in Fig. 5. X-axis is normalized patient rank. Approximate patient rank assumes n=4500; Fig. 5 itself does not print n.
J,6.7 mg C1D1/C1D8/C1D15; 20 mg Day 1 subsequent cycles,0.0260,118,233.538,% change from baseline,Digitized from the visible waterfall contour in Fig. 5. X-axis is normalized patient rank. Approximate patient rank assumes n=4500; Fig. 5 itself does not print n.
J,6.7 mg C1D1/C1D8/C1D15; 20 mg Day 1 subsequent cycles,0.0280,127,233.538,% change from baseline,Digitized from the visible waterfall contour in Fig. 5. X-axis is normalized patient rank. Approximate patient rank assumes n=4500; Fig. 5 itself does not print n.
J,6.7 mg C1D1/C1D8/C1D15; 20 mg Day 1 subsequent cycles,0.0300,136,233.538,% change from baseline,Digitized from the visible waterfall contour in Fig. 5. X-axis is normalized patient rank. Approximate patient rank assumes n=4500; Fig. 5 itself does not print n.
J,6.7 mg C1D1/C1D8/C1D15; 20 mg Day 1 subsequent cycles,0.0320,145,233.538,% change from baseline,Digitized from the visible waterfall contour in Fig. 5. X-axis is normalized patient rank. Approximate patient rank assumes n=4500; Fig. 5 itself does not print n.
J,6.7 mg C1D1/C1D8/C1D15; 20 mg Day 1 subsequent cycles,0.0340,154,233.538,% change from baseline,Digitized from the visible waterfall contour in Fig. 5. X-axis is normalized patient rank. Approximate patient rank assumes n=4500; Fig. 5 itself does not print n.
J,6.7 mg C1D1/C1D8/C1D15; 20 mg Day 1 subsequent cycles,0.0360,163,233.538,% change from baseline,Digitized from the visible waterfall contour in Fig. 5. X-axis is normalized patient rank. Approximate patient rank assumes n=4500; Fig. 5 itself does not print n.
J,6.7 mg C1D1/C1D8/C1D15; 20 mg Day 1 subsequent cycles,0.0380,172,233.538,% change from baseline,Digitized from the visible waterfall contour in Fig. 5. X-axis is normalized patient rank. Approximate patient rank assumes n=4500; Fig. 5 itself does not print n.
J,6.7 mg C1D1/C1D8/C1D15; 20 mg Day 1 subsequent cycles,0.0400,181,233.538,% change from baseline,Digitized from the visible waterfall contour in Fig. 5. X-axis is normalized patient rank. Approximate patient rank assumes n=4500; Fig. 5 itself does not print n.
J,6.7 mg C1D1/C1D8/C1D15; 20 mg Day 1 subsequent cycles,0.0420,190,233.538,% change from baseline,Digitized from the visible waterfall contour in Fig. 5. X-axis is normalized patient rank. Approximate patient rank assumes n=4500; Fig. 5 itself does not print n.
J,6.7 mg C1D1/C1D8/C1D15; 20 mg Day 1 subsequent cycles,0.0440,199,233.538,% change from baseline,Digitized from the visible waterfall contour in Fig. 5. X-axis is normalized patient rank. Approximate patient rank assumes n=4500; Fig. 5 itself does not print n.
J,6.7 mg C1D1/C1D8/C1D15; 20 mg Day 1 subsequent cycles,0.0460,208,233.538,% change from baseline,Digitized from the visible waterfall contour in Fig. 5. X-axis is normalized patient rank. Approximate patient rank assumes n=4500; Fig. 5 itself does not print n.
J,6.7 mg C1D1/C1D8/C1D15; 20 mg Day 1 subsequent cycles,0.0480,217,232.564,% change from baseline,Digitized from the visible waterfall contour in Fig. 5. X-axis is normalized patient rank. Approximate patient rank assumes n=4500; Fig. 5 itself does not print n.
J,6.7 mg C1D1/C1D8/C1D15; 20 mg Day 1 subsequent cycles,0.0500,226,210.174,% change from baseline,Digitized from the visible waterfall contour in Fig. 5. X-axis is normalized patient rank. Approximate patient rank assumes n=4500; Fig. 5 itself does not print n.
J,6.7 mg C1D1/C1D8/C1D15; 20 mg Day 1 subsequent cycles,0.0520,235,193.489,% change from baseline,Digitized from the visible waterfall contour in Fig. 5. X-axis is normalized patient rank. Approximate patient rank assumes n=4500; Fig. 5 itself does not print n.
J,6.7 mg C1D1/C1D8/C1D15; 20 mg Day 1 subsequent cycles,0.0540,244,181.031,% change from baseline,Digitized from the visible waterfall contour in Fig. 5. X-axis is normalized patient rank. Approximate patient rank assumes n=4500; Fig. 5 itself does not print n.
J,6.7 mg C1D1/C1D8/C1D15; 20 mg Day 1 subsequent cycles,0.0560,253,174.577,% change from baseline,Digitized from the visible waterfall contour in Fig. 5. X-axis is normalized patient rank. Approximate patient rank assumes n=4500; Fig. 5 itself does not print n.
J,6.7 mg C1D1/C1D8/C1D15; 20 mg Day 1 subsequent cycles,0.0580,262,172.307,% change from baseline,Digitized from the visible waterfall contour in Fig. 5. X-axis is normalized patient rank. Approximate patient rank assumes n=4500; Fig. 5 itself does not print n.
J,6.7 mg C1D1/C1D8/C1D15; 20 mg Day 1 subsequent cycles,0.0600,271,168.344,% change from baseline,Digitized from the visible waterfall contour in Fig. 5. X-axis is normalized patient rank. Approximate patient rank assumes n=4500; Fig. 5 itself does not print n.
J,6.7 mg C1D1/C1D8/C1D15; 20 mg Day 1 subsequent cycles,0.0620,280,166.18,% change from baseline,Digitized from the visible waterfall contour in Fig. 5. X-axis is normalized patient rank. Approximate patient rank assumes n=4500; Fig. 5 itself does not print n.
J,6.7 mg C1D1/C1D8/C1D15; 20 mg Day 1 subsequent cycles,0.0640,289,162.225,% change from baseline,Digitized from the visible waterfall contour in Fig. 5. X-axis is normalized patient rank. Approximate patient rank assumes n=4500; Fig. 5 itself does not print n.
J,6.7 mg C1D1/C1D8/C1D15; 20 mg Day 1 subsequent cycles,0.0660,298,160.053,% change from baseline,Digitized from the visible waterfall contour in Fig. 5. X-axis is normalized patient rank. Approximate patient rank assumes n=4500; Fig. 5 itself does not print n.
J,6.7 mg C1D1/C1D8/C1D15; 20 mg Day 1 subsequent cycles,0.0680,307,157.059,% change from baseline,Digitized from the visible waterfall contour in Fig. 5. X-axis is normalized patient rank. Approximate patient rank assumes n=4500; Fig. 5 itself does not print n.
J,6.7 mg C1D1/C1D8/C1D15; 20 mg Day 1 subsequent cycles,0.0700,316,154.949,% change from baseline,Digitized from the visible waterfall contour in Fig. 5. X-axis is normalized patient rank. Approximate patient rank assumes n=4500; Fig. 5 itself does not print n.
J,6.7 mg C1D1/C1D8/C1D15; 20 mg Day 1 subsequent cycles,0.0720,325,151.959,% change from baseline,Digitized from the visible waterfall contour in Fig. 5. X-axis is normalized patient rank. Approximate patient rank assumes n=4500; Fig. 5 itself does not print n.
J,6.7 mg C1D1/C1D8/C1D15; 20 mg Day 1 subsequent cycles,0.0740,334,148.898,% change from baseline,Digitized from the visible waterfall contour in Fig. 5. X-axis is normalized patient rank. Approximate patient rank assumes n=4500; Fig. 5 itself does not print n.
J,6.7 mg C1D1/C1D8/C1D15; 20 mg Day 1 subsequent cycles,0.0760,343,146.781,% change from baseline,Digitized from the visible waterfall contour in Fig. 5. X-axis is normalized patient rank. Approximate patient rank assumes n=4500; Fig. 5 itself does not print n.
J,6.7 mg C1D1/C1D8/C1D15; 20 mg Day 1 subsequent cycles,0.0780,352,143.798,% change from baseline,Digitized from the visible waterfall contour in Fig. 5. X-axis is normalized patient rank. Approximate patient rank assumes n=4500; Fig. 5 itself does not print n.
J,6.7 mg C1D1/C1D8/C1D15; 20 mg Day 1 subsequent cycles,0.0800,361,141.677,% change from baseline,Digitized from the visible waterfall contour in Fig. 5. X-axis is normalized patient rank. Approximate patient rank assumes n=4500; Fig. 5 itself does not print n.
J,6.7 mg C1D1/C1D8/C1D15; 20 mg Day 1 subsequent cycles,0.0820,370,138.697,% change from baseline,Digitized from the visible waterfall contour in Fig. 5. X-axis is normalized patient rank. Approximate patient rank assumes n=4500; Fig. 5 itself does not print n.
J,6.7 mg C1D1/C1D8/C1D15; 20 mg Day 1 subsequent cycles,0.0840,379,137.509,% change from baseline,Digitized from the visible waterfall contour in Fig. 5. X-axis is normalized patient rank. Approximate patient rank assumes n=4500; Fig. 5 itself does not print n.
J,6.7 mg C1D1/C1D8/C1D15; 20 mg Day 1 subsequent cycles,0.0860,388,135.554,% change from baseline,Digitized from the visible waterfall contour in Fig. 5. X-axis is normalized patient rank. Approximate patient rank assumes n=4500; Fig. 5 itself does not print n.
J,6.7 mg C1D1/C1D8/C1D15; 20 mg Day 1 subsequent cycles,0.0880,397,134.446,% change from baseline,Digitized from the visible waterfall contour in Fig. 5. X-axis is normalized patient rank. Approximate patient rank assumes n=4500; Fig. 5 itself does not print n.
J,6.7 mg C1D1/C1D8/C1D15; 20 mg Day 1 subsequent cycles,0.0900,406,131.564,% change from baseline,Digitized from the visible waterfall contour in Fig. 5. X-axis is normalized patient rank. Approximate patient rank assumes n=4500; Fig. 5 itself does not print n.
J,6.7 mg C1D1/C1D8/C1D15; 20 mg Day 1 subsequent cycles,0.0920,415,129.431,% change from baseline,Digitized from the visible waterfall contour in Fig. 5. X-axis is normalized patient rank. Approximate patient rank assumes n=4500; Fig. 5 itself does not print n.
J,6.7 mg C1D1/C1D8/C1D15; 20 mg Day 1 subsequent cycles,0.0940,424,127.391,% change from baseline,Digitized from the visible waterfall contour in Fig. 5. X-axis is normalized patient rank. Approximate patient rank assumes n=4500; Fig. 5 itself does not print n.
J,6.7 mg C1D1/C1D8/C1D15; 20 mg Day 1 subsequent cycles,0.0960,433,125.35,% change from baseline,Digitized from the visible waterfall contour in Fig. 5. X-axis is normalized patient rank. Approximate patient rank assumes n=4500; Fig. 5 itself does not print n.
J,6.7 mg C1D1/C1D8/C1D15; 20 mg Day 1 subsequent cycles,0.0980,442,122.387,% change from baseline,Digitized from the visible waterfall contour in Fig. 5. X-axis is normalized patient rank. Approximate patient rank assumes n=4500; Fig. 5 itself does not print n.
J,6.7 mg C1D1/C1D8/C1D15; 20 mg Day 1 subsequent cycles,0.1000,451,120.245,% change from baseline,Digitized from the visible waterfall contour in Fig. 5. X-axis is normalized patient rank. Approximate patient rank assumes n=4500; Fig. 5 itself does not print n.
J,6.7 mg C1D1/C1D8/C1D15; 20 mg Day 1 subsequent cycles,0.1020,460,117.286,% change from baseline,Digitized from the visible waterfall contour in Fig. 5. X-axis is normalized patient rank. Approximate patient rank assumes n=4500; Fig. 5 itself does not print n.
J,6.7 mg C1D1/C1D8/C1D15; 20 mg Day 1 subsequent cycles,0.1040,469,115.141,% change from baseline,Digitized from the visible waterfall contour in Fig. 5. X-axis is normalized patient rank. Approximate patient rank assumes n=4500; Fig. 5 itself does not print n.
J,6.7 mg C1D1/C1D8/C1D15; 20 mg Day 1 subsequent cycles,0.1060,478,111.272,% change from baseline,Digitized from the visible waterfall contour in Fig. 5. X-axis is normalized patient rank. Approximate patient rank assumes n=4500; Fig. 5 itself does not print n.
J,6.7 mg C1D1/C1D8/C1D15; 20 mg Day 1 subsequent cycles,0.1080,487,109.014,% change from baseline,Digitized from the visible waterfall contour in Fig. 5. X-axis is normalized patient rank. Approximate patient rank assumes n=4500; Fig. 5 itself does not print n.
J,6.7 mg C1D1/C1D8/C1D15; 20 mg Day 1 subsequent cycles,0.1100,496,106.063,% change from baseline,Digitized from the visible waterfall contour in Fig. 5. X-axis is normalized patient rank. Approximate patient rank assumes n=4500; Fig. 5 itself does not print n.
J,6.7 mg C1D1/C1D8/C1D15; 20 mg Day 1 subsequent cycles,0.1120,505,104.818,% change from baseline,Digitized from the visible waterfall contour in Fig. 5. X-axis is normalized patient rank. Approximate patient rank assumes n=4500; Fig. 5 itself does not print n.
J,6.7 mg C1D1/C1D8/C1D15; 20 mg Day 1 subsequent cycles,0.1140,514,97.456,% change from baseline,Digitized from the visible waterfall contour in Fig. 5. X-axis is normalized patient rank. Approximate patient rank assumes n=4500; Fig. 5 itself does not print n.
J,6.7 mg C1D1/C1D8/C1D15; 20 mg Day 1 subsequent cycles,0.1160,523,96.5235,% change from baseline,Digitized from the visible waterfall contour in Fig. 5. X-axis is normalized patient rank. Approximate patient rank assumes n=4500; Fig. 5 itself does not print n.
J,6.7 mg C1D1/C1D8/C1D15; 20 mg Day 1 subsequent cycles,0.1180,532,96.5235,% change from baseline,Digitized from the visible waterfall contour in Fig. 5. X-axis is normalized patient rank. Approximate patient rank assumes n=4500; Fig. 5 itself does not print n.
J,6.7 mg C1D1/C1D8/C1D15; 20 mg Day 1 subsequent cycles,0.1200,541,94.7239,% change from baseline,Digitized from the visible waterfall contour in Fig. 5. X-axis is normalized patient rank. Approximate patient rank assumes n=4500; Fig. 5 itself does not print n.
J,6.7 mg C1D1/C1D8/C1D15; 20 mg Day 1 subsequent cycles,0.1220,550,93.5808,% change from baseline,Digitized from the visible waterfall contour in Fig. 5. X-axis is normalized patient rank. Approximate patient rank assumes n=4500; Fig. 5 itself does not print n.
J,6.7 mg C1D1/C1D8/C1D15; 20 mg Day 1 subsequent cycles,0.1240,559,91.6646,% change from baseline,Digitized from the visible waterfall contour in Fig. 5. X-axis is normalized patient rank. Approximate patient rank assumes n=4500; Fig. 5 itself does not print n.
J,6.7 mg C1D1/C1D8/C1D15; 20 mg Day 1 subsequent cycles,0.1260,568,89.6237,% change from baseline,Digitized from the visible waterfall contour in Fig. 5. X-axis is normalized patient rank. Approximate patient rank assumes n=4500; Fig. 5 itself does not print n.
J,6.7 mg C1D1/C1D8/C1D15; 20 mg Day 1 subsequent cycles,0.1280,577,87.5828,% change from baseline,Digitized from the visible waterfall contour in Fig. 5. X-axis is normalized patient rank. Approximate patient rank assumes n=4500; Fig. 5 itself does not print n.
J,6.7 mg C1D1/C1D8/C1D15; 20 mg Day 1 subsequent cycles,0.1300,586,85.5419,% change from baseline,Digitized from the visible waterfall contour in Fig. 5. X-axis is normalized patient rank. Approximate patient rank assumes n=4500; Fig. 5 itself does not print n.
J,6.7 mg C1D1/C1D8/C1D15; 20 mg Day 1 subsequent cycles,0.1320,595,83.501,% change from baseline,Digitized from the visible waterfall contour in Fig. 5. X-axis is normalized patient rank. Approximate patient rank assumes n=4500; Fig. 5 itself does not print n.
J,6.7 mg C1D1/C1D8/C1D15; 20 mg Day 1 subsequent cycles,0.1340,604,82.3456,% change from baseline,Digitized from the visible waterfall contour in Fig. 5. X-axis is normalized patient rank. Approximate patient rank assumes n=4500; Fig. 5 itself does not print n.
J,6.7 mg C1D1/C1D8/C1D15; 20 mg Day 1 subsequent cycles,0.1360,613,79.5583,% change from baseline,Digitized from the visible waterfall contour in Fig. 5. X-axis is normalized patient rank. Approximate patient rank assumes n=4500; Fig. 5 itself does not print n.
J,6.7 mg C1D1/C1D8/C1D15; 20 mg Day 1 subsequent cycles,0.1380,622,78.2597,% change from baseline,Digitized from the visible waterfall contour in Fig. 5. X-axis is normalized patient rank. Approximate patient rank assumes n=4500; Fig. 5 itself does not print n.
J,6.7 mg C1D1/C1D8/C1D15; 20 mg Day 1 subsequent cycles,0.1400,631,75.4806,% change from baseline,Digitized from the visible waterfall contour in Fig. 5. X-axis is normalized patient rank. Approximate patient rank assumes n=4500; Fig. 5 itself does not print n.
J,6.7 mg C1D1/C1D8/C1D15; 20 mg Day 1 subsequent cycles,0.1420,640,73.2965,% change from baseline,Digitized from the visible waterfall contour in Fig. 5. X-axis is normalized patient rank. Approximate patient rank assumes n=4500; Fig. 5 itself does not print n.
J,6.7 mg C1D1/C1D8/C1D15; 20 mg Day 1 subsequent cycles,0.1440,649,70.3804,% change from baseline,Digitized from the visible waterfall contour in Fig. 5. X-axis is normalized patient rank. Approximate patient rank assumes n=4500; Fig. 5 itself does not print n.
J,6.7 mg C1D1/C1D8/C1D15; 20 mg Day 1 subsequent cycles,0.1460,658,69.9387,% change from baseline,Digitized from the visible waterfall contour in Fig. 5. X-axis is normalized patient rank. Approximate patient rank assumes n=4500; Fig. 5 itself does not print n.
J,6.7 mg C1D1/C1D8/C1D15; 20 mg Day 1 subsequent cycles,0.1480,667,68.1963,% change from baseline,Digitized from the visible waterfall contour in Fig. 5. X-axis is normalized patient rank. Approximate patient rank assumes n=4500; Fig. 5 itself does not print n.
J,6.7 mg C1D1/C1D8/C1D15; 20 mg Day 1 subsequent cycles,0.1500,676,67.0245,% change from baseline,Digitized from the visible waterfall contour in Fig. 5. X-axis is normalized patient rank. Approximate patient rank assumes n=4500; Fig. 5 itself does not print n.
J,6.7 mg C1D1/C1D8/C1D15; 20 mg Day 1 subsequent cycles,0.1520,685,64.2699,% change from baseline,Digitized from the visible waterfall contour in Fig. 5. X-axis is normalized patient rank. Approximate patient rank assumes n=4500; Fig. 5 itself does not print n.
J,6.7 mg C1D1/C1D8/C1D15; 20 mg Day 1 subsequent cycles,0.1540,694,63.8037,% change from baseline,Digitized from the visible waterfall contour in Fig. 5. X-axis is normalized patient rank. Approximate patient rank assumes n=4500; Fig. 5 itself does not print n.
J,6.7 mg C1D1/C1D8/C1D15; 20 mg Day 1 subsequent cycles,0.1560,703,62.0777,% change from baseline,Digitized from the visible waterfall contour in Fig. 5. X-axis is normalized patient rank. Approximate patient rank assumes n=4500; Fig. 5 itself does not print n.
J,6.7 mg C1D1/C1D8/C1D15; 20 mg Day 1 subsequent cycles,0.1580,712,60.8978,% change from baseline,Digitized from the visible waterfall contour in Fig. 5. X-axis is normalized patient rank. Approximate patient rank assumes n=4500; Fig. 5 itself does not print n.
J,6.7 mg C1D1/C1D8/C1D15; 20 mg Day 1 subsequent cycles,0.1600,721,59.8773,% change from baseline,Digitized from the visible waterfall contour in Fig. 5. X-axis is normalized patient rank. Approximate patient rank assumes n=4500; Fig. 5 itself does not print n.
J,6.7 mg C1D1/C1D8/C1D15; 20 mg Day 1 subsequent cycles,0.1620,730,58.8569,% change from baseline,Digitized from the visible waterfall contour in Fig. 5. X-axis is normalized patient rank. Approximate patient rank assumes n=4500; Fig. 5 itself does not print n.
J,6.7 mg C1D1/C1D8/C1D15; 20 mg Day 1 subsequent cycles,0.1640,739,56.9816,% change from baseline,Digitized from the visible waterfall contour in Fig. 5. X-axis is normalized patient rank. Approximate patient rank assumes n=4500; Fig. 5 itself does not print n.
J,6.7 mg C1D1/C1D8/C1D15; 20 mg Day 1 subsequent cycles,0.1660,748,55.7935,% change from baseline,Digitized from the visible waterfall contour in Fig. 5. X-axis is normalized patient rank. Approximate patient rank assumes n=4500; Fig. 5 itself does not print n.
J,6.7 mg C1D1/C1D8/C1D15; 20 mg Day 1 subsequent cycles,0.1680,757,53.9223,% change from baseline,Digitized from the visible waterfall contour in Fig. 5. X-axis is normalized patient rank. Approximate patient rank assumes n=4500; Fig. 5 itself does not print n.
J,6.7 mg C1D1/C1D8/C1D15; 20 mg Day 1 subsequent cycles,0.1700,766,52.7301,% change from baseline,Digitized from the visible waterfall contour in Fig. 5. X-axis is normalized patient rank. Approximate patient rank assumes n=4500; Fig. 5 itself does not print n.
J,6.7 mg C1D1/C1D8/C1D15; 20 mg Day 1 subsequent cycles,0.1720,775,51.7096,% change from baseline,Digitized from the visible waterfall contour in Fig. 5. X-axis is normalized patient rank. Approximate patient rank assumes n=4500; Fig. 5 itself does not print n.
J,6.7 mg C1D1/C1D8/C1D15; 20 mg Day 1 subsequent cycles,0.1740,784,49.8446,% change from baseline,Digitized from the visible waterfall contour in Fig. 5. X-axis is normalized patient rank. Approximate patient rank assumes n=4500; Fig. 5 itself does not print n.
J,6.7 mg C1D1/C1D8/C1D15; 20 mg Day 1 subsequent cycles,0.1760,793,47.8037,% change from baseline,Digitized from the visible waterfall contour in Fig. 5. X-axis is normalized patient rank. Approximate patient rank assumes n=4500; Fig. 5 itself does not print n.
J,6.7 mg C1D1/C1D8/C1D15; 20 mg Day 1 subsequent cycles,0.1780,802,46.6033,% change from baseline,Digitized from the visible waterfall contour in Fig. 5. X-axis is normalized patient rank. Approximate patient rank assumes n=4500; Fig. 5 itself does not print n.
J,6.7 mg C1D1/C1D8/C1D15; 20 mg Day 1 subsequent cycles,0.1800,811,44.7444,% change from baseline,Digitized from the visible waterfall contour in Fig. 5. X-axis is normalized patient rank. Approximate patient rank assumes n=4500; Fig. 5 itself does not print n.
J,6.7 mg C1D1/C1D8/C1D15; 20 mg Day 1 subsequent cycles,0.1820,820,43.5399,% change from baseline,Digitized from the visible waterfall contour in Fig. 5. X-axis is normalized patient rank. Approximate patient rank assumes n=4500; Fig. 5 itself does not print n.
J,6.7 mg C1D1/C1D8/C1D15; 20 mg Day 1 subsequent cycles,0.1840,829,41.6851,% change from baseline,Digitized from the visible waterfall contour in Fig. 5. X-axis is normalized patient rank. Approximate patient rank assumes n=4500; Fig. 5 itself does not print n.
J,6.7 mg C1D1/C1D8/C1D15; 20 mg Day 1 subsequent cycles,0.1860,838,41.3088,% change from baseline,Digitized from the visible waterfall contour in Fig. 5. X-axis is normalized patient rank. Approximate patient rank assumes n=4500; Fig. 5 itself does not print n.
J,6.7 mg C1D1/C1D8/C1D15; 20 mg Day 1 subsequent cycles,0.1880,847,39.6483,% change from baseline,Digitized from the visible waterfall contour in Fig. 5. X-axis is normalized patient rank. Approximate patient rank assumes n=4500; Fig. 5 itself does not print n.
J,6.7 mg C1D1/C1D8/C1D15; 20 mg Day 1 subsequent cycles,0.1900,856,38.4356,% change from baseline,Digitized from the visible waterfall contour in Fig. 5. X-axis is normalized patient rank. Approximate patient rank assumes n=4500; Fig. 5 itself does not print n.
J,6.7 mg C1D1/C1D8/C1D15; 20 mg Day 1 subsequent cycles,0.1920,865,37.4151,% change from baseline,Digitized from the visible waterfall contour in Fig. 5. X-axis is normalized patient rank. Approximate patient rank assumes n=4500; Fig. 5 itself does not print n.
J,6.7 mg C1D1/C1D8/C1D15; 20 mg Day 1 subsequent cycles,0.1940,874,35.5706,% change from baseline,Digitized from the visible waterfall contour in Fig. 5. X-axis is normalized patient rank. Approximate patient rank assumes n=4500; Fig. 5 itself does not print n.
J,6.7 mg C1D1/C1D8/C1D15; 20 mg Day 1 subsequent cycles,0.1960,883,33.5297,% change from baseline,Digitized from the visible waterfall contour in Fig. 5. X-axis is normalized patient rank. Approximate patient rank assumes n=4500; Fig. 5 itself does not print n.
J,6.7 mg C1D1/C1D8/C1D15; 20 mg Day 1 subsequent cycles,0.1980,892,31.4888,% change from baseline,Digitized from the visible waterfall contour in Fig. 5. X-axis is normalized patient rank. Approximate patient rank assumes n=4500; Fig. 5 itself does not print n.
J,6.7 mg C1D1/C1D8/C1D15; 20 mg Day 1 subsequent cycles,0.2000,901,29.4479,% change from baseline,Digitized from the visible waterfall contour in Fig. 5. X-axis is normalized patient rank. Approximate patient rank assumes n=4500; Fig. 5 itself does not print n.
J,6.7 mg C1D1/C1D8/C1D15; 20 mg Day 1 subsequent cycles,0.2020,910,29.0389,% change from baseline,Digitized from the visible waterfall contour in Fig. 5. X-axis is normalized patient rank. Approximate patient rank assumes n=4500; Fig. 5 itself does not print n.
J,6.7 mg C1D1/C1D8/C1D15; 20 mg Day 1 subsequent cycles,0.2040,919,28.2249,% change from baseline,Digitized from the visible waterfall contour in Fig. 5. X-axis is normalized patient rank. Approximate patient rank assumes n=4500; Fig. 5 itself does not print n.
J,6.7 mg C1D1/C1D8/C1D15; 20 mg Day 1 subsequent cycles,0.2060,928,26.3926,% change from baseline,Digitized from the visible waterfall contour in Fig. 5. X-axis is normalized patient rank. Approximate patient rank assumes n=4500; Fig. 5 itself does not print n.
J,6.7 mg C1D1/C1D8/C1D15; 20 mg Day 1 subsequent cycles,0.2080,937,25.1616,% change from baseline,Digitized from the visible waterfall contour in Fig. 5. X-axis is normalized patient rank. Approximate patient rank assumes n=4500; Fig. 5 itself does not print n.
J,6.7 mg C1D1/C1D8/C1D15; 20 mg Day 1 subsequent cycles,0.2100,946,23.3333,% change from baseline,Digitized from the visible waterfall contour in Fig. 5. X-axis is normalized patient rank. Approximate patient rank assumes n=4500; Fig. 5 itself does not print n.
J,6.7 mg C1D1/C1D8/C1D15; 20 mg Day 1 subsequent cycles,0.2120,955,22.0982,% change from baseline,Digitized from the visible waterfall contour in Fig. 5. X-axis is normalized patient rank. Approximate patient rank assumes n=4500; Fig. 5 itself does not print n.
J,6.7 mg C1D1/C1D8/C1D15; 20 mg Day 1 subsequent cycles,0.2140,964,21.0777,% change from baseline,Digitized from the visible waterfall contour in Fig. 5. X-axis is normalized patient rank. Approximate patient rank assumes n=4500; Fig. 5 itself does not print n.
J,6.7 mg C1D1/C1D8/C1D15; 20 mg Day 1 subsequent cycles,0.2160,973,19.2556,% change from baseline,Digitized from the visible waterfall contour in Fig. 5. X-axis is normalized patient rank. Approximate patient rank assumes n=4500; Fig. 5 itself does not print n.
J,6.7 mg C1D1/C1D8/C1D15; 20 mg Day 1 subsequent cycles,0.2180,982,18.0143,% change from baseline,Digitized from the visible waterfall contour in Fig. 5. X-axis is normalized patient rank. Approximate patient rank assumes n=4500; Fig. 5 itself does not print n.
J,6.7 mg C1D1/C1D8/C1D15; 20 mg Day 1 subsequent cycles,0.2200,991,16.1963,% change from baseline,Digitized from the visible waterfall contour in Fig. 5. X-axis is normalized patient rank. Approximate patient rank assumes n=4500; Fig. 5 itself does not print n.
J,6.7 mg C1D1/C1D8/C1D15; 20 mg Day 1 subsequent cycles,0.2220,1000,14.1554,% change from baseline,Digitized from the visible waterfall contour in Fig. 5. X-axis is normalized patient rank. Approximate patient rank assumes n=4500; Fig. 5 itself does not print n.
J,6.7 mg C1D1/C1D8/C1D15; 20 mg Day 1 subsequent cycles,0.2240,1009,12.908,% change from baseline,Digitized from the visible waterfall contour in Fig. 5. X-axis is normalized patient rank. Approximate patient rank assumes n=4500; Fig. 5 itself does not print n.
J,6.7 mg C1D1/C1D8/C1D15; 20 mg Day 1 subsequent cycles,0.2260,1018,11.0961,% change from baseline,Digitized from the visible waterfall contour in Fig. 5. X-axis is normalized patient rank. Approximate patient rank assumes n=4500; Fig. 5 itself does not print n.
J,6.7 mg C1D1/C1D8/C1D15; 20 mg Day 1 subsequent cycles,0.2280,1027,9.84458,% change from baseline,Digitized from the visible waterfall contour in Fig. 5. X-axis is normalized patient rank. Approximate patient rank assumes n=4500; Fig. 5 itself does not print n.
J,6.7 mg C1D1/C1D8/C1D15; 20 mg Day 1 subsequent cycles,0.2300,1036,8.82413,% change from baseline,Digitized from the visible waterfall contour in Fig. 5. X-axis is normalized patient rank. Approximate patient rank assumes n=4500; Fig. 5 itself does not print n.
J,6.7 mg C1D1/C1D8/C1D15; 20 mg Day 1 subsequent cycles,0.2320,1045,6.23313,% change from baseline,Digitized from the visible waterfall contour in Fig. 5. X-axis is normalized patient rank. Approximate patient rank assumes n=4500; Fig. 5 itself does not print n.
J,6.7 mg C1D1/C1D8/C1D15; 20 mg Day 1 subsequent cycles,0.2340,1054,3.82969,% change from baseline,Digitized from the visible waterfall contour in Fig. 5. X-axis is normalized patient rank. Approximate patient rank assumes n=4500; Fig. 5 itself does not print n.
J,6.7 mg C1D1/C1D8/C1D15; 20 mg Day 1 subsequent cycles,0.2360,1063,1.62552,% change from baseline,Digitized from the visible waterfall contour in Fig. 5. X-axis is normalized patient rank. Approximate patient rank assumes n=4500; Fig. 5 itself does not print n.
J,6.7 mg C1D1/C1D8/C1D15; 20 mg Day 1 subsequent cycles,0.2380,1072,-0.57865,% change from baseline,Digitized from the visible waterfall contour in Fig. 5. X-axis is normalized patient rank. Approximate patient rank assumes n=4500; Fig. 5 itself does not print n.
J,6.7 mg C1D1/C1D8/C1D15; 20 mg Day 1 subsequent cycles,0.2400,1081,-2.78282,% change from baseline,Digitized from the visible waterfall contour in Fig. 5. X-axis is normalized patient rank. Approximate patient rank assumes n=4500; Fig. 5 itself does not print n.
J,6.7 mg C1D1/C1D8/C1D15; 20 mg Day 1 subsequent cycles,0.2420,1090,-4.98699,% change from baseline,Digitized from the visible waterfall contour in Fig. 5. X-axis is normalized patient rank. Approximate patient rank assumes n=4500; Fig. 5 itself does not print n.
J,6.7 mg C1D1/C1D8/C1D15; 20 mg Day 1 subsequent cycles,0.2440,1099,-7.19117,% change from baseline,Digitized from the visible waterfall contour in Fig. 5. X-axis is normalized patient rank. Approximate patient rank assumes n=4500; Fig. 5 itself does not print n.
J,6.7 mg C1D1/C1D8/C1D15; 20 mg Day 1 subsequent cycles,0.2460,1108,-9.39534,% change from baseline,Digitized from the visible waterfall contour in Fig. 5. X-axis is normalized patient rank. Approximate patient rank assumes n=4500; Fig. 5 itself does not print n.
J,6.7 mg C1D1/C1D8/C1D15; 20 mg Day 1 subsequent cycles,0.2480,1117,-11.5995,% change from baseline,Digitized from the visible waterfall contour in Fig. 5. X-axis is normalized patient rank. Approximate patient rank assumes n=4500; Fig. 5 itself does not print n.
J,6.7 mg C1D1/C1D8/C1D15; 20 mg Day 1 subsequent cycles,0.2500,1126,-13.8037,% change from baseline,Digitized from the visible waterfall contour in Fig. 5. X-axis is normalized patient rank. Approximate patient rank assumes n=4500; Fig. 5 itself does not print n.
J,6.7 mg C1D1/C1D8/C1D15; 20 mg Day 1 subsequent cycles,0.2520,1135,-16.0079,% change from baseline,Digitized from the visible waterfall contour in Fig. 5. X-axis is normalized patient rank. Approximate patient rank assumes n=4500; Fig. 5 itself does not print n.
J,6.7 mg C1D1/C1D8/C1D15; 20 mg Day 1 subsequent cycles,0.2540,1144,-18.212,% change from baseline,Digitized from the visible waterfall contour in Fig. 5. X-axis is normalized patient rank. Approximate patient rank assumes n=4500; Fig. 5 itself does not print n.
J,6.7 mg C1D1/C1D8/C1D15; 20 mg Day 1 subsequent cycles,0.2560,1153,-20.4162,% change from baseline,Digitized from the visible waterfall contour in Fig. 5. X-axis is normalized patient rank. Approximate patient rank assumes n=4500; Fig. 5 itself does not print n.
J,6.7 mg C1D1/C1D8/C1D15; 20 mg Day 1 subsequent cycles,0.2580,1162,-22.6204,% change from baseline,Digitized from the visible waterfall contour in Fig. 5. X-axis is normalized patient rank. Approximate patient rank assumes n=4500; Fig. 5 itself does not print n.
J,6.7 mg C1D1/C1D8/C1D15; 20 mg Day 1 subsequent cycles,0.2600,1171,-24.8245,% change from baseline,Digitized from the visible waterfall contour in Fig. 5. X-axis is normalized patient rank. Approximate patient rank assumes n=4500; Fig. 5 itself does not print n.
J,6.7 mg C1D1/C1D8/C1D15; 20 mg Day 1 subsequent cycles,0.2620,1180,-27.0287,% change from baseline,Digitized from the visible waterfall contour in Fig. 5. X-axis is normalized patient rank. Approximate patient rank assumes n=4500; Fig. 5 itself does not print n.
J,6.7 mg C1D1/C1D8/C1D15; 20 mg Day 1 subsequent cycles,0.2640,1189,-29.2329,% change from baseline,Digitized from the visible waterfall contour in Fig. 5. X-axis is normalized patient rank. Approximate patient rank assumes n=4500; Fig. 5 itself does not print n.
J,6.7 mg C1D1/C1D8/C1D15; 20 mg Day 1 subsequent cycles,0.2660,1198,-31.4371,% change from baseline,Digitized from the visible waterfall contour in Fig. 5. X-axis is normalized patient rank. Approximate patient rank assumes n=4500; Fig. 5 itself does not print n.
J,6.7 mg C1D1/C1D8/C1D15; 20 mg Day 1 subsequent cycles,0.2680,1207,-33.6412,% change from baseline,Digitized from the visible waterfall contour in Fig. 5. X-axis is normalized patient rank. Approximate patient rank assumes n=4500; Fig. 5 itself does not print n.
J,6.7 mg C1D1/C1D8/C1D15; 20 mg Day 1 subsequent cycles,0.2700,1216,-35.8454,% change from baseline,Digitized from the visible waterfall contour in Fig. 5. X-axis is normalized patient rank. Approximate patient rank assumes n=4500; Fig. 5 itself does not print n.
J,6.7 mg C1D1/C1D8/C1D15; 20 mg Day 1 subsequent cycles,0.2720,1225,-38.0496,% change from baseline,Digitized from the visible waterfall contour in Fig. 5. X-axis is normalized patient rank. Approximate patient rank assumes n=4500; Fig. 5 itself does not print n.
J,6.7 mg C1D1/C1D8/C1D15; 20 mg Day 1 subsequent cycles,0.2740,1234,-40.2537,% change from baseline,Digitized from the visible waterfall contour in Fig. 5. X-axis is normalized patient rank. Approximate patient rank assumes n=4500; Fig. 5 itself does not print n.
J,6.7 mg C1D1/C1D8/C1D15; 20 mg Day 1 subsequent cycles,0.2760,1243,-42.4579,% change from baseline,Digitized from the visible waterfall contour in Fig. 5. X-axis is normalized patient rank. Approximate patient rank assumes n=4500; Fig. 5 itself does not print n.
J,6.7 mg C1D1/C1D8/C1D15; 20 mg Day 1 subsequent cycles,0.2780,1252,-44.6621,% change from baseline,Digitized from the visible waterfall contour in Fig. 5. X-axis is normalized patient rank. Approximate patient rank assumes n=4500; Fig. 5 itself does not print n.
J,6.7 mg C1D1/C1D8/C1D15; 20 mg Day 1 subsequent cycles,0.2800,1261,-46.8663,% change from baseline,Digitized from the visible waterfall contour in Fig. 5. X-axis is normalized patient rank. Approximate patient rank assumes n=4500; Fig. 5 itself does not print n.
J,6.7 mg C1D1/C1D8/C1D15; 20 mg Day 1 subsequent cycles,0.2820,1270,-49.0704,% change from baseline,Digitized from the visible waterfall contour in Fig. 5. X-axis is normalized patient rank. Approximate patient rank assumes n=4500; Fig. 5 itself does not print n.
J,6.7 mg C1D1/C1D8/C1D15; 20 mg Day 1 subsequent cycles,0.2840,1279,-52.6217,% change from baseline,Digitized from the visible waterfall contour in Fig. 5. X-axis is normalized patient rank. Approximate patient rank assumes n=4500; Fig. 5 itself does not print n.
J,6.7 mg C1D1/C1D8/C1D15; 20 mg Day 1 subsequent cycles,0.2860,1288,-55.9734,% change from baseline,Digitized from the visible waterfall contour in Fig. 5. X-axis is normalized patient rank. Approximate patient rank assumes n=4500; Fig. 5 itself does not print n.
J,6.7 mg C1D1/C1D8/C1D15; 20 mg Day 1 subsequent cycles,0.2880,1297,-58.3067,% change from baseline,Digitized from the visible waterfall contour in Fig. 5. X-axis is normalized patient rank. Approximate patient rank assumes n=4500; Fig. 5 itself does not print n.
J,6.7 mg C1D1/C1D8/C1D15; 20 mg Day 1 subsequent cycles,0.2900,1306,-61.7996,% change from baseline,Digitized from the visible waterfall contour in Fig. 5. X-axis is normalized patient rank. Approximate patient rank assumes n=4500; Fig. 5 itself does not print n.
J,6.7 mg C1D1/C1D8/C1D15; 20 mg Day 1 subsequent cycles,0.2920,1315,-64.4335,% change from baseline,Digitized from the visible waterfall contour in Fig. 5. X-axis is normalized patient rank. Approximate patient rank assumes n=4500; Fig. 5 itself does not print n.
J,6.7 mg C1D1/C1D8/C1D15; 20 mg Day 1 subsequent cycles,0.2940,1324,-66.4744,% change from baseline,Digitized from the visible waterfall contour in Fig. 5. X-axis is normalized patient rank. Approximate patient rank assumes n=4500; Fig. 5 itself does not print n.
J,6.7 mg C1D1/C1D8/C1D15; 20 mg Day 1 subsequent cycles,0.2960,1333,-69.2352,% change from baseline,Digitized from the visible waterfall contour in Fig. 5. X-axis is normalized patient rank. Approximate patient rank assumes n=4500; Fig. 5 itself does not print n.
J,6.7 mg C1D1/C1D8/C1D15; 20 mg Day 1 subsequent cycles,0.2980,1342,-73.0143,% change from baseline,Digitized from the visible waterfall contour in Fig. 5. X-axis is normalized patient rank. Approximate patient rank assumes n=4500; Fig. 5 itself does not print n.
J,6.7 mg C1D1/C1D8/C1D15; 20 mg Day 1 subsequent cycles,0.3000,1351,-75.6646,% change from baseline,Digitized from the visible waterfall contour in Fig. 5. X-axis is normalized patient rank. Approximate patient rank assumes n=4500; Fig. 5 itself does not print n.
J,6.7 mg C1D1/C1D8/C1D15; 20 mg Day 1 subsequent cycles,0.3020,1360,-77.7055,% change from baseline,Digitized from the visible waterfall contour in Fig. 5. X-axis is normalized patient rank. Approximate patient rank assumes n=4500; Fig. 5 itself does not print n.
J,6.7 mg C1D1/C1D8/C1D15; 20 mg Day 1 subsequent cycles,0.3040,1369,-81.1697,% change from baseline,Digitized from the visible waterfall contour in Fig. 5. X-axis is normalized patient rank. Approximate patient rank assumes n=4500; Fig. 5 itself does not print n.
J,6.7 mg C1D1/C1D8/C1D15; 20 mg Day 1 subsequent cycles,0.3060,1378,-83.8323,% change from baseline,Digitized from the visible waterfall contour in Fig. 5. X-axis is normalized patient rank. Approximate patient rank assumes n=4500; Fig. 5 itself does not print n.
J,6.7 mg C1D1/C1D8/C1D15; 20 mg Day 1 subsequent cycles,0.3080,1387,-87.2883,% change from baseline,Digitized from the visible waterfall contour in Fig. 5. X-axis is normalized patient rank. Approximate patient rank assumes n=4500; Fig. 5 itself does not print n.
J,6.7 mg C1D1/C1D8/C1D15; 20 mg Day 1 subsequent cycles,0.3100,1396,-89.9591,% change from baseline,Digitized from the visible waterfall contour in Fig. 5. X-axis is normalized patient rank. Approximate patient rank assumes n=4500; Fig. 5 itself does not print n.
J,6.7 mg C1D1/C1D8/C1D15; 20 mg Day 1 subsequent cycles,0.3120,1405,-93.407,% change from baseline,Digitized from the visible waterfall contour in Fig. 5. X-axis is normalized patient rank. Approximate patient rank assumes n=4500; Fig. 5 itself does not print n.
J,6.7 mg C1D1/C1D8/C1D15; 20 mg Day 1 subsequent cycles,0.3140,1414,-95.3845,% change from baseline,Digitized from the visible waterfall contour in Fig. 5. X-axis is normalized patient rank. Approximate patient rank assumes n=4500; Fig. 5 itself does not print n.
J,6.7 mg C1D1/C1D8/C1D15; 20 mg Day 1 subsequent cycles,0.3160,1423,-96.4049,% change from baseline,Digitized from the visible waterfall contour in Fig. 5. X-axis is normalized patient rank. Approximate patient rank assumes n=4500; Fig. 5 itself does not print n.
J,6.7 mg C1D1/C1D8/C1D15; 20 mg Day 1 subsequent cycles,0.3180,1432,-96.728,% change from baseline,Digitized from the visible waterfall contour in Fig. 5. X-axis is normalized patient rank. Approximate patient rank assumes n=4500; Fig. 5 itself does not print n.
J,6.7 mg C1D1/C1D8/C1D15; 20 mg Day 1 subsequent cycles,0.3200,1441,-96.728,% change from baseline,Digitized from the visible waterfall contour in Fig. 5. X-axis is normalized patient rank. Approximate patient rank assumes n=4500; Fig. 5 itself does not print n.
J,6.7 mg C1D1/C1D8/C1D15; 20 mg Day 1 subsequent cycles,0.3220,1450,-96.728,% change from baseline,Digitized from the visible waterfall contour in Fig. 5. X-axis is normalized patient rank. Approximate patient rank assumes n=4500; Fig. 5 itself does not print n.
J,6.7 mg C1D1/C1D8/C1D15; 20 mg Day 1 subsequent cycles,0.3240,1459,-96.728,% change from baseline,Digitized from the visible waterfall contour in Fig. 5. X-axis is normalized patient rank. Approximate patient rank assumes n=4500; Fig. 5 itself does not print n.
J,6.7 mg C1D1/C1D8/C1D15; 20 mg Day 1 subsequent cycles,0.3260,1468,-96.728,% change from baseline,Digitized from the visible waterfall contour in Fig. 5. X-axis is normalized patient rank. Approximate patient rank assumes n=4500; Fig. 5 itself does not print n.
J,6.7 mg C1D1/C1D8/C1D15; 20 mg Day 1 subsequent cycles,0.3280,1477,-96.728,% change from baseline,Digitized from the visible waterfall contour in Fig. 5. X-axis is normalized patient rank. Approximate patient rank assumes n=4500; Fig. 5 itself does not print n.
J,6.7 mg C1D1/C1D8/C1D15; 20 mg Day 1 subsequent cycles,0.3300,1486,-96.728,% change from baseline,Digitized from the visible waterfall contour in Fig. 5. X-axis is normalized patient rank. Approximate patient rank assumes n=4500; Fig. 5 itself does not print n.
J,6.7 mg C1D1/C1D8/C1D15; 20 mg Day 1 subsequent cycles,0.3320,1495,-96.728,% change from baseline,Digitized from the visible waterfall contour in Fig. 5. X-axis is normalized patient rank. Approximate patient rank assumes n=4500; Fig. 5 itself does not print n.
J,6.7 mg C1D1/C1D8/C1D15; 20 mg Day 1 subsequent cycles,0.3340,1504,-96.728,% change from baseline,Digitized from the visible waterfall contour in Fig. 5. X-axis is normalized patient rank. Approximate patient rank assumes n=4500; Fig. 5 itself does not print n.
J,6.7 mg C1D1/C1D8/C1D15; 20 mg Day 1 subsequent cycles,0.3360,1513,-96.728,% change from baseline,Digitized from the visible waterfall contour in Fig. 5. X-axis is normalized patient rank. Approximate patient rank assumes n=4500; Fig. 5 itself does not print n.
J,6.7 mg C1D1/C1D8/C1D15; 20 mg Day 1 subsequent cycles,0.3380,1522,-96.728,% change from baseline,Digitized from the visible waterfall contour in Fig. 5. X-axis is normalized patient rank. Approximate patient rank assumes n=4500; Fig. 5 itself does not print n.
J,6.7 mg C1D1/C1D8/C1D15; 20 mg Day 1 subsequent cycles,0.3400,1531,-96.728,% change from baseline,Digitized from the visible waterfall contour in Fig. 5. X-axis is normalized patient rank. Approximate patient rank assumes n=4500; Fig. 5 itself does not print n.
J,6.7 mg C1D1/C1D8/C1D15; 20 mg Day 1 subsequent cycles,0.3420,1540,-96.728,% change from baseline,Digitized from the visible waterfall contour in Fig. 5. X-axis is normalized patient rank. Approximate patient rank assumes n=4500; Fig. 5 itself does not print n.
J,6.7 mg C1D1/C1D8/C1D15; 20 mg Day 1 subsequent cycles,0.3440,1549,-96.728,% change from baseline,Digitized from the visible waterfall contour in Fig. 5. X-axis is normalized patient rank. Approximate patient rank assumes n=4500; Fig. 5 itself does not print n.
J,6.7 mg C1D1/C1D8/C1D15; 20 mg Day 1 subsequent cycles,0.3460,1558,-96.728,% change from baseline,Digitized from the visible waterfall contour in Fig. 5. X-axis is normalized patient rank. Approximate patient rank assumes n=4500; Fig. 5 itself does not print n.
J,6.7 mg C1D1/C1D8/C1D15; 20 mg Day 1 subsequent cycles,0.3480,1567,-96.728,% change from baseline,Digitized from the visible waterfall contour in Fig. 5. X-axis is normalized patient rank. Approximate patient rank assumes n=4500; Fig. 5 itself does not print n.
J,6.7 mg C1D1/C1D8/C1D15; 20 mg Day 1 subsequent cycles,0.3500,1576,-96.728,% change from baseline,Digitized from the visible waterfall contour in Fig. 5. X-axis is normalized patient rank. Approximate patient rank assumes n=4500; Fig. 5 itself does not print n.
J,6.7 mg C1D1/C1D8/C1D15; 20 mg Day 1 subsequent cycles,0.3520,1585,-96.728,% change from baseline,Digitized from the visible waterfall contour in Fig. 5. X-axis is normalized patient rank. Approximate patient rank assumes n=4500; Fig. 5 itself does not print n.
J,6.7 mg C1D1/C1D8/C1D15; 20 mg Day 1 subsequent cycles,0.3540,1594,-96.728,% change from baseline,Digitized from the visible waterfall contour in Fig. 5. X-axis is normalized patient rank. Approximate patient rank assumes n=4500; Fig. 5 itself does not print n.
J,6.7 mg C1D1/C1D8/C1D15; 20 mg Day 1 subsequent cycles,0.3560,1603,-96.728,% change from baseline,Digitized from the visible waterfall contour in Fig. 5. X-axis is normalized patient rank. Approximate patient rank assumes n=4500; Fig. 5 itself does not print n.
J,6.7 mg C1D1/C1D8/C1D15; 20 mg Day 1 subsequent cycles,0.3580,1612,-96.728,% change from baseline,Digitized from the visible waterfall contour in Fig. 5. X-axis is normalized patient rank. Approximate patient rank assumes n=4500; Fig. 5 itself does not print n.
J,6.7 mg C1D1/C1D8/C1D15; 20 mg Day 1 subsequent cycles,0.3600,1621,-96.728,% change from baseline,Digitized from the visible waterfall contour in Fig. 5. X-axis is normalized patient rank. Approximate patient rank assumes n=4500; Fig. 5 itself does not print n.
J,6.7 mg C1D1/C1D8/C1D15; 20 mg Day 1 subsequent cycles,0.3620,1630,-96.728,% change from baseline,Digitized from the visible waterfall contour in Fig. 5. X-axis is normalized patient rank. Approximate patient rank assumes n=4500; Fig. 5 itself does not print n.
J,6.7 mg C1D1/C1D8/C1D15; 20 mg Day 1 subsequent cycles,0.3640,1639,-96.728,% change from baseline,Digitized from the visible waterfall contour in Fig. 5. X-axis is normalized patient rank. Approximate patient rank assumes n=4500; Fig. 5 itself does not print n.
J,6.7 mg C1D1/C1D8/C1D15; 20 mg Day 1 subsequent cycles,0.3660,1648,-96.728,% change from baseline,Digitized from the visible waterfall contour in Fig. 5. X-axis is normalized patient rank. Approximate patient rank assumes n=4500; Fig. 5 itself does not print n.
J,6.7 mg C1D1/C1D8/C1D15; 20 mg Day 1 subsequent cycles,0.3680,1657,-96.728,% change from baseline,Digitized from the visible waterfall contour in Fig. 5. X-axis is normalized patient rank. Approximate patient rank assumes n=4500; Fig. 5 itself does not print n.
J,6.7 mg C1D1/C1D8/C1D15; 20 mg Day 1 subsequent cycles,0.3700,1666,-96.728,% change from baseline,Digitized from the visible waterfall contour in Fig. 5. X-axis is normalized patient rank. Approximate patient rank assumes n=4500; Fig. 5 itself does not print n.
J,6.7 mg C1D1/C1D8/C1D15; 20 mg Day 1 subsequent cycles,0.3720,1675,-96.728,% change from baseline,Digitized from the visible waterfall contour in Fig. 5. X-axis is normalized patient rank. Approximate patient rank assumes n=4500; Fig. 5 itself does not print n.
J,6.7 mg C1D1/C1D8/C1D15; 20 mg Day 1 subsequent cycles,0.3740,1684,-96.728,% change from baseline,Digitized from the visible waterfall contour in Fig. 5. X-axis is normalized patient rank. Approximate patient rank assumes n=4500; Fig. 5 itself does not print n.
J,6.7 mg C1D1/C1D8/C1D15; 20 mg Day 1 subsequent cycles,0.3760,1693,-96.728,% change from baseline,Digitized from the visible waterfall contour in Fig. 5. X-axis is normalized patient rank. Approximate patient rank assumes n=4500; Fig. 5 itself does not print n.
J,6.7 mg C1D1/C1D8/C1D15; 20 mg Day 1 subsequent cycles,0.3780,1702,-96.728,% change from baseline,Digitized from the visible waterfall contour in Fig. 5. X-axis is normalized patient rank. Approximate patient rank assumes n=4500; Fig. 5 itself does not print n.
J,6.7 mg C1D1/C1D8/C1D15; 20 mg Day 1 subsequent cycles,0.3800,1711,-96.728,% change from baseline,Digitized from the visible waterfall contour in Fig. 5. X-axis is normalized patient rank. Approximate patient rank assumes n=4500; Fig. 5 itself does not print n.
J,6.7 mg C1D1/C1D8/C1D15; 20 mg Day 1 subsequent cycles,0.3820,1720,-96.728,% change from baseline,Digitized from the visible waterfall contour in Fig. 5. X-axis is normalized patient rank. Approximate patient rank assumes n=4500; Fig. 5 itself does not print n.
J,6.7 mg C1D1/C1D8/C1D15; 20 mg Day 1 subsequent cycles,0.3840,1729,-96.728,% change from baseline,Digitized from the visible waterfall contour in Fig. 5. X-axis is normalized patient rank. Approximate patient rank assumes n=4500; Fig. 5 itself does not print n.
J,6.7 mg C1D1/C1D8/C1D15; 20 mg Day 1 subsequent cycles,0.3860,1738,-96.728,% change from baseline,Digitized from the visible waterfall contour in Fig. 5. X-axis is normalized patient rank. Approximate patient rank assumes n=4500; Fig. 5 itself does not print n.
J,6.7 mg C1D1/C1D8/C1D15; 20 mg Day 1 subsequent cycles,0.3880,1747,-96.728,% change from baseline,Digitized from the visible waterfall contour in Fig. 5. X-axis is normalized patient rank. Approximate patient rank assumes n=4500; Fig. 5 itself does not print n.
J,6.7 mg C1D1/C1D8/C1D15; 20 mg Day 1 subsequent cycles,0.3900,1756,-96.728,% change from baseline,Digitized from the visible waterfall contour in Fig. 5. X-axis is normalized patient rank. Approximate patient rank assumes n=4500; Fig. 5 itself does not print n.
J,6.7 mg C1D1/C1D8/C1D15; 20 mg Day 1 subsequent cycles,0.3920,1765,-96.728,% change from baseline,Digitized from the visible waterfall contour in Fig. 5. X-axis is normalized patient rank. Approximate patient rank assumes n=4500; Fig. 5 itself does not print n.
J,6.7 mg C1D1/C1D8/C1D15; 20 mg Day 1 subsequent cycles,0.3940,1774,-96.728,% change from baseline,Digitized from the visible waterfall contour in Fig. 5. X-axis is normalized patient rank. Approximate patient rank assumes n=4500; Fig. 5 itself does not print n.
J,6.7 mg C1D1/C1D8/C1D15; 20 mg Day 1 subsequent cycles,0.3960,1783,-96.728,% change from baseline,Digitized from the visible waterfall contour in Fig. 5. X-axis is normalized patient rank. Approximate patient rank assumes n=4500; Fig. 5 itself does not print n.
J,6.7 mg C1D1/C1D8/C1D15; 20 mg Day 1 subsequent cycles,0.3980,1792,-96.728,% change from baseline,Digitized from the visible waterfall contour in Fig. 5. X-axis is normalized patient rank. Approximate patient rank assumes n=4500; Fig. 5 itself does not print n.
J,6.7 mg C1D1/C1D8/C1D15; 20 mg Day 1 subsequent cycles,0.4000,1801,-96.728,% change from baseline,Digitized from the visible waterfall contour in Fig. 5. X-axis is normalized patient rank. Approximate patient rank assumes n=4500; Fig. 5 itself does not print n.
J,6.7 mg C1D1/C1D8/C1D15; 20 mg Day 1 subsequent cycles,0.4020,1810,-96.728,% change from baseline,Digitized from the visible waterfall contour in Fig. 5. X-axis is normalized patient rank. Approximate patient rank assumes n=4500; Fig. 5 itself does not print n.
J,6.7 mg C1D1/C1D8/C1D15; 20 mg Day 1 subsequent cycles,0.4040,1819,-96.728,% change from baseline,Digitized from the visible waterfall contour in Fig. 5. X-axis is normalized patient rank. Approximate patient rank assumes n=4500; Fig. 5 itself does not print n.
J,6.7 mg C1D1/C1D8/C1D15; 20 mg Day 1 subsequent cycles,0.4060,1828,-96.728,% change from baseline,Digitized from the visible waterfall contour in Fig. 5. X-axis is normalized patient rank. Approximate patient rank assumes n=4500; Fig. 5 itself does not print n.
J,6.7 mg C1D1/C1D8/C1D15; 20 mg Day 1 subsequent cycles,0.4080,1837,-96.728,% change from baseline,Digitized from the visible waterfall contour in Fig. 5. X-axis is normalized patient rank. Approximate patient rank assumes n=4500; Fig. 5 itself does not print n.
J,6.7 mg C1D1/C1D8/C1D15; 20 mg Day 1 subsequent cycles,0.4100,1846,-96.728,% change from baseline,Digitized from the visible waterfall contour in Fig. 5. X-axis is normalized patient rank. Approximate patient rank assumes n=4500; Fig. 5 itself does not print n.
J,6.7 mg C1D1/C1D8/C1D15; 20 mg Day 1 subsequent cycles,0.4120,1855,-96.728,% change from baseline,Digitized from the visible waterfall contour in Fig. 5. X-axis is normalized patient rank. Approximate patient rank assumes n=4500; Fig. 5 itself does not print n.
J,6.7 mg C1D1/C1D8/C1D15; 20 mg Day 1 subsequent cycles,0.4140,1864,-96.728,% change from baseline,Digitized from the visible waterfall contour in Fig. 5. X-axis is normalized patient rank. Approximate patient rank assumes n=4500; Fig. 5 itself does not print n.
J,6.7 mg C1D1/C1D8/C1D15; 20 mg Day 1 subsequent cycles,0.4160,1873,-96.728,% change from baseline,Digitized from the visible waterfall contour in Fig. 5. X-axis is normalized patient rank. Approximate patient rank assumes n=4500; Fig. 5 itself does not print n.
J,6.7 mg C1D1/C1D8/C1D15; 20 mg Day 1 subsequent cycles,0.4180,1882,-96.728,% change from baseline,Digitized from the visible waterfall contour in Fig. 5. X-axis is normalized patient rank. Approximate patient rank assumes n=4500; Fig. 5 itself does not print n.
J,6.7 mg C1D1/C1D8/C1D15; 20 mg Day 1 subsequent cycles,0.4200,1891,-96.728,% change from baseline,Digitized from the visible waterfall contour in Fig. 5. X-axis is normalized patient rank. Approximate patient rank assumes n=4500; Fig. 5 itself does not print n.
J,6.7 mg C1D1/C1D8/C1D15; 20 mg Day 1 subsequent cycles,0.4220,1900,-96.728,% change from baseline,Digitized from the visible waterfall contour in Fig. 5. X-axis is normalized patient rank. Approximate patient rank assumes n=4500; Fig. 5 itself does not print n.
J,6.7 mg C1D1/C1D8/C1D15; 20 mg Day 1 subsequent cycles,0.4240,1909,-96.728,% change from baseline,Digitized from the visible waterfall contour in Fig. 5. X-axis is normalized patient rank. Approximate patient rank assumes n=4500; Fig. 5 itself does not print n.
J,6.7 mg C1D1/C1D8/C1D15; 20 mg Day 1 subsequent cycles,0.4260,1918,-96.728,% change from baseline,Digitized from the visible waterfall contour in Fig. 5. X-axis is normalized patient rank. Approximate patient rank assumes n=4500; Fig. 5 itself does not print n.
J,6.7 mg C1D1/C1D8/C1D15; 20 mg Day 1 subsequent cycles,0.4280,1927,-96.728,% change from baseline,Digitized from the visible waterfall contour in Fig. 5. X-axis is normalized patient rank. Approximate patient rank assumes n=4500; Fig. 5 itself does not print n.
J,6.7 mg C1D1/C1D8/C1D15; 20 mg Day 1 subsequent cycles,0.4300,1936,-96.728,% change from baseline,Digitized from the visible waterfall contour in Fig. 5. X-axis is normalized patient rank. Approximate patient rank assumes n=4500; Fig. 5 itself does not print n.
J,6.7 mg C1D1/C1D8/C1D15; 20 mg Day 1 subsequent cycles,0.4320,1945,-96.728,% change from baseline,Digitized from the visible waterfall contour in Fig. 5. X-axis is normalized patient rank. Approximate patient rank assumes n=4500; Fig. 5 itself does not print n.
J,6.7 mg C1D1/C1D8/C1D15; 20 mg Day 1 subsequent cycles,0.4340,1954,-96.728,% change from baseline,Digitized from the visible waterfall contour in Fig. 5. X-axis is normalized patient rank. Approximate patient rank assumes n=4500; Fig. 5 itself does not print n.
J,6.7 mg C1D1/C1D8/C1D15; 20 mg Day 1 subsequent cycles,0.4360,1963,-96.728,% change from baseline,Digitized from the visible waterfall contour in Fig. 5. X-axis is normalized patient rank. Approximate patient rank assumes n=4500; Fig. 5 itself does not print n.
J,6.7 mg C1D1/C1D8/C1D15; 20 mg Day 1 subsequent cycles,0.4380,1972,-96.728,% change from baseline,Digitized from the visible waterfall contour in Fig. 5. X-axis is normalized patient rank. Approximate patient rank assumes n=4500; Fig. 5 itself does not print n.
J,6.7 mg C1D1/C1D8/C1D15; 20 mg Day 1 subsequent cycles,0.4400,1981,-96.728,% change from baseline,Digitized from the visible waterfall contour in Fig. 5. X-axis is normalized patient rank. Approximate patient rank assumes n=4500; Fig. 5 itself does not print n.
J,6.7 mg C1D1/C1D8/C1D15; 20 mg Day 1 subsequent cycles,0.4420,1990,-96.728,% change from baseline,Digitized from the visible waterfall contour in Fig. 5. X-axis is normalized patient rank. Approximate patient rank assumes n=4500; Fig. 5 itself does not print n.
J,6.7 mg C1D1/C1D8/C1D15; 20 mg Day 1 subsequent cycles,0.4440,1999,-96.728,% change from baseline,Digitized from the visible waterfall contour in Fig. 5. X-axis is normalized patient rank. Approximate patient rank assumes n=4500; Fig. 5 itself does not print n.
J,6.7 mg C1D1/C1D8/C1D15; 20 mg Day 1 subsequent cycles,0.4460,2008,-96.728,% change from baseline,Digitized from the visible waterfall contour in Fig. 5. X-axis is normalized patient rank. Approximate patient rank assumes n=4500; Fig. 5 itself does not print n.
J,6.7 mg C1D1/C1D8/C1D15; 20 mg Day 1 subsequent cycles,0.4480,2017,-96.728,% change from baseline,Digitized from the visible waterfall contour in Fig. 5. X-axis is normalized patient rank. Approximate patient rank assumes n=4500; Fig. 5 itself does not print n.
J,6.7 mg C1D1/C1D8/C1D15; 20 mg Day 1 subsequent cycles,0.4500,2026,-96.728,% change from baseline,Digitized from the visible waterfall contour in Fig. 5. X-axis is normalized patient rank. Approximate patient rank assumes n=4500; Fig. 5 itself does not print n.
J,6.7 mg C1D1/C1D8/C1D15; 20 mg Day 1 subsequent cycles,0.4520,2035,-96.728,% change from baseline,Digitized from the visible waterfall contour in Fig. 5. X-axis is normalized patient rank. Approximate patient rank assumes n=4500; Fig. 5 itself does not print n.
J,6.7 mg C1D1/C1D8/C1D15; 20 mg Day 1 subsequent cycles,0.4540,2044,-96.728,% change from baseline,Digitized from the visible waterfall contour in Fig. 5. X-axis is normalized patient rank. Approximate patient rank assumes n=4500; Fig. 5 itself does not print n.
J,6.7 mg C1D1/C1D8/C1D15; 20 mg Day 1 subsequent cycles,0.4560,2053,-96.728,% change from baseline,Digitized from the visible waterfall contour in Fig. 5. X-axis is normalized patient rank. Approximate patient rank assumes n=4500; Fig. 5 itself does not print n.
J,6.7 mg C1D1/C1D8/C1D15; 20 mg Day 1 subsequent cycles,0.4580,2062,-96.728,% change from baseline,Digitized from the visible waterfall contour in Fig. 5. X-axis is normalized patient rank. Approximate patient rank assumes n=4500; Fig. 5 itself does not print n.
J,6.7 mg C1D1/C1D8/C1D15; 20 mg Day 1 subsequent cycles,0.4600,2071,-96.728,% change from baseline,Digitized from the visible waterfall contour in Fig. 5. X-axis is normalized patient rank. Approximate patient rank assumes n=4500; Fig. 5 itself does not print n.
J,6.7 mg C1D1/C1D8/C1D15; 20 mg Day 1 subsequent cycles,0.4620,2080,-96.728,% change from baseline,Digitized from the visible waterfall contour in Fig. 5. X-axis is normalized patient rank. Approximate patient rank assumes n=4500; Fig. 5 itself does not print n.
J,6.7 mg C1D1/C1D8/C1D15; 20 mg Day 1 subsequent cycles,0.4640,2089,-96.728,% change from baseline,Digitized from the visible waterfall contour in Fig. 5. X-axis is normalized patient rank. Approximate patient rank assumes n=4500; Fig. 5 itself does not print n.
J,6.7 mg C1D1/C1D8/C1D15; 20 mg Day 1 subsequent cycles,0.4660,2098,-96.728,% change from baseline,Digitized from the visible waterfall contour in Fig. 5. X-axis is normalized patient rank. Approximate patient rank assumes n=4500; Fig. 5 itself does not print n.
J,6.7 mg C1D1/C1D8/C1D15; 20 mg Day 1 subsequent cycles,0.4680,2107,-96.728,% change from baseline,Digitized from the visible waterfall contour in Fig. 5. X-axis is normalized patient rank. Approximate patient rank assumes n=4500; Fig. 5 itself does not print n.
J,6.7 mg C1D1/C1D8/C1D15; 20 mg Day 1 subsequent cycles,0.4700,2116,-96.728,% change from baseline,Digitized from the visible waterfall contour in Fig. 5. X-axis is normalized patient rank. Approximate patient rank assumes n=4500; Fig. 5 itself does not print n.
J,6.7 mg C1D1/C1D8/C1D15; 20 mg Day 1 subsequent cycles,0.4720,2125,-96.728,% change from baseline,Digitized from the visible waterfall contour in Fig. 5. X-axis is normalized patient rank. Approximate patient rank assumes n=4500; Fig. 5 itself does not print n.
J,6.7 mg C1D1/C1D8/C1D15; 20 mg Day 1 subsequent cycles,0.4740,2134,-96.728,% change from baseline,Digitized from the visible waterfall contour in Fig. 5. X-axis is normalized patient rank. Approximate patient rank assumes n=4500; Fig. 5 itself does not print n.
J,6.7 mg C1D1/C1D8/C1D15; 20 mg Day 1 subsequent cycles,0.4760,2143,-96.728,% change from baseline,Digitized from the visible waterfall contour in Fig. 5. X-axis is normalized patient rank. Approximate patient rank assumes n=4500; Fig. 5 itself does not print n.
J,6.7 mg C1D1/C1D8/C1D15; 20 mg Day 1 subsequent cycles,0.4780,2152,-96.728,% change from baseline,Digitized from the visible waterfall contour in Fig. 5. X-axis is normalized patient rank. Approximate patient rank assumes n=4500; Fig. 5 itself does not print n.
J,6.7 mg C1D1/C1D8/C1D15; 20 mg Day 1 subsequent cycles,0.4800,2161,-96.728,% change from baseline,Digitized from the visible waterfall contour in Fig. 5. X-axis is normalized patient rank. Approximate patient rank assumes n=4500; Fig. 5 itself does not print n.
J,6.7 mg C1D1/C1D8/C1D15; 20 mg Day 1 subsequent cycles,0.4820,2170,-96.728,% change from baseline,Digitized from the visible waterfall contour in Fig. 5. X-axis is normalized patient rank. Approximate patient rank assumes n=4500; Fig. 5 itself does not print n.
J,6.7 mg C1D1/C1D8/C1D15; 20 mg Day 1 subsequent cycles,0.4840,2179,-96.728,% change from baseline,Digitized from the visible waterfall contour in Fig. 5. X-axis is normalized patient rank. Approximate patient rank assumes n=4500; Fig. 5 itself does not print n.
J,6.7 mg C1D1/C1D8/C1D15; 20 mg Day 1 subsequent cycles,0.4860,2188,-96.728,% change from baseline,Digitized from the visible waterfall contour in Fig. 5. X-axis is normalized patient rank. Approximate patient rank assumes n=4500; Fig. 5 itself does not print n.
J,6.7 mg C1D1/C1D8/C1D15; 20 mg Day 1 subsequent cycles,0.4880,2197,-96.728,% change from baseline,Digitized from the visible waterfall contour in Fig. 5. X-axis is normalized patient rank. Approximate patient rank assumes n=4500; Fig. 5 itself does not print n.
J,6.7 mg C1D1/C1D8/C1D15; 20 mg Day 1 subsequent cycles,0.4900,2206,-96.728,% change from baseline,Digitized from the visible waterfall contour in Fig. 5. X-axis is normalized patient rank. Approximate patient rank assumes n=4500; Fig. 5 itself does not print n.
J,6.7 mg C1D1/C1D8/C1D15; 20 mg Day 1 subsequent cycles,0.4920,2215,-96.728,% change from baseline,Digitized from the visible waterfall contour in Fig. 5. X-axis is normalized patient rank. Approximate patient rank assumes n=4500; Fig. 5 itself does not print n.
J,6.7 mg C1D1/C1D8/C1D15; 20 mg Day 1 subsequent cycles,0.4940,2224,-96.728,% change from baseline,Digitized from the visible waterfall contour in Fig. 5. X-axis is normalized patient rank. Approximate patient rank assumes n=4500; Fig. 5 itself does not print n.
J,6.7 mg C1D1/C1D8/C1D15; 20 mg Day 1 subsequent cycles,0.4960,2233,-96.728,% change from baseline,Digitized from the visible waterfall contour in Fig. 5. X-axis is normalized patient rank. Approximate patient rank assumes n=4500; Fig. 5 itself does not print n.
J,6.7 mg C1D1/C1D8/C1D15; 20 mg Day 1 subsequent cycles,0.4980,2242,-96.728,% change from baseline,Digitized from the visible waterfall contour in Fig. 5. X-axis is normalized patient rank. Approximate patient rank assumes n=4500; Fig. 5 itself does not print n.
J,6.7 mg C1D1/C1D8/C1D15; 20 mg Day 1 subsequent cycles,0.5000,2250,-96.728,% change from baseline,Digitized from the visible waterfall contour in Fig. 5. X-axis is normalized patient rank. Approximate patient rank assumes n=4500; Fig. 5 itself does not print n.
J,6.7 mg C1D1/C1D8/C1D15; 20 mg Day 1 subsequent cycles,0.5020,2259,-96.728,% change from baseline,Digitized from the visible waterfall contour in Fig. 5. X-axis is normalized patient rank. Approximate patient rank assumes n=4500; Fig. 5 itself does not print n.
J,6.7 mg C1D1/C1D8/C1D15; 20 mg Day 1 subsequent cycles,0.5040,2268,-96.728,% change from baseline,Digitized from the visible waterfall contour in Fig. 5. X-axis is normalized patient rank. Approximate patient rank assumes n=4500; Fig. 5 itself does not print n.
J,6.7 mg C1D1/C1D8/C1D15; 20 mg Day 1 subsequent cycles,0.5060,2277,-96.728,% change from baseline,Digitized from the visible waterfall contour in Fig. 5. X-axis is normalized patient rank. Approximate patient rank assumes n=4500; Fig. 5 itself does not print n.
J,6.7 mg C1D1/C1D8/C1D15; 20 mg Day 1 subsequent cycles,0.5080,2286,-96.728,% change from baseline,Digitized from the visible waterfall contour in Fig. 5. X-axis is normalized patient rank. Approximate patient rank assumes n=4500; Fig. 5 itself does not print n.
J,6.7 mg C1D1/C1D8/C1D15; 20 mg Day 1 subsequent cycles,0.5100,2295,-96.728,% change from baseline,Digitized from the visible waterfall contour in Fig. 5. X-axis is normalized patient rank. Approximate patient rank assumes n=4500; Fig. 5 itself does not print n.
J,6.7 mg C1D1/C1D8/C1D15; 20 mg Day 1 subsequent cycles,0.5120,2304,-96.728,% change from baseline,Digitized from the visible waterfall contour in Fig. 5. X-axis is normalized patient rank. Approximate patient rank assumes n=4500; Fig. 5 itself does not print n.
J,6.7 mg C1D1/C1D8/C1D15; 20 mg Day 1 subsequent cycles,0.5140,2313,-96.728,% change from baseline,Digitized from the visible waterfall contour in Fig. 5. X-axis is normalized patient rank. Approximate patient rank assumes n=4500; Fig. 5 itself does not print n.
J,6.7 mg C1D1/C1D8/C1D15; 20 mg Day 1 subsequent cycles,0.5160,2322,-96.728,% change from baseline,Digitized from the visible waterfall contour in Fig. 5. X-axis is normalized patient rank. Approximate patient rank assumes n=4500; Fig. 5 itself does not print n.
J,6.7 mg C1D1/C1D8/C1D15; 20 mg Day 1 subsequent cycles,0.5180,2331,-96.728,% change from baseline,Digitized from the visible waterfall contour in Fig. 5. X-axis is normalized patient rank. Approximate patient rank assumes n=4500; Fig. 5 itself does not print n.
J,6.7 mg C1D1/C1D8/C1D15; 20 mg Day 1 subsequent cycles,0.5200,2340,-96.728,% change from baseline,Digitized from the visible waterfall contour in Fig. 5. X-axis is normalized patient rank. Approximate patient rank assumes n=4500; Fig. 5 itself does not print n.
J,6.7 mg C1D1/C1D8/C1D15; 20 mg Day 1 subsequent cycles,0.5220,2349,-96.728,% change from baseline,Digitized from the visible waterfall contour in Fig. 5. X-axis is normalized patient rank. Approximate patient rank assumes n=4500; Fig. 5 itself does not print n.
J,6.7 mg C1D1/C1D8/C1D15; 20 mg Day 1 subsequent cycles,0.5240,2358,-96.728,% change from baseline,Digitized from the visible waterfall contour in Fig. 5. X-axis is normalized patient rank. Approximate patient rank assumes n=4500; Fig. 5 itself does not print n.
J,6.7 mg C1D1/C1D8/C1D15; 20 mg Day 1 subsequent cycles,0.5260,2367,-96.728,% change from baseline,Digitized from the visible waterfall contour in Fig. 5. X-axis is normalized patient rank. Approximate patient rank assumes n=4500; Fig. 5 itself does not print n.
J,6.7 mg C1D1/C1D8/C1D15; 20 mg Day 1 subsequent cycles,0.5280,2376,-96.728,% change from baseline,Digitized from the visible waterfall contour in Fig. 5. X-axis is normalized patient rank. Approximate patient rank assumes n=4500; Fig. 5 itself does not print n.
J,6.7 mg C1D1/C1D8/C1D15; 20 mg Day 1 subsequent cycles,0.5300,2385,-96.728,% change from baseline,Digitized from the visible waterfall contour in Fig. 5. X-axis is normalized patient rank. Approximate patient rank assumes n=4500; Fig. 5 itself does not print n.
J,6.7 mg C1D1/C1D8/C1D15; 20 mg Day 1 subsequent cycles,0.5320,2394,-96.728,% change from baseline,Digitized from the visible waterfall contour in Fig. 5. X-axis is normalized patient rank. Approximate patient rank assumes n=4500; Fig. 5 itself does not print n.
J,6.7 mg C1D1/C1D8/C1D15; 20 mg Day 1 subsequent cycles,0.5340,2403,-96.728,% change from baseline,Digitized from the visible waterfall contour in Fig. 5. X-axis is normalized patient rank. Approximate patient rank assumes n=4500; Fig. 5 itself does not print n.
J,6.7 mg C1D1/C1D8/C1D15; 20 mg Day 1 subsequent cycles,0.5360,2412,-96.728,% change from baseline,Digitized from the visible waterfall contour in Fig. 5. X-axis is normalized patient rank. Approximate patient rank assumes n=4500; Fig. 5 itself does not print n.
J,6.7 mg C1D1/C1D8/C1D15; 20 mg Day 1 subsequent cycles,0.5380,2421,-96.728,% change from baseline,Digitized from the visible waterfall contour in Fig. 5. X-axis is normalized patient rank. Approximate patient rank assumes n=4500; Fig. 5 itself does not print n.
J,6.7 mg C1D1/C1D8/C1D15; 20 mg Day 1 subsequent cycles,0.5400,2430,-96.728,% change from baseline,Digitized from the visible waterfall contour in Fig. 5. X-axis is normalized patient rank. Approximate patient rank assumes n=4500; Fig. 5 itself does not print n.
J,6.7 mg C1D1/C1D8/C1D15; 20 mg Day 1 subsequent cycles,0.5420,2439,-96.728,% change from baseline,Digitized from the visible waterfall contour in Fig. 5. X-axis is normalized patient rank. Approximate patient rank assumes n=4500; Fig. 5 itself does not print n.
J,6.7 mg C1D1/C1D8/C1D15; 20 mg Day 1 subsequent cycles,0.5440,2448,-96.728,% change from baseline,Digitized from the visible waterfall contour in Fig. 5. X-axis is normalized patient rank. Approximate patient rank assumes n=4500; Fig. 5 itself does not print n.
J,6.7 mg C1D1/C1D8/C1D15; 20 mg Day 1 subsequent cycles,0.5460,2457,-96.728,% change from baseline,Digitized from the visible waterfall contour in Fig. 5. X-axis is normalized patient rank. Approximate patient rank assumes n=4500; Fig. 5 itself does not print n.
J,6.7 mg C1D1/C1D8/C1D15; 20 mg Day 1 subsequent cycles,0.5480,2466,-96.728,% change from baseline,Digitized from the visible waterfall contour in Fig. 5. X-axis is normalized patient rank. Approximate patient rank assumes n=4500; Fig. 5 itself does not print n.
J,6.7 mg C1D1/C1D8/C1D15; 20 mg Day 1 subsequent cycles,0.5500,2475,-96.728,% change from baseline,Digitized from the visible waterfall contour in Fig. 5. X-axis is normalized patient rank. Approximate patient rank assumes n=4500; Fig. 5 itself does not print n.
J,6.7 mg C1D1/C1D8/C1D15; 20 mg Day 1 subsequent cycles,0.5520,2484,-96.728,% change from baseline,Digitized from the visible waterfall contour in Fig. 5. X-axis is normalized patient rank. Approximate patient rank assumes n=4500; Fig. 5 itself does not print n.
J,6.7 mg C1D1/C1D8/C1D15; 20 mg Day 1 subsequent cycles,0.5540,2493,-96.728,% change from baseline,Digitized from the visible waterfall contour in Fig. 5. X-axis is normalized patient rank. Approximate patient rank assumes n=4500; Fig. 5 itself does not print n.
J,6.7 mg C1D1/C1D8/C1D15; 20 mg Day 1 subsequent cycles,0.5560,2502,-96.728,% change from baseline,Digitized from the visible waterfall contour in Fig. 5. X-axis is normalized patient rank. Approximate patient rank assumes n=4500; Fig. 5 itself does not print n.
J,6.7 mg C1D1/C1D8/C1D15; 20 mg Day 1 subsequent cycles,0.5580,2511,-96.728,% change from baseline,Digitized from the visible waterfall contour in Fig. 5. X-axis is normalized patient rank. Approximate patient rank assumes n=4500; Fig. 5 itself does not print n.
J,6.7 mg C1D1/C1D8/C1D15; 20 mg Day 1 subsequent cycles,0.5600,2520,-96.728,% change from baseline,Digitized from the visible waterfall contour in Fig. 5. X-axis is normalized patient rank. Approximate patient rank assumes n=4500; Fig. 5 itself does not print n.
J,6.7 mg C1D1/C1D8/C1D15; 20 mg Day 1 subsequent cycles,0.5620,2529,-96.728,% change from baseline,Digitized from the visible waterfall contour in Fig. 5. X-axis is normalized patient rank. Approximate patient rank assumes n=4500; Fig. 5 itself does not print n.
J,6.7 mg C1D1/C1D8/C1D15; 20 mg Day 1 subsequent cycles,0.5640,2538,-96.728,% change from baseline,Digitized from the visible waterfall contour in Fig. 5. X-axis is normalized patient rank. Approximate patient rank assumes n=4500; Fig. 5 itself does not print n.
J,6.7 mg C1D1/C1D8/C1D15; 20 mg Day 1 subsequent cycles,0.5660,2547,-96.728,% change from baseline,Digitized from the visible waterfall contour in Fig. 5. X-axis is normalized patient rank. Approximate patient rank assumes n=4500; Fig. 5 itself does not print n.
J,6.7 mg C1D1/C1D8/C1D15; 20 mg Day 1 subsequent cycles,0.5680,2556,-96.728,% change from baseline,Digitized from the visible waterfall contour in Fig. 5. X-axis is normalized patient rank. Approximate patient rank assumes n=4500; Fig. 5 itself does not print n.
J,6.7 mg C1D1/C1D8/C1D15; 20 mg Day 1 subsequent cycles,0.5700,2565,-96.728,% change from baseline,Digitized from the visible waterfall contour in Fig. 5. X-axis is normalized patient rank. Approximate patient rank assumes n=4500; Fig. 5 itself does not print n.
J,6.7 mg C1D1/C1D8/C1D15; 20 mg Day 1 subsequent cycles,0.5720,2574,-96.728,% change from baseline,Digitized from the visible waterfall contour in Fig. 5. X-axis is normalized patient rank. Approximate patient rank assumes n=4500; Fig. 5 itself does not print n.
J,6.7 mg C1D1/C1D8/C1D15; 20 mg Day 1 subsequent cycles,0.5740,2583,-96.728,% change from baseline,Digitized from the visible waterfall contour in Fig. 5. X-axis is normalized patient rank. Approximate patient rank assumes n=4500; Fig. 5 itself does not print n.
J,6.7 mg C1D1/C1D8/C1D15; 20 mg Day 1 subsequent cycles,0.5760,2592,-96.728,% change from baseline,Digitized from the visible waterfall contour in Fig. 5. X-axis is normalized patient rank. Approximate patient rank assumes n=4500; Fig. 5 itself does not print n.
J,6.7 mg C1D1/C1D8/C1D15; 20 mg Day 1 subsequent cycles,0.5780,2601,-96.728,% change from baseline,Digitized from the visible waterfall contour in Fig. 5. X-axis is normalized patient rank. Approximate patient rank assumes n=4500; Fig. 5 itself does not print n.
J,6.7 mg C1D1/C1D8/C1D15; 20 mg Day 1 subsequent cycles,0.5800,2610,-96.728,% change from baseline,Digitized from the visible waterfall contour in Fig. 5. X-axis is normalized patient rank. Approximate patient rank assumes n=4500; Fig. 5 itself does not print n.
J,6.7 mg C1D1/C1D8/C1D15; 20 mg Day 1 subsequent cycles,0.5820,2619,-96.728,% change from baseline,Digitized from the visible waterfall contour in Fig. 5. X-axis is normalized patient rank. Approximate patient rank assumes n=4500; Fig. 5 itself does not print n.
J,6.7 mg C1D1/C1D8/C1D15; 20 mg Day 1 subsequent cycles,0.5840,2628,-96.728,% change from baseline,Digitized from the visible waterfall contour in Fig. 5. X-axis is normalized patient rank. Approximate patient rank assumes n=4500; Fig. 5 itself does not print n.
J,6.7 mg C1D1/C1D8/C1D15; 20 mg Day 1 subsequent cycles,0.5860,2637,-96.728,% change from baseline,Digitized from the visible waterfall contour in Fig. 5. X-axis is normalized patient rank. Approximate patient rank assumes n=4500; Fig. 5 itself does not print n.
J,6.7 mg C1D1/C1D8/C1D15; 20 mg Day 1 subsequent cycles,0.5880,2646,-96.728,% change from baseline,Digitized from the visible waterfall contour in Fig. 5. X-axis is normalized patient rank. Approximate patient rank assumes n=4500; Fig. 5 itself does not print n.
J,6.7 mg C1D1/C1D8/C1D15; 20 mg Day 1 subsequent cycles,0.5900,2655,-96.728,% change from baseline,Digitized from the visible waterfall contour in Fig. 5. X-axis is normalized patient rank. Approximate patient rank assumes n=4500; Fig. 5 itself does not print n.
J,6.7 mg C1D1/C1D8/C1D15; 20 mg Day 1 subsequent cycles,0.5920,2664,-96.728,% change from baseline,Digitized from the visible waterfall contour in Fig. 5. X-axis is normalized patient rank. Approximate patient rank assumes n=4500; Fig. 5 itself does not print n.
J,6.7 mg C1D1/C1D8/C1D15; 20 mg Day 1 subsequent cycles,0.5940,2673,-96.728,% change from baseline,Digitized from the visible waterfall contour in Fig. 5. X-axis is normalized patient rank. Approximate patient rank assumes n=4500; Fig. 5 itself does not print n.
J,6.7 mg C1D1/C1D8/C1D15; 20 mg Day 1 subsequent cycles,0.5960,2682,-96.728,% change from baseline,Digitized from the visible waterfall contour in Fig. 5. X-axis is normalized patient rank. Approximate patient rank assumes n=4500; Fig. 5 itself does not print n.
J,6.7 mg C1D1/C1D8/C1D15; 20 mg Day 1 subsequent cycles,0.5980,2691,-96.728,% change from baseline,Digitized from the visible waterfall contour in Fig. 5. X-axis is normalized patient rank. Approximate patient rank assumes n=4500; Fig. 5 itself does not print n.
J,6.7 mg C1D1/C1D8/C1D15; 20 mg Day 1 subsequent cycles,0.6000,2700,-96.728,% change from baseline,Digitized from the visible waterfall contour in Fig. 5. X-axis is normalized patient rank. Approximate patient rank assumes n=4500; Fig. 5 itself does not print n.
J,6.7 mg C1D1/C1D8/C1D15; 20 mg Day 1 subsequent cycles,0.6020,2709,-96.728,% change from baseline,Digitized from the visible waterfall contour in Fig. 5. X-axis is normalized patient rank. Approximate patient rank assumes n=4500; Fig. 5 itself does not print n.
J,6.7 mg C1D1/C1D8/C1D15; 20 mg Day 1 subsequent cycles,0.6040,2718,-96.728,% change from baseline,Digitized from the visible waterfall contour in Fig. 5. X-axis is normalized patient rank. Approximate patient rank assumes n=4500; Fig. 5 itself does not print n.
J,6.7 mg C1D1/C1D8/C1D15; 20 mg Day 1 subsequent cycles,0.6060,2727,-96.728,% change from baseline,Digitized from the visible waterfall contour in Fig. 5. X-axis is normalized patient rank. Approximate patient rank assumes n=4500; Fig. 5 itself does not print n.
J,6.7 mg C1D1/C1D8/C1D15; 20 mg Day 1 subsequent cycles,0.6080,2736,-96.728,% change from baseline,Digitized from the visible waterfall contour in Fig. 5. X-axis is normalized patient rank. Approximate patient rank assumes n=4500; Fig. 5 itself does not print n.
J,6.7 mg C1D1/C1D8/C1D15; 20 mg Day 1 subsequent cycles,0.6100,2745,-96.728,% change from baseline,Digitized from the visible waterfall contour in Fig. 5. X-axis is normalized patient rank. Approximate patient rank assumes n=4500; Fig. 5 itself does not print n.
J,6.7 mg C1D1/C1D8/C1D15; 20 mg Day 1 subsequent cycles,0.6120,2754,-96.728,% change from baseline,Digitized from the visible waterfall contour in Fig. 5. X-axis is normalized patient rank. Approximate patient rank assumes n=4500; Fig. 5 itself does not print n.
J,6.7 mg C1D1/C1D8/C1D15; 20 mg Day 1 subsequent cycles,0.6140,2763,-96.728,% change from baseline,Digitized from the visible waterfall contour in Fig. 5. X-axis is normalized patient rank. Approximate patient rank assumes n=4500; Fig. 5 itself does not print n.
J,6.7 mg C1D1/C1D8/C1D15; 20 mg Day 1 subsequent cycles,0.6160,2772,-96.728,% change from baseline,Digitized from the visible waterfall contour in Fig. 5. X-axis is normalized patient rank. Approximate patient rank assumes n=4500; Fig. 5 itself does not print n.
J,6.7 mg C1D1/C1D8/C1D15; 20 mg Day 1 subsequent cycles,0.6180,2781,-96.728,% change from baseline,Digitized from the visible waterfall contour in Fig. 5. X-axis is normalized patient rank. Approximate patient rank assumes n=4500; Fig. 5 itself does not print n.
J,6.7 mg C1D1/C1D8/C1D15; 20 mg Day 1 subsequent cycles,0.6200,2790,-96.728,% change from baseline,Digitized from the visible waterfall contour in Fig. 5. X-axis is normalized patient rank. Approximate patient rank assumes n=4500; Fig. 5 itself does not print n.
J,6.7 mg C1D1/C1D8/C1D15; 20 mg Day 1 subsequent cycles,0.6220,2799,-96.728,% change from baseline,Digitized from the visible waterfall contour in Fig. 5. X-axis is normalized patient rank. Approximate patient rank assumes n=4500; Fig. 5 itself does not print n.
J,6.7 mg C1D1/C1D8/C1D15; 20 mg Day 1 subsequent cycles,0.6240,2808,-96.728,% change from baseline,Digitized from the visible waterfall contour in Fig. 5. X-axis is normalized patient rank. Approximate patient rank assumes n=4500; Fig. 5 itself does not print n.
J,6.7 mg C1D1/C1D8/C1D15; 20 mg Day 1 subsequent cycles,0.6260,2817,-96.728,% change from baseline,Digitized from the visible waterfall contour in Fig. 5. X-axis is normalized patient rank. Approximate patient rank assumes n=4500; Fig. 5 itself does not print n.
J,6.7 mg C1D1/C1D8/C1D15; 20 mg Day 1 subsequent cycles,0.6280,2826,-96.728,% change from baseline,Digitized from the visible waterfall contour in Fig. 5. X-axis is normalized patient rank. Approximate patient rank assumes n=4500; Fig. 5 itself does not print n.
J,6.7 mg C1D1/C1D8/C1D15; 20 mg Day 1 subsequent cycles,0.6300,2835,-96.728,% change from baseline,Digitized from the visible waterfall contour in Fig. 5. X-axis is normalized patient rank. Approximate patient rank assumes n=4500; Fig. 5 itself does not print n.
J,6.7 mg C1D1/C1D8/C1D15; 20 mg Day 1 subsequent cycles,0.6320,2844,-96.728,% change from baseline,Digitized from the visible waterfall contour in Fig. 5. X-axis is normalized patient rank. Approximate patient rank assumes n=4500; Fig. 5 itself does not print n.
J,6.7 mg C1D1/C1D8/C1D15; 20 mg Day 1 subsequent cycles,0.6340,2853,-96.728,% change from baseline,Digitized from the visible waterfall contour in Fig. 5. X-axis is normalized patient rank. Approximate patient rank assumes n=4500; Fig. 5 itself does not print n.
J,6.7 mg C1D1/C1D8/C1D15; 20 mg Day 1 subsequent cycles,0.6360,2862,-96.728,% change from baseline,Digitized from the visible waterfall contour in Fig. 5. X-axis is normalized patient rank. Approximate patient rank assumes n=4500; Fig. 5 itself does not print n.
J,6.7 mg C1D1/C1D8/C1D15; 20 mg Day 1 subsequent cycles,0.6380,2871,-96.728,% change from baseline,Digitized from the visible waterfall contour in Fig. 5. X-axis is normalized patient rank. Approximate patient rank assumes n=4500; Fig. 5 itself does not print n.
J,6.7 mg C1D1/C1D8/C1D15; 20 mg Day 1 subsequent cycles,0.6400,2880,-96.728,% change from baseline,Digitized from the visible waterfall contour in Fig. 5. X-axis is normalized patient rank. Approximate patient rank assumes n=4500; Fig. 5 itself does not print n.
J,6.7 mg C1D1/C1D8/C1D15; 20 mg Day 1 subsequent cycles,0.6420,2889,-96.728,% change from baseline,Digitized from the visible waterfall contour in Fig. 5. X-axis is normalized patient rank. Approximate patient rank assumes n=4500; Fig. 5 itself does not print n.
J,6.7 mg C1D1/C1D8/C1D15; 20 mg Day 1 subsequent cycles,0.6440,2898,-96.728,% change from baseline,Digitized from the visible waterfall contour in Fig. 5. X-axis is normalized patient rank. Approximate patient rank assumes n=4500; Fig. 5 itself does not print n.
J,6.7 mg C1D1/C1D8/C1D15; 20 mg Day 1 subsequent cycles,0.6460,2907,-96.728,% change from baseline,Digitized from the visible waterfall contour in Fig. 5. X-axis is normalized patient rank. Approximate patient rank assumes n=4500; Fig. 5 itself does not print n.
J,6.7 mg C1D1/C1D8/C1D15; 20 mg Day 1 subsequent cycles,0.6480,2916,-96.728,% change from baseline,Digitized from the visible waterfall contour in Fig. 5. X-axis is normalized patient rank. Approximate patient rank assumes n=4500; Fig. 5 itself does not print n.
J,6.7 mg C1D1/C1D8/C1D15; 20 mg Day 1 subsequent cycles,0.6500,2925,-96.728,% change from baseline,Digitized from the visible waterfall contour in Fig. 5. X-axis is normalized patient rank. Approximate patient rank assumes n=4500; Fig. 5 itself does not print n.
J,6.7 mg C1D1/C1D8/C1D15; 20 mg Day 1 subsequent cycles,0.6520,2934,-96.728,% change from baseline,Digitized from the visible waterfall contour in Fig. 5. X-axis is normalized patient rank. Approximate patient rank assumes n=4500; Fig. 5 itself does not print n.
J,6.7 mg C1D1/C1D8/C1D15; 20 mg Day 1 subsequent cycles,0.6540,2943,-96.728,% change from baseline,Digitized from the visible waterfall contour in Fig. 5. X-axis is normalized patient rank. Approximate patient rank assumes n=4500; Fig. 5 itself does not print n.
J,6.7 mg C1D1/C1D8/C1D15; 20 mg Day 1 subsequent cycles,0.6560,2952,-96.728,% change from baseline,Digitized from the visible waterfall contour in Fig. 5. X-axis is normalized patient rank. Approximate patient rank assumes n=4500; Fig. 5 itself does not print n.
J,6.7 mg C1D1/C1D8/C1D15; 20 mg Day 1 subsequent cycles,0.6580,2961,-96.728,% change from baseline,Digitized from the visible waterfall contour in Fig. 5. X-axis is normalized patient rank. Approximate patient rank assumes n=4500; Fig. 5 itself does not print n.
J,6.7 mg C1D1/C1D8/C1D15; 20 mg Day 1 subsequent cycles,0.6600,2970,-96.728,% change from baseline,Digitized from the visible waterfall contour in Fig. 5. X-axis is normalized patient rank. Approximate patient rank assumes n=4500; Fig. 5 itself does not print n.
J,6.7 mg C1D1/C1D8/C1D15; 20 mg Day 1 subsequent cycles,0.6620,2979,-96.728,% change from baseline,Digitized from the visible waterfall contour in Fig. 5. X-axis is normalized patient rank. Approximate patient rank assumes n=4500; Fig. 5 itself does not print n.
J,6.7 mg C1D1/C1D8/C1D15; 20 mg Day 1 subsequent cycles,0.6640,2988,-96.728,% change from baseline,Digitized from the visible waterfall contour in Fig. 5. X-axis is normalized patient rank. Approximate patient rank assumes n=4500; Fig. 5 itself does not print n.
J,6.7 mg C1D1/C1D8/C1D15; 20 mg Day 1 subsequent cycles,0.6660,2997,-96.728,% change from baseline,Digitized from the visible waterfall contour in Fig. 5. X-axis is normalized patient rank. Approximate patient rank assumes n=4500; Fig. 5 itself does not print n.
J,6.7 mg C1D1/C1D8/C1D15; 20 mg Day 1 subsequent cycles,0.6680,3006,-96.728,% change from baseline,Digitized from the visible waterfall contour in Fig. 5. X-axis is normalized patient rank. Approximate patient rank assumes n=4500; Fig. 5 itself does not print n.
J,6.7 mg C1D1/C1D8/C1D15; 20 mg Day 1 subsequent cycles,0.6700,3015,-96.728,% change from baseline,Digitized from the visible waterfall contour in Fig. 5. X-axis is normalized patient rank. Approximate patient rank assumes n=4500; Fig. 5 itself does not print n.
J,6.7 mg C1D1/C1D8/C1D15; 20 mg Day 1 subsequent cycles,0.6720,3024,-96.728,% change from baseline,Digitized from the visible waterfall contour in Fig. 5. X-axis is normalized patient rank. Approximate patient rank assumes n=4500; Fig. 5 itself does not print n.
J,6.7 mg C1D1/C1D8/C1D15; 20 mg Day 1 subsequent cycles,0.6740,3033,-96.728,% change from baseline,Digitized from the visible waterfall contour in Fig. 5. X-axis is normalized patient rank. Approximate patient rank assumes n=4500; Fig. 5 itself does not print n.
J,6.7 mg C1D1/C1D8/C1D15; 20 mg Day 1 subsequent cycles,0.6760,3042,-96.728,% change from baseline,Digitized from the visible waterfall contour in Fig. 5. X-axis is normalized patient rank. Approximate patient rank assumes n=4500; Fig. 5 itself does not print n.
J,6.7 mg C1D1/C1D8/C1D15; 20 mg Day 1 subsequent cycles,0.6780,3051,-96.728,% change from baseline,Digitized from the visible waterfall contour in Fig. 5. X-axis is normalized patient rank. Approximate patient rank assumes n=4500; Fig. 5 itself does not print n.
J,6.7 mg C1D1/C1D8/C1D15; 20 mg Day 1 subsequent cycles,0.6800,3060,-96.728,% change from baseline,Digitized from the visible waterfall contour in Fig. 5. X-axis is normalized patient rank. Approximate patient rank assumes n=4500; Fig. 5 itself does not print n.
J,6.7 mg C1D1/C1D8/C1D15; 20 mg Day 1 subsequent cycles,0.6820,3069,-96.728,% change from baseline,Digitized from the visible waterfall contour in Fig. 5. X-axis is normalized patient rank. Approximate patient rank assumes n=4500; Fig. 5 itself does not print n.
J,6.7 mg C1D1/C1D8/C1D15; 20 mg Day 1 subsequent cycles,0.6840,3078,-96.728,% change from baseline,Digitized from the visible waterfall contour in Fig. 5. X-axis is normalized patient rank. Approximate patient rank assumes n=4500; Fig. 5 itself does not print n.
J,6.7 mg C1D1/C1D8/C1D15; 20 mg Day 1 subsequent cycles,0.6860,3087,-96.728,% change from baseline,Digitized from the visible waterfall contour in Fig. 5. X-axis is normalized patient rank. Approximate patient rank assumes n=4500; Fig. 5 itself does not print n.
J,6.7 mg C1D1/C1D8/C1D15; 20 mg Day 1 subsequent cycles,0.6880,3096,-96.728,% change from baseline,Digitized from the visible waterfall contour in Fig. 5. X-axis is normalized patient rank. Approximate patient rank assumes n=4500; Fig. 5 itself does not print n.
J,6.7 mg C1D1/C1D8/C1D15; 20 mg Day 1 subsequent cycles,0.6900,3105,-96.728,% change from baseline,Digitized from the visible waterfall contour in Fig. 5. X-axis is normalized patient rank. Approximate patient rank assumes n=4500; Fig. 5 itself does not print n.
J,6.7 mg C1D1/C1D8/C1D15; 20 mg Day 1 subsequent cycles,0.6920,3114,-96.728,% change from baseline,Digitized from the visible waterfall contour in Fig. 5. X-axis is normalized patient rank. Approximate patient rank assumes n=4500; Fig. 5 itself does not print n.
J,6.7 mg C1D1/C1D8/C1D15; 20 mg Day 1 subsequent cycles,0.6940,3123,-96.728,% change from baseline,Digitized from the visible waterfall contour in Fig. 5. X-axis is normalized patient rank. Approximate patient rank assumes n=4500; Fig. 5 itself does not print n.
J,6.7 mg C1D1/C1D8/C1D15; 20 mg Day 1 subsequent cycles,0.6960,3132,-96.728,% change from baseline,Digitized from the visible waterfall contour in Fig. 5. X-axis is normalized patient rank. Approximate patient rank assumes n=4500; Fig. 5 itself does not print n.
J,6.7 mg C1D1/C1D8/C1D15; 20 mg Day 1 subsequent cycles,0.6980,3141,-96.728,% change from baseline,Digitized from the visible waterfall contour in Fig. 5. X-axis is normalized patient rank. Approximate patient rank assumes n=4500; Fig. 5 itself does not print n.
J,6.7 mg C1D1/C1D8/C1D15; 20 mg Day 1 subsequent cycles,0.7000,3150,-96.728,% change from baseline,Digitized from the visible waterfall contour in Fig. 5. X-axis is normalized patient rank. Approximate patient rank assumes n=4500; Fig. 5 itself does not print n.
J,6.7 mg C1D1/C1D8/C1D15; 20 mg Day 1 subsequent cycles,0.7020,3159,-96.728,% change from baseline,Digitized from the visible waterfall contour in Fig. 5. X-axis is normalized patient rank. Approximate patient rank assumes n=4500; Fig. 5 itself does not print n.
J,6.7 mg C1D1/C1D8/C1D15; 20 mg Day 1 subsequent cycles,0.7040,3168,-96.728,% change from baseline,Digitized from the visible waterfall contour in Fig. 5. X-axis is normalized patient rank. Approximate patient rank assumes n=4500; Fig. 5 itself does not print n.
J,6.7 mg C1D1/C1D8/C1D15; 20 mg Day 1 subsequent cycles,0.7060,3177,-96.728,% change from baseline,Digitized from the visible waterfall contour in Fig. 5. X-axis is normalized patient rank. Approximate patient rank assumes n=4500; Fig. 5 itself does not print n.
J,6.7 mg C1D1/C1D8/C1D15; 20 mg Day 1 subsequent cycles,0.7080,3186,-96.728,% change from baseline,Digitized from the visible waterfall contour in Fig. 5. X-axis is normalized patient rank. Approximate patient rank assumes n=4500; Fig. 5 itself does not print n.
J,6.7 mg C1D1/C1D8/C1D15; 20 mg Day 1 subsequent cycles,0.7100,3195,-96.728,% change from baseline,Digitized from the visible waterfall contour in Fig. 5. X-axis is normalized patient rank. Approximate patient rank assumes n=4500; Fig. 5 itself does not print n.
J,6.7 mg C1D1/C1D8/C1D15; 20 mg Day 1 subsequent cycles,0.7120,3204,-96.728,% change from baseline,Digitized from the visible waterfall contour in Fig. 5. X-axis is normalized patient rank. Approximate patient rank assumes n=4500; Fig. 5 itself does not print n.
J,6.7 mg C1D1/C1D8/C1D15; 20 mg Day 1 subsequent cycles,0.7140,3213,-96.728,% change from baseline,Digitized from the visible waterfall contour in Fig. 5. X-axis is normalized patient rank. Approximate patient rank assumes n=4500; Fig. 5 itself does not print n.
J,6.7 mg C1D1/C1D8/C1D15; 20 mg Day 1 subsequent cycles,0.7160,3222,-96.728,% change from baseline,Digitized from the visible waterfall contour in Fig. 5. X-axis is normalized patient rank. Approximate patient rank assumes n=4500; Fig. 5 itself does not print n.
J,6.7 mg C1D1/C1D8/C1D15; 20 mg Day 1 subsequent cycles,0.7180,3231,-96.728,% change from baseline,Digitized from the visible waterfall contour in Fig. 5. X-axis is normalized patient rank. Approximate patient rank assumes n=4500; Fig. 5 itself does not print n.
J,6.7 mg C1D1/C1D8/C1D15; 20 mg Day 1 subsequent cycles,0.7200,3240,-96.728,% change from baseline,Digitized from the visible waterfall contour in Fig. 5. X-axis is normalized patient rank. Approximate patient rank assumes n=4500; Fig. 5 itself does not print n.
J,6.7 mg C1D1/C1D8/C1D15; 20 mg Day 1 subsequent cycles,0.7220,3249,-96.728,% change from baseline,Digitized from the visible waterfall contour in Fig. 5. X-axis is normalized patient rank. Approximate patient rank assumes n=4500; Fig. 5 itself does not print n.
J,6.7 mg C1D1/C1D8/C1D15; 20 mg Day 1 subsequent cycles,0.7240,3258,-96.728,% change from baseline,Digitized from the visible waterfall contour in Fig. 5. X-axis is normalized patient rank. Approximate patient rank assumes n=4500; Fig. 5 itself does not print n.
J,6.7 mg C1D1/C1D8/C1D15; 20 mg Day 1 subsequent cycles,0.7260,3267,-96.728,% change from baseline,Digitized from the visible waterfall contour in Fig. 5. X-axis is normalized patient rank. Approximate patient rank assumes n=4500; Fig. 5 itself does not print n.
J,6.7 mg C1D1/C1D8/C1D15; 20 mg Day 1 subsequent cycles,0.7280,3276,-96.728,% change from baseline,Digitized from the visible waterfall contour in Fig. 5. X-axis is normalized patient rank. Approximate patient rank assumes n=4500; Fig. 5 itself does not print n.
J,6.7 mg C1D1/C1D8/C1D15; 20 mg Day 1 subsequent cycles,0.7300,3285,-96.728,% change from baseline,Digitized from the visible waterfall contour in Fig. 5. X-axis is normalized patient rank. Approximate patient rank assumes n=4500; Fig. 5 itself does not print n.
J,6.7 mg C1D1/C1D8/C1D15; 20 mg Day 1 subsequent cycles,0.7320,3294,-96.728,% change from baseline,Digitized from the visible waterfall contour in Fig. 5. X-axis is normalized patient rank. Approximate patient rank assumes n=4500; Fig. 5 itself does not print n.
J,6.7 mg C1D1/C1D8/C1D15; 20 mg Day 1 subsequent cycles,0.7340,3303,-96.728,% change from baseline,Digitized from the visible waterfall contour in Fig. 5. X-axis is normalized patient rank. Approximate patient rank assumes n=4500; Fig. 5 itself does not print n.
J,6.7 mg C1D1/C1D8/C1D15; 20 mg Day 1 subsequent cycles,0.7360,3312,-96.728,% change from baseline,Digitized from the visible waterfall contour in Fig. 5. X-axis is normalized patient rank. Approximate patient rank assumes n=4500; Fig. 5 itself does not print n.
J,6.7 mg C1D1/C1D8/C1D15; 20 mg Day 1 subsequent cycles,0.7380,3321,-96.728,% change from baseline,Digitized from the visible waterfall contour in Fig. 5. X-axis is normalized patient rank. Approximate patient rank assumes n=4500; Fig. 5 itself does not print n.
J,6.7 mg C1D1/C1D8/C1D15; 20 mg Day 1 subsequent cycles,0.7400,3330,-96.728,% change from baseline,Digitized from the visible waterfall contour in Fig. 5. X-axis is normalized patient rank. Approximate patient rank assumes n=4500; Fig. 5 itself does not print n.
J,6.7 mg C1D1/C1D8/C1D15; 20 mg Day 1 subsequent cycles,0.7420,3339,-96.728,% change from baseline,Digitized from the visible waterfall contour in Fig. 5. X-axis is normalized patient rank. Approximate patient rank assumes n=4500; Fig. 5 itself does not print n.
J,6.7 mg C1D1/C1D8/C1D15; 20 mg Day 1 subsequent cycles,0.7440,3348,-96.728,% change from baseline,Digitized from the visible waterfall contour in Fig. 5. X-axis is normalized patient rank. Approximate patient rank assumes n=4500; Fig. 5 itself does not print n.
J,6.7 mg C1D1/C1D8/C1D15; 20 mg Day 1 subsequent cycles,0.7460,3357,-96.728,% change from baseline,Digitized from the visible waterfall contour in Fig. 5. X-axis is normalized patient rank. Approximate patient rank assumes n=4500; Fig. 5 itself does not print n.
J,6.7 mg C1D1/C1D8/C1D15; 20 mg Day 1 subsequent cycles,0.7480,3366,-96.728,% change from baseline,Digitized from the visible waterfall contour in Fig. 5. X-axis is normalized patient rank. Approximate patient rank assumes n=4500; Fig. 5 itself does not print n.
J,6.7 mg C1D1/C1D8/C1D15; 20 mg Day 1 subsequent cycles,0.7500,3375,-96.728,% change from baseline,Digitized from the visible waterfall contour in Fig. 5. X-axis is normalized patient rank. Approximate patient rank assumes n=4500; Fig. 5 itself does not print n.
J,6.7 mg C1D1/C1D8/C1D15; 20 mg Day 1 subsequent cycles,0.7520,3384,-96.728,% change from baseline,Digitized from the visible waterfall contour in Fig. 5. X-axis is normalized patient rank. Approximate patient rank assumes n=4500; Fig. 5 itself does not print n.
J,6.7 mg C1D1/C1D8/C1D15; 20 mg Day 1 subsequent cycles,0.7540,3393,-96.728,% change from baseline,Digitized from the visible waterfall contour in Fig. 5. X-axis is normalized patient rank. Approximate patient rank assumes n=4500; Fig. 5 itself does not print n.
J,6.7 mg C1D1/C1D8/C1D15; 20 mg Day 1 subsequent cycles,0.7560,3402,-96.728,% change from baseline,Digitized from the visible waterfall contour in Fig. 5. X-axis is normalized patient rank. Approximate patient rank assumes n=4500; Fig. 5 itself does not print n.
J,6.7 mg C1D1/C1D8/C1D15; 20 mg Day 1 subsequent cycles,0.7580,3411,-96.728,% change from baseline,Digitized from the visible waterfall contour in Fig. 5. X-axis is normalized patient rank. Approximate patient rank assumes n=4500; Fig. 5 itself does not print n.
J,6.7 mg C1D1/C1D8/C1D15; 20 mg Day 1 subsequent cycles,0.7600,3420,-96.728,% change from baseline,Digitized from the visible waterfall contour in Fig. 5. X-axis is normalized patient rank. Approximate patient rank assumes n=4500; Fig. 5 itself does not print n.
J,6.7 mg C1D1/C1D8/C1D15; 20 mg Day 1 subsequent cycles,0.7620,3429,-96.728,% change from baseline,Digitized from the visible waterfall contour in Fig. 5. X-axis is normalized patient rank. Approximate patient rank assumes n=4500; Fig. 5 itself does not print n.
J,6.7 mg C1D1/C1D8/C1D15; 20 mg Day 1 subsequent cycles,0.7640,3438,-96.728,% change from baseline,Digitized from the visible waterfall contour in Fig. 5. X-axis is normalized patient rank. Approximate patient rank assumes n=4500; Fig. 5 itself does not print n.
J,6.7 mg C1D1/C1D8/C1D15; 20 mg Day 1 subsequent cycles,0.7660,3447,-96.728,% change from baseline,Digitized from the visible waterfall contour in Fig. 5. X-axis is normalized patient rank. Approximate patient rank assumes n=4500; Fig. 5 itself does not print n.
J,6.7 mg C1D1/C1D8/C1D15; 20 mg Day 1 subsequent cycles,0.7680,3456,-96.728,% change from baseline,Digitized from the visible waterfall contour in Fig. 5. X-axis is normalized patient rank. Approximate patient rank assumes n=4500; Fig. 5 itself does not print n.
J,6.7 mg C1D1/C1D8/C1D15; 20 mg Day 1 subsequent cycles,0.7700,3465,-96.728,% change from baseline,Digitized from the visible waterfall contour in Fig. 5. X-axis is normalized patient rank. Approximate patient rank assumes n=4500; Fig. 5 itself does not print n.
J,6.7 mg C1D1/C1D8/C1D15; 20 mg Day 1 subsequent cycles,0.7720,3474,-96.728,% change from baseline,Digitized from the visible waterfall contour in Fig. 5. X-axis is normalized patient rank. Approximate patient rank assumes n=4500; Fig. 5 itself does not print n.
J,6.7 mg C1D1/C1D8/C1D15; 20 mg Day 1 subsequent cycles,0.7740,3483,-96.728,% change from baseline,Digitized from the visible waterfall contour in Fig. 5. X-axis is normalized patient rank. Approximate patient rank assumes n=4500; Fig. 5 itself does not print n.
J,6.7 mg C1D1/C1D8/C1D15; 20 mg Day 1 subsequent cycles,0.7760,3492,-96.728,% change from baseline,Digitized from the visible waterfall contour in Fig. 5. X-axis is normalized patient rank. Approximate patient rank assumes n=4500; Fig. 5 itself does not print n.
J,6.7 mg C1D1/C1D8/C1D15; 20 mg Day 1 subsequent cycles,0.7780,3501,-96.728,% change from baseline,Digitized from the visible waterfall contour in Fig. 5. X-axis is normalized patient rank. Approximate patient rank assumes n=4500; Fig. 5 itself does not print n.
J,6.7 mg C1D1/C1D8/C1D15; 20 mg Day 1 subsequent cycles,0.7800,3510,-96.728,% change from baseline,Digitized from the visible waterfall contour in Fig. 5. X-axis is normalized patient rank. Approximate patient rank assumes n=4500; Fig. 5 itself does not print n.
J,6.7 mg C1D1/C1D8/C1D15; 20 mg Day 1 subsequent cycles,0.7820,3519,-96.728,% change from baseline,Digitized from the visible waterfall contour in Fig. 5. X-axis is normalized patient rank. Approximate patient rank assumes n=4500; Fig. 5 itself does not print n.
J,6.7 mg C1D1/C1D8/C1D15; 20 mg Day 1 subsequent cycles,0.7840,3528,-96.728,% change from baseline,Digitized from the visible waterfall contour in Fig. 5. X-axis is normalized patient rank. Approximate patient rank assumes n=4500; Fig. 5 itself does not print n.
J,6.7 mg C1D1/C1D8/C1D15; 20 mg Day 1 subsequent cycles,0.7860,3537,-96.728,% change from baseline,Digitized from the visible waterfall contour in Fig. 5. X-axis is normalized patient rank. Approximate patient rank assumes n=4500; Fig. 5 itself does not print n.
J,6.7 mg C1D1/C1D8/C1D15; 20 mg Day 1 subsequent cycles,0.7880,3546,-96.728,% change from baseline,Digitized from the visible waterfall contour in Fig. 5. X-axis is normalized patient rank. Approximate patient rank assumes n=4500; Fig. 5 itself does not print n.
J,6.7 mg C1D1/C1D8/C1D15; 20 mg Day 1 subsequent cycles,0.7900,3555,-96.728,% change from baseline,Digitized from the visible waterfall contour in Fig. 5. X-axis is normalized patient rank. Approximate patient rank assumes n=4500; Fig. 5 itself does not print n.
J,6.7 mg C1D1/C1D8/C1D15; 20 mg Day 1 subsequent cycles,0.7920,3564,-96.728,% change from baseline,Digitized from the visible waterfall contour in Fig. 5. X-axis is normalized patient rank. Approximate patient rank assumes n=4500; Fig. 5 itself does not print n.
J,6.7 mg C1D1/C1D8/C1D15; 20 mg Day 1 subsequent cycles,0.7940,3573,-96.728,% change from baseline,Digitized from the visible waterfall contour in Fig. 5. X-axis is normalized patient rank. Approximate patient rank assumes n=4500; Fig. 5 itself does not print n.
J,6.7 mg C1D1/C1D8/C1D15; 20 mg Day 1 subsequent cycles,0.7960,3582,-96.728,% change from baseline,Digitized from the visible waterfall contour in Fig. 5. X-axis is normalized patient rank. Approximate patient rank assumes n=4500; Fig. 5 itself does not print n.
J,6.7 mg C1D1/C1D8/C1D15; 20 mg Day 1 subsequent cycles,0.7980,3591,-96.728,% change from baseline,Digitized from the visible waterfall contour in Fig. 5. X-axis is normalized patient rank. Approximate patient rank assumes n=4500; Fig. 5 itself does not print n.
J,6.7 mg C1D1/C1D8/C1D15; 20 mg Day 1 subsequent cycles,0.8000,3600,-96.728,% change from baseline,Digitized from the visible waterfall contour in Fig. 5. X-axis is normalized patient rank. Approximate patient rank assumes n=4500; Fig. 5 itself does not print n.
J,6.7 mg C1D1/C1D8/C1D15; 20 mg Day 1 subsequent cycles,0.8020,3609,-96.728,% change from baseline,Digitized from the visible waterfall contour in Fig. 5. X-axis is normalized patient rank. Approximate patient rank assumes n=4500; Fig. 5 itself does not print n.
J,6.7 mg C1D1/C1D8/C1D15; 20 mg Day 1 subsequent cycles,0.8040,3618,-96.728,% change from baseline,Digitized from the visible waterfall contour in Fig. 5. X-axis is normalized patient rank. Approximate patient rank assumes n=4500; Fig. 5 itself does not print n.
J,6.7 mg C1D1/C1D8/C1D15; 20 mg Day 1 subsequent cycles,0.8060,3627,-96.728,% change from baseline,Digitized from the visible waterfall contour in Fig. 5. X-axis is normalized patient rank. Approximate patient rank assumes n=4500; Fig. 5 itself does not print n.
J,6.7 mg C1D1/C1D8/C1D15; 20 mg Day 1 subsequent cycles,0.8080,3636,-96.728,% change from baseline,Digitized from the visible waterfall contour in Fig. 5. X-axis is normalized patient rank. Approximate patient rank assumes n=4500; Fig. 5 itself does not print n.
J,6.7 mg C1D1/C1D8/C1D15; 20 mg Day 1 subsequent cycles,0.8100,3645,-96.728,% change from baseline,Digitized from the visible waterfall contour in Fig. 5. X-axis is normalized patient rank. Approximate patient rank assumes n=4500; Fig. 5 itself does not print n.
J,6.7 mg C1D1/C1D8/C1D15; 20 mg Day 1 subsequent cycles,0.8120,3654,-96.728,% change from baseline,Digitized from the visible waterfall contour in Fig. 5. X-axis is normalized patient rank. Approximate patient rank assumes n=4500; Fig. 5 itself does not print n.
J,6.7 mg C1D1/C1D8/C1D15; 20 mg Day 1 subsequent cycles,0.8140,3663,-96.728,% change from baseline,Digitized from the visible waterfall contour in Fig. 5. X-axis is normalized patient rank. Approximate patient rank assumes n=4500; Fig. 5 itself does not print n.
J,6.7 mg C1D1/C1D8/C1D15; 20 mg Day 1 subsequent cycles,0.8160,3672,-96.728,% change from baseline,Digitized from the visible waterfall contour in Fig. 5. X-axis is normalized patient rank. Approximate patient rank assumes n=4500; Fig. 5 itself does not print n.
J,6.7 mg C1D1/C1D8/C1D15; 20 mg Day 1 subsequent cycles,0.8180,3681,-96.728,% change from baseline,Digitized from the visible waterfall contour in Fig. 5. X-axis is normalized patient rank. Approximate patient rank assumes n=4500; Fig. 5 itself does not print n.
J,6.7 mg C1D1/C1D8/C1D15; 20 mg Day 1 subsequent cycles,0.8200,3690,-96.728,% change from baseline,Digitized from the visible waterfall contour in Fig. 5. X-axis is normalized patient rank. Approximate patient rank assumes n=4500; Fig. 5 itself does not print n.
J,6.7 mg C1D1/C1D8/C1D15; 20 mg Day 1 subsequent cycles,0.8220,3699,-96.728,% change from baseline,Digitized from the visible waterfall contour in Fig. 5. X-axis is normalized patient rank. Approximate patient rank assumes n=4500; Fig. 5 itself does not print n.
J,6.7 mg C1D1/C1D8/C1D15; 20 mg Day 1 subsequent cycles,0.8240,3708,-96.728,% change from baseline,Digitized from the visible waterfall contour in Fig. 5. X-axis is normalized patient rank. Approximate patient rank assumes n=4500; Fig. 5 itself does not print n.
J,6.7 mg C1D1/C1D8/C1D15; 20 mg Day 1 subsequent cycles,0.8260,3717,-96.728,% change from baseline,Digitized from the visible waterfall contour in Fig. 5. X-axis is normalized patient rank. Approximate patient rank assumes n=4500; Fig. 5 itself does not print n.
J,6.7 mg C1D1/C1D8/C1D15; 20 mg Day 1 subsequent cycles,0.8280,3726,-96.728,% change from baseline,Digitized from the visible waterfall contour in Fig. 5. X-axis is normalized patient rank. Approximate patient rank assumes n=4500; Fig. 5 itself does not print n.
J,6.7 mg C1D1/C1D8/C1D15; 20 mg Day 1 subsequent cycles,0.8300,3735,-96.728,% change from baseline,Digitized from the visible waterfall contour in Fig. 5. X-axis is normalized patient rank. Approximate patient rank assumes n=4500; Fig. 5 itself does not print n.
J,6.7 mg C1D1/C1D8/C1D15; 20 mg Day 1 subsequent cycles,0.8320,3744,-96.728,% change from baseline,Digitized from the visible waterfall contour in Fig. 5. X-axis is normalized patient rank. Approximate patient rank assumes n=4500; Fig. 5 itself does not print n.
J,6.7 mg C1D1/C1D8/C1D15; 20 mg Day 1 subsequent cycles,0.8340,3753,-96.728,% change from baseline,Digitized from the visible waterfall contour in Fig. 5. X-axis is normalized patient rank. Approximate patient rank assumes n=4500; Fig. 5 itself does not print n.
J,6.7 mg C1D1/C1D8/C1D15; 20 mg Day 1 subsequent cycles,0.8360,3762,-96.728,% change from baseline,Digitized from the visible waterfall contour in Fig. 5. X-axis is normalized patient rank. Approximate patient rank assumes n=4500; Fig. 5 itself does not print n.
J,6.7 mg C1D1/C1D8/C1D15; 20 mg Day 1 subsequent cycles,0.8380,3771,-96.728,% change from baseline,Digitized from the visible waterfall contour in Fig. 5. X-axis is normalized patient rank. Approximate patient rank assumes n=4500; Fig. 5 itself does not print n.
J,6.7 mg C1D1/C1D8/C1D15; 20 mg Day 1 subsequent cycles,0.8400,3780,-96.728,% change from baseline,Digitized from the visible waterfall contour in Fig. 5. X-axis is normalized patient rank. Approximate patient rank assumes n=4500; Fig. 5 itself does not print n.
J,6.7 mg C1D1/C1D8/C1D15; 20 mg Day 1 subsequent cycles,0.8420,3789,-96.728,% change from baseline,Digitized from the visible waterfall contour in Fig. 5. X-axis is normalized patient rank. Approximate patient rank assumes n=4500; Fig. 5 itself does not print n.
J,6.7 mg C1D1/C1D8/C1D15; 20 mg Day 1 subsequent cycles,0.8440,3798,-96.728,% change from baseline,Digitized from the visible waterfall contour in Fig. 5. X-axis is normalized patient rank. Approximate patient rank assumes n=4500; Fig. 5 itself does not print n.
J,6.7 mg C1D1/C1D8/C1D15; 20 mg Day 1 subsequent cycles,0.8460,3807,-96.728,% change from baseline,Digitized from the visible waterfall contour in Fig. 5. X-axis is normalized patient rank. Approximate patient rank assumes n=4500; Fig. 5 itself does not print n.
J,6.7 mg C1D1/C1D8/C1D15; 20 mg Day 1 subsequent cycles,0.8480,3816,-96.728,% change from baseline,Digitized from the visible waterfall contour in Fig. 5. X-axis is normalized patient rank. Approximate patient rank assumes n=4500; Fig. 5 itself does not print n.
J,6.7 mg C1D1/C1D8/C1D15; 20 mg Day 1 subsequent cycles,0.8500,3825,-96.728,% change from baseline,Digitized from the visible waterfall contour in Fig. 5. X-axis is normalized patient rank. Approximate patient rank assumes n=4500; Fig. 5 itself does not print n.
J,6.7 mg C1D1/C1D8/C1D15; 20 mg Day 1 subsequent cycles,0.8520,3834,-96.728,% change from baseline,Digitized from the visible waterfall contour in Fig. 5. X-axis is normalized patient rank. Approximate patient rank assumes n=4500; Fig. 5 itself does not print n.
J,6.7 mg C1D1/C1D8/C1D15; 20 mg Day 1 subsequent cycles,0.8540,3843,-96.728,% change from baseline,Digitized from the visible waterfall contour in Fig. 5. X-axis is normalized patient rank. Approximate patient rank assumes n=4500; Fig. 5 itself does not print n.
J,6.7 mg C1D1/C1D8/C1D15; 20 mg Day 1 subsequent cycles,0.8560,3852,-96.728,% change from baseline,Digitized from the visible waterfall contour in Fig. 5. X-axis is normalized patient rank. Approximate patient rank assumes n=4500; Fig. 5 itself does not print n.
J,6.7 mg C1D1/C1D8/C1D15; 20 mg Day 1 subsequent cycles,0.8580,3861,-96.728,% change from baseline,Digitized from the visible waterfall contour in Fig. 5. X-axis is normalized patient rank. Approximate patient rank assumes n=4500; Fig. 5 itself does not print n.
J,6.7 mg C1D1/C1D8/C1D15; 20 mg Day 1 subsequent cycles,0.8600,3870,-96.728,% change from baseline,Digitized from the visible waterfall contour in Fig. 5. X-axis is normalized patient rank. Approximate patient rank assumes n=4500; Fig. 5 itself does not print n.
J,6.7 mg C1D1/C1D8/C1D15; 20 mg Day 1 subsequent cycles,0.8620,3879,-96.728,% change from baseline,Digitized from the visible waterfall contour in Fig. 5. X-axis is normalized patient rank. Approximate patient rank assumes n=4500; Fig. 5 itself does not print n.
J,6.7 mg C1D1/C1D8/C1D15; 20 mg Day 1 subsequent cycles,0.8640,3888,-96.728,% change from baseline,Digitized from the visible waterfall contour in Fig. 5. X-axis is normalized patient rank. Approximate patient rank assumes n=4500; Fig. 5 itself does not print n.
J,6.7 mg C1D1/C1D8/C1D15; 20 mg Day 1 subsequent cycles,0.8660,3897,-96.728,% change from baseline,Digitized from the visible waterfall contour in Fig. 5. X-axis is normalized patient rank. Approximate patient rank assumes n=4500; Fig. 5 itself does not print n.
J,6.7 mg C1D1/C1D8/C1D15; 20 mg Day 1 subsequent cycles,0.8680,3906,-96.728,% change from baseline,Digitized from the visible waterfall contour in Fig. 5. X-axis is normalized patient rank. Approximate patient rank assumes n=4500; Fig. 5 itself does not print n.
J,6.7 mg C1D1/C1D8/C1D15; 20 mg Day 1 subsequent cycles,0.8700,3915,-96.728,% change from baseline,Digitized from the visible waterfall contour in Fig. 5. X-axis is normalized patient rank. Approximate patient rank assumes n=4500; Fig. 5 itself does not print n.
J,6.7 mg C1D1/C1D8/C1D15; 20 mg Day 1 subsequent cycles,0.8720,3924,-96.728,% change from baseline,Digitized from the visible waterfall contour in Fig. 5. X-axis is normalized patient rank. Approximate patient rank assumes n=4500; Fig. 5 itself does not print n.
J,6.7 mg C1D1/C1D8/C1D15; 20 mg Day 1 subsequent cycles,0.8740,3933,-96.728,% change from baseline,Digitized from the visible waterfall contour in Fig. 5. X-axis is normalized patient rank. Approximate patient rank assumes n=4500; Fig. 5 itself does not print n.
J,6.7 mg C1D1/C1D8/C1D15; 20 mg Day 1 subsequent cycles,0.8760,3942,-96.728,% change from baseline,Digitized from the visible waterfall contour in Fig. 5. X-axis is normalized patient rank. Approximate patient rank assumes n=4500; Fig. 5 itself does not print n.
J,6.7 mg C1D1/C1D8/C1D15; 20 mg Day 1 subsequent cycles,0.8780,3951,-96.728,% change from baseline,Digitized from the visible waterfall contour in Fig. 5. X-axis is normalized patient rank. Approximate patient rank assumes n=4500; Fig. 5 itself does not print n.
J,6.7 mg C1D1/C1D8/C1D15; 20 mg Day 1 subsequent cycles,0.8800,3960,-96.728,% change from baseline,Digitized from the visible waterfall contour in Fig. 5. X-axis is normalized patient rank. Approximate patient rank assumes n=4500; Fig. 5 itself does not print n.
J,6.7 mg C1D1/C1D8/C1D15; 20 mg Day 1 subsequent cycles,0.8820,3969,-96.728,% change from baseline,Digitized from the visible waterfall contour in Fig. 5. X-axis is normalized patient rank. Approximate patient rank assumes n=4500; Fig. 5 itself does not print n.
J,6.7 mg C1D1/C1D8/C1D15; 20 mg Day 1 subsequent cycles,0.8840,3978,-96.728,% change from baseline,Digitized from the visible waterfall contour in Fig. 5. X-axis is normalized patient rank. Approximate patient rank assumes n=4500; Fig. 5 itself does not print n.
J,6.7 mg C1D1/C1D8/C1D15; 20 mg Day 1 subsequent cycles,0.8860,3987,-96.728,% change from baseline,Digitized from the visible waterfall contour in Fig. 5. X-axis is normalized patient rank. Approximate patient rank assumes n=4500; Fig. 5 itself does not print n.
J,6.7 mg C1D1/C1D8/C1D15; 20 mg Day 1 subsequent cycles,0.8880,3996,-96.728,% change from baseline,Digitized from the visible waterfall contour in Fig. 5. X-axis is normalized patient rank. Approximate patient rank assumes n=4500; Fig. 5 itself does not print n.
J,6.7 mg C1D1/C1D8/C1D15; 20 mg Day 1 subsequent cycles,0.8900,4005,-96.728,% change from baseline,Digitized from the visible waterfall contour in Fig. 5. X-axis is normalized patient rank. Approximate patient rank assumes n=4500; Fig. 5 itself does not print n.
J,6.7 mg C1D1/C1D8/C1D15; 20 mg Day 1 subsequent cycles,0.8920,4014,-96.728,% change from baseline,Digitized from the visible waterfall contour in Fig. 5. X-axis is normalized patient rank. Approximate patient rank assumes n=4500; Fig. 5 itself does not print n.
J,6.7 mg C1D1/C1D8/C1D15; 20 mg Day 1 subsequent cycles,0.8940,4023,-96.728,% change from baseline,Digitized from the visible waterfall contour in Fig. 5. X-axis is normalized patient rank. Approximate patient rank assumes n=4500; Fig. 5 itself does not print n.
J,6.7 mg C1D1/C1D8/C1D15; 20 mg Day 1 subsequent cycles,0.8960,4032,-96.728,% change from baseline,Digitized from the visible waterfall contour in Fig. 5. X-axis is normalized patient rank. Approximate patient rank assumes n=4500; Fig. 5 itself does not print n.
J,6.7 mg C1D1/C1D8/C1D15; 20 mg Day 1 subsequent cycles,0.8980,4041,-96.728,% change from baseline,Digitized from the visible waterfall contour in Fig. 5. X-axis is normalized patient rank. Approximate patient rank assumes n=4500; Fig. 5 itself does not print n.
J,6.7 mg C1D1/C1D8/C1D15; 20 mg Day 1 subsequent cycles,0.9000,4050,-96.728,% change from baseline,Digitized from the visible waterfall contour in Fig. 5. X-axis is normalized patient rank. Approximate patient rank assumes n=4500; Fig. 5 itself does not print n.
J,6.7 mg C1D1/C1D8/C1D15; 20 mg Day 1 subsequent cycles,0.9020,4059,-96.728,% change from baseline,Digitized from the visible waterfall contour in Fig. 5. X-axis is normalized patient rank. Approximate patient rank assumes n=4500; Fig. 5 itself does not print n.
J,6.7 mg C1D1/C1D8/C1D15; 20 mg Day 1 subsequent cycles,0.9040,4068,-96.728,% change from baseline,Digitized from the visible waterfall contour in Fig. 5. X-axis is normalized patient rank. Approximate patient rank assumes n=4500; Fig. 5 itself does not print n.
J,6.7 mg C1D1/C1D8/C1D15; 20 mg Day 1 subsequent cycles,0.9060,4077,-96.728,% change from baseline,Digitized from the visible waterfall contour in Fig. 5. X-axis is normalized patient rank. Approximate patient rank assumes n=4500; Fig. 5 itself does not print n.
J,6.7 mg C1D1/C1D8/C1D15; 20 mg Day 1 subsequent cycles,0.9080,4086,-96.728,% change from baseline,Digitized from the visible waterfall contour in Fig. 5. X-axis is normalized patient rank. Approximate patient rank assumes n=4500; Fig. 5 itself does not print n.
J,6.7 mg C1D1/C1D8/C1D15; 20 mg Day 1 subsequent cycles,0.9100,4095,-96.728,% change from baseline,Digitized from the visible waterfall contour in Fig. 5. X-axis is normalized patient rank. Approximate patient rank assumes n=4500; Fig. 5 itself does not print n.
J,6.7 mg C1D1/C1D8/C1D15; 20 mg Day 1 subsequent cycles,0.9120,4104,-96.728,% change from baseline,Digitized from the visible waterfall contour in Fig. 5. X-axis is normalized patient rank. Approximate patient rank assumes n=4500; Fig. 5 itself does not print n.
J,6.7 mg C1D1/C1D8/C1D15; 20 mg Day 1 subsequent cycles,0.9140,4113,-96.728,% change from baseline,Digitized from the visible waterfall contour in Fig. 5. X-axis is normalized patient rank. Approximate patient rank assumes n=4500; Fig. 5 itself does not print n.
J,6.7 mg C1D1/C1D8/C1D15; 20 mg Day 1 subsequent cycles,0.9160,4122,-96.728,% change from baseline,Digitized from the visible waterfall contour in Fig. 5. X-axis is normalized patient rank. Approximate patient rank assumes n=4500; Fig. 5 itself does not print n.
J,6.7 mg C1D1/C1D8/C1D15; 20 mg Day 1 subsequent cycles,0.9180,4131,-96.728,% change from baseline,Digitized from the visible waterfall contour in Fig. 5. X-axis is normalized patient rank. Approximate patient rank assumes n=4500; Fig. 5 itself does not print n.
J,6.7 mg C1D1/C1D8/C1D15; 20 mg Day 1 subsequent cycles,0.9200,4140,-96.728,% change from baseline,Digitized from the visible waterfall contour in Fig. 5. X-axis is normalized patient rank. Approximate patient rank assumes n=4500; Fig. 5 itself does not print n.
J,6.7 mg C1D1/C1D8/C1D15; 20 mg Day 1 subsequent cycles,0.9220,4149,-96.728,% change from baseline,Digitized from the visible waterfall contour in Fig. 5. X-axis is normalized patient rank. Approximate patient rank assumes n=4500; Fig. 5 itself does not print n.
J,6.7 mg C1D1/C1D8/C1D15; 20 mg Day 1 subsequent cycles,0.9240,4158,-96.728,% change from baseline,Digitized from the visible waterfall contour in Fig. 5. X-axis is normalized patient rank. Approximate patient rank assumes n=4500; Fig. 5 itself does not print n.
J,6.7 mg C1D1/C1D8/C1D15; 20 mg Day 1 subsequent cycles,0.9260,4167,-96.728,% change from baseline,Digitized from the visible waterfall contour in Fig. 5. X-axis is normalized patient rank. Approximate patient rank assumes n=4500; Fig. 5 itself does not print n.
J,6.7 mg C1D1/C1D8/C1D15; 20 mg Day 1 subsequent cycles,0.9280,4176,-96.728,% change from baseline,Digitized from the visible waterfall contour in Fig. 5. X-axis is normalized patient rank. Approximate patient rank assumes n=4500; Fig. 5 itself does not print n.
J,6.7 mg C1D1/C1D8/C1D15; 20 mg Day 1 subsequent cycles,0.9300,4185,-96.728,% change from baseline,Digitized from the visible waterfall contour in Fig. 5. X-axis is normalized patient rank. Approximate patient rank assumes n=4500; Fig. 5 itself does not print n.
J,6.7 mg C1D1/C1D8/C1D15; 20 mg Day 1 subsequent cycles,0.9320,4194,-96.728,% change from baseline,Digitized from the visible waterfall contour in Fig. 5. X-axis is normalized patient rank. Approximate patient rank assumes n=4500; Fig. 5 itself does not print n.
J,6.7 mg C1D1/C1D8/C1D15; 20 mg Day 1 subsequent cycles,0.9340,4203,-96.728,% change from baseline,Digitized from the visible waterfall contour in Fig. 5. X-axis is normalized patient rank. Approximate patient rank assumes n=4500; Fig. 5 itself does not print n.
J,6.7 mg C1D1/C1D8/C1D15; 20 mg Day 1 subsequent cycles,0.9360,4212,-96.728,% change from baseline,Digitized from the visible waterfall contour in Fig. 5. X-axis is normalized patient rank. Approximate patient rank assumes n=4500; Fig. 5 itself does not print n.
J,6.7 mg C1D1/C1D8/C1D15; 20 mg Day 1 subsequent cycles,0.9380,4221,-96.728,% change from baseline,Digitized from the visible waterfall contour in Fig. 5. X-axis is normalized patient rank. Approximate patient rank assumes n=4500; Fig. 5 itself does not print n.
J,6.7 mg C1D1/C1D8/C1D15; 20 mg Day 1 subsequent cycles,0.9400,4230,-96.728,% change from baseline,Digitized from the visible waterfall contour in Fig. 5. X-axis is normalized patient rank. Approximate patient rank assumes n=4500; Fig. 5 itself does not print n.
J,6.7 mg C1D1/C1D8/C1D15; 20 mg Day 1 subsequent cycles,0.9420,4239,-96.728,% change from baseline,Digitized from the visible waterfall contour in Fig. 5. X-axis is normalized patient rank. Approximate patient rank assumes n=4500; Fig. 5 itself does not print n.
J,6.7 mg C1D1/C1D8/C1D15; 20 mg Day 1 subsequent cycles,0.9440,4248,-96.728,% change from baseline,Digitized from the visible waterfall contour in Fig. 5. X-axis is normalized patient rank. Approximate patient rank assumes n=4500; Fig. 5 itself does not print n.
J,6.7 mg C1D1/C1D8/C1D15; 20 mg Day 1 subsequent cycles,0.9460,4257,-96.728,% change from baseline,Digitized from the visible waterfall contour in Fig. 5. X-axis is normalized patient rank. Approximate patient rank assumes n=4500; Fig. 5 itself does not print n.
J,6.7 mg C1D1/C1D8/C1D15; 20 mg Day 1 subsequent cycles,0.9480,4266,-96.728,% change from baseline,Digitized from the visible waterfall contour in Fig. 5. X-axis is normalized patient rank. Approximate patient rank assumes n=4500; Fig. 5 itself does not print n.
J,6.7 mg C1D1/C1D8/C1D15; 20 mg Day 1 subsequent cycles,0.9500,4275,-96.728,% change from baseline,Digitized from the visible waterfall contour in Fig. 5. X-axis is normalized patient rank. Approximate patient rank assumes n=4500; Fig. 5 itself does not print n.
J,6.7 mg C1D1/C1D8/C1D15; 20 mg Day 1 subsequent cycles,0.9520,4284,-96.728,% change from baseline,Digitized from the visible waterfall contour in Fig. 5. X-axis is normalized patient rank. Approximate patient rank assumes n=4500; Fig. 5 itself does not print n.
J,6.7 mg C1D1/C1D8/C1D15; 20 mg Day 1 subsequent cycles,0.9540,4293,-96.728,% change from baseline,Digitized from the visible waterfall contour in Fig. 5. X-axis is normalized patient rank. Approximate patient rank assumes n=4500; Fig. 5 itself does not print n.
J,6.7 mg C1D1/C1D8/C1D15; 20 mg Day 1 subsequent cycles,0.9560,4302,-96.728,% change from baseline,Digitized from the visible waterfall contour in Fig. 5. X-axis is normalized patient rank. Approximate patient rank assumes n=4500; Fig. 5 itself does not print n.
J,6.7 mg C1D1/C1D8/C1D15; 20 mg Day 1 subsequent cycles,0.9580,4311,-96.728,% change from baseline,Digitized from the visible waterfall contour in Fig. 5. X-axis is normalized patient rank. Approximate patient rank assumes n=4500; Fig. 5 itself does not print n.
J,6.7 mg C1D1/C1D8/C1D15; 20 mg Day 1 subsequent cycles,0.9600,4320,-96.728,% change from baseline,Digitized from the visible waterfall contour in Fig. 5. X-axis is normalized patient rank. Approximate patient rank assumes n=4500; Fig. 5 itself does not print n.
J,6.7 mg C1D1/C1D8/C1D15; 20 mg Day 1 subsequent cycles,0.9620,4329,-96.728,% change from baseline,Digitized from the visible waterfall contour in Fig. 5. X-axis is normalized patient rank. Approximate patient rank assumes n=4500; Fig. 5 itself does not print n.
J,6.7 mg C1D1/C1D8/C1D15; 20 mg Day 1 subsequent cycles,0.9640,4338,-96.728,% change from baseline,Digitized from the visible waterfall contour in Fig. 5. X-axis is normalized patient rank. Approximate patient rank assumes n=4500; Fig. 5 itself does not print n.
J,6.7 mg C1D1/C1D8/C1D15; 20 mg Day 1 subsequent cycles,0.9660,4347,-96.728,% change from baseline,Digitized from the visible waterfall contour in Fig. 5. X-axis is normalized patient rank. Approximate patient rank assumes n=4500; Fig. 5 itself does not print n.
J,6.7 mg C1D1/C1D8/C1D15; 20 mg Day 1 subsequent cycles,0.9680,4356,-96.728,% change from baseline,Digitized from the visible waterfall contour in Fig. 5. X-axis is normalized patient rank. Approximate patient rank assumes n=4500; Fig. 5 itself does not print n.
J,6.7 mg C1D1/C1D8/C1D15; 20 mg Day 1 subsequent cycles,0.9700,4365,-96.728,% change from baseline,Digitized from the visible waterfall contour in Fig. 5. X-axis is normalized patient rank. Approximate patient rank assumes n=4500; Fig. 5 itself does not print n.
J,6.7 mg C1D1/C1D8/C1D15; 20 mg Day 1 subsequent cycles,0.9720,4374,-96.728,% change from baseline,Digitized from the visible waterfall contour in Fig. 5. X-axis is normalized patient rank. Approximate patient rank assumes n=4500; Fig. 5 itself does not print n.
J,6.7 mg C1D1/C1D8/C1D15; 20 mg Day 1 subsequent cycles,0.9740,4383,-96.728,% change from baseline,Digitized from the visible waterfall contour in Fig. 5. X-axis is normalized patient rank. Approximate patient rank assumes n=4500; Fig. 5 itself does not print n.
J,6.7 mg C1D1/C1D8/C1D15; 20 mg Day 1 subsequent cycles,0.9760,4392,-96.728,% change from baseline,Digitized from the visible waterfall contour in Fig. 5. X-axis is normalized patient rank. Approximate patient rank assumes n=4500; Fig. 5 itself does not print n.
J,6.7 mg C1D1/C1D8/C1D15; 20 mg Day 1 subsequent cycles,0.9780,4401,-96.728,% change from baseline,Digitized from the visible waterfall contour in Fig. 5. X-axis is normalized patient rank. Approximate patient rank assumes n=4500; Fig. 5 itself does not print n.
J,6.7 mg C1D1/C1D8/C1D15; 20 mg Day 1 subsequent cycles,0.9800,4410,-96.728,% change from baseline,Digitized from the visible waterfall contour in Fig. 5. X-axis is normalized patient rank. Approximate patient rank assumes n=4500; Fig. 5 itself does not print n.
J,6.7 mg C1D1/C1D8/C1D15; 20 mg Day 1 subsequent cycles,0.9820,4419,-96.728,% change from baseline,Digitized from the visible waterfall contour in Fig. 5. X-axis is normalized patient rank. Approximate patient rank assumes n=4500; Fig. 5 itself does not print n.
J,6.7 mg C1D1/C1D8/C1D15; 20 mg Day 1 subsequent cycles,0.9840,4428,-96.728,% change from baseline,Digitized from the visible waterfall contour in Fig. 5. X-axis is normalized patient rank. Approximate patient rank assumes n=4500; Fig. 5 itself does not print n.
J,6.7 mg C1D1/C1D8/C1D15; 20 mg Day 1 subsequent cycles,0.9860,4437,-96.728,% change from baseline,Digitized from the visible waterfall contour in Fig. 5. X-axis is normalized patient rank. Approximate patient rank assumes n=4500; Fig. 5 itself does not print n.
J,6.7 mg C1D1/C1D8/C1D15; 20 mg Day 1 subsequent cycles,0.9880,4446,-96.728,% change from baseline,Digitized from the visible waterfall contour in Fig. 5. X-axis is normalized patient rank. Approximate patient rank assumes n=4500; Fig. 5 itself does not print n.
J,6.7 mg C1D1/C1D8/C1D15; 20 mg Day 1 subsequent cycles,0.9900,4455,-96.728,% change from baseline,Digitized from the visible waterfall contour in Fig. 5. X-axis is normalized patient rank. Approximate patient rank assumes n=4500; Fig. 5 itself does not print n.
J,6.7 mg C1D1/C1D8/C1D15; 20 mg Day 1 subsequent cycles,0.9920,4464,-96.728,% change from baseline,Digitized from the visible waterfall contour in Fig. 5. X-axis is normalized patient rank. Approximate patient rank assumes n=4500; Fig. 5 itself does not print n.
J,6.7 mg C1D1/C1D8/C1D15; 20 mg Day 1 subsequent cycles,0.9940,4473,-96.728,% change from baseline,Digitized from the visible waterfall contour in Fig. 5. X-axis is normalized patient rank. Approximate patient rank assumes n=4500; Fig. 5 itself does not print n.
J,6.7 mg C1D1/C1D8/C1D15; 20 mg Day 1 subsequent cycles,0.9960,4482,-96.728,% change from baseline,Digitized from the visible waterfall contour in Fig. 5. X-axis is normalized patient rank. Approximate patient rank assumes n=4500; Fig. 5 itself does not print n.
J,6.7 mg C1D1/C1D8/C1D15; 20 mg Day 1 subsequent cycles,0.9980,4491,-96.728,% change from baseline,Digitized from the visible waterfall contour in Fig. 5. X-axis is normalized patient rank. Approximate patient rank assumes n=4500; Fig. 5 itself does not print n.
J,6.7 mg C1D1/C1D8/C1D15; 20 mg Day 1 subsequent cycles,1.0000,4500,-96.728,% change from baseline,Digitized from the visible waterfall contour in Fig. 5. X-axis is normalized patient rank. Approximate patient rank assumes n=4500; Fig. 5 itself does not print n.
K,1.6/10/10 mg C1D1/C1D8/C1D15; 20 mg Day 1 subsequent cycles,0.0000,1,233.47,% change from baseline,Digitized from the visible waterfall contour in Fig. 5. X-axis is normalized patient rank. Approximate patient rank assumes n=4500; Fig. 5 itself does not print n.
K,1.6/10/10 mg C1D1/C1D8/C1D15; 20 mg Day 1 subsequent cycles,0.0020,10,234.491,% change from baseline,Digitized from the visible waterfall contour in Fig. 5. X-axis is normalized patient rank. Approximate patient rank assumes n=4500; Fig. 5 itself does not print n.
K,1.6/10/10 mg C1D1/C1D8/C1D15; 20 mg Day 1 subsequent cycles,0.0040,19,234.493,% change from baseline,Digitized from the visible waterfall contour in Fig. 5. X-axis is normalized patient rank. Approximate patient rank assumes n=4500; Fig. 5 itself does not print n.
K,1.6/10/10 mg C1D1/C1D8/C1D15; 20 mg Day 1 subsequent cycles,0.0060,28,234.493,% change from baseline,Digitized from the visible waterfall contour in Fig. 5. X-axis is normalized patient rank. Approximate patient rank assumes n=4500; Fig. 5 itself does not print n.
K,1.6/10/10 mg C1D1/C1D8/C1D15; 20 mg Day 1 subsequent cycles,0.0080,37,233.478,% change from baseline,Digitized from the visible waterfall contour in Fig. 5. X-axis is normalized patient rank. Approximate patient rank assumes n=4500; Fig. 5 itself does not print n.
K,1.6/10/10 mg C1D1/C1D8/C1D15; 20 mg Day 1 subsequent cycles,0.0100,46,233.47,% change from baseline,Digitized from the visible waterfall contour in Fig. 5. X-axis is normalized patient rank. Approximate patient rank assumes n=4500; Fig. 5 itself does not print n.
K,1.6/10/10 mg C1D1/C1D8/C1D15; 20 mg Day 1 subsequent cycles,0.0120,55,233.47,% change from baseline,Digitized from the visible waterfall contour in Fig. 5. X-axis is normalized patient rank. Approximate patient rank assumes n=4500; Fig. 5 itself does not print n.
K,1.6/10/10 mg C1D1/C1D8/C1D15; 20 mg Day 1 subsequent cycles,0.0140,64,233.47,% change from baseline,Digitized from the visible waterfall contour in Fig. 5. X-axis is normalized patient rank. Approximate patient rank assumes n=4500; Fig. 5 itself does not print n.
K,1.6/10/10 mg C1D1/C1D8/C1D15; 20 mg Day 1 subsequent cycles,0.0160,73,233.47,% change from baseline,Digitized from the visible waterfall contour in Fig. 5. X-axis is normalized patient rank. Approximate patient rank assumes n=4500; Fig. 5 itself does not print n.
K,1.6/10/10 mg C1D1/C1D8/C1D15; 20 mg Day 1 subsequent cycles,0.0180,82,233.47,% change from baseline,Digitized from the visible waterfall contour in Fig. 5. X-axis is normalized patient rank. Approximate patient rank assumes n=4500; Fig. 5 itself does not print n.
K,1.6/10/10 mg C1D1/C1D8/C1D15; 20 mg Day 1 subsequent cycles,0.0200,91,233.47,% change from baseline,Digitized from the visible waterfall contour in Fig. 5. X-axis is normalized patient rank. Approximate patient rank assumes n=4500; Fig. 5 itself does not print n.
K,1.6/10/10 mg C1D1/C1D8/C1D15; 20 mg Day 1 subsequent cycles,0.0220,100,233.47,% change from baseline,Digitized from the visible waterfall contour in Fig. 5. X-axis is normalized patient rank. Approximate patient rank assumes n=4500; Fig. 5 itself does not print n.
K,1.6/10/10 mg C1D1/C1D8/C1D15; 20 mg Day 1 subsequent cycles,0.0240,109,233.47,% change from baseline,Digitized from the visible waterfall contour in Fig. 5. X-axis is normalized patient rank. Approximate patient rank assumes n=4500; Fig. 5 itself does not print n.
K,1.6/10/10 mg C1D1/C1D8/C1D15; 20 mg Day 1 subsequent cycles,0.0260,118,233.47,% change from baseline,Digitized from the visible waterfall contour in Fig. 5. X-axis is normalized patient rank. Approximate patient rank assumes n=4500; Fig. 5 itself does not print n.
K,1.6/10/10 mg C1D1/C1D8/C1D15; 20 mg Day 1 subsequent cycles,0.0280,127,233.47,% change from baseline,Digitized from the visible waterfall contour in Fig. 5. X-axis is normalized patient rank. Approximate patient rank assumes n=4500; Fig. 5 itself does not print n.
K,1.6/10/10 mg C1D1/C1D8/C1D15; 20 mg Day 1 subsequent cycles,0.0300,136,233.47,% change from baseline,Digitized from the visible waterfall contour in Fig. 5. X-axis is normalized patient rank. Approximate patient rank assumes n=4500; Fig. 5 itself does not print n.
K,1.6/10/10 mg C1D1/C1D8/C1D15; 20 mg Day 1 subsequent cycles,0.0320,145,233.47,% change from baseline,Digitized from the visible waterfall contour in Fig. 5. X-axis is normalized patient rank. Approximate patient rank assumes n=4500; Fig. 5 itself does not print n.
K,1.6/10/10 mg C1D1/C1D8/C1D15; 20 mg Day 1 subsequent cycles,0.0340,154,233.47,% change from baseline,Digitized from the visible waterfall contour in Fig. 5. X-axis is normalized patient rank. Approximate patient rank assumes n=4500; Fig. 5 itself does not print n.
K,1.6/10/10 mg C1D1/C1D8/C1D15; 20 mg Day 1 subsequent cycles,0.0360,163,233.47,% change from baseline,Digitized from the visible waterfall contour in Fig. 5. X-axis is normalized patient rank. Approximate patient rank assumes n=4500; Fig. 5 itself does not print n.
K,1.6/10/10 mg C1D1/C1D8/C1D15; 20 mg Day 1 subsequent cycles,0.0380,172,233.47,% change from baseline,Digitized from the visible waterfall contour in Fig. 5. X-axis is normalized patient rank. Approximate patient rank assumes n=4500; Fig. 5 itself does not print n.
K,1.6/10/10 mg C1D1/C1D8/C1D15; 20 mg Day 1 subsequent cycles,0.0400,181,234.452,% change from baseline,Digitized from the visible waterfall contour in Fig. 5. X-axis is normalized patient rank. Approximate patient rank assumes n=4500; Fig. 5 itself does not print n.
K,1.6/10/10 mg C1D1/C1D8/C1D15; 20 mg Day 1 subsequent cycles,0.0420,190,234.493,% change from baseline,Digitized from the visible waterfall contour in Fig. 5. X-axis is normalized patient rank. Approximate patient rank assumes n=4500; Fig. 5 itself does not print n.
K,1.6/10/10 mg C1D1/C1D8/C1D15; 20 mg Day 1 subsequent cycles,0.0440,199,234.493,% change from baseline,Digitized from the visible waterfall contour in Fig. 5. X-axis is normalized patient rank. Approximate patient rank assumes n=4500; Fig. 5 itself does not print n.
K,1.6/10/10 mg C1D1/C1D8/C1D15; 20 mg Day 1 subsequent cycles,0.0460,208,233.517,% change from baseline,Digitized from the visible waterfall contour in Fig. 5. X-axis is normalized patient rank. Approximate patient rank assumes n=4500; Fig. 5 itself does not print n.
K,1.6/10/10 mg C1D1/C1D8/C1D15; 20 mg Day 1 subsequent cycles,0.0480,217,234.444,% change from baseline,Digitized from the visible waterfall contour in Fig. 5. X-axis is normalized patient rank. Approximate patient rank assumes n=4500; Fig. 5 itself does not print n.
K,1.6/10/10 mg C1D1/C1D8/C1D15; 20 mg Day 1 subsequent cycles,0.0500,226,234.493,% change from baseline,Digitized from the visible waterfall contour in Fig. 5. X-axis is normalized patient rank. Approximate patient rank assumes n=4500; Fig. 5 itself does not print n.
K,1.6/10/10 mg C1D1/C1D8/C1D15; 20 mg Day 1 subsequent cycles,0.0520,235,233.523,% change from baseline,Digitized from the visible waterfall contour in Fig. 5. X-axis is normalized patient rank. Approximate patient rank assumes n=4500; Fig. 5 itself does not print n.
K,1.6/10/10 mg C1D1/C1D8/C1D15; 20 mg Day 1 subsequent cycles,0.0540,244,233.47,% change from baseline,Digitized from the visible waterfall contour in Fig. 5. X-axis is normalized patient rank. Approximate patient rank assumes n=4500; Fig. 5 itself does not print n.
K,1.6/10/10 mg C1D1/C1D8/C1D15; 20 mg Day 1 subsequent cycles,0.0560,253,217.044,% change from baseline,Digitized from the visible waterfall contour in Fig. 5. X-axis is normalized patient rank. Approximate patient rank assumes n=4500; Fig. 5 itself does not print n.
K,1.6/10/10 mg C1D1/C1D8/C1D15; 20 mg Day 1 subsequent cycles,0.0580,262,212.213,% change from baseline,Digitized from the visible waterfall contour in Fig. 5. X-axis is normalized patient rank. Approximate patient rank assumes n=4500; Fig. 5 itself does not print n.
K,1.6/10/10 mg C1D1/C1D8/C1D15; 20 mg Day 1 subsequent cycles,0.0600,271,197.544,% change from baseline,Digitized from the visible waterfall contour in Fig. 5. X-axis is normalized patient rank. Approximate patient rank assumes n=4500; Fig. 5 itself does not print n.
K,1.6/10/10 mg C1D1/C1D8/C1D15; 20 mg Day 1 subsequent cycles,0.0620,280,195.662,% change from baseline,Digitized from the visible waterfall contour in Fig. 5. X-axis is normalized patient rank. Approximate patient rank assumes n=4500; Fig. 5 itself does not print n.
K,1.6/10/10 mg C1D1/C1D8/C1D15; 20 mg Day 1 subsequent cycles,0.0640,289,186.976,% change from baseline,Digitized from the visible waterfall contour in Fig. 5. X-axis is normalized patient rank. Approximate patient rank assumes n=4500; Fig. 5 itself does not print n.
K,1.6/10/10 mg C1D1/C1D8/C1D15; 20 mg Day 1 subsequent cycles,0.0660,298,180.651,% change from baseline,Digitized from the visible waterfall contour in Fig. 5. X-axis is normalized patient rank. Approximate patient rank assumes n=4500; Fig. 5 itself does not print n.
K,1.6/10/10 mg C1D1/C1D8/C1D15; 20 mg Day 1 subsequent cycles,0.0680,307,178.338,% change from baseline,Digitized from the visible waterfall contour in Fig. 5. X-axis is normalized patient rank. Approximate patient rank assumes n=4500; Fig. 5 itself does not print n.
K,1.6/10/10 mg C1D1/C1D8/C1D15; 20 mg Day 1 subsequent cycles,0.0700,316,176.295,% change from baseline,Digitized from the visible waterfall contour in Fig. 5. X-axis is normalized patient rank. Approximate patient rank assumes n=4500; Fig. 5 itself does not print n.
K,1.6/10/10 mg C1D1/C1D8/C1D15; 20 mg Day 1 subsequent cycles,0.0720,325,172.352,% change from baseline,Digitized from the visible waterfall contour in Fig. 5. X-axis is normalized patient rank. Approximate patient rank assumes n=4500; Fig. 5 itself does not print n.
K,1.6/10/10 mg C1D1/C1D8/C1D15; 20 mg Day 1 subsequent cycles,0.0740,334,171.11,% change from baseline,Digitized from the visible waterfall contour in Fig. 5. X-axis is normalized patient rank. Approximate patient rank assumes n=4500; Fig. 5 itself does not print n.
K,1.6/10/10 mg C1D1/C1D8/C1D15; 20 mg Day 1 subsequent cycles,0.0760,343,169.142,% change from baseline,Digitized from the visible waterfall contour in Fig. 5. X-axis is normalized patient rank. Approximate patient rank assumes n=4500; Fig. 5 itself does not print n.
K,1.6/10/10 mg C1D1/C1D8/C1D15; 20 mg Day 1 subsequent cycles,0.0780,352,167.099,% change from baseline,Digitized from the visible waterfall contour in Fig. 5. X-axis is normalized patient rank. Approximate patient rank assumes n=4500; Fig. 5 itself does not print n.
K,1.6/10/10 mg C1D1/C1D8/C1D15; 20 mg Day 1 subsequent cycles,0.0800,361,165.056,% change from baseline,Digitized from the visible waterfall contour in Fig. 5. X-axis is normalized patient rank. Approximate patient rank assumes n=4500; Fig. 5 itself does not print n.
K,1.6/10/10 mg C1D1/C1D8/C1D15; 20 mg Day 1 subsequent cycles,0.0820,370,163.013,% change from baseline,Digitized from the visible waterfall contour in Fig. 5. X-axis is normalized patient rank. Approximate patient rank assumes n=4500; Fig. 5 itself does not print n.
K,1.6/10/10 mg C1D1/C1D8/C1D15; 20 mg Day 1 subsequent cycles,0.0840,379,160.97,% change from baseline,Digitized from the visible waterfall contour in Fig. 5. X-axis is normalized patient rank. Approximate patient rank assumes n=4500; Fig. 5 itself does not print n.
K,1.6/10/10 mg C1D1/C1D8/C1D15; 20 mg Day 1 subsequent cycles,0.0860,388,157.992,% change from baseline,Digitized from the visible waterfall contour in Fig. 5. X-axis is normalized patient rank. Approximate patient rank assumes n=4500; Fig. 5 itself does not print n.
K,1.6/10/10 mg C1D1/C1D8/C1D15; 20 mg Day 1 subsequent cycles,0.0880,397,155.861,% change from baseline,Digitized from the visible waterfall contour in Fig. 5. X-axis is normalized patient rank. Approximate patient rank assumes n=4500; Fig. 5 itself does not print n.
K,1.6/10/10 mg C1D1/C1D8/C1D15; 20 mg Day 1 subsequent cycles,0.0900,406,152.886,% change from baseline,Digitized from the visible waterfall contour in Fig. 5. X-axis is normalized patient rank. Approximate patient rank assumes n=4500; Fig. 5 itself does not print n.
K,1.6/10/10 mg C1D1/C1D8/C1D15; 20 mg Day 1 subsequent cycles,0.0920,415,150.751,% change from baseline,Digitized from the visible waterfall contour in Fig. 5. X-axis is normalized patient rank. Approximate patient rank assumes n=4500; Fig. 5 itself does not print n.
K,1.6/10/10 mg C1D1/C1D8/C1D15; 20 mg Day 1 subsequent cycles,0.0940,424,147.781,% change from baseline,Digitized from the visible waterfall contour in Fig. 5. X-axis is normalized patient rank. Approximate patient rank assumes n=4500; Fig. 5 itself does not print n.
K,1.6/10/10 mg C1D1/C1D8/C1D15; 20 mg Day 1 subsequent cycles,0.0960,433,146.567,% change from baseline,Digitized from the visible waterfall contour in Fig. 5. X-axis is normalized patient rank. Approximate patient rank assumes n=4500; Fig. 5 itself does not print n.
K,1.6/10/10 mg C1D1/C1D8/C1D15; 20 mg Day 1 subsequent cycles,0.0980,442,144.622,% change from baseline,Digitized from the visible waterfall contour in Fig. 5. X-axis is normalized patient rank. Approximate patient rank assumes n=4500; Fig. 5 itself does not print n.
K,1.6/10/10 mg C1D1/C1D8/C1D15; 20 mg Day 1 subsequent cycles,0.1000,451,143.501,% change from baseline,Digitized from the visible waterfall contour in Fig. 5. X-axis is normalized patient rank. Approximate patient rank assumes n=4500; Fig. 5 itself does not print n.
K,1.6/10/10 mg C1D1/C1D8/C1D15; 20 mg Day 1 subsequent cycles,0.1020,460,142.479,% change from baseline,Digitized from the visible waterfall contour in Fig. 5. X-axis is normalized patient rank. Approximate patient rank assumes n=4500; Fig. 5 itself does not print n.
K,1.6/10/10 mg C1D1/C1D8/C1D15; 20 mg Day 1 subsequent cycles,0.1040,469,140.54,% change from baseline,Digitized from the visible waterfall contour in Fig. 5. X-axis is normalized patient rank. Approximate patient rank assumes n=4500; Fig. 5 itself does not print n.
K,1.6/10/10 mg C1D1/C1D8/C1D15; 20 mg Day 1 subsequent cycles,0.1060,478,138.497,% change from baseline,Digitized from the visible waterfall contour in Fig. 5. X-axis is normalized patient rank. Approximate patient rank assumes n=4500; Fig. 5 itself does not print n.
K,1.6/10/10 mg C1D1/C1D8/C1D15; 20 mg Day 1 subsequent cycles,0.1080,487,136.454,% change from baseline,Digitized from the visible waterfall contour in Fig. 5. X-axis is normalized patient rank. Approximate patient rank assumes n=4500; Fig. 5 itself does not print n.
K,1.6/10/10 mg C1D1/C1D8/C1D15; 20 mg Day 1 subsequent cycles,0.1100,496,134.411,% change from baseline,Digitized from the visible waterfall contour in Fig. 5. X-axis is normalized patient rank. Approximate patient rank assumes n=4500; Fig. 5 itself does not print n.
K,1.6/10/10 mg C1D1/C1D8/C1D15; 20 mg Day 1 subsequent cycles,0.1120,505,133.277,% change from baseline,Digitized from the visible waterfall contour in Fig. 5. X-axis is normalized patient rank. Approximate patient rank assumes n=4500; Fig. 5 itself does not print n.
K,1.6/10/10 mg C1D1/C1D8/C1D15; 20 mg Day 1 subsequent cycles,0.1140,514,130.442,% change from baseline,Digitized from the visible waterfall contour in Fig. 5. X-axis is normalized patient rank. Approximate patient rank assumes n=4500; Fig. 5 itself does not print n.
K,1.6/10/10 mg C1D1/C1D8/C1D15; 20 mg Day 1 subsequent cycles,0.1160,523,128.282,% change from baseline,Digitized from the visible waterfall contour in Fig. 5. X-axis is normalized patient rank. Approximate patient rank assumes n=4500; Fig. 5 itself does not print n.
K,1.6/10/10 mg C1D1/C1D8/C1D15; 20 mg Day 1 subsequent cycles,0.1180,532,125.337,% change from baseline,Digitized from the visible waterfall contour in Fig. 5. X-axis is normalized patient rank. Approximate patient rank assumes n=4500; Fig. 5 itself does not print n.
K,1.6/10/10 mg C1D1/C1D8/C1D15; 20 mg Day 1 subsequent cycles,0.1200,541,123.173,% change from baseline,Digitized from the visible waterfall contour in Fig. 5. X-axis is normalized patient rank. Approximate patient rank assumes n=4500; Fig. 5 itself does not print n.
K,1.6/10/10 mg C1D1/C1D8/C1D15; 20 mg Day 1 subsequent cycles,0.1220,550,120.231,% change from baseline,Digitized from the visible waterfall contour in Fig. 5. X-axis is normalized patient rank. Approximate patient rank assumes n=4500; Fig. 5 itself does not print n.
K,1.6/10/10 mg C1D1/C1D8/C1D15; 20 mg Day 1 subsequent cycles,0.1240,559,118.96,% change from baseline,Digitized from the visible waterfall contour in Fig. 5. X-axis is normalized patient rank. Approximate patient rank assumes n=4500; Fig. 5 itself does not print n.
K,1.6/10/10 mg C1D1/C1D8/C1D15; 20 mg Day 1 subsequent cycles,0.1260,568,117.939,% change from baseline,Digitized from the visible waterfall contour in Fig. 5. X-axis is normalized patient rank. Approximate patient rank assumes n=4500; Fig. 5 itself does not print n.
K,1.6/10/10 mg C1D1/C1D8/C1D15; 20 mg Day 1 subsequent cycles,0.1280,577,115.132,% change from baseline,Digitized from the visible waterfall contour in Fig. 5. X-axis is normalized patient rank. Approximate patient rank assumes n=4500; Fig. 5 itself does not print n.
K,1.6/10/10 mg C1D1/C1D8/C1D15; 20 mg Day 1 subsequent cycles,0.1300,586,112.958,% change from baseline,Digitized from the visible waterfall contour in Fig. 5. X-axis is normalized patient rank. Approximate patient rank assumes n=4500; Fig. 5 itself does not print n.
K,1.6/10/10 mg C1D1/C1D8/C1D15; 20 mg Day 1 subsequent cycles,0.1320,595,110.027,% change from baseline,Digitized from the visible waterfall contour in Fig. 5. X-axis is normalized patient rank. Approximate patient rank assumes n=4500; Fig. 5 itself does not print n.
K,1.6/10/10 mg C1D1/C1D8/C1D15; 20 mg Day 1 subsequent cycles,0.1340,604,107.849,% change from baseline,Digitized from the visible waterfall contour in Fig. 5. X-axis is normalized patient rank. Approximate patient rank assumes n=4500; Fig. 5 itself does not print n.
K,1.6/10/10 mg C1D1/C1D8/C1D15; 20 mg Day 1 subsequent cycles,0.1360,613,104.921,% change from baseline,Digitized from the visible waterfall contour in Fig. 5. X-axis is normalized patient rank. Approximate patient rank assumes n=4500; Fig. 5 itself does not print n.
K,1.6/10/10 mg C1D1/C1D8/C1D15; 20 mg Day 1 subsequent cycles,0.1380,622,103.621,% change from baseline,Digitized from the visible waterfall contour in Fig. 5. X-axis is normalized patient rank. Approximate patient rank assumes n=4500; Fig. 5 itself does not print n.
K,1.6/10/10 mg C1D1/C1D8/C1D15; 20 mg Day 1 subsequent cycles,0.1400,631,98.1986,% change from baseline,Digitized from the visible waterfall contour in Fig. 5. X-axis is normalized patient rank. Approximate patient rank assumes n=4500; Fig. 5 itself does not print n.
K,1.6/10/10 mg C1D1/C1D8/C1D15; 20 mg Day 1 subsequent cycles,0.1420,640,97.3388,% change from baseline,Digitized from the visible waterfall contour in Fig. 5. X-axis is normalized patient rank. Approximate patient rank assumes n=4500; Fig. 5 itself does not print n.
K,1.6/10/10 mg C1D1/C1D8/C1D15; 20 mg Day 1 subsequent cycles,0.1440,649,97.3388,% change from baseline,Digitized from the visible waterfall contour in Fig. 5. X-axis is normalized patient rank. Approximate patient rank assumes n=4500; Fig. 5 itself does not print n.
K,1.6/10/10 mg C1D1/C1D8/C1D15; 20 mg Day 1 subsequent cycles,0.1460,658,95.5906,% change from baseline,Digitized from the visible waterfall contour in Fig. 5. X-axis is normalized patient rank. Approximate patient rank assumes n=4500; Fig. 5 itself does not print n.
K,1.6/10/10 mg C1D1/C1D8/C1D15; 20 mg Day 1 subsequent cycles,0.1480,667,94.4197,% change from baseline,Digitized from the visible waterfall contour in Fig. 5. X-axis is normalized patient rank. Approximate patient rank assumes n=4500; Fig. 5 itself does not print n.
K,1.6/10/10 mg C1D1/C1D8/C1D15; 20 mg Day 1 subsequent cycles,0.1500,676,93.3982,% change from baseline,Digitized from the visible waterfall contour in Fig. 5. X-axis is normalized patient rank. Approximate patient rank assumes n=4500; Fig. 5 itself does not print n.
K,1.6/10/10 mg C1D1/C1D8/C1D15; 20 mg Day 1 subsequent cycles,0.1520,685,91.5087,% change from baseline,Digitized from the visible waterfall contour in Fig. 5. X-axis is normalized patient rank. Approximate patient rank assumes n=4500; Fig. 5 itself does not print n.
K,1.6/10/10 mg C1D1/C1D8/C1D15; 20 mg Day 1 subsequent cycles,0.1540,694,90.3316,% change from baseline,Digitized from the visible waterfall contour in Fig. 5. X-axis is normalized patient rank. Approximate patient rank assumes n=4500; Fig. 5 itself does not print n.
K,1.6/10/10 mg C1D1/C1D8/C1D15; 20 mg Day 1 subsequent cycles,0.1560,703,88.4463,% change from baseline,Digitized from the visible waterfall contour in Fig. 5. X-axis is normalized patient rank. Approximate patient rank assumes n=4500; Fig. 5 itself does not print n.
K,1.6/10/10 mg C1D1/C1D8/C1D15; 20 mg Day 1 subsequent cycles,0.1580,712,87.2651,% change from baseline,Digitized from the visible waterfall contour in Fig. 5. X-axis is normalized patient rank. Approximate patient rank assumes n=4500; Fig. 5 itself does not print n.
K,1.6/10/10 mg C1D1/C1D8/C1D15; 20 mg Day 1 subsequent cycles,0.1600,721,85.3838,% change from baseline,Digitized from the visible waterfall contour in Fig. 5. X-axis is normalized patient rank. Approximate patient rank assumes n=4500; Fig. 5 itself does not print n.
K,1.6/10/10 mg C1D1/C1D8/C1D15; 20 mg Day 1 subsequent cycles,0.1620,730,84.1986,% change from baseline,Digitized from the visible waterfall contour in Fig. 5. X-axis is normalized patient rank. Approximate patient rank assumes n=4500; Fig. 5 itself does not print n.
K,1.6/10/10 mg C1D1/C1D8/C1D15; 20 mg Day 1 subsequent cycles,0.1640,739,82.3214,% change from baseline,Digitized from the visible waterfall contour in Fig. 5. X-axis is normalized patient rank. Approximate patient rank assumes n=4500; Fig. 5 itself does not print n.
K,1.6/10/10 mg C1D1/C1D8/C1D15; 20 mg Day 1 subsequent cycles,0.1660,748,81.132,% change from baseline,Digitized from the visible waterfall contour in Fig. 5. X-axis is normalized patient rank. Approximate patient rank assumes n=4500; Fig. 5 itself does not print n.
K,1.6/10/10 mg C1D1/C1D8/C1D15; 20 mg Day 1 subsequent cycles,0.1680,757,78.4074,% change from baseline,Digitized from the visible waterfall contour in Fig. 5. X-axis is normalized patient rank. Approximate patient rank assumes n=4500; Fig. 5 itself does not print n.
K,1.6/10/10 mg C1D1/C1D8/C1D15; 20 mg Day 1 subsequent cycles,0.1700,766,77.042,% change from baseline,Digitized from the visible waterfall contour in Fig. 5. X-axis is normalized patient rank. Approximate patient rank assumes n=4500; Fig. 5 itself does not print n.
K,1.6/10/10 mg C1D1/C1D8/C1D15; 20 mg Day 1 subsequent cycles,0.1720,775,76.0205,% change from baseline,Digitized from the visible waterfall contour in Fig. 5. X-axis is normalized patient rank. Approximate patient rank assumes n=4500; Fig. 5 itself does not print n.
K,1.6/10/10 mg C1D1/C1D8/C1D15; 20 mg Day 1 subsequent cycles,0.1740,784,74.999,% change from baseline,Digitized from the visible waterfall contour in Fig. 5. X-axis is normalized patient rank. Approximate patient rank assumes n=4500; Fig. 5 itself does not print n.
K,1.6/10/10 mg C1D1/C1D8/C1D15; 20 mg Day 1 subsequent cycles,0.1760,793,73.1341,% change from baseline,Digitized from the visible waterfall contour in Fig. 5. X-axis is normalized patient rank. Approximate patient rank assumes n=4500; Fig. 5 itself does not print n.
K,1.6/10/10 mg C1D1/C1D8/C1D15; 20 mg Day 1 subsequent cycles,0.1780,802,71.9324,% change from baseline,Digitized from the visible waterfall contour in Fig. 5. X-axis is normalized patient rank. Approximate patient rank assumes n=4500; Fig. 5 itself does not print n.
K,1.6/10/10 mg C1D1/C1D8/C1D15; 20 mg Day 1 subsequent cycles,0.1800,811,70.911,% change from baseline,Digitized from the visible waterfall contour in Fig. 5. X-axis is normalized patient rank. Approximate patient rank assumes n=4500; Fig. 5 itself does not print n.
K,1.6/10/10 mg C1D1/C1D8/C1D15; 20 mg Day 1 subsequent cycles,0.1820,820,69.0522,% change from baseline,Digitized from the visible waterfall contour in Fig. 5. X-axis is normalized patient rank. Approximate patient rank assumes n=4500; Fig. 5 itself does not print n.
K,1.6/10/10 mg C1D1/C1D8/C1D15; 20 mg Day 1 subsequent cycles,0.1840,829,67.8444,% change from baseline,Digitized from the visible waterfall contour in Fig. 5. X-axis is normalized patient rank. Approximate patient rank assumes n=4500; Fig. 5 itself does not print n.
K,1.6/10/10 mg C1D1/C1D8/C1D15; 20 mg Day 1 subsequent cycles,0.1860,838,66.8229,% change from baseline,Digitized from the visible waterfall contour in Fig. 5. X-axis is normalized patient rank. Approximate patient rank assumes n=4500; Fig. 5 itself does not print n.
K,1.6/10/10 mg C1D1/C1D8/C1D15; 20 mg Day 1 subsequent cycles,0.1880,847,65.8014,% change from baseline,Digitized from the visible waterfall contour in Fig. 5. X-axis is normalized patient rank. Approximate patient rank assumes n=4500; Fig. 5 itself does not print n.
K,1.6/10/10 mg C1D1/C1D8/C1D15; 20 mg Day 1 subsequent cycles,0.1900,856,64.7799,% change from baseline,Digitized from the visible waterfall contour in Fig. 5. X-axis is normalized patient rank. Approximate patient rank assumes n=4500; Fig. 5 itself does not print n.
K,1.6/10/10 mg C1D1/C1D8/C1D15; 20 mg Day 1 subsequent cycles,0.1920,865,62.9314,% change from baseline,Digitized from the visible waterfall contour in Fig. 5. X-axis is normalized patient rank. Approximate patient rank assumes n=4500; Fig. 5 itself does not print n.
K,1.6/10/10 mg C1D1/C1D8/C1D15; 20 mg Day 1 subsequent cycles,0.1940,874,60.8884,% change from baseline,Digitized from the visible waterfall contour in Fig. 5. X-axis is normalized patient rank. Approximate patient rank assumes n=4500; Fig. 5 itself does not print n.
K,1.6/10/10 mg C1D1/C1D8/C1D15; 20 mg Day 1 subsequent cycles,0.1960,883,59.6684,% change from baseline,Digitized from the visible waterfall contour in Fig. 5. X-axis is normalized patient rank. Approximate patient rank assumes n=4500; Fig. 5 itself does not print n.
K,1.6/10/10 mg C1D1/C1D8/C1D15; 20 mg Day 1 subsequent cycles,0.1980,892,58.6469,% change from baseline,Digitized from the visible waterfall contour in Fig. 5. X-axis is normalized patient rank. Approximate patient rank assumes n=4500; Fig. 5 itself does not print n.
K,1.6/10/10 mg C1D1/C1D8/C1D15; 20 mg Day 1 subsequent cycles,0.2000,901,57.6254,% change from baseline,Digitized from the visible waterfall contour in Fig. 5. X-axis is normalized patient rank. Approximate patient rank assumes n=4500; Fig. 5 itself does not print n.
K,1.6/10/10 mg C1D1/C1D8/C1D15; 20 mg Day 1 subsequent cycles,0.2020,910,56.6039,% change from baseline,Digitized from the visible waterfall contour in Fig. 5. X-axis is normalized patient rank. Approximate patient rank assumes n=4500; Fig. 5 itself does not print n.
K,1.6/10/10 mg C1D1/C1D8/C1D15; 20 mg Day 1 subsequent cycles,0.2040,919,54.7677,% change from baseline,Digitized from the visible waterfall contour in Fig. 5. X-axis is normalized patient rank. Approximate patient rank assumes n=4500; Fig. 5 itself does not print n.
K,1.6/10/10 mg C1D1/C1D8/C1D15; 20 mg Day 1 subsequent cycles,0.2060,928,54.3501,% change from baseline,Digitized from the visible waterfall contour in Fig. 5. X-axis is normalized patient rank. Approximate patient rank assumes n=4500; Fig. 5 itself does not print n.
K,1.6/10/10 mg C1D1/C1D8/C1D15; 20 mg Day 1 subsequent cycles,0.2080,937,52.7288,% change from baseline,Digitized from the visible waterfall contour in Fig. 5. X-axis is normalized patient rank. Approximate patient rank assumes n=4500; Fig. 5 itself does not print n.
K,1.6/10/10 mg C1D1/C1D8/C1D15; 20 mg Day 1 subsequent cycles,0.2100,946,51.4944,% change from baseline,Digitized from the visible waterfall contour in Fig. 5. X-axis is normalized patient rank. Approximate patient rank assumes n=4500; Fig. 5 itself does not print n.
K,1.6/10/10 mg C1D1/C1D8/C1D15; 20 mg Day 1 subsequent cycles,0.2120,955,49.6663,% change from baseline,Digitized from the visible waterfall contour in Fig. 5. X-axis is normalized patient rank. Approximate patient rank assumes n=4500; Fig. 5 itself does not print n.
K,1.6/10/10 mg C1D1/C1D8/C1D15; 20 mg Day 1 subsequent cycles,0.2140,964,48.4278,% change from baseline,Digitized from the visible waterfall contour in Fig. 5. X-axis is normalized patient rank. Approximate patient rank assumes n=4500; Fig. 5 itself does not print n.
K,1.6/10/10 mg C1D1/C1D8/C1D15; 20 mg Day 1 subsequent cycles,0.2160,973,46.6039,% change from baseline,Digitized from the visible waterfall contour in Fig. 5. X-axis is normalized patient rank. Approximate patient rank assumes n=4500; Fig. 5 itself does not print n.
K,1.6/10/10 mg C1D1/C1D8/C1D15; 20 mg Day 1 subsequent cycles,0.2180,982,45.3613,% change from baseline,Digitized from the visible waterfall contour in Fig. 5. X-axis is normalized patient rank. Approximate patient rank assumes n=4500; Fig. 5 itself does not print n.
K,1.6/10/10 mg C1D1/C1D8/C1D15; 20 mg Day 1 subsequent cycles,0.2200,991,44.3398,% change from baseline,Digitized from the visible waterfall contour in Fig. 5. X-axis is normalized patient rank. Approximate patient rank assumes n=4500; Fig. 5 itself does not print n.
K,1.6/10/10 mg C1D1/C1D8/C1D15; 20 mg Day 1 subsequent cycles,0.2220,1000,42.522,% change from baseline,Digitized from the visible waterfall contour in Fig. 5. X-axis is normalized patient rank. Approximate patient rank assumes n=4500; Fig. 5 itself does not print n.
K,1.6/10/10 mg C1D1/C1D8/C1D15; 20 mg Day 1 subsequent cycles,0.2240,1009,41.2733,% change from baseline,Digitized from the visible waterfall contour in Fig. 5. X-axis is normalized patient rank. Approximate patient rank assumes n=4500; Fig. 5 itself does not print n.
K,1.6/10/10 mg C1D1/C1D8/C1D15; 20 mg Day 1 subsequent cycles,0.2260,1018,40.2518,% change from baseline,Digitized from the visible waterfall contour in Fig. 5. X-axis is normalized patient rank. Approximate patient rank assumes n=4500; Fig. 5 itself does not print n.
K,1.6/10/10 mg C1D1/C1D8/C1D15; 20 mg Day 1 subsequent cycles,0.2280,1027,39.2303,% change from baseline,Digitized from the visible waterfall contour in Fig. 5. X-axis is normalized patient rank. Approximate patient rank assumes n=4500; Fig. 5 itself does not print n.
K,1.6/10/10 mg C1D1/C1D8/C1D15; 20 mg Day 1 subsequent cycles,0.2300,1036,38.2088,% change from baseline,Digitized from the visible waterfall contour in Fig. 5. X-axis is normalized patient rank. Approximate patient rank assumes n=4500; Fig. 5 itself does not print n.
K,1.6/10/10 mg C1D1/C1D8/C1D15; 20 mg Day 1 subsequent cycles,0.2320,1045,36.4012,% change from baseline,Digitized from the visible waterfall contour in Fig. 5. X-axis is normalized patient rank. Approximate patient rank assumes n=4500; Fig. 5 itself does not print n.
K,1.6/10/10 mg C1D1/C1D8/C1D15; 20 mg Day 1 subsequent cycles,0.2340,1054,35.1423,% change from baseline,Digitized from the visible waterfall contour in Fig. 5. X-axis is normalized patient rank. Approximate patient rank assumes n=4500; Fig. 5 itself does not print n.
K,1.6/10/10 mg C1D1/C1D8/C1D15; 20 mg Day 1 subsequent cycles,0.2360,1063,33.3388,% change from baseline,Digitized from the visible waterfall contour in Fig. 5. X-axis is normalized patient rank. Approximate patient rank assumes n=4500; Fig. 5 itself does not print n.
K,1.6/10/10 mg C1D1/C1D8/C1D15; 20 mg Day 1 subsequent cycles,0.2380,1072,32.0757,% change from baseline,Digitized from the visible waterfall contour in Fig. 5. X-axis is normalized patient rank. Approximate patient rank assumes n=4500; Fig. 5 itself does not print n.
K,1.6/10/10 mg C1D1/C1D8/C1D15; 20 mg Day 1 subsequent cycles,0.2400,1081,31.0542,% change from baseline,Digitized from the visible waterfall contour in Fig. 5. X-axis is normalized patient rank. Approximate patient rank assumes n=4500; Fig. 5 itself does not print n.
K,1.6/10/10 mg C1D1/C1D8/C1D15; 20 mg Day 1 subsequent cycles,0.2420,1090,30.0328,% change from baseline,Digitized from the visible waterfall contour in Fig. 5. X-axis is normalized patient rank. Approximate patient rank assumes n=4500; Fig. 5 itself does not print n.
K,1.6/10/10 mg C1D1/C1D8/C1D15; 20 mg Day 1 subsequent cycles,0.2440,1099,29.0113,% change from baseline,Digitized from the visible waterfall contour in Fig. 5. X-axis is normalized patient rank. Approximate patient rank assumes n=4500; Fig. 5 itself does not print n.
K,1.6/10/10 mg C1D1/C1D8/C1D15; 20 mg Day 1 subsequent cycles,0.2460,1108,27.9898,% change from baseline,Digitized from the visible waterfall contour in Fig. 5. X-axis is normalized patient rank. Approximate patient rank assumes n=4500; Fig. 5 itself does not print n.
K,1.6/10/10 mg C1D1/C1D8/C1D15; 20 mg Day 1 subsequent cycles,0.2480,1117,26.1986,% change from baseline,Digitized from the visible waterfall contour in Fig. 5. X-axis is normalized patient rank. Approximate patient rank assumes n=4500; Fig. 5 itself does not print n.
K,1.6/10/10 mg C1D1/C1D8/C1D15; 20 mg Day 1 subsequent cycles,0.2500,1126,24.9232,% change from baseline,Digitized from the visible waterfall contour in Fig. 5. X-axis is normalized patient rank. Approximate patient rank assumes n=4500; Fig. 5 itself does not print n.
K,1.6/10/10 mg C1D1/C1D8/C1D15; 20 mg Day 1 subsequent cycles,0.2520,1135,23.9017,% change from baseline,Digitized from the visible waterfall contour in Fig. 5. X-axis is normalized patient rank. Approximate patient rank assumes n=4500; Fig. 5 itself does not print n.
K,1.6/10/10 mg C1D1/C1D8/C1D15; 20 mg Day 1 subsequent cycles,0.2540,1144,22.1167,% change from baseline,Digitized from the visible waterfall contour in Fig. 5. X-axis is normalized patient rank. Approximate patient rank assumes n=4500; Fig. 5 itself does not print n.
K,1.6/10/10 mg C1D1/C1D8/C1D15; 20 mg Day 1 subsequent cycles,0.2560,1153,20.0737,% change from baseline,Digitized from the visible waterfall contour in Fig. 5. X-axis is normalized patient rank. Approximate patient rank assumes n=4500; Fig. 5 itself does not print n.
K,1.6/10/10 mg C1D1/C1D8/C1D15; 20 mg Day 1 subsequent cycles,0.2580,1162,18.7902,% change from baseline,Digitized from the visible waterfall contour in Fig. 5. X-axis is normalized patient rank. Approximate patient rank assumes n=4500; Fig. 5 itself does not print n.
K,1.6/10/10 mg C1D1/C1D8/C1D15; 20 mg Day 1 subsequent cycles,0.2600,1171,17.0113,% change from baseline,Digitized from the visible waterfall contour in Fig. 5. X-axis is normalized patient rank. Approximate patient rank assumes n=4500; Fig. 5 itself does not print n.
K,1.6/10/10 mg C1D1/C1D8/C1D15; 20 mg Day 1 subsequent cycles,0.2620,1180,15.7236,% change from baseline,Digitized from the visible waterfall contour in Fig. 5. X-axis is normalized patient rank. Approximate patient rank assumes n=4500; Fig. 5 itself does not print n.
K,1.6/10/10 mg C1D1/C1D8/C1D15; 20 mg Day 1 subsequent cycles,0.2640,1189,13.9488,% change from baseline,Digitized from the visible waterfall contour in Fig. 5. X-axis is normalized patient rank. Approximate patient rank assumes n=4500; Fig. 5 itself does not print n.
K,1.6/10/10 mg C1D1/C1D8/C1D15; 20 mg Day 1 subsequent cycles,0.2660,1198,11.9058,% change from baseline,Digitized from the visible waterfall contour in Fig. 5. X-axis is normalized patient rank. Approximate patient rank assumes n=4500; Fig. 5 itself does not print n.
K,1.6/10/10 mg C1D1/C1D8/C1D15; 20 mg Day 1 subsequent cycles,0.2680,1207,9.86285,% change from baseline,Digitized from the visible waterfall contour in Fig. 5. X-axis is normalized patient rank. Approximate patient rank assumes n=4500; Fig. 5 itself does not print n.
K,1.6/10/10 mg C1D1/C1D8/C1D15; 20 mg Day 1 subsequent cycles,0.2700,1216,7.81986,% change from baseline,Digitized from the visible waterfall contour in Fig. 5. X-axis is normalized patient rank. Approximate patient rank assumes n=4500; Fig. 5 itself does not print n.
K,1.6/10/10 mg C1D1/C1D8/C1D15; 20 mg Day 1 subsequent cycles,0.2720,1225,5.03173,% change from baseline,Digitized from the visible waterfall contour in Fig. 5. X-axis is normalized patient rank. Approximate patient rank assumes n=4500; Fig. 5 itself does not print n.
K,1.6/10/10 mg C1D1/C1D8/C1D15; 20 mg Day 1 subsequent cycles,0.2740,1234,3.45343,% change from baseline,Digitized from the visible waterfall contour in Fig. 5. X-axis is normalized patient rank. Approximate patient rank assumes n=4500; Fig. 5 itself does not print n.
K,1.6/10/10 mg C1D1/C1D8/C1D15; 20 mg Day 1 subsequent cycles,0.2760,1243,1.71939,% change from baseline,Digitized from the visible waterfall contour in Fig. 5. X-axis is normalized patient rank. Approximate patient rank assumes n=4500; Fig. 5 itself does not print n.
K,1.6/10/10 mg C1D1/C1D8/C1D15; 20 mg Day 1 subsequent cycles,0.2780,1252,-0.284308,% change from baseline,Digitized from the visible waterfall contour in Fig. 5. X-axis is normalized patient rank. Approximate patient rank assumes n=4500; Fig. 5 itself does not print n.
K,1.6/10/10 mg C1D1/C1D8/C1D15; 20 mg Day 1 subsequent cycles,0.2800,1261,-2.28801,% change from baseline,Digitized from the visible waterfall contour in Fig. 5. X-axis is normalized patient rank. Approximate patient rank assumes n=4500; Fig. 5 itself does not print n.
K,1.6/10/10 mg C1D1/C1D8/C1D15; 20 mg Day 1 subsequent cycles,0.2820,1270,-4.29171,% change from baseline,Digitized from the visible waterfall contour in Fig. 5. X-axis is normalized patient rank. Approximate patient rank assumes n=4500; Fig. 5 itself does not print n.
K,1.6/10/10 mg C1D1/C1D8/C1D15; 20 mg Day 1 subsequent cycles,0.2840,1279,-6.29541,% change from baseline,Digitized from the visible waterfall contour in Fig. 5. X-axis is normalized patient rank. Approximate patient rank assumes n=4500; Fig. 5 itself does not print n.
K,1.6/10/10 mg C1D1/C1D8/C1D15; 20 mg Day 1 subsequent cycles,0.2860,1288,-8.29911,% change from baseline,Digitized from the visible waterfall contour in Fig. 5. X-axis is normalized patient rank. Approximate patient rank assumes n=4500; Fig. 5 itself does not print n.
K,1.6/10/10 mg C1D1/C1D8/C1D15; 20 mg Day 1 subsequent cycles,0.2880,1297,-10.3028,% change from baseline,Digitized from the visible waterfall contour in Fig. 5. X-axis is normalized patient rank. Approximate patient rank assumes n=4500; Fig. 5 itself does not print n.
K,1.6/10/10 mg C1D1/C1D8/C1D15; 20 mg Day 1 subsequent cycles,0.2900,1306,-12.3065,% change from baseline,Digitized from the visible waterfall contour in Fig. 5. X-axis is normalized patient rank. Approximate patient rank assumes n=4500; Fig. 5 itself does not print n.
K,1.6/10/10 mg C1D1/C1D8/C1D15; 20 mg Day 1 subsequent cycles,0.2920,1315,-14.3102,% change from baseline,Digitized from the visible waterfall contour in Fig. 5. X-axis is normalized patient rank. Approximate patient rank assumes n=4500; Fig. 5 itself does not print n.
K,1.6/10/10 mg C1D1/C1D8/C1D15; 20 mg Day 1 subsequent cycles,0.2940,1324,-16.3139,% change from baseline,Digitized from the visible waterfall contour in Fig. 5. X-axis is normalized patient rank. Approximate patient rank assumes n=4500; Fig. 5 itself does not print n.
K,1.6/10/10 mg C1D1/C1D8/C1D15; 20 mg Day 1 subsequent cycles,0.2960,1333,-18.3176,% change from baseline,Digitized from the visible waterfall contour in Fig. 5. X-axis is normalized patient rank. Approximate patient rank assumes n=4500; Fig. 5 itself does not print n.
K,1.6/10/10 mg C1D1/C1D8/C1D15; 20 mg Day 1 subsequent cycles,0.2980,1342,-20.3213,% change from baseline,Digitized from the visible waterfall contour in Fig. 5. X-axis is normalized patient rank. Approximate patient rank assumes n=4500; Fig. 5 itself does not print n.
K,1.6/10/10 mg C1D1/C1D8/C1D15; 20 mg Day 1 subsequent cycles,0.3000,1351,-22.325,% change from baseline,Digitized from the visible waterfall contour in Fig. 5. X-axis is normalized patient rank. Approximate patient rank assumes n=4500; Fig. 5 itself does not print n.
K,1.6/10/10 mg C1D1/C1D8/C1D15; 20 mg Day 1 subsequent cycles,0.3020,1360,-24.3287,% change from baseline,Digitized from the visible waterfall contour in Fig. 5. X-axis is normalized patient rank. Approximate patient rank assumes n=4500; Fig. 5 itself does not print n.
K,1.6/10/10 mg C1D1/C1D8/C1D15; 20 mg Day 1 subsequent cycles,0.3040,1369,-26.3324,% change from baseline,Digitized from the visible waterfall contour in Fig. 5. X-axis is normalized patient rank. Approximate patient rank assumes n=4500; Fig. 5 itself does not print n.
K,1.6/10/10 mg C1D1/C1D8/C1D15; 20 mg Day 1 subsequent cycles,0.3060,1378,-28.3361,% change from baseline,Digitized from the visible waterfall contour in Fig. 5. X-axis is normalized patient rank. Approximate patient rank assumes n=4500; Fig. 5 itself does not print n.
K,1.6/10/10 mg C1D1/C1D8/C1D15; 20 mg Day 1 subsequent cycles,0.3080,1387,-30.3398,% change from baseline,Digitized from the visible waterfall contour in Fig. 5. X-axis is normalized patient rank. Approximate patient rank assumes n=4500; Fig. 5 itself does not print n.
K,1.6/10/10 mg C1D1/C1D8/C1D15; 20 mg Day 1 subsequent cycles,0.3100,1396,-32.3435,% change from baseline,Digitized from the visible waterfall contour in Fig. 5. X-axis is normalized patient rank. Approximate patient rank assumes n=4500; Fig. 5 itself does not print n.
K,1.6/10/10 mg C1D1/C1D8/C1D15; 20 mg Day 1 subsequent cycles,0.3120,1405,-34.3472,% change from baseline,Digitized from the visible waterfall contour in Fig. 5. X-axis is normalized patient rank. Approximate patient rank assumes n=4500; Fig. 5 itself does not print n.
K,1.6/10/10 mg C1D1/C1D8/C1D15; 20 mg Day 1 subsequent cycles,0.3140,1414,-36.3509,% change from baseline,Digitized from the visible waterfall contour in Fig. 5. X-axis is normalized patient rank. Approximate patient rank assumes n=4500; Fig. 5 itself does not print n.
K,1.6/10/10 mg C1D1/C1D8/C1D15; 20 mg Day 1 subsequent cycles,0.3160,1423,-38.3546,% change from baseline,Digitized from the visible waterfall contour in Fig. 5. X-axis is normalized patient rank. Approximate patient rank assumes n=4500; Fig. 5 itself does not print n.
K,1.6/10/10 mg C1D1/C1D8/C1D15; 20 mg Day 1 subsequent cycles,0.3180,1432,-40.3583,% change from baseline,Digitized from the visible waterfall contour in Fig. 5. X-axis is normalized patient rank. Approximate patient rank assumes n=4500; Fig. 5 itself does not print n.
K,1.6/10/10 mg C1D1/C1D8/C1D15; 20 mg Day 1 subsequent cycles,0.3200,1441,-42.362,% change from baseline,Digitized from the visible waterfall contour in Fig. 5. X-axis is normalized patient rank. Approximate patient rank assumes n=4500; Fig. 5 itself does not print n.
K,1.6/10/10 mg C1D1/C1D8/C1D15; 20 mg Day 1 subsequent cycles,0.3220,1450,-44.3657,% change from baseline,Digitized from the visible waterfall contour in Fig. 5. X-axis is normalized patient rank. Approximate patient rank assumes n=4500; Fig. 5 itself does not print n.
K,1.6/10/10 mg C1D1/C1D8/C1D15; 20 mg Day 1 subsequent cycles,0.3240,1459,-46.3694,% change from baseline,Digitized from the visible waterfall contour in Fig. 5. X-axis is normalized patient rank. Approximate patient rank assumes n=4500; Fig. 5 itself does not print n.
K,1.6/10/10 mg C1D1/C1D8/C1D15; 20 mg Day 1 subsequent cycles,0.3260,1468,-48.3731,% change from baseline,Digitized from the visible waterfall contour in Fig. 5. X-axis is normalized patient rank. Approximate patient rank assumes n=4500; Fig. 5 itself does not print n.
K,1.6/10/10 mg C1D1/C1D8/C1D15; 20 mg Day 1 subsequent cycles,0.3280,1477,-53.8424,% change from baseline,Digitized from the visible waterfall contour in Fig. 5. X-axis is normalized patient rank. Approximate patient rank assumes n=4500; Fig. 5 itself does not print n.
K,1.6/10/10 mg C1D1/C1D8/C1D15; 20 mg Day 1 subsequent cycles,0.3300,1486,-58.2497,% change from baseline,Digitized from the visible waterfall contour in Fig. 5. X-axis is normalized patient rank. Approximate patient rank assumes n=4500; Fig. 5 itself does not print n.
K,1.6/10/10 mg C1D1/C1D8/C1D15; 20 mg Day 1 subsequent cycles,0.3320,1495,-60.6305,% change from baseline,Digitized from the visible waterfall contour in Fig. 5. X-axis is normalized patient rank. Approximate patient rank assumes n=4500; Fig. 5 itself does not print n.
K,1.6/10/10 mg C1D1/C1D8/C1D15; 20 mg Day 1 subsequent cycles,0.3340,1504,-63.3552,% change from baseline,Digitized from the visible waterfall contour in Fig. 5. X-axis is normalized patient rank. Approximate patient rank assumes n=4500; Fig. 5 itself does not print n.
K,1.6/10/10 mg C1D1/C1D8/C1D15; 20 mg Day 1 subsequent cycles,0.3360,1513,-65.74,% change from baseline,Digitized from the visible waterfall contour in Fig. 5. X-axis is normalized patient rank. Approximate patient rank assumes n=4500; Fig. 5 itself does not print n.
K,1.6/10/10 mg C1D1/C1D8/C1D15; 20 mg Day 1 subsequent cycles,0.3380,1522,-67.783,% change from baseline,Digitized from the visible waterfall contour in Fig. 5. X-axis is normalized patient rank. Approximate patient rank assumes n=4500; Fig. 5 itself does not print n.
K,1.6/10/10 mg C1D1/C1D8/C1D15; 20 mg Day 1 subsequent cycles,0.3400,1531,-70.5015,% change from baseline,Digitized from the visible waterfall contour in Fig. 5. X-axis is normalized patient rank. Approximate patient rank assumes n=4500; Fig. 5 itself does not print n.
K,1.6/10/10 mg C1D1/C1D8/C1D15; 20 mg Day 1 subsequent cycles,0.3420,1540,-72.219,% change from baseline,Digitized from the visible waterfall contour in Fig. 5. X-axis is normalized patient rank. Approximate patient rank assumes n=4500; Fig. 5 itself does not print n.
K,1.6/10/10 mg C1D1/C1D8/C1D15; 20 mg Day 1 subsequent cycles,0.3440,1549,-75.2549,% change from baseline,Digitized from the visible waterfall contour in Fig. 5. X-axis is normalized patient rank. Approximate patient rank assumes n=4500; Fig. 5 itself does not print n.
K,1.6/10/10 mg C1D1/C1D8/C1D15; 20 mg Day 1 subsequent cycles,0.3460,1558,-78.6714,% change from baseline,Digitized from the visible waterfall contour in Fig. 5. X-axis is normalized patient rank. Approximate patient rank assumes n=4500; Fig. 5 itself does not print n.
K,1.6/10/10 mg C1D1/C1D8/C1D15; 20 mg Day 1 subsequent cycles,0.3480,1567,-82.4033,% change from baseline,Digitized from the visible waterfall contour in Fig. 5. X-axis is normalized patient rank. Approximate patient rank assumes n=4500; Fig. 5 itself does not print n.
K,1.6/10/10 mg C1D1/C1D8/C1D15; 20 mg Day 1 subsequent cycles,0.3500,1576,-85.1586,% change from baseline,Digitized from the visible waterfall contour in Fig. 5. X-axis is normalized patient rank. Approximate patient rank assumes n=4500; Fig. 5 itself does not print n.
K,1.6/10/10 mg C1D1/C1D8/C1D15; 20 mg Day 1 subsequent cycles,0.3520,1585,-87.2016,% change from baseline,Digitized from the visible waterfall contour in Fig. 5. X-axis is normalized patient rank. Approximate patient rank assumes n=4500; Fig. 5 itself does not print n.
K,1.6/10/10 mg C1D1/C1D8/C1D15; 20 mg Day 1 subsequent cycles,0.3540,1594,-89.2446,% change from baseline,Digitized from the visible waterfall contour in Fig. 5. X-axis is normalized patient rank. Approximate patient rank assumes n=4500; Fig. 5 itself does not print n.
K,1.6/10/10 mg C1D1/C1D8/C1D15; 20 mg Day 1 subsequent cycles,0.3560,1603,-91.2876,% change from baseline,Digitized from the visible waterfall contour in Fig. 5. X-axis is normalized patient rank. Approximate patient rank assumes n=4500; Fig. 5 itself does not print n.
K,1.6/10/10 mg C1D1/C1D8/C1D15; 20 mg Day 1 subsequent cycles,0.3580,1612,-92.6735,% change from baseline,Digitized from the visible waterfall contour in Fig. 5. X-axis is normalized patient rank. Approximate patient rank assumes n=4500; Fig. 5 itself does not print n.
K,1.6/10/10 mg C1D1/C1D8/C1D15; 20 mg Day 1 subsequent cycles,0.3600,1621,-95.6602,% change from baseline,Digitized from the visible waterfall contour in Fig. 5. X-axis is normalized patient rank. Approximate patient rank assumes n=4500; Fig. 5 itself does not print n.
K,1.6/10/10 mg C1D1/C1D8/C1D15; 20 mg Day 1 subsequent cycles,0.3620,1630,-97.1341,% change from baseline,Digitized from the visible waterfall contour in Fig. 5. X-axis is normalized patient rank. Approximate patient rank assumes n=4500; Fig. 5 itself does not print n.
K,1.6/10/10 mg C1D1/C1D8/C1D15; 20 mg Day 1 subsequent cycles,0.3640,1639,-97.1341,% change from baseline,Digitized from the visible waterfall contour in Fig. 5. X-axis is normalized patient rank. Approximate patient rank assumes n=4500; Fig. 5 itself does not print n.
K,1.6/10/10 mg C1D1/C1D8/C1D15; 20 mg Day 1 subsequent cycles,0.3660,1648,-97.1341,% change from baseline,Digitized from the visible waterfall contour in Fig. 5. X-axis is normalized patient rank. Approximate patient rank assumes n=4500; Fig. 5 itself does not print n.
K,1.6/10/10 mg C1D1/C1D8/C1D15; 20 mg Day 1 subsequent cycles,0.3680,1657,-97.1341,% change from baseline,Digitized from the visible waterfall contour in Fig. 5. X-axis is normalized patient rank. Approximate patient rank assumes n=4500; Fig. 5 itself does not print n.
K,1.6/10/10 mg C1D1/C1D8/C1D15; 20 mg Day 1 subsequent cycles,0.3700,1666,-97.1341,% change from baseline,Digitized from the visible waterfall contour in Fig. 5. X-axis is normalized patient rank. Approximate patient rank assumes n=4500; Fig. 5 itself does not print n.
K,1.6/10/10 mg C1D1/C1D8/C1D15; 20 mg Day 1 subsequent cycles,0.3720,1675,-97.1341,% change from baseline,Digitized from the visible waterfall contour in Fig. 5. X-axis is normalized patient rank. Approximate patient rank assumes n=4500; Fig. 5 itself does not print n.
K,1.6/10/10 mg C1D1/C1D8/C1D15; 20 mg Day 1 subsequent cycles,0.3740,1684,-97.1341,% change from baseline,Digitized from the visible waterfall contour in Fig. 5. X-axis is normalized patient rank. Approximate patient rank assumes n=4500; Fig. 5 itself does not print n.
K,1.6/10/10 mg C1D1/C1D8/C1D15; 20 mg Day 1 subsequent cycles,0.3760,1693,-97.1341,% change from baseline,Digitized from the visible waterfall contour in Fig. 5. X-axis is normalized patient rank. Approximate patient rank assumes n=4500; Fig. 5 itself does not print n.
K,1.6/10/10 mg C1D1/C1D8/C1D15; 20 mg Day 1 subsequent cycles,0.3780,1702,-97.1341,% change from baseline,Digitized from the visible waterfall contour in Fig. 5. X-axis is normalized patient rank. Approximate patient rank assumes n=4500; Fig. 5 itself does not print n.
K,1.6/10/10 mg C1D1/C1D8/C1D15; 20 mg Day 1 subsequent cycles,0.3800,1711,-97.1341,% change from baseline,Digitized from the visible waterfall contour in Fig. 5. X-axis is normalized patient rank. Approximate patient rank assumes n=4500; Fig. 5 itself does not print n.
K,1.6/10/10 mg C1D1/C1D8/C1D15; 20 mg Day 1 subsequent cycles,0.3820,1720,-97.1341,% change from baseline,Digitized from the visible waterfall contour in Fig. 5. X-axis is normalized patient rank. Approximate patient rank assumes n=4500; Fig. 5 itself does not print n.
K,1.6/10/10 mg C1D1/C1D8/C1D15; 20 mg Day 1 subsequent cycles,0.3840,1729,-97.1341,% change from baseline,Digitized from the visible waterfall contour in Fig. 5. X-axis is normalized patient rank. Approximate patient rank assumes n=4500; Fig. 5 itself does not print n.
K,1.6/10/10 mg C1D1/C1D8/C1D15; 20 mg Day 1 subsequent cycles,0.3860,1738,-97.1341,% change from baseline,Digitized from the visible waterfall contour in Fig. 5. X-axis is normalized patient rank. Approximate patient rank assumes n=4500; Fig. 5 itself does not print n.
K,1.6/10/10 mg C1D1/C1D8/C1D15; 20 mg Day 1 subsequent cycles,0.3880,1747,-97.1341,% change from baseline,Digitized from the visible waterfall contour in Fig. 5. X-axis is normalized patient rank. Approximate patient rank assumes n=4500; Fig. 5 itself does not print n.
K,1.6/10/10 mg C1D1/C1D8/C1D15; 20 mg Day 1 subsequent cycles,0.3900,1756,-97.1341,% change from baseline,Digitized from the visible waterfall contour in Fig. 5. X-axis is normalized patient rank. Approximate patient rank assumes n=4500; Fig. 5 itself does not print n.
K,1.6/10/10 mg C1D1/C1D8/C1D15; 20 mg Day 1 subsequent cycles,0.3920,1765,-97.1341,% change from baseline,Digitized from the visible waterfall contour in Fig. 5. X-axis is normalized patient rank. Approximate patient rank assumes n=4500; Fig. 5 itself does not print n.
K,1.6/10/10 mg C1D1/C1D8/C1D15; 20 mg Day 1 subsequent cycles,0.3940,1774,-97.1341,% change from baseline,Digitized from the visible waterfall contour in Fig. 5. X-axis is normalized patient rank. Approximate patient rank assumes n=4500; Fig. 5 itself does not print n.
K,1.6/10/10 mg C1D1/C1D8/C1D15; 20 mg Day 1 subsequent cycles,0.3960,1783,-97.1341,% change from baseline,Digitized from the visible waterfall contour in Fig. 5. X-axis is normalized patient rank. Approximate patient rank assumes n=4500; Fig. 5 itself does not print n.
K,1.6/10/10 mg C1D1/C1D8/C1D15; 20 mg Day 1 subsequent cycles,0.3980,1792,-97.1341,% change from baseline,Digitized from the visible waterfall contour in Fig. 5. X-axis is normalized patient rank. Approximate patient rank assumes n=4500; Fig. 5 itself does not print n.
K,1.6/10/10 mg C1D1/C1D8/C1D15; 20 mg Day 1 subsequent cycles,0.4000,1801,-97.1341,% change from baseline,Digitized from the visible waterfall contour in Fig. 5. X-axis is normalized patient rank. Approximate patient rank assumes n=4500; Fig. 5 itself does not print n.
K,1.6/10/10 mg C1D1/C1D8/C1D15; 20 mg Day 1 subsequent cycles,0.4020,1810,-97.1341,% change from baseline,Digitized from the visible waterfall contour in Fig. 5. X-axis is normalized patient rank. Approximate patient rank assumes n=4500; Fig. 5 itself does not print n.
K,1.6/10/10 mg C1D1/C1D8/C1D15; 20 mg Day 1 subsequent cycles,0.4040,1819,-97.1341,% change from baseline,Digitized from the visible waterfall contour in Fig. 5. X-axis is normalized patient rank. Approximate patient rank assumes n=4500; Fig. 5 itself does not print n.
K,1.6/10/10 mg C1D1/C1D8/C1D15; 20 mg Day 1 subsequent cycles,0.4060,1828,-97.1341,% change from baseline,Digitized from the visible waterfall contour in Fig. 5. X-axis is normalized patient rank. Approximate patient rank assumes n=4500; Fig. 5 itself does not print n.
K,1.6/10/10 mg C1D1/C1D8/C1D15; 20 mg Day 1 subsequent cycles,0.4080,1837,-97.1341,% change from baseline,Digitized from the visible waterfall contour in Fig. 5. X-axis is normalized patient rank. Approximate patient rank assumes n=4500; Fig. 5 itself does not print n.
K,1.6/10/10 mg C1D1/C1D8/C1D15; 20 mg Day 1 subsequent cycles,0.4100,1846,-97.1341,% change from baseline,Digitized from the visible waterfall contour in Fig. 5. X-axis is normalized patient rank. Approximate patient rank assumes n=4500; Fig. 5 itself does not print n.
K,1.6/10/10 mg C1D1/C1D8/C1D15; 20 mg Day 1 subsequent cycles,0.4120,1855,-97.1341,% change from baseline,Digitized from the visible waterfall contour in Fig. 5. X-axis is normalized patient rank. Approximate patient rank assumes n=4500; Fig. 5 itself does not print n.
K,1.6/10/10 mg C1D1/C1D8/C1D15; 20 mg Day 1 subsequent cycles,0.4140,1864,-97.1341,% change from baseline,Digitized from the visible waterfall contour in Fig. 5. X-axis is normalized patient rank. Approximate patient rank assumes n=4500; Fig. 5 itself does not print n.
K,1.6/10/10 mg C1D1/C1D8/C1D15; 20 mg Day 1 subsequent cycles,0.4160,1873,-97.1341,% change from baseline,Digitized from the visible waterfall contour in Fig. 5. X-axis is normalized patient rank. Approximate patient rank assumes n=4500; Fig. 5 itself does not print n.
K,1.6/10/10 mg C1D1/C1D8/C1D15; 20 mg Day 1 subsequent cycles,0.4180,1882,-97.1341,% change from baseline,Digitized from the visible waterfall contour in Fig. 5. X-axis is normalized patient rank. Approximate patient rank assumes n=4500; Fig. 5 itself does not print n.
K,1.6/10/10 mg C1D1/C1D8/C1D15; 20 mg Day 1 subsequent cycles,0.4200,1891,-97.1341,% change from baseline,Digitized from the visible waterfall contour in Fig. 5. X-axis is normalized patient rank. Approximate patient rank assumes n=4500; Fig. 5 itself does not print n.
K,1.6/10/10 mg C1D1/C1D8/C1D15; 20 mg Day 1 subsequent cycles,0.4220,1900,-97.1341,% change from baseline,Digitized from the visible waterfall contour in Fig. 5. X-axis is normalized patient rank. Approximate patient rank assumes n=4500; Fig. 5 itself does not print n.
K,1.6/10/10 mg C1D1/C1D8/C1D15; 20 mg Day 1 subsequent cycles,0.4240,1909,-97.1341,% change from baseline,Digitized from the visible waterfall contour in Fig. 5. X-axis is normalized patient rank. Approximate patient rank assumes n=4500; Fig. 5 itself does not print n.
K,1.6/10/10 mg C1D1/C1D8/C1D15; 20 mg Day 1 subsequent cycles,0.4260,1918,-97.1341,% change from baseline,Digitized from the visible waterfall contour in Fig. 5. X-axis is normalized patient rank. Approximate patient rank assumes n=4500; Fig. 5 itself does not print n.
K,1.6/10/10 mg C1D1/C1D8/C1D15; 20 mg Day 1 subsequent cycles,0.4280,1927,-97.1341,% change from baseline,Digitized from the visible waterfall contour in Fig. 5. X-axis is normalized patient rank. Approximate patient rank assumes n=4500; Fig. 5 itself does not print n.
K,1.6/10/10 mg C1D1/C1D8/C1D15; 20 mg Day 1 subsequent cycles,0.4300,1936,-97.1341,% change from baseline,Digitized from the visible waterfall contour in Fig. 5. X-axis is normalized patient rank. Approximate patient rank assumes n=4500; Fig. 5 itself does not print n.
K,1.6/10/10 mg C1D1/C1D8/C1D15; 20 mg Day 1 subsequent cycles,0.4320,1945,-97.1341,% change from baseline,Digitized from the visible waterfall contour in Fig. 5. X-axis is normalized patient rank. Approximate patient rank assumes n=4500; Fig. 5 itself does not print n.
K,1.6/10/10 mg C1D1/C1D8/C1D15; 20 mg Day 1 subsequent cycles,0.4340,1954,-97.1341,% change from baseline,Digitized from the visible waterfall contour in Fig. 5. X-axis is normalized patient rank. Approximate patient rank assumes n=4500; Fig. 5 itself does not print n.
K,1.6/10/10 mg C1D1/C1D8/C1D15; 20 mg Day 1 subsequent cycles,0.4360,1963,-97.1341,% change from baseline,Digitized from the visible waterfall contour in Fig. 5. X-axis is normalized patient rank. Approximate patient rank assumes n=4500; Fig. 5 itself does not print n.
K,1.6/10/10 mg C1D1/C1D8/C1D15; 20 mg Day 1 subsequent cycles,0.4380,1972,-97.1341,% change from baseline,Digitized from the visible waterfall contour in Fig. 5. X-axis is normalized patient rank. Approximate patient rank assumes n=4500; Fig. 5 itself does not print n.
K,1.6/10/10 mg C1D1/C1D8/C1D15; 20 mg Day 1 subsequent cycles,0.4400,1981,-97.1341,% change from baseline,Digitized from the visible waterfall contour in Fig. 5. X-axis is normalized patient rank. Approximate patient rank assumes n=4500; Fig. 5 itself does not print n.
K,1.6/10/10 mg C1D1/C1D8/C1D15; 20 mg Day 1 subsequent cycles,0.4420,1990,-97.1341,% change from baseline,Digitized from the visible waterfall contour in Fig. 5. X-axis is normalized patient rank. Approximate patient rank assumes n=4500; Fig. 5 itself does not print n.
K,1.6/10/10 mg C1D1/C1D8/C1D15; 20 mg Day 1 subsequent cycles,0.4440,1999,-97.1341,% change from baseline,Digitized from the visible waterfall contour in Fig. 5. X-axis is normalized patient rank. Approximate patient rank assumes n=4500; Fig. 5 itself does not print n.
K,1.6/10/10 mg C1D1/C1D8/C1D15; 20 mg Day 1 subsequent cycles,0.4460,2008,-97.1341,% change from baseline,Digitized from the visible waterfall contour in Fig. 5. X-axis is normalized patient rank. Approximate patient rank assumes n=4500; Fig. 5 itself does not print n.
K,1.6/10/10 mg C1D1/C1D8/C1D15; 20 mg Day 1 subsequent cycles,0.4480,2017,-97.1341,% change from baseline,Digitized from the visible waterfall contour in Fig. 5. X-axis is normalized patient rank. Approximate patient rank assumes n=4500; Fig. 5 itself does not print n.
K,1.6/10/10 mg C1D1/C1D8/C1D15; 20 mg Day 1 subsequent cycles,0.4500,2026,-97.1341,% change from baseline,Digitized from the visible waterfall contour in Fig. 5. X-axis is normalized patient rank. Approximate patient rank assumes n=4500; Fig. 5 itself does not print n.
K,1.6/10/10 mg C1D1/C1D8/C1D15; 20 mg Day 1 subsequent cycles,0.4520,2035,-97.1341,% change from baseline,Digitized from the visible waterfall contour in Fig. 5. X-axis is normalized patient rank. Approximate patient rank assumes n=4500; Fig. 5 itself does not print n.
K,1.6/10/10 mg C1D1/C1D8/C1D15; 20 mg Day 1 subsequent cycles,0.4540,2044,-97.1341,% change from baseline,Digitized from the visible waterfall contour in Fig. 5. X-axis is normalized patient rank. Approximate patient rank assumes n=4500; Fig. 5 itself does not print n.
K,1.6/10/10 mg C1D1/C1D8/C1D15; 20 mg Day 1 subsequent cycles,0.4560,2053,-97.1341,% change from baseline,Digitized from the visible waterfall contour in Fig. 5. X-axis is normalized patient rank. Approximate patient rank assumes n=4500; Fig. 5 itself does not print n.
K,1.6/10/10 mg C1D1/C1D8/C1D15; 20 mg Day 1 subsequent cycles,0.4580,2062,-97.1341,% change from baseline,Digitized from the visible waterfall contour in Fig. 5. X-axis is normalized patient rank. Approximate patient rank assumes n=4500; Fig. 5 itself does not print n.
K,1.6/10/10 mg C1D1/C1D8/C1D15; 20 mg Day 1 subsequent cycles,0.4600,2071,-97.1341,% change from baseline,Digitized from the visible waterfall contour in Fig. 5. X-axis is normalized patient rank. Approximate patient rank assumes n=4500; Fig. 5 itself does not print n.
K,1.6/10/10 mg C1D1/C1D8/C1D15; 20 mg Day 1 subsequent cycles,0.4620,2080,-97.1341,% change from baseline,Digitized from the visible waterfall contour in Fig. 5. X-axis is normalized patient rank. Approximate patient rank assumes n=4500; Fig. 5 itself does not print n.
K,1.6/10/10 mg C1D1/C1D8/C1D15; 20 mg Day 1 subsequent cycles,0.4640,2089,-97.1341,% change from baseline,Digitized from the visible waterfall contour in Fig. 5. X-axis is normalized patient rank. Approximate patient rank assumes n=4500; Fig. 5 itself does not print n.
K,1.6/10/10 mg C1D1/C1D8/C1D15; 20 mg Day 1 subsequent cycles,0.4660,2098,-97.1341,% change from baseline,Digitized from the visible waterfall contour in Fig. 5. X-axis is normalized patient rank. Approximate patient rank assumes n=4500; Fig. 5 itself does not print n.
K,1.6/10/10 mg C1D1/C1D8/C1D15; 20 mg Day 1 subsequent cycles,0.4680,2107,-97.1341,% change from baseline,Digitized from the visible waterfall contour in Fig. 5. X-axis is normalized patient rank. Approximate patient rank assumes n=4500; Fig. 5 itself does not print n.
K,1.6/10/10 mg C1D1/C1D8/C1D15; 20 mg Day 1 subsequent cycles,0.4700,2116,-97.1341,% change from baseline,Digitized from the visible waterfall contour in Fig. 5. X-axis is normalized patient rank. Approximate patient rank assumes n=4500; Fig. 5 itself does not print n.
K,1.6/10/10 mg C1D1/C1D8/C1D15; 20 mg Day 1 subsequent cycles,0.4720,2125,-97.1341,% change from baseline,Digitized from the visible waterfall contour in Fig. 5. X-axis is normalized patient rank. Approximate patient rank assumes n=4500; Fig. 5 itself does not print n.
K,1.6/10/10 mg C1D1/C1D8/C1D15; 20 mg Day 1 subsequent cycles,0.4740,2134,-97.1341,% change from baseline,Digitized from the visible waterfall contour in Fig. 5. X-axis is normalized patient rank. Approximate patient rank assumes n=4500; Fig. 5 itself does not print n.
K,1.6/10/10 mg C1D1/C1D8/C1D15; 20 mg Day 1 subsequent cycles,0.4760,2143,-97.1341,% change from baseline,Digitized from the visible waterfall contour in Fig. 5. X-axis is normalized patient rank. Approximate patient rank assumes n=4500; Fig. 5 itself does not print n.
K,1.6/10/10 mg C1D1/C1D8/C1D15; 20 mg Day 1 subsequent cycles,0.4780,2152,-97.1341,% change from baseline,Digitized from the visible waterfall contour in Fig. 5. X-axis is normalized patient rank. Approximate patient rank assumes n=4500; Fig. 5 itself does not print n.
K,1.6/10/10 mg C1D1/C1D8/C1D15; 20 mg Day 1 subsequent cycles,0.4800,2161,-97.1341,% change from baseline,Digitized from the visible waterfall contour in Fig. 5. X-axis is normalized patient rank. Approximate patient rank assumes n=4500; Fig. 5 itself does not print n.
K,1.6/10/10 mg C1D1/C1D8/C1D15; 20 mg Day 1 subsequent cycles,0.4820,2170,-97.1341,% change from baseline,Digitized from the visible waterfall contour in Fig. 5. X-axis is normalized patient rank. Approximate patient rank assumes n=4500; Fig. 5 itself does not print n.
K,1.6/10/10 mg C1D1/C1D8/C1D15; 20 mg Day 1 subsequent cycles,0.4840,2179,-97.1341,% change from baseline,Digitized from the visible waterfall contour in Fig. 5. X-axis is normalized patient rank. Approximate patient rank assumes n=4500; Fig. 5 itself does not print n.
K,1.6/10/10 mg C1D1/C1D8/C1D15; 20 mg Day 1 subsequent cycles,0.4860,2188,-97.1341,% change from baseline,Digitized from the visible waterfall contour in Fig. 5. X-axis is normalized patient rank. Approximate patient rank assumes n=4500; Fig. 5 itself does not print n.
K,1.6/10/10 mg C1D1/C1D8/C1D15; 20 mg Day 1 subsequent cycles,0.4880,2197,-97.1341,% change from baseline,Digitized from the visible waterfall contour in Fig. 5. X-axis is normalized patient rank. Approximate patient rank assumes n=4500; Fig. 5 itself does not print n.
K,1.6/10/10 mg C1D1/C1D8/C1D15; 20 mg Day 1 subsequent cycles,0.4900,2206,-97.1341,% change from baseline,Digitized from the visible waterfall contour in Fig. 5. X-axis is normalized patient rank. Approximate patient rank assumes n=4500; Fig. 5 itself does not print n.
K,1.6/10/10 mg C1D1/C1D8/C1D15; 20 mg Day 1 subsequent cycles,0.4920,2215,-97.1341,% change from baseline,Digitized from the visible waterfall contour in Fig. 5. X-axis is normalized patient rank. Approximate patient rank assumes n=4500; Fig. 5 itself does not print n.
K,1.6/10/10 mg C1D1/C1D8/C1D15; 20 mg Day 1 subsequent cycles,0.4940,2224,-97.1341,% change from baseline,Digitized from the visible waterfall contour in Fig. 5. X-axis is normalized patient rank. Approximate patient rank assumes n=4500; Fig. 5 itself does not print n.
K,1.6/10/10 mg C1D1/C1D8/C1D15; 20 mg Day 1 subsequent cycles,0.4960,2233,-97.1341,% change from baseline,Digitized from the visible waterfall contour in Fig. 5. X-axis is normalized patient rank. Approximate patient rank assumes n=4500; Fig. 5 itself does not print n.
K,1.6/10/10 mg C1D1/C1D8/C1D15; 20 mg Day 1 subsequent cycles,0.4980,2242,-97.1341,% change from baseline,Digitized from the visible waterfall contour in Fig. 5. X-axis is normalized patient rank. Approximate patient rank assumes n=4500; Fig. 5 itself does not print n.
K,1.6/10/10 mg C1D1/C1D8/C1D15; 20 mg Day 1 subsequent cycles,0.5000,2250,-97.1341,% change from baseline,Digitized from the visible waterfall contour in Fig. 5. X-axis is normalized patient rank. Approximate patient rank assumes n=4500; Fig. 5 itself does not print n.
K,1.6/10/10 mg C1D1/C1D8/C1D15; 20 mg Day 1 subsequent cycles,0.5020,2259,-97.1341,% change from baseline,Digitized from the visible waterfall contour in Fig. 5. X-axis is normalized patient rank. Approximate patient rank assumes n=4500; Fig. 5 itself does not print n.
K,1.6/10/10 mg C1D1/C1D8/C1D15; 20 mg Day 1 subsequent cycles,0.5040,2268,-97.1341,% change from baseline,Digitized from the visible waterfall contour in Fig. 5. X-axis is normalized patient rank. Approximate patient rank assumes n=4500; Fig. 5 itself does not print n.
K,1.6/10/10 mg C1D1/C1D8/C1D15; 20 mg Day 1 subsequent cycles,0.5060,2277,-97.1341,% change from baseline,Digitized from the visible waterfall contour in Fig. 5. X-axis is normalized patient rank. Approximate patient rank assumes n=4500; Fig. 5 itself does not print n.
K,1.6/10/10 mg C1D1/C1D8/C1D15; 20 mg Day 1 subsequent cycles,0.5080,2286,-97.1341,% change from baseline,Digitized from the visible waterfall contour in Fig. 5. X-axis is normalized patient rank. Approximate patient rank assumes n=4500; Fig. 5 itself does not print n.
K,1.6/10/10 mg C1D1/C1D8/C1D15; 20 mg Day 1 subsequent cycles,0.5100,2295,-97.1341,% change from baseline,Digitized from the visible waterfall contour in Fig. 5. X-axis is normalized patient rank. Approximate patient rank assumes n=4500; Fig. 5 itself does not print n.
K,1.6/10/10 mg C1D1/C1D8/C1D15; 20 mg Day 1 subsequent cycles,0.5120,2304,-97.1341,% change from baseline,Digitized from the visible waterfall contour in Fig. 5. X-axis is normalized patient rank. Approximate patient rank assumes n=4500; Fig. 5 itself does not print n.
K,1.6/10/10 mg C1D1/C1D8/C1D15; 20 mg Day 1 subsequent cycles,0.5140,2313,-97.1341,% change from baseline,Digitized from the visible waterfall contour in Fig. 5. X-axis is normalized patient rank. Approximate patient rank assumes n=4500; Fig. 5 itself does not print n.
K,1.6/10/10 mg C1D1/C1D8/C1D15; 20 mg Day 1 subsequent cycles,0.5160,2322,-97.1341,% change from baseline,Digitized from the visible waterfall contour in Fig. 5. X-axis is normalized patient rank. Approximate patient rank assumes n=4500; Fig. 5 itself does not print n.
K,1.6/10/10 mg C1D1/C1D8/C1D15; 20 mg Day 1 subsequent cycles,0.5180,2331,-97.1341,% change from baseline,Digitized from the visible waterfall contour in Fig. 5. X-axis is normalized patient rank. Approximate patient rank assumes n=4500; Fig. 5 itself does not print n.
K,1.6/10/10 mg C1D1/C1D8/C1D15; 20 mg Day 1 subsequent cycles,0.5200,2340,-97.1341,% change from baseline,Digitized from the visible waterfall contour in Fig. 5. X-axis is normalized patient rank. Approximate patient rank assumes n=4500; Fig. 5 itself does not print n.
K,1.6/10/10 mg C1D1/C1D8/C1D15; 20 mg Day 1 subsequent cycles,0.5220,2349,-97.1341,% change from baseline,Digitized from the visible waterfall contour in Fig. 5. X-axis is normalized patient rank. Approximate patient rank assumes n=4500; Fig. 5 itself does not print n.
K,1.6/10/10 mg C1D1/C1D8/C1D15; 20 mg Day 1 subsequent cycles,0.5240,2358,-97.1341,% change from baseline,Digitized from the visible waterfall contour in Fig. 5. X-axis is normalized patient rank. Approximate patient rank assumes n=4500; Fig. 5 itself does not print n.
K,1.6/10/10 mg C1D1/C1D8/C1D15; 20 mg Day 1 subsequent cycles,0.5260,2367,-97.1341,% change from baseline,Digitized from the visible waterfall contour in Fig. 5. X-axis is normalized patient rank. Approximate patient rank assumes n=4500; Fig. 5 itself does not print n.
K,1.6/10/10 mg C1D1/C1D8/C1D15; 20 mg Day 1 subsequent cycles,0.5280,2376,-97.1341,% change from baseline,Digitized from the visible waterfall contour in Fig. 5. X-axis is normalized patient rank. Approximate patient rank assumes n=4500; Fig. 5 itself does not print n.
K,1.6/10/10 mg C1D1/C1D8/C1D15; 20 mg Day 1 subsequent cycles,0.5300,2385,-97.1341,% change from baseline,Digitized from the visible waterfall contour in Fig. 5. X-axis is normalized patient rank. Approximate patient rank assumes n=4500; Fig. 5 itself does not print n.
K,1.6/10/10 mg C1D1/C1D8/C1D15; 20 mg Day 1 subsequent cycles,0.5320,2394,-97.1341,% change from baseline,Digitized from the visible waterfall contour in Fig. 5. X-axis is normalized patient rank. Approximate patient rank assumes n=4500; Fig. 5 itself does not print n.
K,1.6/10/10 mg C1D1/C1D8/C1D15; 20 mg Day 1 subsequent cycles,0.5340,2403,-97.1341,% change from baseline,Digitized from the visible waterfall contour in Fig. 5. X-axis is normalized patient rank. Approximate patient rank assumes n=4500; Fig. 5 itself does not print n.
K,1.6/10/10 mg C1D1/C1D8/C1D15; 20 mg Day 1 subsequent cycles,0.5360,2412,-97.1341,% change from baseline,Digitized from the visible waterfall contour in Fig. 5. X-axis is normalized patient rank. Approximate patient rank assumes n=4500; Fig. 5 itself does not print n.
K,1.6/10/10 mg C1D1/C1D8/C1D15; 20 mg Day 1 subsequent cycles,0.5380,2421,-97.1341,% change from baseline,Digitized from the visible waterfall contour in Fig. 5. X-axis is normalized patient rank. Approximate patient rank assumes n=4500; Fig. 5 itself does not print n.
K,1.6/10/10 mg C1D1/C1D8/C1D15; 20 mg Day 1 subsequent cycles,0.5400,2430,-97.1341,% change from baseline,Digitized from the visible waterfall contour in Fig. 5. X-axis is normalized patient rank. Approximate patient rank assumes n=4500; Fig. 5 itself does not print n.
K,1.6/10/10 mg C1D1/C1D8/C1D15; 20 mg Day 1 subsequent cycles,0.5420,2439,-97.1341,% change from baseline,Digitized from the visible waterfall contour in Fig. 5. X-axis is normalized patient rank. Approximate patient rank assumes n=4500; Fig. 5 itself does not print n.
K,1.6/10/10 mg C1D1/C1D8/C1D15; 20 mg Day 1 subsequent cycles,0.5440,2448,-97.1341,% change from baseline,Digitized from the visible waterfall contour in Fig. 5. X-axis is normalized patient rank. Approximate patient rank assumes n=4500; Fig. 5 itself does not print n.
K,1.6/10/10 mg C1D1/C1D8/C1D15; 20 mg Day 1 subsequent cycles,0.5460,2457,-97.1341,% change from baseline,Digitized from the visible waterfall contour in Fig. 5. X-axis is normalized patient rank. Approximate patient rank assumes n=4500; Fig. 5 itself does not print n.
K,1.6/10/10 mg C1D1/C1D8/C1D15; 20 mg Day 1 subsequent cycles,0.5480,2466,-97.1341,% change from baseline,Digitized from the visible waterfall contour in Fig. 5. X-axis is normalized patient rank. Approximate patient rank assumes n=4500; Fig. 5 itself does not print n.
K,1.6/10/10 mg C1D1/C1D8/C1D15; 20 mg Day 1 subsequent cycles,0.5500,2475,-97.1341,% change from baseline,Digitized from the visible waterfall contour in Fig. 5. X-axis is normalized patient rank. Approximate patient rank assumes n=4500; Fig. 5 itself does not print n.
K,1.6/10/10 mg C1D1/C1D8/C1D15; 20 mg Day 1 subsequent cycles,0.5520,2484,-97.1341,% change from baseline,Digitized from the visible waterfall contour in Fig. 5. X-axis is normalized patient rank. Approximate patient rank assumes n=4500; Fig. 5 itself does not print n.
K,1.6/10/10 mg C1D1/C1D8/C1D15; 20 mg Day 1 subsequent cycles,0.5540,2493,-97.1341,% change from baseline,Digitized from the visible waterfall contour in Fig. 5. X-axis is normalized patient rank. Approximate patient rank assumes n=4500; Fig. 5 itself does not print n.
K,1.6/10/10 mg C1D1/C1D8/C1D15; 20 mg Day 1 subsequent cycles,0.5560,2502,-97.1341,% change from baseline,Digitized from the visible waterfall contour in Fig. 5. X-axis is normalized patient rank. Approximate patient rank assumes n=4500; Fig. 5 itself does not print n.
K,1.6/10/10 mg C1D1/C1D8/C1D15; 20 mg Day 1 subsequent cycles,0.5580,2511,-97.1341,% change from baseline,Digitized from the visible waterfall contour in Fig. 5. X-axis is normalized patient rank. Approximate patient rank assumes n=4500; Fig. 5 itself does not print n.
K,1.6/10/10 mg C1D1/C1D8/C1D15; 20 mg Day 1 subsequent cycles,0.5600,2520,-97.1341,% change from baseline,Digitized from the visible waterfall contour in Fig. 5. X-axis is normalized patient rank. Approximate patient rank assumes n=4500; Fig. 5 itself does not print n.
K,1.6/10/10 mg C1D1/C1D8/C1D15; 20 mg Day 1 subsequent cycles,0.5620,2529,-97.1341,% change from baseline,Digitized from the visible waterfall contour in Fig. 5. X-axis is normalized patient rank. Approximate patient rank assumes n=4500; Fig. 5 itself does not print n.
K,1.6/10/10 mg C1D1/C1D8/C1D15; 20 mg Day 1 subsequent cycles,0.5640,2538,-97.1341,% change from baseline,Digitized from the visible waterfall contour in Fig. 5. X-axis is normalized patient rank. Approximate patient rank assumes n=4500; Fig. 5 itself does not print n.
K,1.6/10/10 mg C1D1/C1D8/C1D15; 20 mg Day 1 subsequent cycles,0.5660,2547,-97.1341,% change from baseline,Digitized from the visible waterfall contour in Fig. 5. X-axis is normalized patient rank. Approximate patient rank assumes n=4500; Fig. 5 itself does not print n.
K,1.6/10/10 mg C1D1/C1D8/C1D15; 20 mg Day 1 subsequent cycles,0.5680,2556,-97.1341,% change from baseline,Digitized from the visible waterfall contour in Fig. 5. X-axis is normalized patient rank. Approximate patient rank assumes n=4500; Fig. 5 itself does not print n.
K,1.6/10/10 mg C1D1/C1D8/C1D15; 20 mg Day 1 subsequent cycles,0.5700,2565,-97.1341,% change from baseline,Digitized from the visible waterfall contour in Fig. 5. X-axis is normalized patient rank. Approximate patient rank assumes n=4500; Fig. 5 itself does not print n.
K,1.6/10/10 mg C1D1/C1D8/C1D15; 20 mg Day 1 subsequent cycles,0.5720,2574,-97.1341,% change from baseline,Digitized from the visible waterfall contour in Fig. 5. X-axis is normalized patient rank. Approximate patient rank assumes n=4500; Fig. 5 itself does not print n.
K,1.6/10/10 mg C1D1/C1D8/C1D15; 20 mg Day 1 subsequent cycles,0.5740,2583,-97.1341,% change from baseline,Digitized from the visible waterfall contour in Fig. 5. X-axis is normalized patient rank. Approximate patient rank assumes n=4500; Fig. 5 itself does not print n.
K,1.6/10/10 mg C1D1/C1D8/C1D15; 20 mg Day 1 subsequent cycles,0.5760,2592,-97.1341,% change from baseline,Digitized from the visible waterfall contour in Fig. 5. X-axis is normalized patient rank. Approximate patient rank assumes n=4500; Fig. 5 itself does not print n.
K,1.6/10/10 mg C1D1/C1D8/C1D15; 20 mg Day 1 subsequent cycles,0.5780,2601,-97.1341,% change from baseline,Digitized from the visible waterfall contour in Fig. 5. X-axis is normalized patient rank. Approximate patient rank assumes n=4500; Fig. 5 itself does not print n.
K,1.6/10/10 mg C1D1/C1D8/C1D15; 20 mg Day 1 subsequent cycles,0.5800,2610,-97.1341,% change from baseline,Digitized from the visible waterfall contour in Fig. 5. X-axis is normalized patient rank. Approximate patient rank assumes n=4500; Fig. 5 itself does not print n.
K,1.6/10/10 mg C1D1/C1D8/C1D15; 20 mg Day 1 subsequent cycles,0.5820,2619,-97.1341,% change from baseline,Digitized from the visible waterfall contour in Fig. 5. X-axis is normalized patient rank. Approximate patient rank assumes n=4500; Fig. 5 itself does not print n.
K,1.6/10/10 mg C1D1/C1D8/C1D15; 20 mg Day 1 subsequent cycles,0.5840,2628,-97.1341,% change from baseline,Digitized from the visible waterfall contour in Fig. 5. X-axis is normalized patient rank. Approximate patient rank assumes n=4500; Fig. 5 itself does not print n.
K,1.6/10/10 mg C1D1/C1D8/C1D15; 20 mg Day 1 subsequent cycles,0.5860,2637,-97.1341,% change from baseline,Digitized from the visible waterfall contour in Fig. 5. X-axis is normalized patient rank. Approximate patient rank assumes n=4500; Fig. 5 itself does not print n.
K,1.6/10/10 mg C1D1/C1D8/C1D15; 20 mg Day 1 subsequent cycles,0.5880,2646,-97.1341,% change from baseline,Digitized from the visible waterfall contour in Fig. 5. X-axis is normalized patient rank. Approximate patient rank assumes n=4500; Fig. 5 itself does not print n.
K,1.6/10/10 mg C1D1/C1D8/C1D15; 20 mg Day 1 subsequent cycles,0.5900,2655,-97.1341,% change from baseline,Digitized from the visible waterfall contour in Fig. 5. X-axis is normalized patient rank. Approximate patient rank assumes n=4500; Fig. 5 itself does not print n.
K,1.6/10/10 mg C1D1/C1D8/C1D15; 20 mg Day 1 subsequent cycles,0.5920,2664,-97.1341,% change from baseline,Digitized from the visible waterfall contour in Fig. 5. X-axis is normalized patient rank. Approximate patient rank assumes n=4500; Fig. 5 itself does not print n.
K,1.6/10/10 mg C1D1/C1D8/C1D15; 20 mg Day 1 subsequent cycles,0.5940,2673,-97.1341,% change from baseline,Digitized from the visible waterfall contour in Fig. 5. X-axis is normalized patient rank. Approximate patient rank assumes n=4500; Fig. 5 itself does not print n.
K,1.6/10/10 mg C1D1/C1D8/C1D15; 20 mg Day 1 subsequent cycles,0.5960,2682,-97.1341,% change from baseline,Digitized from the visible waterfall contour in Fig. 5. X-axis is normalized patient rank. Approximate patient rank assumes n=4500; Fig. 5 itself does not print n.
K,1.6/10/10 mg C1D1/C1D8/C1D15; 20 mg Day 1 subsequent cycles,0.5980,2691,-97.1341,% change from baseline,Digitized from the visible waterfall contour in Fig. 5. X-axis is normalized patient rank. Approximate patient rank assumes n=4500; Fig. 5 itself does not print n.
K,1.6/10/10 mg C1D1/C1D8/C1D15; 20 mg Day 1 subsequent cycles,0.6000,2700,-97.1341,% change from baseline,Digitized from the visible waterfall contour in Fig. 5. X-axis is normalized patient rank. Approximate patient rank assumes n=4500; Fig. 5 itself does not print n.
K,1.6/10/10 mg C1D1/C1D8/C1D15; 20 mg Day 1 subsequent cycles,0.6020,2709,-97.1341,% change from baseline,Digitized from the visible waterfall contour in Fig. 5. X-axis is normalized patient rank. Approximate patient rank assumes n=4500; Fig. 5 itself does not print n.
K,1.6/10/10 mg C1D1/C1D8/C1D15; 20 mg Day 1 subsequent cycles,0.6040,2718,-97.1341,% change from baseline,Digitized from the visible waterfall contour in Fig. 5. X-axis is normalized patient rank. Approximate patient rank assumes n=4500; Fig. 5 itself does not print n.
K,1.6/10/10 mg C1D1/C1D8/C1D15; 20 mg Day 1 subsequent cycles,0.6060,2727,-97.1341,% change from baseline,Digitized from the visible waterfall contour in Fig. 5. X-axis is normalized patient rank. Approximate patient rank assumes n=4500; Fig. 5 itself does not print n.
K,1.6/10/10 mg C1D1/C1D8/C1D15; 20 mg Day 1 subsequent cycles,0.6080,2736,-97.1341,% change from baseline,Digitized from the visible waterfall contour in Fig. 5. X-axis is normalized patient rank. Approximate patient rank assumes n=4500; Fig. 5 itself does not print n.
K,1.6/10/10 mg C1D1/C1D8/C1D15; 20 mg Day 1 subsequent cycles,0.6100,2745,-97.1341,% change from baseline,Digitized from the visible waterfall contour in Fig. 5. X-axis is normalized patient rank. Approximate patient rank assumes n=4500; Fig. 5 itself does not print n.
K,1.6/10/10 mg C1D1/C1D8/C1D15; 20 mg Day 1 subsequent cycles,0.6120,2754,-97.1341,% change from baseline,Digitized from the visible waterfall contour in Fig. 5. X-axis is normalized patient rank. Approximate patient rank assumes n=4500; Fig. 5 itself does not print n.
K,1.6/10/10 mg C1D1/C1D8/C1D15; 20 mg Day 1 subsequent cycles,0.6140,2763,-97.1341,% change from baseline,Digitized from the visible waterfall contour in Fig. 5. X-axis is normalized patient rank. Approximate patient rank assumes n=4500; Fig. 5 itself does not print n.
K,1.6/10/10 mg C1D1/C1D8/C1D15; 20 mg Day 1 subsequent cycles,0.6160,2772,-97.1341,% change from baseline,Digitized from the visible waterfall contour in Fig. 5. X-axis is normalized patient rank. Approximate patient rank assumes n=4500; Fig. 5 itself does not print n.
K,1.6/10/10 mg C1D1/C1D8/C1D15; 20 mg Day 1 subsequent cycles,0.6180,2781,-97.1341,% change from baseline,Digitized from the visible waterfall contour in Fig. 5. X-axis is normalized patient rank. Approximate patient rank assumes n=4500; Fig. 5 itself does not print n.
K,1.6/10/10 mg C1D1/C1D8/C1D15; 20 mg Day 1 subsequent cycles,0.6200,2790,-97.1341,% change from baseline,Digitized from the visible waterfall contour in Fig. 5. X-axis is normalized patient rank. Approximate patient rank assumes n=4500; Fig. 5 itself does not print n.
K,1.6/10/10 mg C1D1/C1D8/C1D15; 20 mg Day 1 subsequent cycles,0.6220,2799,-97.1341,% change from baseline,Digitized from the visible waterfall contour in Fig. 5. X-axis is normalized patient rank. Approximate patient rank assumes n=4500; Fig. 5 itself does not print n.
K,1.6/10/10 mg C1D1/C1D8/C1D15; 20 mg Day 1 subsequent cycles,0.6240,2808,-97.1341,% change from baseline,Digitized from the visible waterfall contour in Fig. 5. X-axis is normalized patient rank. Approximate patient rank assumes n=4500; Fig. 5 itself does not print n.
K,1.6/10/10 mg C1D1/C1D8/C1D15; 20 mg Day 1 subsequent cycles,0.6260,2817,-97.1341,% change from baseline,Digitized from the visible waterfall contour in Fig. 5. X-axis is normalized patient rank. Approximate patient rank assumes n=4500; Fig. 5 itself does not print n.
K,1.6/10/10 mg C1D1/C1D8/C1D15; 20 mg Day 1 subsequent cycles,0.6280,2826,-97.1341,% change from baseline,Digitized from the visible waterfall contour in Fig. 5. X-axis is normalized patient rank. Approximate patient rank assumes n=4500; Fig. 5 itself does not print n.
K,1.6/10/10 mg C1D1/C1D8/C1D15; 20 mg Day 1 subsequent cycles,0.6300,2835,-97.1341,% change from baseline,Digitized from the visible waterfall contour in Fig. 5. X-axis is normalized patient rank. Approximate patient rank assumes n=4500; Fig. 5 itself does not print n.
K,1.6/10/10 mg C1D1/C1D8/C1D15; 20 mg Day 1 subsequent cycles,0.6320,2844,-97.1341,% change from baseline,Digitized from the visible waterfall contour in Fig. 5. X-axis is normalized patient rank. Approximate patient rank assumes n=4500; Fig. 5 itself does not print n.
K,1.6/10/10 mg C1D1/C1D8/C1D15; 20 mg Day 1 subsequent cycles,0.6340,2853,-97.1341,% change from baseline,Digitized from the visible waterfall contour in Fig. 5. X-axis is normalized patient rank. Approximate patient rank assumes n=4500; Fig. 5 itself does not print n.
K,1.6/10/10 mg C1D1/C1D8/C1D15; 20 mg Day 1 subsequent cycles,0.6360,2862,-97.1341,% change from baseline,Digitized from the visible waterfall contour in Fig. 5. X-axis is normalized patient rank. Approximate patient rank assumes n=4500; Fig. 5 itself does not print n.
K,1.6/10/10 mg C1D1/C1D8/C1D15; 20 mg Day 1 subsequent cycles,0.6380,2871,-97.1341,% change from baseline,Digitized from the visible waterfall contour in Fig. 5. X-axis is normalized patient rank. Approximate patient rank assumes n=4500; Fig. 5 itself does not print n.
K,1.6/10/10 mg C1D1/C1D8/C1D15; 20 mg Day 1 subsequent cycles,0.6400,2880,-97.1341,% change from baseline,Digitized from the visible waterfall contour in Fig. 5. X-axis is normalized patient rank. Approximate patient rank assumes n=4500; Fig. 5 itself does not print n.
K,1.6/10/10 mg C1D1/C1D8/C1D15; 20 mg Day 1 subsequent cycles,0.6420,2889,-97.1341,% change from baseline,Digitized from the visible waterfall contour in Fig. 5. X-axis is normalized patient rank. Approximate patient rank assumes n=4500; Fig. 5 itself does not print n.
K,1.6/10/10 mg C1D1/C1D8/C1D15; 20 mg Day 1 subsequent cycles,0.6440,2898,-97.1341,% change from baseline,Digitized from the visible waterfall contour in Fig. 5. X-axis is normalized patient rank. Approximate patient rank assumes n=4500; Fig. 5 itself does not print n.
K,1.6/10/10 mg C1D1/C1D8/C1D15; 20 mg Day 1 subsequent cycles,0.6460,2907,-97.1341,% change from baseline,Digitized from the visible waterfall contour in Fig. 5. X-axis is normalized patient rank. Approximate patient rank assumes n=4500; Fig. 5 itself does not print n.
K,1.6/10/10 mg C1D1/C1D8/C1D15; 20 mg Day 1 subsequent cycles,0.6480,2916,-97.1341,% change from baseline,Digitized from the visible waterfall contour in Fig. 5. X-axis is normalized patient rank. Approximate patient rank assumes n=4500; Fig. 5 itself does not print n.
K,1.6/10/10 mg C1D1/C1D8/C1D15; 20 mg Day 1 subsequent cycles,0.6500,2925,-97.1341,% change from baseline,Digitized from the visible waterfall contour in Fig. 5. X-axis is normalized patient rank. Approximate patient rank assumes n=4500; Fig. 5 itself does not print n.
K,1.6/10/10 mg C1D1/C1D8/C1D15; 20 mg Day 1 subsequent cycles,0.6520,2934,-97.1341,% change from baseline,Digitized from the visible waterfall contour in Fig. 5. X-axis is normalized patient rank. Approximate patient rank assumes n=4500; Fig. 5 itself does not print n.
K,1.6/10/10 mg C1D1/C1D8/C1D15; 20 mg Day 1 subsequent cycles,0.6540,2943,-97.1341,% change from baseline,Digitized from the visible waterfall contour in Fig. 5. X-axis is normalized patient rank. Approximate patient rank assumes n=4500; Fig. 5 itself does not print n.
K,1.6/10/10 mg C1D1/C1D8/C1D15; 20 mg Day 1 subsequent cycles,0.6560,2952,-97.1341,% change from baseline,Digitized from the visible waterfall contour in Fig. 5. X-axis is normalized patient rank. Approximate patient rank assumes n=4500; Fig. 5 itself does not print n.
K,1.6/10/10 mg C1D1/C1D8/C1D15; 20 mg Day 1 subsequent cycles,0.6580,2961,-97.1341,% change from baseline,Digitized from the visible waterfall contour in Fig. 5. X-axis is normalized patient rank. Approximate patient rank assumes n=4500; Fig. 5 itself does not print n.
K,1.6/10/10 mg C1D1/C1D8/C1D15; 20 mg Day 1 subsequent cycles,0.6600,2970,-97.1341,% change from baseline,Digitized from the visible waterfall contour in Fig. 5. X-axis is normalized patient rank. Approximate patient rank assumes n=4500; Fig. 5 itself does not print n.
K,1.6/10/10 mg C1D1/C1D8/C1D15; 20 mg Day 1 subsequent cycles,0.6620,2979,-97.1341,% change from baseline,Digitized from the visible waterfall contour in Fig. 5. X-axis is normalized patient rank. Approximate patient rank assumes n=4500; Fig. 5 itself does not print n.
K,1.6/10/10 mg C1D1/C1D8/C1D15; 20 mg Day 1 subsequent cycles,0.6640,2988,-97.1341,% change from baseline,Digitized from the visible waterfall contour in Fig. 5. X-axis is normalized patient rank. Approximate patient rank assumes n=4500; Fig. 5 itself does not print n.
K,1.6/10/10 mg C1D1/C1D8/C1D15; 20 mg Day 1 subsequent cycles,0.6660,2997,-97.1341,% change from baseline,Digitized from the visible waterfall contour in Fig. 5. X-axis is normalized patient rank. Approximate patient rank assumes n=4500; Fig. 5 itself does not print n.
K,1.6/10/10 mg C1D1/C1D8/C1D15; 20 mg Day 1 subsequent cycles,0.6680,3006,-97.1341,% change from baseline,Digitized from the visible waterfall contour in Fig. 5. X-axis is normalized patient rank. Approximate patient rank assumes n=4500; Fig. 5 itself does not print n.
K,1.6/10/10 mg C1D1/C1D8/C1D15; 20 mg Day 1 subsequent cycles,0.6700,3015,-97.1341,% change from baseline,Digitized from the visible waterfall contour in Fig. 5. X-axis is normalized patient rank. Approximate patient rank assumes n=4500; Fig. 5 itself does not print n.
K,1.6/10/10 mg C1D1/C1D8/C1D15; 20 mg Day 1 subsequent cycles,0.6720,3024,-97.1341,% change from baseline,Digitized from the visible waterfall contour in Fig. 5. X-axis is normalized patient rank. Approximate patient rank assumes n=4500; Fig. 5 itself does not print n.
K,1.6/10/10 mg C1D1/C1D8/C1D15; 20 mg Day 1 subsequent cycles,0.6740,3033,-97.1341,% change from baseline,Digitized from the visible waterfall contour in Fig. 5. X-axis is normalized patient rank. Approximate patient rank assumes n=4500; Fig. 5 itself does not print n.
K,1.6/10/10 mg C1D1/C1D8/C1D15; 20 mg Day 1 subsequent cycles,0.6760,3042,-97.1341,% change from baseline,Digitized from the visible waterfall contour in Fig. 5. X-axis is normalized patient rank. Approximate patient rank assumes n=4500; Fig. 5 itself does not print n.
K,1.6/10/10 mg C1D1/C1D8/C1D15; 20 mg Day 1 subsequent cycles,0.6780,3051,-97.1341,% change from baseline,Digitized from the visible waterfall contour in Fig. 5. X-axis is normalized patient rank. Approximate patient rank assumes n=4500; Fig. 5 itself does not print n.
K,1.6/10/10 mg C1D1/C1D8/C1D15; 20 mg Day 1 subsequent cycles,0.6800,3060,-97.1341,% change from baseline,Digitized from the visible waterfall contour in Fig. 5. X-axis is normalized patient rank. Approximate patient rank assumes n=4500; Fig. 5 itself does not print n.
K,1.6/10/10 mg C1D1/C1D8/C1D15; 20 mg Day 1 subsequent cycles,0.6820,3069,-97.1341,% change from baseline,Digitized from the visible waterfall contour in Fig. 5. X-axis is normalized patient rank. Approximate patient rank assumes n=4500; Fig. 5 itself does not print n.
K,1.6/10/10 mg C1D1/C1D8/C1D15; 20 mg Day 1 subsequent cycles,0.6840,3078,-97.1341,% change from baseline,Digitized from the visible waterfall contour in Fig. 5. X-axis is normalized patient rank. Approximate patient rank assumes n=4500; Fig. 5 itself does not print n.
K,1.6/10/10 mg C1D1/C1D8/C1D15; 20 mg Day 1 subsequent cycles,0.6860,3087,-97.1341,% change from baseline,Digitized from the visible waterfall contour in Fig. 5. X-axis is normalized patient rank. Approximate patient rank assumes n=4500; Fig. 5 itself does not print n.
K,1.6/10/10 mg C1D1/C1D8/C1D15; 20 mg Day 1 subsequent cycles,0.6880,3096,-97.1341,% change from baseline,Digitized from the visible waterfall contour in Fig. 5. X-axis is normalized patient rank. Approximate patient rank assumes n=4500; Fig. 5 itself does not print n.
K,1.6/10/10 mg C1D1/C1D8/C1D15; 20 mg Day 1 subsequent cycles,0.6900,3105,-97.1341,% change from baseline,Digitized from the visible waterfall contour in Fig. 5. X-axis is normalized patient rank. Approximate patient rank assumes n=4500; Fig. 5 itself does not print n.
K,1.6/10/10 mg C1D1/C1D8/C1D15; 20 mg Day 1 subsequent cycles,0.6920,3114,-97.1341,% change from baseline,Digitized from the visible waterfall contour in Fig. 5. X-axis is normalized patient rank. Approximate patient rank assumes n=4500; Fig. 5 itself does not print n.
K,1.6/10/10 mg C1D1/C1D8/C1D15; 20 mg Day 1 subsequent cycles,0.6940,3123,-97.1341,% change from baseline,Digitized from the visible waterfall contour in Fig. 5. X-axis is normalized patient rank. Approximate patient rank assumes n=4500; Fig. 5 itself does not print n.
K,1.6/10/10 mg C1D1/C1D8/C1D15; 20 mg Day 1 subsequent cycles,0.6960,3132,-97.1341,% change from baseline,Digitized from the visible waterfall contour in Fig. 5. X-axis is normalized patient rank. Approximate patient rank assumes n=4500; Fig. 5 itself does not print n.
K,1.6/10/10 mg C1D1/C1D8/C1D15; 20 mg Day 1 subsequent cycles,0.6980,3141,-97.1341,% change from baseline,Digitized from the visible waterfall contour in Fig. 5. X-axis is normalized patient rank. Approximate patient rank assumes n=4500; Fig. 5 itself does not print n.
K,1.6/10/10 mg C1D1/C1D8/C1D15; 20 mg Day 1 subsequent cycles,0.7000,3150,-97.1341,% change from baseline,Digitized from the visible waterfall contour in Fig. 5. X-axis is normalized patient rank. Approximate patient rank assumes n=4500; Fig. 5 itself does not print n.
K,1.6/10/10 mg C1D1/C1D8/C1D15; 20 mg Day 1 subsequent cycles,0.7020,3159,-97.1341,% change from baseline,Digitized from the visible waterfall contour in Fig. 5. X-axis is normalized patient rank. Approximate patient rank assumes n=4500; Fig. 5 itself does not print n.
K,1.6/10/10 mg C1D1/C1D8/C1D15; 20 mg Day 1 subsequent cycles,0.7040,3168,-97.1341,% change from baseline,Digitized from the visible waterfall contour in Fig. 5. X-axis is normalized patient rank. Approximate patient rank assumes n=4500; Fig. 5 itself does not print n.
K,1.6/10/10 mg C1D1/C1D8/C1D15; 20 mg Day 1 subsequent cycles,0.7060,3177,-97.1341,% change from baseline,Digitized from the visible waterfall contour in Fig. 5. X-axis is normalized patient rank. Approximate patient rank assumes n=4500; Fig. 5 itself does not print n.
K,1.6/10/10 mg C1D1/C1D8/C1D15; 20 mg Day 1 subsequent cycles,0.7080,3186,-97.1341,% change from baseline,Digitized from the visible waterfall contour in Fig. 5. X-axis is normalized patient rank. Approximate patient rank assumes n=4500; Fig. 5 itself does not print n.
K,1.6/10/10 mg C1D1/C1D8/C1D15; 20 mg Day 1 subsequent cycles,0.7100,3195,-97.1341,% change from baseline,Digitized from the visible waterfall contour in Fig. 5. X-axis is normalized patient rank. Approximate patient rank assumes n=4500; Fig. 5 itself does not print n.
K,1.6/10/10 mg C1D1/C1D8/C1D15; 20 mg Day 1 subsequent cycles,0.7120,3204,-97.1341,% change from baseline,Digitized from the visible waterfall contour in Fig. 5. X-axis is normalized patient rank. Approximate patient rank assumes n=4500; Fig. 5 itself does not print n.
K,1.6/10/10 mg C1D1/C1D8/C1D15; 20 mg Day 1 subsequent cycles,0.7140,3213,-97.1341,% change from baseline,Digitized from the visible waterfall contour in Fig. 5. X-axis is normalized patient rank. Approximate patient rank assumes n=4500; Fig. 5 itself does not print n.
K,1.6/10/10 mg C1D1/C1D8/C1D15; 20 mg Day 1 subsequent cycles,0.7160,3222,-97.1341,% change from baseline,Digitized from the visible waterfall contour in Fig. 5. X-axis is normalized patient rank. Approximate patient rank assumes n=4500; Fig. 5 itself does not print n.
K,1.6/10/10 mg C1D1/C1D8/C1D15; 20 mg Day 1 subsequent cycles,0.7180,3231,-97.1341,% change from baseline,Digitized from the visible waterfall contour in Fig. 5. X-axis is normalized patient rank. Approximate patient rank assumes n=4500; Fig. 5 itself does not print n.
K,1.6/10/10 mg C1D1/C1D8/C1D15; 20 mg Day 1 subsequent cycles,0.7200,3240,-97.1341,% change from baseline,Digitized from the visible waterfall contour in Fig. 5. X-axis is normalized patient rank. Approximate patient rank assumes n=4500; Fig. 5 itself does not print n.
K,1.6/10/10 mg C1D1/C1D8/C1D15; 20 mg Day 1 subsequent cycles,0.7220,3249,-97.1341,% change from baseline,Digitized from the visible waterfall contour in Fig. 5. X-axis is normalized patient rank. Approximate patient rank assumes n=4500; Fig. 5 itself does not print n.
K,1.6/10/10 mg C1D1/C1D8/C1D15; 20 mg Day 1 subsequent cycles,0.7240,3258,-97.1341,% change from baseline,Digitized from the visible waterfall contour in Fig. 5. X-axis is normalized patient rank. Approximate patient rank assumes n=4500; Fig. 5 itself does not print n.
K,1.6/10/10 mg C1D1/C1D8/C1D15; 20 mg Day 1 subsequent cycles,0.7260,3267,-97.1341,% change from baseline,Digitized from the visible waterfall contour in Fig. 5. X-axis is normalized patient rank. Approximate patient rank assumes n=4500; Fig. 5 itself does not print n.
K,1.6/10/10 mg C1D1/C1D8/C1D15; 20 mg Day 1 subsequent cycles,0.7280,3276,-97.1341,% change from baseline,Digitized from the visible waterfall contour in Fig. 5. X-axis is normalized patient rank. Approximate patient rank assumes n=4500; Fig. 5 itself does not print n.
K,1.6/10/10 mg C1D1/C1D8/C1D15; 20 mg Day 1 subsequent cycles,0.7300,3285,-97.1341,% change from baseline,Digitized from the visible waterfall contour in Fig. 5. X-axis is normalized patient rank. Approximate patient rank assumes n=4500; Fig. 5 itself does not print n.
K,1.6/10/10 mg C1D1/C1D8/C1D15; 20 mg Day 1 subsequent cycles,0.7320,3294,-97.1341,% change from baseline,Digitized from the visible waterfall contour in Fig. 5. X-axis is normalized patient rank. Approximate patient rank assumes n=4500; Fig. 5 itself does not print n.
K,1.6/10/10 mg C1D1/C1D8/C1D15; 20 mg Day 1 subsequent cycles,0.7340,3303,-97.1341,% change from baseline,Digitized from the visible waterfall contour in Fig. 5. X-axis is normalized patient rank. Approximate patient rank assumes n=4500; Fig. 5 itself does not print n.
K,1.6/10/10 mg C1D1/C1D8/C1D15; 20 mg Day 1 subsequent cycles,0.7360,3312,-97.1341,% change from baseline,Digitized from the visible waterfall contour in Fig. 5. X-axis is normalized patient rank. Approximate patient rank assumes n=4500; Fig. 5 itself does not print n.
K,1.6/10/10 mg C1D1/C1D8/C1D15; 20 mg Day 1 subsequent cycles,0.7380,3321,-97.1341,% change from baseline,Digitized from the visible waterfall contour in Fig. 5. X-axis is normalized patient rank. Approximate patient rank assumes n=4500; Fig. 5 itself does not print n.
K,1.6/10/10 mg C1D1/C1D8/C1D15; 20 mg Day 1 subsequent cycles,0.7400,3330,-97.1341,% change from baseline,Digitized from the visible waterfall contour in Fig. 5. X-axis is normalized patient rank. Approximate patient rank assumes n=4500; Fig. 5 itself does not print n.
K,1.6/10/10 mg C1D1/C1D8/C1D15; 20 mg Day 1 subsequent cycles,0.7420,3339,-97.1341,% change from baseline,Digitized from the visible waterfall contour in Fig. 5. X-axis is normalized patient rank. Approximate patient rank assumes n=4500; Fig. 5 itself does not print n.
K,1.6/10/10 mg C1D1/C1D8/C1D15; 20 mg Day 1 subsequent cycles,0.7440,3348,-97.1341,% change from baseline,Digitized from the visible waterfall contour in Fig. 5. X-axis is normalized patient rank. Approximate patient rank assumes n=4500; Fig. 5 itself does not print n.
K,1.6/10/10 mg C1D1/C1D8/C1D15; 20 mg Day 1 subsequent cycles,0.7460,3357,-97.1341,% change from baseline,Digitized from the visible waterfall contour in Fig. 5. X-axis is normalized patient rank. Approximate patient rank assumes n=4500; Fig. 5 itself does not print n.
K,1.6/10/10 mg C1D1/C1D8/C1D15; 20 mg Day 1 subsequent cycles,0.7480,3366,-97.1341,% change from baseline,Digitized from the visible waterfall contour in Fig. 5. X-axis is normalized patient rank. Approximate patient rank assumes n=4500; Fig. 5 itself does not print n.
K,1.6/10/10 mg C1D1/C1D8/C1D15; 20 mg Day 1 subsequent cycles,0.7500,3375,-97.1341,% change from baseline,Digitized from the visible waterfall contour in Fig. 5. X-axis is normalized patient rank. Approximate patient rank assumes n=4500; Fig. 5 itself does not print n.
K,1.6/10/10 mg C1D1/C1D8/C1D15; 20 mg Day 1 subsequent cycles,0.7520,3384,-97.1341,% change from baseline,Digitized from the visible waterfall contour in Fig. 5. X-axis is normalized patient rank. Approximate patient rank assumes n=4500; Fig. 5 itself does not print n.
K,1.6/10/10 mg C1D1/C1D8/C1D15; 20 mg Day 1 subsequent cycles,0.7540,3393,-97.1341,% change from baseline,Digitized from the visible waterfall contour in Fig. 5. X-axis is normalized patient rank. Approximate patient rank assumes n=4500; Fig. 5 itself does not print n.
K,1.6/10/10 mg C1D1/C1D8/C1D15; 20 mg Day 1 subsequent cycles,0.7560,3402,-97.1341,% change from baseline,Digitized from the visible waterfall contour in Fig. 5. X-axis is normalized patient rank. Approximate patient rank assumes n=4500; Fig. 5 itself does not print n.
K,1.6/10/10 mg C1D1/C1D8/C1D15; 20 mg Day 1 subsequent cycles,0.7580,3411,-97.1341,% change from baseline,Digitized from the visible waterfall contour in Fig. 5. X-axis is normalized patient rank. Approximate patient rank assumes n=4500; Fig. 5 itself does not print n.
K,1.6/10/10 mg C1D1/C1D8/C1D15; 20 mg Day 1 subsequent cycles,0.7600,3420,-97.1341,% change from baseline,Digitized from the visible waterfall contour in Fig. 5. X-axis is normalized patient rank. Approximate patient rank assumes n=4500; Fig. 5 itself does not print n.
K,1.6/10/10 mg C1D1/C1D8/C1D15; 20 mg Day 1 subsequent cycles,0.7620,3429,-97.1341,% change from baseline,Digitized from the visible waterfall contour in Fig. 5. X-axis is normalized patient rank. Approximate patient rank assumes n=4500; Fig. 5 itself does not print n.
K,1.6/10/10 mg C1D1/C1D8/C1D15; 20 mg Day 1 subsequent cycles,0.7640,3438,-97.1341,% change from baseline,Digitized from the visible waterfall contour in Fig. 5. X-axis is normalized patient rank. Approximate patient rank assumes n=4500; Fig. 5 itself does not print n.
K,1.6/10/10 mg C1D1/C1D8/C1D15; 20 mg Day 1 subsequent cycles,0.7660,3447,-97.1341,% change from baseline,Digitized from the visible waterfall contour in Fig. 5. X-axis is normalized patient rank. Approximate patient rank assumes n=4500; Fig. 5 itself does not print n.
K,1.6/10/10 mg C1D1/C1D8/C1D15; 20 mg Day 1 subsequent cycles,0.7680,3456,-97.1341,% change from baseline,Digitized from the visible waterfall contour in Fig. 5. X-axis is normalized patient rank. Approximate patient rank assumes n=4500; Fig. 5 itself does not print n.
K,1.6/10/10 mg C1D1/C1D8/C1D15; 20 mg Day 1 subsequent cycles,0.7700,3465,-97.1341,% change from baseline,Digitized from the visible waterfall contour in Fig. 5. X-axis is normalized patient rank. Approximate patient rank assumes n=4500; Fig. 5 itself does not print n.
K,1.6/10/10 mg C1D1/C1D8/C1D15; 20 mg Day 1 subsequent cycles,0.7720,3474,-97.1341,% change from baseline,Digitized from the visible waterfall contour in Fig. 5. X-axis is normalized patient rank. Approximate patient rank assumes n=4500; Fig. 5 itself does not print n.
K,1.6/10/10 mg C1D1/C1D8/C1D15; 20 mg Day 1 subsequent cycles,0.7740,3483,-97.1341,% change from baseline,Digitized from the visible waterfall contour in Fig. 5. X-axis is normalized patient rank. Approximate patient rank assumes n=4500; Fig. 5 itself does not print n.
K,1.6/10/10 mg C1D1/C1D8/C1D15; 20 mg Day 1 subsequent cycles,0.7760,3492,-97.1341,% change from baseline,Digitized from the visible waterfall contour in Fig. 5. X-axis is normalized patient rank. Approximate patient rank assumes n=4500; Fig. 5 itself does not print n.
K,1.6/10/10 mg C1D1/C1D8/C1D15; 20 mg Day 1 subsequent cycles,0.7780,3501,-97.1341,% change from baseline,Digitized from the visible waterfall contour in Fig. 5. X-axis is normalized patient rank. Approximate patient rank assumes n=4500; Fig. 5 itself does not print n.
K,1.6/10/10 mg C1D1/C1D8/C1D15; 20 mg Day 1 subsequent cycles,0.7800,3510,-97.1341,% change from baseline,Digitized from the visible waterfall contour in Fig. 5. X-axis is normalized patient rank. Approximate patient rank assumes n=4500; Fig. 5 itself does not print n.
K,1.6/10/10 mg C1D1/C1D8/C1D15; 20 mg Day 1 subsequent cycles,0.7820,3519,-97.1341,% change from baseline,Digitized from the visible waterfall contour in Fig. 5. X-axis is normalized patient rank. Approximate patient rank assumes n=4500; Fig. 5 itself does not print n.
K,1.6/10/10 mg C1D1/C1D8/C1D15; 20 mg Day 1 subsequent cycles,0.7840,3528,-97.1341,% change from baseline,Digitized from the visible waterfall contour in Fig. 5. X-axis is normalized patient rank. Approximate patient rank assumes n=4500; Fig. 5 itself does not print n.
K,1.6/10/10 mg C1D1/C1D8/C1D15; 20 mg Day 1 subsequent cycles,0.7860,3537,-97.1341,% change from baseline,Digitized from the visible waterfall contour in Fig. 5. X-axis is normalized patient rank. Approximate patient rank assumes n=4500; Fig. 5 itself does not print n.
K,1.6/10/10 mg C1D1/C1D8/C1D15; 20 mg Day 1 subsequent cycles,0.7880,3546,-97.1341,% change from baseline,Digitized from the visible waterfall contour in Fig. 5. X-axis is normalized patient rank. Approximate patient rank assumes n=4500; Fig. 5 itself does not print n.
K,1.6/10/10 mg C1D1/C1D8/C1D15; 20 mg Day 1 subsequent cycles,0.7900,3555,-97.1341,% change from baseline,Digitized from the visible waterfall contour in Fig. 5. X-axis is normalized patient rank. Approximate patient rank assumes n=4500; Fig. 5 itself does not print n.
K,1.6/10/10 mg C1D1/C1D8/C1D15; 20 mg Day 1 subsequent cycles,0.7920,3564,-97.1341,% change from baseline,Digitized from the visible waterfall contour in Fig. 5. X-axis is normalized patient rank. Approximate patient rank assumes n=4500; Fig. 5 itself does not print n.
K,1.6/10/10 mg C1D1/C1D8/C1D15; 20 mg Day 1 subsequent cycles,0.7940,3573,-97.1341,% change from baseline,Digitized from the visible waterfall contour in Fig. 5. X-axis is normalized patient rank. Approximate patient rank assumes n=4500; Fig. 5 itself does not print n.
K,1.6/10/10 mg C1D1/C1D8/C1D15; 20 mg Day 1 subsequent cycles,0.7960,3582,-97.1341,% change from baseline,Digitized from the visible waterfall contour in Fig. 5. X-axis is normalized patient rank. Approximate patient rank assumes n=4500; Fig. 5 itself does not print n.
K,1.6/10/10 mg C1D1/C1D8/C1D15; 20 mg Day 1 subsequent cycles,0.7980,3591,-97.1341,% change from baseline,Digitized from the visible waterfall contour in Fig. 5. X-axis is normalized patient rank. Approximate patient rank assumes n=4500; Fig. 5 itself does not print n.
K,1.6/10/10 mg C1D1/C1D8/C1D15; 20 mg Day 1 subsequent cycles,0.8000,3600,-97.1341,% change from baseline,Digitized from the visible waterfall contour in Fig. 5. X-axis is normalized patient rank. Approximate patient rank assumes n=4500; Fig. 5 itself does not print n.
K,1.6/10/10 mg C1D1/C1D8/C1D15; 20 mg Day 1 subsequent cycles,0.8020,3609,-97.1341,% change from baseline,Digitized from the visible waterfall contour in Fig. 5. X-axis is normalized patient rank. Approximate patient rank assumes n=4500; Fig. 5 itself does not print n.
K,1.6/10/10 mg C1D1/C1D8/C1D15; 20 mg Day 1 subsequent cycles,0.8040,3618,-97.1341,% change from baseline,Digitized from the visible waterfall contour in Fig. 5. X-axis is normalized patient rank. Approximate patient rank assumes n=4500; Fig. 5 itself does not print n.
K,1.6/10/10 mg C1D1/C1D8/C1D15; 20 mg Day 1 subsequent cycles,0.8060,3627,-97.1341,% change from baseline,Digitized from the visible waterfall contour in Fig. 5. X-axis is normalized patient rank. Approximate patient rank assumes n=4500; Fig. 5 itself does not print n.
K,1.6/10/10 mg C1D1/C1D8/C1D15; 20 mg Day 1 subsequent cycles,0.8080,3636,-97.1341,% change from baseline,Digitized from the visible waterfall contour in Fig. 5. X-axis is normalized patient rank. Approximate patient rank assumes n=4500; Fig. 5 itself does not print n.
K,1.6/10/10 mg C1D1/C1D8/C1D15; 20 mg Day 1 subsequent cycles,0.8100,3645,-97.1341,% change from baseline,Digitized from the visible waterfall contour in Fig. 5. X-axis is normalized patient rank. Approximate patient rank assumes n=4500; Fig. 5 itself does not print n.
K,1.6/10/10 mg C1D1/C1D8/C1D15; 20 mg Day 1 subsequent cycles,0.8120,3654,-97.1341,% change from baseline,Digitized from the visible waterfall contour in Fig. 5. X-axis is normalized patient rank. Approximate patient rank assumes n=4500; Fig. 5 itself does not print n.
K,1.6/10/10 mg C1D1/C1D8/C1D15; 20 mg Day 1 subsequent cycles,0.8140,3663,-97.1341,% change from baseline,Digitized from the visible waterfall contour in Fig. 5. X-axis is normalized patient rank. Approximate patient rank assumes n=4500; Fig. 5 itself does not print n.
K,1.6/10/10 mg C1D1/C1D8/C1D15; 20 mg Day 1 subsequent cycles,0.8160,3672,-97.1341,% change from baseline,Digitized from the visible waterfall contour in Fig. 5. X-axis is normalized patient rank. Approximate patient rank assumes n=4500; Fig. 5 itself does not print n.
K,1.6/10/10 mg C1D1/C1D8/C1D15; 20 mg Day 1 subsequent cycles,0.8180,3681,-97.1341,% change from baseline,Digitized from the visible waterfall contour in Fig. 5. X-axis is normalized patient rank. Approximate patient rank assumes n=4500; Fig. 5 itself does not print n.
K,1.6/10/10 mg C1D1/C1D8/C1D15; 20 mg Day 1 subsequent cycles,0.8200,3690,-97.1341,% change from baseline,Digitized from the visible waterfall contour in Fig. 5. X-axis is normalized patient rank. Approximate patient rank assumes n=4500; Fig. 5 itself does not print n.
K,1.6/10/10 mg C1D1/C1D8/C1D15; 20 mg Day 1 subsequent cycles,0.8220,3699,-97.1341,% change from baseline,Digitized from the visible waterfall contour in Fig. 5. X-axis is normalized patient rank. Approximate patient rank assumes n=4500; Fig. 5 itself does not print n.
K,1.6/10/10 mg C1D1/C1D8/C1D15; 20 mg Day 1 subsequent cycles,0.8240,3708,-97.1341,% change from baseline,Digitized from the visible waterfall contour in Fig. 5. X-axis is normalized patient rank. Approximate patient rank assumes n=4500; Fig. 5 itself does not print n.
K,1.6/10/10 mg C1D1/C1D8/C1D15; 20 mg Day 1 subsequent cycles,0.8260,3717,-97.1341,% change from baseline,Digitized from the visible waterfall contour in Fig. 5. X-axis is normalized patient rank. Approximate patient rank assumes n=4500; Fig. 5 itself does not print n.
K,1.6/10/10 mg C1D1/C1D8/C1D15; 20 mg Day 1 subsequent cycles,0.8280,3726,-97.1341,% change from baseline,Digitized from the visible waterfall contour in Fig. 5. X-axis is normalized patient rank. Approximate patient rank assumes n=4500; Fig. 5 itself does not print n.
K,1.6/10/10 mg C1D1/C1D8/C1D15; 20 mg Day 1 subsequent cycles,0.8300,3735,-97.1341,% change from baseline,Digitized from the visible waterfall contour in Fig. 5. X-axis is normalized patient rank. Approximate patient rank assumes n=4500; Fig. 5 itself does not print n.
K,1.6/10/10 mg C1D1/C1D8/C1D15; 20 mg Day 1 subsequent cycles,0.8320,3744,-97.1341,% change from baseline,Digitized from the visible waterfall contour in Fig. 5. X-axis is normalized patient rank. Approximate patient rank assumes n=4500; Fig. 5 itself does not print n.
K,1.6/10/10 mg C1D1/C1D8/C1D15; 20 mg Day 1 subsequent cycles,0.8340,3753,-97.1341,% change from baseline,Digitized from the visible waterfall contour in Fig. 5. X-axis is normalized patient rank. Approximate patient rank assumes n=4500; Fig. 5 itself does not print n.
K,1.6/10/10 mg C1D1/C1D8/C1D15; 20 mg Day 1 subsequent cycles,0.8360,3762,-97.1341,% change from baseline,Digitized from the visible waterfall contour in Fig. 5. X-axis is normalized patient rank. Approximate patient rank assumes n=4500; Fig. 5 itself does not print n.
K,1.6/10/10 mg C1D1/C1D8/C1D15; 20 mg Day 1 subsequent cycles,0.8380,3771,-97.1341,% change from baseline,Digitized from the visible waterfall contour in Fig. 5. X-axis is normalized patient rank. Approximate patient rank assumes n=4500; Fig. 5 itself does not print n.
K,1.6/10/10 mg C1D1/C1D8/C1D15; 20 mg Day 1 subsequent cycles,0.8400,3780,-97.1341,% change from baseline,Digitized from the visible waterfall contour in Fig. 5. X-axis is normalized patient rank. Approximate patient rank assumes n=4500; Fig. 5 itself does not print n.
K,1.6/10/10 mg C1D1/C1D8/C1D15; 20 mg Day 1 subsequent cycles,0.8420,3789,-97.1341,% change from baseline,Digitized from the visible waterfall contour in Fig. 5. X-axis is normalized patient rank. Approximate patient rank assumes n=4500; Fig. 5 itself does not print n.
K,1.6/10/10 mg C1D1/C1D8/C1D15; 20 mg Day 1 subsequent cycles,0.8440,3798,-97.1341,% change from baseline,Digitized from the visible waterfall contour in Fig. 5. X-axis is normalized patient rank. Approximate patient rank assumes n=4500; Fig. 5 itself does not print n.
K,1.6/10/10 mg C1D1/C1D8/C1D15; 20 mg Day 1 subsequent cycles,0.8460,3807,-97.1341,% change from baseline,Digitized from the visible waterfall contour in Fig. 5. X-axis is normalized patient rank. Approximate patient rank assumes n=4500; Fig. 5 itself does not print n.
K,1.6/10/10 mg C1D1/C1D8/C1D15; 20 mg Day 1 subsequent cycles,0.8480,3816,-97.1341,% change from baseline,Digitized from the visible waterfall contour in Fig. 5. X-axis is normalized patient rank. Approximate patient rank assumes n=4500; Fig. 5 itself does not print n.
K,1.6/10/10 mg C1D1/C1D8/C1D15; 20 mg Day 1 subsequent cycles,0.8500,3825,-97.1341,% change from baseline,Digitized from the visible waterfall contour in Fig. 5. X-axis is normalized patient rank. Approximate patient rank assumes n=4500; Fig. 5 itself does not print n.
K,1.6/10/10 mg C1D1/C1D8/C1D15; 20 mg Day 1 subsequent cycles,0.8520,3834,-97.1341,% change from baseline,Digitized from the visible waterfall contour in Fig. 5. X-axis is normalized patient rank. Approximate patient rank assumes n=4500; Fig. 5 itself does not print n.
K,1.6/10/10 mg C1D1/C1D8/C1D15; 20 mg Day 1 subsequent cycles,0.8540,3843,-97.1341,% change from baseline,Digitized from the visible waterfall contour in Fig. 5. X-axis is normalized patient rank. Approximate patient rank assumes n=4500; Fig. 5 itself does not print n.
K,1.6/10/10 mg C1D1/C1D8/C1D15; 20 mg Day 1 subsequent cycles,0.8560,3852,-97.1341,% change from baseline,Digitized from the visible waterfall contour in Fig. 5. X-axis is normalized patient rank. Approximate patient rank assumes n=4500; Fig. 5 itself does not print n.
K,1.6/10/10 mg C1D1/C1D8/C1D15; 20 mg Day 1 subsequent cycles,0.8580,3861,-97.1341,% change from baseline,Digitized from the visible waterfall contour in Fig. 5. X-axis is normalized patient rank. Approximate patient rank assumes n=4500; Fig. 5 itself does not print n.
K,1.6/10/10 mg C1D1/C1D8/C1D15; 20 mg Day 1 subsequent cycles,0.8600,3870,-97.1341,% change from baseline,Digitized from the visible waterfall contour in Fig. 5. X-axis is normalized patient rank. Approximate patient rank assumes n=4500; Fig. 5 itself does not print n.
K,1.6/10/10 mg C1D1/C1D8/C1D15; 20 mg Day 1 subsequent cycles,0.8620,3879,-97.1341,% change from baseline,Digitized from the visible waterfall contour in Fig. 5. X-axis is normalized patient rank. Approximate patient rank assumes n=4500; Fig. 5 itself does not print n.
K,1.6/10/10 mg C1D1/C1D8/C1D15; 20 mg Day 1 subsequent cycles,0.8640,3888,-97.1341,% change from baseline,Digitized from the visible waterfall contour in Fig. 5. X-axis is normalized patient rank. Approximate patient rank assumes n=4500; Fig. 5 itself does not print n.
K,1.6/10/10 mg C1D1/C1D8/C1D15; 20 mg Day 1 subsequent cycles,0.8660,3897,-97.1341,% change from baseline,Digitized from the visible waterfall contour in Fig. 5. X-axis is normalized patient rank. Approximate patient rank assumes n=4500; Fig. 5 itself does not print n.
K,1.6/10/10 mg C1D1/C1D8/C1D15; 20 mg Day 1 subsequent cycles,0.8680,3906,-97.1341,% change from baseline,Digitized from the visible waterfall contour in Fig. 5. X-axis is normalized patient rank. Approximate patient rank assumes n=4500; Fig. 5 itself does not print n.
K,1.6/10/10 mg C1D1/C1D8/C1D15; 20 mg Day 1 subsequent cycles,0.8700,3915,-97.1341,% change from baseline,Digitized from the visible waterfall contour in Fig. 5. X-axis is normalized patient rank. Approximate patient rank assumes n=4500; Fig. 5 itself does not print n.
K,1.6/10/10 mg C1D1/C1D8/C1D15; 20 mg Day 1 subsequent cycles,0.8720,3924,-97.1341,% change from baseline,Digitized from the visible waterfall contour in Fig. 5. X-axis is normalized patient rank. Approximate patient rank assumes n=4500; Fig. 5 itself does not print n.
K,1.6/10/10 mg C1D1/C1D8/C1D15; 20 mg Day 1 subsequent cycles,0.8740,3933,-97.1341,% change from baseline,Digitized from the visible waterfall contour in Fig. 5. X-axis is normalized patient rank. Approximate patient rank assumes n=4500; Fig. 5 itself does not print n.
K,1.6/10/10 mg C1D1/C1D8/C1D15; 20 mg Day 1 subsequent cycles,0.8760,3942,-97.1341,% change from baseline,Digitized from the visible waterfall contour in Fig. 5. X-axis is normalized patient rank. Approximate patient rank assumes n=4500; Fig. 5 itself does not print n.
K,1.6/10/10 mg C1D1/C1D8/C1D15; 20 mg Day 1 subsequent cycles,0.8780,3951,-97.1341,% change from baseline,Digitized from the visible waterfall contour in Fig. 5. X-axis is normalized patient rank. Approximate patient rank assumes n=4500; Fig. 5 itself does not print n.
K,1.6/10/10 mg C1D1/C1D8/C1D15; 20 mg Day 1 subsequent cycles,0.8800,3960,-97.1341,% change from baseline,Digitized from the visible waterfall contour in Fig. 5. X-axis is normalized patient rank. Approximate patient rank assumes n=4500; Fig. 5 itself does not print n.
K,1.6/10/10 mg C1D1/C1D8/C1D15; 20 mg Day 1 subsequent cycles,0.8820,3969,-97.1341,% change from baseline,Digitized from the visible waterfall contour in Fig. 5. X-axis is normalized patient rank. Approximate patient rank assumes n=4500; Fig. 5 itself does not print n.
K,1.6/10/10 mg C1D1/C1D8/C1D15; 20 mg Day 1 subsequent cycles,0.8840,3978,-97.1341,% change from baseline,Digitized from the visible waterfall contour in Fig. 5. X-axis is normalized patient rank. Approximate patient rank assumes n=4500; Fig. 5 itself does not print n.
K,1.6/10/10 mg C1D1/C1D8/C1D15; 20 mg Day 1 subsequent cycles,0.8860,3987,-97.1341,% change from baseline,Digitized from the visible waterfall contour in Fig. 5. X-axis is normalized patient rank. Approximate patient rank assumes n=4500; Fig. 5 itself does not print n.
K,1.6/10/10 mg C1D1/C1D8/C1D15; 20 mg Day 1 subsequent cycles,0.8880,3996,-97.1341,% change from baseline,Digitized from the visible waterfall contour in Fig. 5. X-axis is normalized patient rank. Approximate patient rank assumes n=4500; Fig. 5 itself does not print n.
K,1.6/10/10 mg C1D1/C1D8/C1D15; 20 mg Day 1 subsequent cycles,0.8900,4005,-97.1341,% change from baseline,Digitized from the visible waterfall contour in Fig. 5. X-axis is normalized patient rank. Approximate patient rank assumes n=4500; Fig. 5 itself does not print n.
K,1.6/10/10 mg C1D1/C1D8/C1D15; 20 mg Day 1 subsequent cycles,0.8920,4014,-97.1341,% change from baseline,Digitized from the visible waterfall contour in Fig. 5. X-axis is normalized patient rank. Approximate patient rank assumes n=4500; Fig. 5 itself does not print n.
K,1.6/10/10 mg C1D1/C1D8/C1D15; 20 mg Day 1 subsequent cycles,0.8940,4023,-97.1341,% change from baseline,Digitized from the visible waterfall contour in Fig. 5. X-axis is normalized patient rank. Approximate patient rank assumes n=4500; Fig. 5 itself does not print n.
K,1.6/10/10 mg C1D1/C1D8/C1D15; 20 mg Day 1 subsequent cycles,0.8960,4032,-97.1341,% change from baseline,Digitized from the visible waterfall contour in Fig. 5. X-axis is normalized patient rank. Approximate patient rank assumes n=4500; Fig. 5 itself does not print n.
K,1.6/10/10 mg C1D1/C1D8/C1D15; 20 mg Day 1 subsequent cycles,0.8980,4041,-97.1341,% change from baseline,Digitized from the visible waterfall contour in Fig. 5. X-axis is normalized patient rank. Approximate patient rank assumes n=4500; Fig. 5 itself does not print n.
K,1.6/10/10 mg C1D1/C1D8/C1D15; 20 mg Day 1 subsequent cycles,0.9000,4050,-97.1341,% change from baseline,Digitized from the visible waterfall contour in Fig. 5. X-axis is normalized patient rank. Approximate patient rank assumes n=4500; Fig. 5 itself does not print n.
K,1.6/10/10 mg C1D1/C1D8/C1D15; 20 mg Day 1 subsequent cycles,0.9020,4059,-97.1341,% change from baseline,Digitized from the visible waterfall contour in Fig. 5. X-axis is normalized patient rank. Approximate patient rank assumes n=4500; Fig. 5 itself does not print n.
K,1.6/10/10 mg C1D1/C1D8/C1D15; 20 mg Day 1 subsequent cycles,0.9040,4068,-97.1341,% change from baseline,Digitized from the visible waterfall contour in Fig. 5. X-axis is normalized patient rank. Approximate patient rank assumes n=4500; Fig. 5 itself does not print n.
K,1.6/10/10 mg C1D1/C1D8/C1D15; 20 mg Day 1 subsequent cycles,0.9060,4077,-97.1341,% change from baseline,Digitized from the visible waterfall contour in Fig. 5. X-axis is normalized patient rank. Approximate patient rank assumes n=4500; Fig. 5 itself does not print n.
K,1.6/10/10 mg C1D1/C1D8/C1D15; 20 mg Day 1 subsequent cycles,0.9080,4086,-97.1341,% change from baseline,Digitized from the visible waterfall contour in Fig. 5. X-axis is normalized patient rank. Approximate patient rank assumes n=4500; Fig. 5 itself does not print n.
K,1.6/10/10 mg C1D1/C1D8/C1D15; 20 mg Day 1 subsequent cycles,0.9100,4095,-97.1341,% change from baseline,Digitized from the visible waterfall contour in Fig. 5. X-axis is normalized patient rank. Approximate patient rank assumes n=4500; Fig. 5 itself does not print n.
K,1.6/10/10 mg C1D1/C1D8/C1D15; 20 mg Day 1 subsequent cycles,0.9120,4104,-97.1341,% change from baseline,Digitized from the visible waterfall contour in Fig. 5. X-axis is normalized patient rank. Approximate patient rank assumes n=4500; Fig. 5 itself does not print n.
K,1.6/10/10 mg C1D1/C1D8/C1D15; 20 mg Day 1 subsequent cycles,0.9140,4113,-97.1341,% change from baseline,Digitized from the visible waterfall contour in Fig. 5. X-axis is normalized patient rank. Approximate patient rank assumes n=4500; Fig. 5 itself does not print n.
K,1.6/10/10 mg C1D1/C1D8/C1D15; 20 mg Day 1 subsequent cycles,0.9160,4122,-97.1341,% change from baseline,Digitized from the visible waterfall contour in Fig. 5. X-axis is normalized patient rank. Approximate patient rank assumes n=4500; Fig. 5 itself does not print n.
K,1.6/10/10 mg C1D1/C1D8/C1D15; 20 mg Day 1 subsequent cycles,0.9180,4131,-97.1341,% change from baseline,Digitized from the visible waterfall contour in Fig. 5. X-axis is normalized patient rank. Approximate patient rank assumes n=4500; Fig. 5 itself does not print n.
K,1.6/10/10 mg C1D1/C1D8/C1D15; 20 mg Day 1 subsequent cycles,0.9200,4140,-97.1341,% change from baseline,Digitized from the visible waterfall contour in Fig. 5. X-axis is normalized patient rank. Approximate patient rank assumes n=4500; Fig. 5 itself does not print n.
K,1.6/10/10 mg C1D1/C1D8/C1D15; 20 mg Day 1 subsequent cycles,0.9220,4149,-97.1341,% change from baseline,Digitized from the visible waterfall contour in Fig. 5. X-axis is normalized patient rank. Approximate patient rank assumes n=4500; Fig. 5 itself does not print n.
K,1.6/10/10 mg C1D1/C1D8/C1D15; 20 mg Day 1 subsequent cycles,0.9240,4158,-97.1341,% change from baseline,Digitized from the visible waterfall contour in Fig. 5. X-axis is normalized patient rank. Approximate patient rank assumes n=4500; Fig. 5 itself does not print n.
K,1.6/10/10 mg C1D1/C1D8/C1D15; 20 mg Day 1 subsequent cycles,0.9260,4167,-97.1341,% change from baseline,Digitized from the visible waterfall contour in Fig. 5. X-axis is normalized patient rank. Approximate patient rank assumes n=4500; Fig. 5 itself does not print n.
K,1.6/10/10 mg C1D1/C1D8/C1D15; 20 mg Day 1 subsequent cycles,0.9280,4176,-97.1341,% change from baseline,Digitized from the visible waterfall contour in Fig. 5. X-axis is normalized patient rank. Approximate patient rank assumes n=4500; Fig. 5 itself does not print n.
K,1.6/10/10 mg C1D1/C1D8/C1D15; 20 mg Day 1 subsequent cycles,0.9300,4185,-97.1341,% change from baseline,Digitized from the visible waterfall contour in Fig. 5. X-axis is normalized patient rank. Approximate patient rank assumes n=4500; Fig. 5 itself does not print n.
K,1.6/10/10 mg C1D1/C1D8/C1D15; 20 mg Day 1 subsequent cycles,0.9320,4194,-97.1341,% change from baseline,Digitized from the visible waterfall contour in Fig. 5. X-axis is normalized patient rank. Approximate patient rank assumes n=4500; Fig. 5 itself does not print n.
K,1.6/10/10 mg C1D1/C1D8/C1D15; 20 mg Day 1 subsequent cycles,0.9340,4203,-97.1341,% change from baseline,Digitized from the visible waterfall contour in Fig. 5. X-axis is normalized patient rank. Approximate patient rank assumes n=4500; Fig. 5 itself does not print n.
K,1.6/10/10 mg C1D1/C1D8/C1D15; 20 mg Day 1 subsequent cycles,0.9360,4212,-97.1341,% change from baseline,Digitized from the visible waterfall contour in Fig. 5. X-axis is normalized patient rank. Approximate patient rank assumes n=4500; Fig. 5 itself does not print n.
K,1.6/10/10 mg C1D1/C1D8/C1D15; 20 mg Day 1 subsequent cycles,0.9380,4221,-97.1341,% change from baseline,Digitized from the visible waterfall contour in Fig. 5. X-axis is normalized patient rank. Approximate patient rank assumes n=4500; Fig. 5 itself does not print n.
K,1.6/10/10 mg C1D1/C1D8/C1D15; 20 mg Day 1 subsequent cycles,0.9400,4230,-97.1341,% change from baseline,Digitized from the visible waterfall contour in Fig. 5. X-axis is normalized patient rank. Approximate patient rank assumes n=4500; Fig. 5 itself does not print n.
K,1.6/10/10 mg C1D1/C1D8/C1D15; 20 mg Day 1 subsequent cycles,0.9420,4239,-97.1341,% change from baseline,Digitized from the visible waterfall contour in Fig. 5. X-axis is normalized patient rank. Approximate patient rank assumes n=4500; Fig. 5 itself does not print n.
K,1.6/10/10 mg C1D1/C1D8/C1D15; 20 mg Day 1 subsequent cycles,0.9440,4248,-97.1341,% change from baseline,Digitized from the visible waterfall contour in Fig. 5. X-axis is normalized patient rank. Approximate patient rank assumes n=4500; Fig. 5 itself does not print n.
K,1.6/10/10 mg C1D1/C1D8/C1D15; 20 mg Day 1 subsequent cycles,0.9460,4257,-97.1341,% change from baseline,Digitized from the visible waterfall contour in Fig. 5. X-axis is normalized patient rank. Approximate patient rank assumes n=4500; Fig. 5 itself does not print n.
K,1.6/10/10 mg C1D1/C1D8/C1D15; 20 mg Day 1 subsequent cycles,0.9480,4266,-97.1341,% change from baseline,Digitized from the visible waterfall contour in Fig. 5. X-axis is normalized patient rank. Approximate patient rank assumes n=4500; Fig. 5 itself does not print n.
K,1.6/10/10 mg C1D1/C1D8/C1D15; 20 mg Day 1 subsequent cycles,0.9500,4275,-97.1341,% change from baseline,Digitized from the visible waterfall contour in Fig. 5. X-axis is normalized patient rank. Approximate patient rank assumes n=4500; Fig. 5 itself does not print n.
K,1.6/10/10 mg C1D1/C1D8/C1D15; 20 mg Day 1 subsequent cycles,0.9520,4284,-97.1341,% change from baseline,Digitized from the visible waterfall contour in Fig. 5. X-axis is normalized patient rank. Approximate patient rank assumes n=4500; Fig. 5 itself does not print n.
K,1.6/10/10 mg C1D1/C1D8/C1D15; 20 mg Day 1 subsequent cycles,0.9540,4293,-97.1341,% change from baseline,Digitized from the visible waterfall contour in Fig. 5. X-axis is normalized patient rank. Approximate patient rank assumes n=4500; Fig. 5 itself does not print n.
K,1.6/10/10 mg C1D1/C1D8/C1D15; 20 mg Day 1 subsequent cycles,0.9560,4302,-97.1341,% change from baseline,Digitized from the visible waterfall contour in Fig. 5. X-axis is normalized patient rank. Approximate patient rank assumes n=4500; Fig. 5 itself does not print n.
K,1.6/10/10 mg C1D1/C1D8/C1D15; 20 mg Day 1 subsequent cycles,0.9580,4311,-97.1341,% change from baseline,Digitized from the visible waterfall contour in Fig. 5. X-axis is normalized patient rank. Approximate patient rank assumes n=4500; Fig. 5 itself does not print n.
K,1.6/10/10 mg C1D1/C1D8/C1D15; 20 mg Day 1 subsequent cycles,0.9600,4320,-97.1341,% change from baseline,Digitized from the visible waterfall contour in Fig. 5. X-axis is normalized patient rank. Approximate patient rank assumes n=4500; Fig. 5 itself does not print n.
K,1.6/10/10 mg C1D1/C1D8/C1D15; 20 mg Day 1 subsequent cycles,0.9620,4329,-97.1341,% change from baseline,Digitized from the visible waterfall contour in Fig. 5. X-axis is normalized patient rank. Approximate patient rank assumes n=4500; Fig. 5 itself does not print n.
K,1.6/10/10 mg C1D1/C1D8/C1D15; 20 mg Day 1 subsequent cycles,0.9640,4338,-97.1341,% change from baseline,Digitized from the visible waterfall contour in Fig. 5. X-axis is normalized patient rank. Approximate patient rank assumes n=4500; Fig. 5 itself does not print n.
K,1.6/10/10 mg C1D1/C1D8/C1D15; 20 mg Day 1 subsequent cycles,0.9660,4347,-97.1341,% change from baseline,Digitized from the visible waterfall contour in Fig. 5. X-axis is normalized patient rank. Approximate patient rank assumes n=4500; Fig. 5 itself does not print n.
K,1.6/10/10 mg C1D1/C1D8/C1D15; 20 mg Day 1 subsequent cycles,0.9680,4356,-97.1341,% change from baseline,Digitized from the visible waterfall contour in Fig. 5. X-axis is normalized patient rank. Approximate patient rank assumes n=4500; Fig. 5 itself does not print n.
K,1.6/10/10 mg C1D1/C1D8/C1D15; 20 mg Day 1 subsequent cycles,0.9700,4365,-97.1341,% change from baseline,Digitized from the visible waterfall contour in Fig. 5. X-axis is normalized patient rank. Approximate patient rank assumes n=4500; Fig. 5 itself does not print n.
K,1.6/10/10 mg C1D1/C1D8/C1D15; 20 mg Day 1 subsequent cycles,0.9720,4374,-97.1341,% change from baseline,Digitized from the visible waterfall contour in Fig. 5. X-axis is normalized patient rank. Approximate patient rank assumes n=4500; Fig. 5 itself does not print n.
K,1.6/10/10 mg C1D1/C1D8/C1D15; 20 mg Day 1 subsequent cycles,0.9740,4383,-97.1341,% change from baseline,Digitized from the visible waterfall contour in Fig. 5. X-axis is normalized patient rank. Approximate patient rank assumes n=4500; Fig. 5 itself does not print n.
K,1.6/10/10 mg C1D1/C1D8/C1D15; 20 mg Day 1 subsequent cycles,0.9760,4392,-97.1341,% change from baseline,Digitized from the visible waterfall contour in Fig. 5. X-axis is normalized patient rank. Approximate patient rank assumes n=4500; Fig. 5 itself does not print n.
K,1.6/10/10 mg C1D1/C1D8/C1D15; 20 mg Day 1 subsequent cycles,0.9780,4401,-97.1341,% change from baseline,Digitized from the visible waterfall contour in Fig. 5. X-axis is normalized patient rank. Approximate patient rank assumes n=4500; Fig. 5 itself does not print n.
K,1.6/10/10 mg C1D1/C1D8/C1D15; 20 mg Day 1 subsequent cycles,0.9800,4410,-97.1341,% change from baseline,Digitized from the visible waterfall contour in Fig. 5. X-axis is normalized patient rank. Approximate patient rank assumes n=4500; Fig. 5 itself does not print n.
K,1.6/10/10 mg C1D1/C1D8/C1D15; 20 mg Day 1 subsequent cycles,0.9820,4419,-97.1341,% change from baseline,Digitized from the visible waterfall contour in Fig. 5. X-axis is normalized patient rank. Approximate patient rank assumes n=4500; Fig. 5 itself does not print n.
K,1.6/10/10 mg C1D1/C1D8/C1D15; 20 mg Day 1 subsequent cycles,0.9840,4428,-97.1341,% change from baseline,Digitized from the visible waterfall contour in Fig. 5. X-axis is normalized patient rank. Approximate patient rank assumes n=4500; Fig. 5 itself does not print n.
K,1.6/10/10 mg C1D1/C1D8/C1D15; 20 mg Day 1 subsequent cycles,0.9860,4437,-97.1341,% change from baseline,Digitized from the visible waterfall contour in Fig. 5. X-axis is normalized patient rank. Approximate patient rank assumes n=4500; Fig. 5 itself does not print n.
K,1.6/10/10 mg C1D1/C1D8/C1D15; 20 mg Day 1 subsequent cycles,0.9880,4446,-97.1341,% change from baseline,Digitized from the visible waterfall contour in Fig. 5. X-axis is normalized patient rank. Approximate patient rank assumes n=4500; Fig. 5 itself does not print n.
K,1.6/10/10 mg C1D1/C1D8/C1D15; 20 mg Day 1 subsequent cycles,0.9900,4455,-97.1341,% change from baseline,Digitized from the visible waterfall contour in Fig. 5. X-axis is normalized patient rank. Approximate patient rank assumes n=4500; Fig. 5 itself does not print n.
K,1.6/10/10 mg C1D1/C1D8/C1D15; 20 mg Day 1 subsequent cycles,0.9920,4464,-97.1341,% change from baseline,Digitized from the visible waterfall contour in Fig. 5. X-axis is normalized patient rank. Approximate patient rank assumes n=4500; Fig. 5 itself does not print n.
K,1.6/10/10 mg C1D1/C1D8/C1D15; 20 mg Day 1 subsequent cycles,0.9940,4473,-97.1341,% change from baseline,Digitized from the visible waterfall contour in Fig. 5. X-axis is normalized patient rank. Approximate patient rank assumes n=4500; Fig. 5 itself does not print n.
K,1.6/10/10 mg C1D1/C1D8/C1D15; 20 mg Day 1 subsequent cycles,0.9960,4482,-97.1341,% change from baseline,Digitized from the visible waterfall contour in Fig. 5. X-axis is normalized patient rank. Approximate patient rank assumes n=4500; Fig. 5 itself does not print n.
K,1.6/10/10 mg C1D1/C1D8/C1D15; 20 mg Day 1 subsequent cycles,0.9980,4491,-97.1341,% change from baseline,Digitized from the visible waterfall contour in Fig. 5. X-axis is normalized patient rank. Approximate patient rank assumes n=4500; Fig. 5 itself does not print n.
K,1.6/10/10 mg C1D1/C1D8/C1D15; 20 mg Day 1 subsequent cycles,1.0000,4500,-97.1341,% change from baseline,Digitized from the visible waterfall contour in Fig. 5. X-axis is normalized patient rank. Approximate patient rank assumes n=4500; Fig. 5 itself does not print n.
L,1.6/20 mg C1D1/C1D8; 20 mg Day 1 subsequent cycles,0.0000,1,232.79,% change from baseline,Digitized from the visible waterfall contour in Fig. 5. X-axis is normalized patient rank. Approximate patient rank assumes n=4500; Fig. 5 itself does not print n.
L,1.6/20 mg C1D1/C1D8; 20 mg Day 1 subsequent cycles,0.0020,10,233.807,% change from baseline,Digitized from the visible waterfall contour in Fig. 5. X-axis is normalized patient rank. Approximate patient rank assumes n=4500; Fig. 5 itself does not print n.
L,1.6/20 mg C1D1/C1D8; 20 mg Day 1 subsequent cycles,0.0040,19,233.809,% change from baseline,Digitized from the visible waterfall contour in Fig. 5. X-axis is normalized patient rank. Approximate patient rank assumes n=4500; Fig. 5 itself does not print n.
L,1.6/20 mg C1D1/C1D8; 20 mg Day 1 subsequent cycles,0.0060,28,233.809,% change from baseline,Digitized from the visible waterfall contour in Fig. 5. X-axis is normalized patient rank. Approximate patient rank assumes n=4500; Fig. 5 itself does not print n.
L,1.6/20 mg C1D1/C1D8; 20 mg Day 1 subsequent cycles,0.0080,37,233.809,% change from baseline,Digitized from the visible waterfall contour in Fig. 5. X-axis is normalized patient rank. Approximate patient rank assumes n=4500; Fig. 5 itself does not print n.
L,1.6/20 mg C1D1/C1D8; 20 mg Day 1 subsequent cycles,0.0100,46,233.809,% change from baseline,Digitized from the visible waterfall contour in Fig. 5. X-axis is normalized patient rank. Approximate patient rank assumes n=4500; Fig. 5 itself does not print n.
L,1.6/20 mg C1D1/C1D8; 20 mg Day 1 subsequent cycles,0.0120,55,233.809,% change from baseline,Digitized from the visible waterfall contour in Fig. 5. X-axis is normalized patient rank. Approximate patient rank assumes n=4500; Fig. 5 itself does not print n.
L,1.6/20 mg C1D1/C1D8; 20 mg Day 1 subsequent cycles,0.0140,64,233.809,% change from baseline,Digitized from the visible waterfall contour in Fig. 5. X-axis is normalized patient rank. Approximate patient rank assumes n=4500; Fig. 5 itself does not print n.
L,1.6/20 mg C1D1/C1D8; 20 mg Day 1 subsequent cycles,0.0160,73,233.809,% change from baseline,Digitized from the visible waterfall contour in Fig. 5. X-axis is normalized patient rank. Approximate patient rank assumes n=4500; Fig. 5 itself does not print n.
L,1.6/20 mg C1D1/C1D8; 20 mg Day 1 subsequent cycles,0.0180,82,233.809,% change from baseline,Digitized from the visible waterfall contour in Fig. 5. X-axis is normalized patient rank. Approximate patient rank assumes n=4500; Fig. 5 itself does not print n.
L,1.6/20 mg C1D1/C1D8; 20 mg Day 1 subsequent cycles,0.0200,91,233.809,% change from baseline,Digitized from the visible waterfall contour in Fig. 5. X-axis is normalized patient rank. Approximate patient rank assumes n=4500; Fig. 5 itself does not print n.
L,1.6/20 mg C1D1/C1D8; 20 mg Day 1 subsequent cycles,0.0220,100,233.809,% change from baseline,Digitized from the visible waterfall contour in Fig. 5. X-axis is normalized patient rank. Approximate patient rank assumes n=4500; Fig. 5 itself does not print n.
L,1.6/20 mg C1D1/C1D8; 20 mg Day 1 subsequent cycles,0.0240,109,233.809,% change from baseline,Digitized from the visible waterfall contour in Fig. 5. X-axis is normalized patient rank. Approximate patient rank assumes n=4500; Fig. 5 itself does not print n.
L,1.6/20 mg C1D1/C1D8; 20 mg Day 1 subsequent cycles,0.0260,118,233.809,% change from baseline,Digitized from the visible waterfall contour in Fig. 5. X-axis is normalized patient rank. Approximate patient rank assumes n=4500; Fig. 5 itself does not print n.
L,1.6/20 mg C1D1/C1D8; 20 mg Day 1 subsequent cycles,0.0280,127,233.809,% change from baseline,Digitized from the visible waterfall contour in Fig. 5. X-axis is normalized patient rank. Approximate patient rank assumes n=4500; Fig. 5 itself does not print n.
L,1.6/20 mg C1D1/C1D8; 20 mg Day 1 subsequent cycles,0.0300,136,233.809,% change from baseline,Digitized from the visible waterfall contour in Fig. 5. X-axis is normalized patient rank. Approximate patient rank assumes n=4500; Fig. 5 itself does not print n.
L,1.6/20 mg C1D1/C1D8; 20 mg Day 1 subsequent cycles,0.0320,145,233.809,% change from baseline,Digitized from the visible waterfall contour in Fig. 5. X-axis is normalized patient rank. Approximate patient rank assumes n=4500; Fig. 5 itself does not print n.
L,1.6/20 mg C1D1/C1D8; 20 mg Day 1 subsequent cycles,0.0340,154,233.809,% change from baseline,Digitized from the visible waterfall contour in Fig. 5. X-axis is normalized patient rank. Approximate patient rank assumes n=4500; Fig. 5 itself does not print n.
L,1.6/20 mg C1D1/C1D8; 20 mg Day 1 subsequent cycles,0.0360,163,233.809,% change from baseline,Digitized from the visible waterfall contour in Fig. 5. X-axis is normalized patient rank. Approximate patient rank assumes n=4500; Fig. 5 itself does not print n.
L,1.6/20 mg C1D1/C1D8; 20 mg Day 1 subsequent cycles,0.0380,172,233.809,% change from baseline,Digitized from the visible waterfall contour in Fig. 5. X-axis is normalized patient rank. Approximate patient rank assumes n=4500; Fig. 5 itself does not print n.
L,1.6/20 mg C1D1/C1D8; 20 mg Day 1 subsequent cycles,0.0400,181,233.809,% change from baseline,Digitized from the visible waterfall contour in Fig. 5. X-axis is normalized patient rank. Approximate patient rank assumes n=4500; Fig. 5 itself does not print n.
L,1.6/20 mg C1D1/C1D8; 20 mg Day 1 subsequent cycles,0.0420,190,233.809,% change from baseline,Digitized from the visible waterfall contour in Fig. 5. X-axis is normalized patient rank. Approximate patient rank assumes n=4500; Fig. 5 itself does not print n.
L,1.6/20 mg C1D1/C1D8; 20 mg Day 1 subsequent cycles,0.0440,199,233.809,% change from baseline,Digitized from the visible waterfall contour in Fig. 5. X-axis is normalized patient rank. Approximate patient rank assumes n=4500; Fig. 5 itself does not print n.
L,1.6/20 mg C1D1/C1D8; 20 mg Day 1 subsequent cycles,0.0460,208,233.809,% change from baseline,Digitized from the visible waterfall contour in Fig. 5. X-axis is normalized patient rank. Approximate patient rank assumes n=4500; Fig. 5 itself does not print n.
L,1.6/20 mg C1D1/C1D8; 20 mg Day 1 subsequent cycles,0.0480,217,233.809,% change from baseline,Digitized from the visible waterfall contour in Fig. 5. X-axis is normalized patient rank. Approximate patient rank assumes n=4500; Fig. 5 itself does not print n.
L,1.6/20 mg C1D1/C1D8; 20 mg Day 1 subsequent cycles,0.0500,226,233.809,% change from baseline,Digitized from the visible waterfall contour in Fig. 5. X-axis is normalized patient rank. Approximate patient rank assumes n=4500; Fig. 5 itself does not print n.
L,1.6/20 mg C1D1/C1D8; 20 mg Day 1 subsequent cycles,0.0520,235,232.843,% change from baseline,Digitized from the visible waterfall contour in Fig. 5. X-axis is normalized patient rank. Approximate patient rank assumes n=4500; Fig. 5 itself does not print n.
L,1.6/20 mg C1D1/C1D8; 20 mg Day 1 subsequent cycles,0.0540,244,231.827,% change from baseline,Digitized from the visible waterfall contour in Fig. 5. X-axis is normalized patient rank. Approximate patient rank assumes n=4500; Fig. 5 itself does not print n.
L,1.6/20 mg C1D1/C1D8; 20 mg Day 1 subsequent cycles,0.0560,253,215.43,% change from baseline,Digitized from the visible waterfall contour in Fig. 5. X-axis is normalized patient rank. Approximate patient rank assumes n=4500; Fig. 5 itself does not print n.
L,1.6/20 mg C1D1/C1D8; 20 mg Day 1 subsequent cycles,0.0580,262,206.786,% change from baseline,Digitized from the visible waterfall contour in Fig. 5. X-axis is normalized patient rank. Approximate patient rank assumes n=4500; Fig. 5 itself does not print n.
L,1.6/20 mg C1D1/C1D8; 20 mg Day 1 subsequent cycles,0.0600,271,197.699,% change from baseline,Digitized from the visible waterfall contour in Fig. 5. X-axis is normalized patient rank. Approximate patient rank assumes n=4500; Fig. 5 itself does not print n.
L,1.6/20 mg C1D1/C1D8; 20 mg Day 1 subsequent cycles,0.0620,280,193.328,% change from baseline,Digitized from the visible waterfall contour in Fig. 5. X-axis is normalized patient rank. Approximate patient rank assumes n=4500; Fig. 5 itself does not print n.
L,1.6/20 mg C1D1/C1D8; 20 mg Day 1 subsequent cycles,0.0640,289,182.591,% change from baseline,Digitized from the visible waterfall contour in Fig. 5. X-axis is normalized patient rank. Approximate patient rank assumes n=4500; Fig. 5 itself does not print n.
L,1.6/20 mg C1D1/C1D8; 20 mg Day 1 subsequent cycles,0.0660,298,179.971,% change from baseline,Digitized from the visible waterfall contour in Fig. 5. X-axis is normalized patient rank. Approximate patient rank assumes n=4500; Fig. 5 itself does not print n.
L,1.6/20 mg C1D1/C1D8; 20 mg Day 1 subsequent cycles,0.0680,307,176.99,% change from baseline,Digitized from the visible waterfall contour in Fig. 5. X-axis is normalized patient rank. Approximate patient rank assumes n=4500; Fig. 5 itself does not print n.
L,1.6/20 mg C1D1/C1D8; 20 mg Day 1 subsequent cycles,0.0700,316,174.888,% change from baseline,Digitized from the visible waterfall contour in Fig. 5. X-axis is normalized patient rank. Approximate patient rank assumes n=4500; Fig. 5 itself does not print n.
L,1.6/20 mg C1D1/C1D8; 20 mg Day 1 subsequent cycles,0.0720,325,171.91,% change from baseline,Digitized from the visible waterfall contour in Fig. 5. X-axis is normalized patient rank. Approximate patient rank assumes n=4500; Fig. 5 itself does not print n.
L,1.6/20 mg C1D1/C1D8; 20 mg Day 1 subsequent cycles,0.0740,334,169.804,% change from baseline,Digitized from the visible waterfall contour in Fig. 5. X-axis is normalized patient rank. Approximate patient rank assumes n=4500; Fig. 5 itself does not print n.
L,1.6/20 mg C1D1/C1D8; 20 mg Day 1 subsequent cycles,0.0760,343,166.831,% change from baseline,Digitized from the visible waterfall contour in Fig. 5. X-axis is normalized patient rank. Approximate patient rank assumes n=4500; Fig. 5 itself does not print n.
L,1.6/20 mg C1D1/C1D8; 20 mg Day 1 subsequent cycles,0.0780,352,164.721,% change from baseline,Digitized from the visible waterfall contour in Fig. 5. X-axis is normalized patient rank. Approximate patient rank assumes n=4500; Fig. 5 itself does not print n.
L,1.6/20 mg C1D1/C1D8; 20 mg Day 1 subsequent cycles,0.0800,361,162.688,% change from baseline,Digitized from the visible waterfall contour in Fig. 5. X-axis is normalized patient rank. Approximate patient rank assumes n=4500; Fig. 5 itself does not print n.
L,1.6/20 mg C1D1/C1D8; 20 mg Day 1 subsequent cycles,0.0820,370,159.721,% change from baseline,Digitized from the visible waterfall contour in Fig. 5. X-axis is normalized patient rank. Approximate patient rank assumes n=4500; Fig. 5 itself does not print n.
L,1.6/20 mg C1D1/C1D8; 20 mg Day 1 subsequent cycles,0.0840,379,157.605,% change from baseline,Digitized from the visible waterfall contour in Fig. 5. X-axis is normalized patient rank. Approximate patient rank assumes n=4500; Fig. 5 itself does not print n.
L,1.6/20 mg C1D1/C1D8; 20 mg Day 1 subsequent cycles,0.0860,388,155.572,% change from baseline,Digitized from the visible waterfall contour in Fig. 5. X-axis is normalized patient rank. Approximate patient rank assumes n=4500; Fig. 5 itself does not print n.
L,1.6/20 mg C1D1/C1D8; 20 mg Day 1 subsequent cycles,0.0880,397,152.611,% change from baseline,Digitized from the visible waterfall contour in Fig. 5. X-axis is normalized patient rank. Approximate patient rank assumes n=4500; Fig. 5 itself does not print n.
L,1.6/20 mg C1D1/C1D8; 20 mg Day 1 subsequent cycles,0.0900,406,151.415,% change from baseline,Digitized from the visible waterfall contour in Fig. 5. X-axis is normalized patient rank. Approximate patient rank assumes n=4500; Fig. 5 itself does not print n.
L,1.6/20 mg C1D1/C1D8; 20 mg Day 1 subsequent cycles,0.0920,415,149.475,% change from baseline,Digitized from the visible waterfall contour in Fig. 5. X-axis is normalized patient rank. Approximate patient rank assumes n=4500; Fig. 5 itself does not print n.
L,1.6/20 mg C1D1/C1D8; 20 mg Day 1 subsequent cycles,0.0940,424,147.442,% change from baseline,Digitized from the visible waterfall contour in Fig. 5. X-axis is normalized patient rank. Approximate patient rank assumes n=4500; Fig. 5 itself does not print n.
L,1.6/20 mg C1D1/C1D8; 20 mg Day 1 subsequent cycles,0.0960,433,146.33,% change from baseline,Digitized from the visible waterfall contour in Fig. 5. X-axis is normalized patient rank. Approximate patient rank assumes n=4500; Fig. 5 itself does not print n.
L,1.6/20 mg C1D1/C1D8; 20 mg Day 1 subsequent cycles,0.0980,442,144.395,% change from baseline,Digitized from the visible waterfall contour in Fig. 5. X-axis is normalized patient rank. Approximate patient rank assumes n=4500; Fig. 5 itself does not print n.
L,1.6/20 mg C1D1/C1D8; 20 mg Day 1 subsequent cycles,0.1000,451,142.363,% change from baseline,Digitized from the visible waterfall contour in Fig. 5. X-axis is normalized patient rank. Approximate patient rank assumes n=4500; Fig. 5 itself does not print n.
L,1.6/20 mg C1D1/C1D8; 20 mg Day 1 subsequent cycles,0.1020,460,141.244,% change from baseline,Digitized from the visible waterfall contour in Fig. 5. X-axis is normalized patient rank. Approximate patient rank assumes n=4500; Fig. 5 itself does not print n.
L,1.6/20 mg C1D1/C1D8; 20 mg Day 1 subsequent cycles,0.1040,469,139.316,% change from baseline,Digitized from the visible waterfall contour in Fig. 5. X-axis is normalized patient rank. Approximate patient rank assumes n=4500; Fig. 5 itself does not print n.
L,1.6/20 mg C1D1/C1D8; 20 mg Day 1 subsequent cycles,0.1060,478,138.193,% change from baseline,Digitized from the visible waterfall contour in Fig. 5. X-axis is normalized patient rank. Approximate patient rank assumes n=4500; Fig. 5 itself does not print n.
L,1.6/20 mg C1D1/C1D8; 20 mg Day 1 subsequent cycles,0.1080,487,137.177,% change from baseline,Digitized from the visible waterfall contour in Fig. 5. X-axis is normalized patient rank. Approximate patient rank assumes n=4500; Fig. 5 itself does not print n.
L,1.6/20 mg C1D1/C1D8; 20 mg Day 1 subsequent cycles,0.1100,496,135.255,% change from baseline,Digitized from the visible waterfall contour in Fig. 5. X-axis is normalized patient rank. Approximate patient rank assumes n=4500; Fig. 5 itself does not print n.
L,1.6/20 mg C1D1/C1D8; 20 mg Day 1 subsequent cycles,0.1120,505,133.222,% change from baseline,Digitized from the visible waterfall contour in Fig. 5. X-axis is normalized patient rank. Approximate patient rank assumes n=4500; Fig. 5 itself does not print n.
L,1.6/20 mg C1D1/C1D8; 20 mg Day 1 subsequent cycles,0.1140,514,130.287,% change from baseline,Digitized from the visible waterfall contour in Fig. 5. X-axis is normalized patient rank. Approximate patient rank assumes n=4500; Fig. 5 itself does not print n.
L,1.6/20 mg C1D1/C1D8; 20 mg Day 1 subsequent cycles,0.1160,523,129.039,% change from baseline,Digitized from the visible waterfall contour in Fig. 5. X-axis is normalized patient rank. Approximate patient rank assumes n=4500; Fig. 5 itself does not print n.
L,1.6/20 mg C1D1/C1D8; 20 mg Day 1 subsequent cycles,0.1180,532,125.328,% change from baseline,Digitized from the visible waterfall contour in Fig. 5. X-axis is normalized patient rank. Approximate patient rank assumes n=4500; Fig. 5 itself does not print n.
L,1.6/20 mg C1D1/C1D8; 20 mg Day 1 subsequent cycles,0.1200,541,123.055,% change from baseline,Digitized from the visible waterfall contour in Fig. 5. X-axis is normalized patient rank. Approximate patient rank assumes n=4500; Fig. 5 itself does not print n.
L,1.6/20 mg C1D1/C1D8; 20 mg Day 1 subsequent cycles,0.1220,550,121.022,% change from baseline,Digitized from the visible waterfall contour in Fig. 5. X-axis is normalized patient rank. Approximate patient rank assumes n=4500; Fig. 5 itself does not print n.
L,1.6/20 mg C1D1/C1D8; 20 mg Day 1 subsequent cycles,0.1240,559,118.99,% change from baseline,Digitized from the visible waterfall contour in Fig. 5. X-axis is normalized patient rank. Approximate patient rank assumes n=4500; Fig. 5 itself does not print n.
L,1.6/20 mg C1D1/C1D8; 20 mg Day 1 subsequent cycles,0.1260,568,116.957,% change from baseline,Digitized from the visible waterfall contour in Fig. 5. X-axis is normalized patient rank. Approximate patient rank assumes n=4500; Fig. 5 itself does not print n.
L,1.6/20 mg C1D1/C1D8; 20 mg Day 1 subsequent cycles,0.1280,577,114.925,% change from baseline,Digitized from the visible waterfall contour in Fig. 5. X-axis is normalized patient rank. Approximate patient rank assumes n=4500; Fig. 5 itself does not print n.
L,1.6/20 mg C1D1/C1D8; 20 mg Day 1 subsequent cycles,0.1300,586,112.006,% change from baseline,Digitized from the visible waterfall contour in Fig. 5. X-axis is normalized patient rank. Approximate patient rank assumes n=4500; Fig. 5 itself does not print n.
L,1.6/20 mg C1D1/C1D8; 20 mg Day 1 subsequent cycles,0.1320,595,109.841,% change from baseline,Digitized from the visible waterfall contour in Fig. 5. X-axis is normalized patient rank. Approximate patient rank assumes n=4500; Fig. 5 itself does not print n.
L,1.6/20 mg C1D1/C1D8; 20 mg Day 1 subsequent cycles,0.1340,604,107.809,% change from baseline,Digitized from the visible waterfall contour in Fig. 5. X-axis is normalized patient rank. Approximate patient rank assumes n=4500; Fig. 5 itself does not print n.
L,1.6/20 mg C1D1/C1D8; 20 mg Day 1 subsequent cycles,0.1360,613,104.896,% change from baseline,Digitized from the visible waterfall contour in Fig. 5. X-axis is normalized patient rank. Approximate patient rank assumes n=4500; Fig. 5 itself does not print n.
L,1.6/20 mg C1D1/C1D8; 20 mg Day 1 subsequent cycles,0.1380,622,98.336,% change from baseline,Digitized from the visible waterfall contour in Fig. 5. X-axis is normalized patient rank. Approximate patient rank assumes n=4500; Fig. 5 itself does not print n.
L,1.6/20 mg C1D1/C1D8; 20 mg Day 1 subsequent cycles,0.1400,631,97.3523,% change from baseline,Digitized from the visible waterfall contour in Fig. 5. X-axis is normalized patient rank. Approximate patient rank assumes n=4500; Fig. 5 itself does not print n.
L,1.6/20 mg C1D1/C1D8; 20 mg Day 1 subsequent cycles,0.1420,640,97.3523,% change from baseline,Digitized from the visible waterfall contour in Fig. 5. X-axis is normalized patient rank. Approximate patient rank assumes n=4500; Fig. 5 itself does not print n.
L,1.6/20 mg C1D1/C1D8; 20 mg Day 1 subsequent cycles,0.1440,649,97.3523,% change from baseline,Digitized from the visible waterfall contour in Fig. 5. X-axis is normalized patient rank. Approximate patient rank assumes n=4500; Fig. 5 itself does not print n.
L,1.6/20 mg C1D1/C1D8; 20 mg Day 1 subsequent cycles,0.1460,658,96.4827,% change from baseline,Digitized from the visible waterfall contour in Fig. 5. X-axis is normalized patient rank. Approximate patient rank assumes n=4500; Fig. 5 itself does not print n.
L,1.6/20 mg C1D1/C1D8; 20 mg Day 1 subsequent cycles,0.1480,667,94.5988,% change from baseline,Digitized from the visible waterfall contour in Fig. 5. X-axis is normalized patient rank. Approximate patient rank assumes n=4500; Fig. 5 itself does not print n.
L,1.6/20 mg C1D1/C1D8; 20 mg Day 1 subsequent cycles,0.1500,676,93.4318,% change from baseline,Digitized from the visible waterfall contour in Fig. 5. X-axis is normalized patient rank. Approximate patient rank assumes n=4500; Fig. 5 itself does not print n.
L,1.6/20 mg C1D1/C1D8; 20 mg Day 1 subsequent cycles,0.1520,685,91.5519,% change from baseline,Digitized from the visible waterfall contour in Fig. 5. X-axis is normalized patient rank. Approximate patient rank assumes n=4500; Fig. 5 itself does not print n.
L,1.6/20 mg C1D1/C1D8; 20 mg Day 1 subsequent cycles,0.1540,694,90.3809,% change from baseline,Digitized from the visible waterfall contour in Fig. 5. X-axis is normalized patient rank. Approximate patient rank assumes n=4500; Fig. 5 itself does not print n.
L,1.6/20 mg C1D1/C1D8; 20 mg Day 1 subsequent cycles,0.1560,703,88.5051,% change from baseline,Digitized from the visible waterfall contour in Fig. 5. X-axis is normalized patient rank. Approximate patient rank assumes n=4500; Fig. 5 itself does not print n.
L,1.6/20 mg C1D1/C1D8; 20 mg Day 1 subsequent cycles,0.1580,712,86.4725,% change from baseline,Digitized from the visible waterfall contour in Fig. 5. X-axis is normalized patient rank. Approximate patient rank assumes n=4500; Fig. 5 itself does not print n.
L,1.6/20 mg C1D1/C1D8; 20 mg Day 1 subsequent cycles,0.1600,721,84.4399,% change from baseline,Digitized from the visible waterfall contour in Fig. 5. X-axis is normalized patient rank. Approximate patient rank assumes n=4500; Fig. 5 itself does not print n.
L,1.6/20 mg C1D1/C1D8; 20 mg Day 1 subsequent cycles,0.1620,730,83.2607,% change from baseline,Digitized from the visible waterfall contour in Fig. 5. X-axis is normalized patient rank. Approximate patient rank assumes n=4500; Fig. 5 itself does not print n.
L,1.6/20 mg C1D1/C1D8; 20 mg Day 1 subsequent cycles,0.1640,739,81.3931,% change from baseline,Digitized from the visible waterfall contour in Fig. 5. X-axis is normalized patient rank. Approximate patient rank assumes n=4500; Fig. 5 itself does not print n.
L,1.6/20 mg C1D1/C1D8; 20 mg Day 1 subsequent cycles,0.1660,748,80.2098,% change from baseline,Digitized from the visible waterfall contour in Fig. 5. X-axis is normalized patient rank. Approximate patient rank assumes n=4500; Fig. 5 itself does not print n.
L,1.6/20 mg C1D1/C1D8; 20 mg Day 1 subsequent cycles,0.1680,757,78.3462,% change from baseline,Digitized from the visible waterfall contour in Fig. 5. X-axis is normalized patient rank. Approximate patient rank assumes n=4500; Fig. 5 itself does not print n.
L,1.6/20 mg C1D1/C1D8; 20 mg Day 1 subsequent cycles,0.1700,766,77.1589,% change from baseline,Digitized from the visible waterfall contour in Fig. 5. X-axis is normalized patient rank. Approximate patient rank assumes n=4500; Fig. 5 itself does not print n.
L,1.6/20 mg C1D1/C1D8; 20 mg Day 1 subsequent cycles,0.1720,775,76.1426,% change from baseline,Digitized from the visible waterfall contour in Fig. 5. X-axis is normalized patient rank. Approximate patient rank assumes n=4500; Fig. 5 itself does not print n.
L,1.6/20 mg C1D1/C1D8; 20 mg Day 1 subsequent cycles,0.1740,784,75.1263,% change from baseline,Digitized from the visible waterfall contour in Fig. 5. X-axis is normalized patient rank. Approximate patient rank assumes n=4500; Fig. 5 itself does not print n.
L,1.6/20 mg C1D1/C1D8; 20 mg Day 1 subsequent cycles,0.1760,793,73.2709,% change from baseline,Digitized from the visible waterfall contour in Fig. 5. X-axis is normalized patient rank. Approximate patient rank assumes n=4500; Fig. 5 itself does not print n.
L,1.6/20 mg C1D1/C1D8; 20 mg Day 1 subsequent cycles,0.1780,802,72.0754,% change from baseline,Digitized from the visible waterfall contour in Fig. 5. X-axis is normalized patient rank. Approximate patient rank assumes n=4500; Fig. 5 itself does not print n.
L,1.6/20 mg C1D1/C1D8; 20 mg Day 1 subsequent cycles,0.1800,811,71.0591,% change from baseline,Digitized from the visible waterfall contour in Fig. 5. X-axis is normalized patient rank. Approximate patient rank assumes n=4500; Fig. 5 itself does not print n.
L,1.6/20 mg C1D1/C1D8; 20 mg Day 1 subsequent cycles,0.1820,820,70.0428,% change from baseline,Digitized from the visible waterfall contour in Fig. 5. X-axis is normalized patient rank. Approximate patient rank assumes n=4500; Fig. 5 itself does not print n.
L,1.6/20 mg C1D1/C1D8; 20 mg Day 1 subsequent cycles,0.1840,829,69.0265,% change from baseline,Digitized from the visible waterfall contour in Fig. 5. X-axis is normalized patient rank. Approximate patient rank assumes n=4500; Fig. 5 itself does not print n.
L,1.6/20 mg C1D1/C1D8; 20 mg Day 1 subsequent cycles,0.1860,838,68.0102,% change from baseline,Digitized from the visible waterfall contour in Fig. 5. X-axis is normalized patient rank. Approximate patient rank assumes n=4500; Fig. 5 itself does not print n.
L,1.6/20 mg C1D1/C1D8; 20 mg Day 1 subsequent cycles,0.1880,847,66.9939,% change from baseline,Digitized from the visible waterfall contour in Fig. 5. X-axis is normalized patient rank. Approximate patient rank assumes n=4500; Fig. 5 itself does not print n.
L,1.6/20 mg C1D1/C1D8; 20 mg Day 1 subsequent cycles,0.1900,856,65.1527,% change from baseline,Digitized from the visible waterfall contour in Fig. 5. X-axis is normalized patient rank. Approximate patient rank assumes n=4500; Fig. 5 itself does not print n.
L,1.6/20 mg C1D1/C1D8; 20 mg Day 1 subsequent cycles,0.1920,865,63.1202,% change from baseline,Digitized from the visible waterfall contour in Fig. 5. X-axis is normalized patient rank. Approximate patient rank assumes n=4500; Fig. 5 itself does not print n.
L,1.6/20 mg C1D1/C1D8; 20 mg Day 1 subsequent cycles,0.1940,874,62.7291,% change from baseline,Digitized from the visible waterfall contour in Fig. 5. X-axis is normalized patient rank. Approximate patient rank assumes n=4500; Fig. 5 itself does not print n.
L,1.6/20 mg C1D1/C1D8; 20 mg Day 1 subsequent cycles,0.1960,883,61.0916,% change from baseline,Digitized from the visible waterfall contour in Fig. 5. X-axis is normalized patient rank. Approximate patient rank assumes n=4500; Fig. 5 itself does not print n.
L,1.6/20 mg C1D1/C1D8; 20 mg Day 1 subsequent cycles,0.1980,892,59.8758,% change from baseline,Digitized from the visible waterfall contour in Fig. 5. X-axis is normalized patient rank. Approximate patient rank assumes n=4500; Fig. 5 itself does not print n.
L,1.6/20 mg C1D1/C1D8; 20 mg Day 1 subsequent cycles,0.2000,901,58.0448,% change from baseline,Digitized from the visible waterfall contour in Fig. 5. X-axis is normalized patient rank. Approximate patient rank assumes n=4500; Fig. 5 itself does not print n.
L,1.6/20 mg C1D1/C1D8; 20 mg Day 1 subsequent cycles,0.2020,910,56.8248,% change from baseline,Digitized from the visible waterfall contour in Fig. 5. X-axis is normalized patient rank. Approximate patient rank assumes n=4500; Fig. 5 itself does not print n.
L,1.6/20 mg C1D1/C1D8; 20 mg Day 1 subsequent cycles,0.2040,919,55.8086,% change from baseline,Digitized from the visible waterfall contour in Fig. 5. X-axis is normalized patient rank. Approximate patient rank assumes n=4500; Fig. 5 itself does not print n.
L,1.6/20 mg C1D1/C1D8; 20 mg Day 1 subsequent cycles,0.2060,928,54.7923,% change from baseline,Digitized from the visible waterfall contour in Fig. 5. X-axis is normalized patient rank. Approximate patient rank assumes n=4500; Fig. 5 itself does not print n.
L,1.6/20 mg C1D1/C1D8; 20 mg Day 1 subsequent cycles,0.2080,937,53.776,% change from baseline,Digitized from the visible waterfall contour in Fig. 5. X-axis is normalized patient rank. Approximate patient rank assumes n=4500; Fig. 5 itself does not print n.
L,1.6/20 mg C1D1/C1D8; 20 mg Day 1 subsequent cycles,0.2100,946,52.7597,% change from baseline,Digitized from the visible waterfall contour in Fig. 5. X-axis is normalized patient rank. Approximate patient rank assumes n=4500; Fig. 5 itself does not print n.
L,1.6/20 mg C1D1/C1D8; 20 mg Day 1 subsequent cycles,0.2120,955,50.9409,% change from baseline,Digitized from the visible waterfall contour in Fig. 5. X-axis is normalized patient rank. Approximate patient rank assumes n=4500; Fig. 5 itself does not print n.
L,1.6/20 mg C1D1/C1D8; 20 mg Day 1 subsequent cycles,0.2140,964,50.5092,% change from baseline,Digitized from the visible waterfall contour in Fig. 5. X-axis is normalized patient rank. Approximate patient rank assumes n=4500; Fig. 5 itself does not print n.
L,1.6/20 mg C1D1/C1D8; 20 mg Day 1 subsequent cycles,0.2160,973,48.9124,% change from baseline,Digitized from the visible waterfall contour in Fig. 5. X-axis is normalized patient rank. Approximate patient rank assumes n=4500; Fig. 5 itself does not print n.
L,1.6/20 mg C1D1/C1D8; 20 mg Day 1 subsequent cycles,0.2180,982,46.8798,% change from baseline,Digitized from the visible waterfall contour in Fig. 5. X-axis is normalized patient rank. Approximate patient rank assumes n=4500; Fig. 5 itself does not print n.
L,1.6/20 mg C1D1/C1D8; 20 mg Day 1 subsequent cycles,0.2200,991,44.8473,% change from baseline,Digitized from the visible waterfall contour in Fig. 5. X-axis is normalized patient rank. Approximate patient rank assumes n=4500; Fig. 5 itself does not print n.
L,1.6/20 mg C1D1/C1D8; 20 mg Day 1 subsequent cycles,0.2220,1000,43.6069,% change from baseline,Digitized from the visible waterfall contour in Fig. 5. X-axis is normalized patient rank. Approximate patient rank assumes n=4500; Fig. 5 itself does not print n.
L,1.6/20 mg C1D1/C1D8; 20 mg Day 1 subsequent cycles,0.2240,1009,42.5906,% change from baseline,Digitized from the visible waterfall contour in Fig. 5. X-axis is normalized patient rank. Approximate patient rank assumes n=4500; Fig. 5 itself does not print n.
L,1.6/20 mg C1D1/C1D8; 20 mg Day 1 subsequent cycles,0.2260,1018,41.5743,% change from baseline,Digitized from the visible waterfall contour in Fig. 5. X-axis is normalized patient rank. Approximate patient rank assumes n=4500; Fig. 5 itself does not print n.
L,1.6/20 mg C1D1/C1D8; 20 mg Day 1 subsequent cycles,0.2280,1027,40.558,% change from baseline,Digitized from the visible waterfall contour in Fig. 5. X-axis is normalized patient rank. Approximate patient rank assumes n=4500; Fig. 5 itself does not print n.
L,1.6/20 mg C1D1/C1D8; 20 mg Day 1 subsequent cycles,0.2300,1036,38.7576,% change from baseline,Digitized from the visible waterfall contour in Fig. 5. X-axis is normalized patient rank. Approximate patient rank assumes n=4500; Fig. 5 itself does not print n.
L,1.6/20 mg C1D1/C1D8; 20 mg Day 1 subsequent cycles,0.2320,1045,36.7251,% change from baseline,Digitized from the visible waterfall contour in Fig. 5. X-axis is normalized patient rank. Approximate patient rank assumes n=4500; Fig. 5 itself does not print n.
L,1.6/20 mg C1D1/C1D8; 20 mg Day 1 subsequent cycles,0.2340,1054,35.4725,% change from baseline,Digitized from the visible waterfall contour in Fig. 5. X-axis is normalized patient rank. Approximate patient rank assumes n=4500; Fig. 5 itself does not print n.
L,1.6/20 mg C1D1/C1D8; 20 mg Day 1 subsequent cycles,0.2360,1063,34.4562,% change from baseline,Digitized from the visible waterfall contour in Fig. 5. X-axis is normalized patient rank. Approximate patient rank assumes n=4500; Fig. 5 itself does not print n.
L,1.6/20 mg C1D1/C1D8; 20 mg Day 1 subsequent cycles,0.2380,1072,33.4399,% change from baseline,Digitized from the visible waterfall contour in Fig. 5. X-axis is normalized patient rank. Approximate patient rank assumes n=4500; Fig. 5 itself does not print n.
L,1.6/20 mg C1D1/C1D8; 20 mg Day 1 subsequent cycles,0.2400,1081,31.6497,% change from baseline,Digitized from the visible waterfall contour in Fig. 5. X-axis is normalized patient rank. Approximate patient rank assumes n=4500; Fig. 5 itself does not print n.
L,1.6/20 mg C1D1/C1D8; 20 mg Day 1 subsequent cycles,0.2420,1090,30.389,% change from baseline,Digitized from the visible waterfall contour in Fig. 5. X-axis is normalized patient rank. Approximate patient rank assumes n=4500; Fig. 5 itself does not print n.
L,1.6/20 mg C1D1/C1D8; 20 mg Day 1 subsequent cycles,0.2440,1099,29.3727,% change from baseline,Digitized from the visible waterfall contour in Fig. 5. X-axis is normalized patient rank. Approximate patient rank assumes n=4500; Fig. 5 itself does not print n.
L,1.6/20 mg C1D1/C1D8; 20 mg Day 1 subsequent cycles,0.2460,1108,28.3564,% change from baseline,Digitized from the visible waterfall contour in Fig. 5. X-axis is normalized patient rank. Approximate patient rank assumes n=4500; Fig. 5 itself does not print n.
L,1.6/20 mg C1D1/C1D8; 20 mg Day 1 subsequent cycles,0.2480,1117,26.5743,% change from baseline,Digitized from the visible waterfall contour in Fig. 5. X-axis is normalized patient rank. Approximate patient rank assumes n=4500; Fig. 5 itself does not print n.
L,1.6/20 mg C1D1/C1D8; 20 mg Day 1 subsequent cycles,0.2500,1126,25.3055,% change from baseline,Digitized from the visible waterfall contour in Fig. 5. X-axis is normalized patient rank. Approximate patient rank assumes n=4500; Fig. 5 itself does not print n.
L,1.6/20 mg C1D1/C1D8; 20 mg Day 1 subsequent cycles,0.2520,1135,24.2892,% change from baseline,Digitized from the visible waterfall contour in Fig. 5. X-axis is normalized patient rank. Approximate patient rank assumes n=4500; Fig. 5 itself does not print n.
L,1.6/20 mg C1D1/C1D8; 20 mg Day 1 subsequent cycles,0.2540,1144,22.5132,% change from baseline,Digitized from the visible waterfall contour in Fig. 5. X-axis is normalized patient rank. Approximate patient rank assumes n=4500; Fig. 5 itself does not print n.
L,1.6/20 mg C1D1/C1D8; 20 mg Day 1 subsequent cycles,0.2560,1153,20.4807,% change from baseline,Digitized from the visible waterfall contour in Fig. 5. X-axis is normalized patient rank. Approximate patient rank assumes n=4500; Fig. 5 itself does not print n.
L,1.6/20 mg C1D1/C1D8; 20 mg Day 1 subsequent cycles,0.2580,1162,19.2037,% change from baseline,Digitized from the visible waterfall contour in Fig. 5. X-axis is normalized patient rank. Approximate patient rank assumes n=4500; Fig. 5 itself does not print n.
L,1.6/20 mg C1D1/C1D8; 20 mg Day 1 subsequent cycles,0.2600,1171,17.4338,% change from baseline,Digitized from the visible waterfall contour in Fig. 5. X-axis is normalized patient rank. Approximate patient rank assumes n=4500; Fig. 5 itself does not print n.
L,1.6/20 mg C1D1/C1D8; 20 mg Day 1 subsequent cycles,0.2620,1180,16.1527,% change from baseline,Digitized from the visible waterfall contour in Fig. 5. X-axis is normalized patient rank. Approximate patient rank assumes n=4500; Fig. 5 itself does not print n.
L,1.6/20 mg C1D1/C1D8; 20 mg Day 1 subsequent cycles,0.2640,1189,14.387,% change from baseline,Digitized from the visible waterfall contour in Fig. 5. X-axis is normalized patient rank. Approximate patient rank assumes n=4500; Fig. 5 itself does not print n.
L,1.6/20 mg C1D1/C1D8; 20 mg Day 1 subsequent cycles,0.2660,1198,12.3544,% change from baseline,Digitized from the visible waterfall contour in Fig. 5. X-axis is normalized patient rank. Approximate patient rank assumes n=4500; Fig. 5 itself does not print n.
L,1.6/20 mg C1D1/C1D8; 20 mg Day 1 subsequent cycles,0.2680,1207,10.3218,% change from baseline,Digitized from the visible waterfall contour in Fig. 5. X-axis is normalized patient rank. Approximate patient rank assumes n=4500; Fig. 5 itself does not print n.
L,1.6/20 mg C1D1/C1D8; 20 mg Day 1 subsequent cycles,0.2700,1216,8.28921,% change from baseline,Digitized from the visible waterfall contour in Fig. 5. X-axis is normalized patient rank. Approximate patient rank assumes n=4500; Fig. 5 itself does not print n.
L,1.6/20 mg C1D1/C1D8; 20 mg Day 1 subsequent cycles,0.2720,1225,6.25662,% change from baseline,Digitized from the visible waterfall contour in Fig. 5. X-axis is normalized patient rank. Approximate patient rank assumes n=4500; Fig. 5 itself does not print n.
L,1.6/20 mg C1D1/C1D8; 20 mg Day 1 subsequent cycles,0.2740,1234,4.96334,% change from baseline,Digitized from the visible waterfall contour in Fig. 5. X-axis is normalized patient rank. Approximate patient rank assumes n=4500; Fig. 5 itself does not print n.
L,1.6/20 mg C1D1/C1D8; 20 mg Day 1 subsequent cycles,0.2760,1243,3.20978,% change from baseline,Digitized from the visible waterfall contour in Fig. 5. X-axis is normalized patient rank. Approximate patient rank assumes n=4500; Fig. 5 itself does not print n.
L,1.6/20 mg C1D1/C1D8; 20 mg Day 1 subsequent cycles,0.2780,1252,2.64766,% change from baseline,Digitized from the visible waterfall contour in Fig. 5. X-axis is normalized patient rank. Approximate patient rank assumes n=4500; Fig. 5 itself does not print n.
L,1.6/20 mg C1D1/C1D8; 20 mg Day 1 subsequent cycles,0.2800,1261,1.12016,% change from baseline,Digitized from the visible waterfall contour in Fig. 5. X-axis is normalized patient rank. Approximate patient rank assumes n=4500; Fig. 5 itself does not print n.
L,1.6/20 mg C1D1/C1D8; 20 mg Day 1 subsequent cycles,0.2820,1270,-0.997115,% change from baseline,Digitized from the visible waterfall contour in Fig. 5. X-axis is normalized patient rank. Approximate patient rank assumes n=4500; Fig. 5 itself does not print n.
L,1.6/20 mg C1D1/C1D8; 20 mg Day 1 subsequent cycles,0.2840,1279,-3.11439,% change from baseline,Digitized from the visible waterfall contour in Fig. 5. X-axis is normalized patient rank. Approximate patient rank assumes n=4500; Fig. 5 itself does not print n.
L,1.6/20 mg C1D1/C1D8; 20 mg Day 1 subsequent cycles,0.2860,1288,-5.23167,% change from baseline,Digitized from the visible waterfall contour in Fig. 5. X-axis is normalized patient rank. Approximate patient rank assumes n=4500; Fig. 5 itself does not print n.
L,1.6/20 mg C1D1/C1D8; 20 mg Day 1 subsequent cycles,0.2880,1297,-7.34895,% change from baseline,Digitized from the visible waterfall contour in Fig. 5. X-axis is normalized patient rank. Approximate patient rank assumes n=4500; Fig. 5 itself does not print n.
L,1.6/20 mg C1D1/C1D8; 20 mg Day 1 subsequent cycles,0.2900,1306,-9.46623,% change from baseline,Digitized from the visible waterfall contour in Fig. 5. X-axis is normalized patient rank. Approximate patient rank assumes n=4500; Fig. 5 itself does not print n.
L,1.6/20 mg C1D1/C1D8; 20 mg Day 1 subsequent cycles,0.2920,1315,-11.5835,% change from baseline,Digitized from the visible waterfall contour in Fig. 5. X-axis is normalized patient rank. Approximate patient rank assumes n=4500; Fig. 5 itself does not print n.
L,1.6/20 mg C1D1/C1D8; 20 mg Day 1 subsequent cycles,0.2940,1324,-13.7008,% change from baseline,Digitized from the visible waterfall contour in Fig. 5. X-axis is normalized patient rank. Approximate patient rank assumes n=4500; Fig. 5 itself does not print n.
L,1.6/20 mg C1D1/C1D8; 20 mg Day 1 subsequent cycles,0.2960,1333,-15.8181,% change from baseline,Digitized from the visible waterfall contour in Fig. 5. X-axis is normalized patient rank. Approximate patient rank assumes n=4500; Fig. 5 itself does not print n.
L,1.6/20 mg C1D1/C1D8; 20 mg Day 1 subsequent cycles,0.2980,1342,-17.9353,% change from baseline,Digitized from the visible waterfall contour in Fig. 5. X-axis is normalized patient rank. Approximate patient rank assumes n=4500; Fig. 5 itself does not print n.
L,1.6/20 mg C1D1/C1D8; 20 mg Day 1 subsequent cycles,0.3000,1351,-20.0526,% change from baseline,Digitized from the visible waterfall contour in Fig. 5. X-axis is normalized patient rank. Approximate patient rank assumes n=4500; Fig. 5 itself does not print n.
L,1.6/20 mg C1D1/C1D8; 20 mg Day 1 subsequent cycles,0.3020,1360,-22.1699,% change from baseline,Digitized from the visible waterfall contour in Fig. 5. X-axis is normalized patient rank. Approximate patient rank assumes n=4500; Fig. 5 itself does not print n.
L,1.6/20 mg C1D1/C1D8; 20 mg Day 1 subsequent cycles,0.3040,1369,-24.2872,% change from baseline,Digitized from the visible waterfall contour in Fig. 5. X-axis is normalized patient rank. Approximate patient rank assumes n=4500; Fig. 5 itself does not print n.
L,1.6/20 mg C1D1/C1D8; 20 mg Day 1 subsequent cycles,0.3060,1378,-26.4044,% change from baseline,Digitized from the visible waterfall contour in Fig. 5. X-axis is normalized patient rank. Approximate patient rank assumes n=4500; Fig. 5 itself does not print n.
L,1.6/20 mg C1D1/C1D8; 20 mg Day 1 subsequent cycles,0.3080,1387,-28.5217,% change from baseline,Digitized from the visible waterfall contour in Fig. 5. X-axis is normalized patient rank. Approximate patient rank assumes n=4500; Fig. 5 itself does not print n.
L,1.6/20 mg C1D1/C1D8; 20 mg Day 1 subsequent cycles,0.3100,1396,-30.639,% change from baseline,Digitized from the visible waterfall contour in Fig. 5. X-axis is normalized patient rank. Approximate patient rank assumes n=4500; Fig. 5 itself does not print n.
L,1.6/20 mg C1D1/C1D8; 20 mg Day 1 subsequent cycles,0.3120,1405,-32.7563,% change from baseline,Digitized from the visible waterfall contour in Fig. 5. X-axis is normalized patient rank. Approximate patient rank assumes n=4500; Fig. 5 itself does not print n.
L,1.6/20 mg C1D1/C1D8; 20 mg Day 1 subsequent cycles,0.3140,1414,-34.8736,% change from baseline,Digitized from the visible waterfall contour in Fig. 5. X-axis is normalized patient rank. Approximate patient rank assumes n=4500; Fig. 5 itself does not print n.
L,1.6/20 mg C1D1/C1D8; 20 mg Day 1 subsequent cycles,0.3160,1423,-36.9908,% change from baseline,Digitized from the visible waterfall contour in Fig. 5. X-axis is normalized patient rank. Approximate patient rank assumes n=4500; Fig. 5 itself does not print n.
L,1.6/20 mg C1D1/C1D8; 20 mg Day 1 subsequent cycles,0.3180,1432,-39.1081,% change from baseline,Digitized from the visible waterfall contour in Fig. 5. X-axis is normalized patient rank. Approximate patient rank assumes n=4500; Fig. 5 itself does not print n.
L,1.6/20 mg C1D1/C1D8; 20 mg Day 1 subsequent cycles,0.3200,1441,-41.2254,% change from baseline,Digitized from the visible waterfall contour in Fig. 5. X-axis is normalized patient rank. Approximate patient rank assumes n=4500; Fig. 5 itself does not print n.
L,1.6/20 mg C1D1/C1D8; 20 mg Day 1 subsequent cycles,0.3220,1450,-43.3427,% change from baseline,Digitized from the visible waterfall contour in Fig. 5. X-axis is normalized patient rank. Approximate patient rank assumes n=4500; Fig. 5 itself does not print n.
L,1.6/20 mg C1D1/C1D8; 20 mg Day 1 subsequent cycles,0.3240,1459,-45.4599,% change from baseline,Digitized from the visible waterfall contour in Fig. 5. X-axis is normalized patient rank. Approximate patient rank assumes n=4500; Fig. 5 itself does not print n.
L,1.6/20 mg C1D1/C1D8; 20 mg Day 1 subsequent cycles,0.3260,1468,-47.5772,% change from baseline,Digitized from the visible waterfall contour in Fig. 5. X-axis is normalized patient rank. Approximate patient rank assumes n=4500; Fig. 5 itself does not print n.
L,1.6/20 mg C1D1/C1D8; 20 mg Day 1 subsequent cycles,0.3280,1477,-51.0061,% change from baseline,Digitized from the visible waterfall contour in Fig. 5. X-axis is normalized patient rank. Approximate patient rank assumes n=4500; Fig. 5 itself does not print n.
L,1.6/20 mg C1D1/C1D8; 20 mg Day 1 subsequent cycles,0.3300,1486,-54.389,% change from baseline,Digitized from the visible waterfall contour in Fig. 5. X-axis is normalized patient rank. Approximate patient rank assumes n=4500; Fig. 5 itself does not print n.
L,1.6/20 mg C1D1/C1D8; 20 mg Day 1 subsequent cycles,0.3320,1495,-57.4379,% change from baseline,Digitized from the visible waterfall contour in Fig. 5. X-axis is normalized patient rank. Approximate patient rank assumes n=4500; Fig. 5 itself does not print n.
L,1.6/20 mg C1D1/C1D8; 20 mg Day 1 subsequent cycles,0.3340,1504,-59.8086,% change from baseline,Digitized from the visible waterfall contour in Fig. 5. X-axis is normalized patient rank. Approximate patient rank assumes n=4500; Fig. 5 itself does not print n.
L,1.6/20 mg C1D1/C1D8; 20 mg Day 1 subsequent cycles,0.3360,1513,-62.5173,% change from baseline,Digitized from the visible waterfall contour in Fig. 5. X-axis is normalized patient rank. Approximate patient rank assumes n=4500; Fig. 5 itself does not print n.
L,1.6/20 mg C1D1/C1D8; 20 mg Day 1 subsequent cycles,0.3380,1522,-65.5662,% change from baseline,Digitized from the visible waterfall contour in Fig. 5. X-axis is normalized patient rank. Approximate patient rank assumes n=4500; Fig. 5 itself does not print n.
L,1.6/20 mg C1D1/C1D8; 20 mg Day 1 subsequent cycles,0.3400,1531,-68.6151,% change from baseline,Digitized from the visible waterfall contour in Fig. 5. X-axis is normalized patient rank. Approximate patient rank assumes n=4500; Fig. 5 itself does not print n.
L,1.6/20 mg C1D1/C1D8; 20 mg Day 1 subsequent cycles,0.3420,1540,-70.9939,% change from baseline,Digitized from the visible waterfall contour in Fig. 5. X-axis is normalized patient rank. Approximate patient rank assumes n=4500; Fig. 5 itself does not print n.
L,1.6/20 mg C1D1/C1D8; 20 mg Day 1 subsequent cycles,0.3440,1549,-73.6945,% change from baseline,Digitized from the visible waterfall contour in Fig. 5. X-axis is normalized patient rank. Approximate patient rank assumes n=4500; Fig. 5 itself does not print n.
L,1.6/20 mg C1D1/C1D8; 20 mg Day 1 subsequent cycles,0.3460,1558,-76.0774,% change from baseline,Digitized from the visible waterfall contour in Fig. 5. X-axis is normalized patient rank. Approximate patient rank assumes n=4500; Fig. 5 itself does not print n.
L,1.6/20 mg C1D1/C1D8; 20 mg Day 1 subsequent cycles,0.3480,1567,-78.11,% change from baseline,Digitized from the visible waterfall contour in Fig. 5. X-axis is normalized patient rank. Approximate patient rank assumes n=4500; Fig. 5 itself does not print n.
L,1.6/20 mg C1D1/C1D8; 20 mg Day 1 subsequent cycles,0.3500,1576,-80.8045,% change from baseline,Digitized from the visible waterfall contour in Fig. 5. X-axis is normalized patient rank. Approximate patient rank assumes n=4500; Fig. 5 itself does not print n.
L,1.6/20 mg C1D1/C1D8; 20 mg Day 1 subsequent cycles,0.3520,1585,-84.5132,% change from baseline,Digitized from the visible waterfall contour in Fig. 5. X-axis is normalized patient rank. Approximate patient rank assumes n=4500; Fig. 5 itself does not print n.
L,1.6/20 mg C1D1/C1D8; 20 mg Day 1 subsequent cycles,0.3540,1594,-87.2627,% change from baseline,Digitized from the visible waterfall contour in Fig. 5. X-axis is normalized patient rank. Approximate patient rank assumes n=4500; Fig. 5 itself does not print n.
L,1.6/20 mg C1D1/C1D8; 20 mg Day 1 subsequent cycles,0.3560,1603,-89.2953,% change from baseline,Digitized from the visible waterfall contour in Fig. 5. X-axis is normalized patient rank. Approximate patient rank assumes n=4500; Fig. 5 itself does not print n.
L,1.6/20 mg C1D1/C1D8; 20 mg Day 1 subsequent cycles,0.3580,1612,-90.6741,% change from baseline,Digitized from the visible waterfall contour in Fig. 5. X-axis is normalized patient rank. Approximate patient rank assumes n=4500; Fig. 5 itself does not print n.
L,1.6/20 mg C1D1/C1D8; 20 mg Day 1 subsequent cycles,0.3600,1621,-93.6456,% change from baseline,Digitized from the visible waterfall contour in Fig. 5. X-axis is normalized patient rank. Approximate patient rank assumes n=4500; Fig. 5 itself does not print n.
L,1.6/20 mg C1D1/C1D8; 20 mg Day 1 subsequent cycles,0.3620,1630,-96.4114,% change from baseline,Digitized from the visible waterfall contour in Fig. 5. X-axis is normalized patient rank. Approximate patient rank assumes n=4500; Fig. 5 itself does not print n.
L,1.6/20 mg C1D1/C1D8; 20 mg Day 1 subsequent cycles,0.3640,1639,-97.1487,% change from baseline,Digitized from the visible waterfall contour in Fig. 5. X-axis is normalized patient rank. Approximate patient rank assumes n=4500; Fig. 5 itself does not print n.
L,1.6/20 mg C1D1/C1D8; 20 mg Day 1 subsequent cycles,0.3660,1648,-97.1487,% change from baseline,Digitized from the visible waterfall contour in Fig. 5. X-axis is normalized patient rank. Approximate patient rank assumes n=4500; Fig. 5 itself does not print n.
L,1.6/20 mg C1D1/C1D8; 20 mg Day 1 subsequent cycles,0.3680,1657,-97.1487,% change from baseline,Digitized from the visible waterfall contour in Fig. 5. X-axis is normalized patient rank. Approximate patient rank assumes n=4500; Fig. 5 itself does not print n.
L,1.6/20 mg C1D1/C1D8; 20 mg Day 1 subsequent cycles,0.3700,1666,-97.1487,% change from baseline,Digitized from the visible waterfall contour in Fig. 5. X-axis is normalized patient rank. Approximate patient rank assumes n=4500; Fig. 5 itself does not print n.
L,1.6/20 mg C1D1/C1D8; 20 mg Day 1 subsequent cycles,0.3720,1675,-97.1487,% change from baseline,Digitized from the visible waterfall contour in Fig. 5. X-axis is normalized patient rank. Approximate patient rank assumes n=4500; Fig. 5 itself does not print n.
L,1.6/20 mg C1D1/C1D8; 20 mg Day 1 subsequent cycles,0.3740,1684,-97.1487,% change from baseline,Digitized from the visible waterfall contour in Fig. 5. X-axis is normalized patient rank. Approximate patient rank assumes n=4500; Fig. 5 itself does not print n.
L,1.6/20 mg C1D1/C1D8; 20 mg Day 1 subsequent cycles,0.3760,1693,-97.1487,% change from baseline,Digitized from the visible waterfall contour in Fig. 5. X-axis is normalized patient rank. Approximate patient rank assumes n=4500; Fig. 5 itself does not print n.
L,1.6/20 mg C1D1/C1D8; 20 mg Day 1 subsequent cycles,0.3780,1702,-97.1487,% change from baseline,Digitized from the visible waterfall contour in Fig. 5. X-axis is normalized patient rank. Approximate patient rank assumes n=4500; Fig. 5 itself does not print n.
L,1.6/20 mg C1D1/C1D8; 20 mg Day 1 subsequent cycles,0.3800,1711,-97.1487,% change from baseline,Digitized from the visible waterfall contour in Fig. 5. X-axis is normalized patient rank. Approximate patient rank assumes n=4500; Fig. 5 itself does not print n.
L,1.6/20 mg C1D1/C1D8; 20 mg Day 1 subsequent cycles,0.3820,1720,-97.1487,% change from baseline,Digitized from the visible waterfall contour in Fig. 5. X-axis is normalized patient rank. Approximate patient rank assumes n=4500; Fig. 5 itself does not print n.
L,1.6/20 mg C1D1/C1D8; 20 mg Day 1 subsequent cycles,0.3840,1729,-97.1487,% change from baseline,Digitized from the visible waterfall contour in Fig. 5. X-axis is normalized patient rank. Approximate patient rank assumes n=4500; Fig. 5 itself does not print n.
L,1.6/20 mg C1D1/C1D8; 20 mg Day 1 subsequent cycles,0.3860,1738,-97.1487,% change from baseline,Digitized from the visible waterfall contour in Fig. 5. X-axis is normalized patient rank. Approximate patient rank assumes n=4500; Fig. 5 itself does not print n.
L,1.6/20 mg C1D1/C1D8; 20 mg Day 1 subsequent cycles,0.3880,1747,-97.1487,% change from baseline,Digitized from the visible waterfall contour in Fig. 5. X-axis is normalized patient rank. Approximate patient rank assumes n=4500; Fig. 5 itself does not print n.
L,1.6/20 mg C1D1/C1D8; 20 mg Day 1 subsequent cycles,0.3900,1756,-97.1487,% change from baseline,Digitized from the visible waterfall contour in Fig. 5. X-axis is normalized patient rank. Approximate patient rank assumes n=4500; Fig. 5 itself does not print n.
L,1.6/20 mg C1D1/C1D8; 20 mg Day 1 subsequent cycles,0.3920,1765,-97.1487,% change from baseline,Digitized from the visible waterfall contour in Fig. 5. X-axis is normalized patient rank. Approximate patient rank assumes n=4500; Fig. 5 itself does not print n.
L,1.6/20 mg C1D1/C1D8; 20 mg Day 1 subsequent cycles,0.3940,1774,-97.1487,% change from baseline,Digitized from the visible waterfall contour in Fig. 5. X-axis is normalized patient rank. Approximate patient rank assumes n=4500; Fig. 5 itself does not print n.
L,1.6/20 mg C1D1/C1D8; 20 mg Day 1 subsequent cycles,0.3960,1783,-97.1487,% change from baseline,Digitized from the visible waterfall contour in Fig. 5. X-axis is normalized patient rank. Approximate patient rank assumes n=4500; Fig. 5 itself does not print n.
L,1.6/20 mg C1D1/C1D8; 20 mg Day 1 subsequent cycles,0.3980,1792,-97.1487,% change from baseline,Digitized from the visible waterfall contour in Fig. 5. X-axis is normalized patient rank. Approximate patient rank assumes n=4500; Fig. 5 itself does not print n.
L,1.6/20 mg C1D1/C1D8; 20 mg Day 1 subsequent cycles,0.4000,1801,-97.1487,% change from baseline,Digitized from the visible waterfall contour in Fig. 5. X-axis is normalized patient rank. Approximate patient rank assumes n=4500; Fig. 5 itself does not print n.
L,1.6/20 mg C1D1/C1D8; 20 mg Day 1 subsequent cycles,0.4020,1810,-97.1487,% change from baseline,Digitized from the visible waterfall contour in Fig. 5. X-axis is normalized patient rank. Approximate patient rank assumes n=4500; Fig. 5 itself does not print n.
L,1.6/20 mg C1D1/C1D8; 20 mg Day 1 subsequent cycles,0.4040,1819,-97.1487,% change from baseline,Digitized from the visible waterfall contour in Fig. 5. X-axis is normalized patient rank. Approximate patient rank assumes n=4500; Fig. 5 itself does not print n.
L,1.6/20 mg C1D1/C1D8; 20 mg Day 1 subsequent cycles,0.4060,1828,-97.1487,% change from baseline,Digitized from the visible waterfall contour in Fig. 5. X-axis is normalized patient rank. Approximate patient rank assumes n=4500; Fig. 5 itself does not print n.
L,1.6/20 mg C1D1/C1D8; 20 mg Day 1 subsequent cycles,0.4080,1837,-97.1487,% change from baseline,Digitized from the visible waterfall contour in Fig. 5. X-axis is normalized patient rank. Approximate patient rank assumes n=4500; Fig. 5 itself does not print n.
L,1.6/20 mg C1D1/C1D8; 20 mg Day 1 subsequent cycles,0.4100,1846,-97.1487,% change from baseline,Digitized from the visible waterfall contour in Fig. 5. X-axis is normalized patient rank. Approximate patient rank assumes n=4500; Fig. 5 itself does not print n.
L,1.6/20 mg C1D1/C1D8; 20 mg Day 1 subsequent cycles,0.4120,1855,-97.1487,% change from baseline,Digitized from the visible waterfall contour in Fig. 5. X-axis is normalized patient rank. Approximate patient rank assumes n=4500; Fig. 5 itself does not print n.
L,1.6/20 mg C1D1/C1D8; 20 mg Day 1 subsequent cycles,0.4140,1864,-97.1487,% change from baseline,Digitized from the visible waterfall contour in Fig. 5. X-axis is normalized patient rank. Approximate patient rank assumes n=4500; Fig. 5 itself does not print n.
L,1.6/20 mg C1D1/C1D8; 20 mg Day 1 subsequent cycles,0.4160,1873,-97.1487,% change from baseline,Digitized from the visible waterfall contour in Fig. 5. X-axis is normalized patient rank. Approximate patient rank assumes n=4500; Fig. 5 itself does not print n.
L,1.6/20 mg C1D1/C1D8; 20 mg Day 1 subsequent cycles,0.4180,1882,-97.1487,% change from baseline,Digitized from the visible waterfall contour in Fig. 5. X-axis is normalized patient rank. Approximate patient rank assumes n=4500; Fig. 5 itself does not print n.
L,1.6/20 mg C1D1/C1D8; 20 mg Day 1 subsequent cycles,0.4200,1891,-97.1487,% change from baseline,Digitized from the visible waterfall contour in Fig. 5. X-axis is normalized patient rank. Approximate patient rank assumes n=4500; Fig. 5 itself does not print n.
L,1.6/20 mg C1D1/C1D8; 20 mg Day 1 subsequent cycles,0.4220,1900,-97.1487,% change from baseline,Digitized from the visible waterfall contour in Fig. 5. X-axis is normalized patient rank. Approximate patient rank assumes n=4500; Fig. 5 itself does not print n.
L,1.6/20 mg C1D1/C1D8; 20 mg Day 1 subsequent cycles,0.4240,1909,-97.1487,% change from baseline,Digitized from the visible waterfall contour in Fig. 5. X-axis is normalized patient rank. Approximate patient rank assumes n=4500; Fig. 5 itself does not print n.
L,1.6/20 mg C1D1/C1D8; 20 mg Day 1 subsequent cycles,0.4260,1918,-97.1487,% change from baseline,Digitized from the visible waterfall contour in Fig. 5. X-axis is normalized patient rank. Approximate patient rank assumes n=4500; Fig. 5 itself does not print n.
L,1.6/20 mg C1D1/C1D8; 20 mg Day 1 subsequent cycles,0.4280,1927,-97.1487,% change from baseline,Digitized from the visible waterfall contour in Fig. 5. X-axis is normalized patient rank. Approximate patient rank assumes n=4500; Fig. 5 itself does not print n.
L,1.6/20 mg C1D1/C1D8; 20 mg Day 1 subsequent cycles,0.4300,1936,-97.1487,% change from baseline,Digitized from the visible waterfall contour in Fig. 5. X-axis is normalized patient rank. Approximate patient rank assumes n=4500; Fig. 5 itself does not print n.
L,1.6/20 mg C1D1/C1D8; 20 mg Day 1 subsequent cycles,0.4320,1945,-97.1487,% change from baseline,Digitized from the visible waterfall contour in Fig. 5. X-axis is normalized patient rank. Approximate patient rank assumes n=4500; Fig. 5 itself does not print n.
L,1.6/20 mg C1D1/C1D8; 20 mg Day 1 subsequent cycles,0.4340,1954,-97.1487,% change from baseline,Digitized from the visible waterfall contour in Fig. 5. X-axis is normalized patient rank. Approximate patient rank assumes n=4500; Fig. 5 itself does not print n.
L,1.6/20 mg C1D1/C1D8; 20 mg Day 1 subsequent cycles,0.4360,1963,-97.1487,% change from baseline,Digitized from the visible waterfall contour in Fig. 5. X-axis is normalized patient rank. Approximate patient rank assumes n=4500; Fig. 5 itself does not print n.
L,1.6/20 mg C1D1/C1D8; 20 mg Day 1 subsequent cycles,0.4380,1972,-97.1487,% change from baseline,Digitized from the visible waterfall contour in Fig. 5. X-axis is normalized patient rank. Approximate patient rank assumes n=4500; Fig. 5 itself does not print n.
L,1.6/20 mg C1D1/C1D8; 20 mg Day 1 subsequent cycles,0.4400,1981,-97.1487,% change from baseline,Digitized from the visible waterfall contour in Fig. 5. X-axis is normalized patient rank. Approximate patient rank assumes n=4500; Fig. 5 itself does not print n.
L,1.6/20 mg C1D1/C1D8; 20 mg Day 1 subsequent cycles,0.4420,1990,-97.1487,% change from baseline,Digitized from the visible waterfall contour in Fig. 5. X-axis is normalized patient rank. Approximate patient rank assumes n=4500; Fig. 5 itself does not print n.
L,1.6/20 mg C1D1/C1D8; 20 mg Day 1 subsequent cycles,0.4440,1999,-97.1487,% change from baseline,Digitized from the visible waterfall contour in Fig. 5. X-axis is normalized patient rank. Approximate patient rank assumes n=4500; Fig. 5 itself does not print n.
L,1.6/20 mg C1D1/C1D8; 20 mg Day 1 subsequent cycles,0.4460,2008,-97.1487,% change from baseline,Digitized from the visible waterfall contour in Fig. 5. X-axis is normalized patient rank. Approximate patient rank assumes n=4500; Fig. 5 itself does not print n.
L,1.6/20 mg C1D1/C1D8; 20 mg Day 1 subsequent cycles,0.4480,2017,-97.1487,% change from baseline,Digitized from the visible waterfall contour in Fig. 5. X-axis is normalized patient rank. Approximate patient rank assumes n=4500; Fig. 5 itself does not print n.
L,1.6/20 mg C1D1/C1D8; 20 mg Day 1 subsequent cycles,0.4500,2026,-97.1487,% change from baseline,Digitized from the visible waterfall contour in Fig. 5. X-axis is normalized patient rank. Approximate patient rank assumes n=4500; Fig. 5 itself does not print n.
L,1.6/20 mg C1D1/C1D8; 20 mg Day 1 subsequent cycles,0.4520,2035,-97.1487,% change from baseline,Digitized from the visible waterfall contour in Fig. 5. X-axis is normalized patient rank. Approximate patient rank assumes n=4500; Fig. 5 itself does not print n.
L,1.6/20 mg C1D1/C1D8; 20 mg Day 1 subsequent cycles,0.4540,2044,-97.1487,% change from baseline,Digitized from the visible waterfall contour in Fig. 5. X-axis is normalized patient rank. Approximate patient rank assumes n=4500; Fig. 5 itself does not print n.
L,1.6/20 mg C1D1/C1D8; 20 mg Day 1 subsequent cycles,0.4560,2053,-97.1487,% change from baseline,Digitized from the visible waterfall contour in Fig. 5. X-axis is normalized patient rank. Approximate patient rank assumes n=4500; Fig. 5 itself does not print n.
L,1.6/20 mg C1D1/C1D8; 20 mg Day 1 subsequent cycles,0.4580,2062,-97.1487,% change from baseline,Digitized from the visible waterfall contour in Fig. 5. X-axis is normalized patient rank. Approximate patient rank assumes n=4500; Fig. 5 itself does not print n.
L,1.6/20 mg C1D1/C1D8; 20 mg Day 1 subsequent cycles,0.4600,2071,-97.1487,% change from baseline,Digitized from the visible waterfall contour in Fig. 5. X-axis is normalized patient rank. Approximate patient rank assumes n=4500; Fig. 5 itself does not print n.
L,1.6/20 mg C1D1/C1D8; 20 mg Day 1 subsequent cycles,0.4620,2080,-97.1487,% change from baseline,Digitized from the visible waterfall contour in Fig. 5. X-axis is normalized patient rank. Approximate patient rank assumes n=4500; Fig. 5 itself does not print n.
L,1.6/20 mg C1D1/C1D8; 20 mg Day 1 subsequent cycles,0.4640,2089,-97.1487,% change from baseline,Digitized from the visible waterfall contour in Fig. 5. X-axis is normalized patient rank. Approximate patient rank assumes n=4500; Fig. 5 itself does not print n.
L,1.6/20 mg C1D1/C1D8; 20 mg Day 1 subsequent cycles,0.4660,2098,-97.1487,% change from baseline,Digitized from the visible waterfall contour in Fig. 5. X-axis is normalized patient rank. Approximate patient rank assumes n=4500; Fig. 5 itself does not print n.
L,1.6/20 mg C1D1/C1D8; 20 mg Day 1 subsequent cycles,0.4680,2107,-97.1487,% change from baseline,Digitized from the visible waterfall contour in Fig. 5. X-axis is normalized patient rank. Approximate patient rank assumes n=4500; Fig. 5 itself does not print n.
L,1.6/20 mg C1D1/C1D8; 20 mg Day 1 subsequent cycles,0.4700,2116,-97.1487,% change from baseline,Digitized from the visible waterfall contour in Fig. 5. X-axis is normalized patient rank. Approximate patient rank assumes n=4500; Fig. 5 itself does not print n.
L,1.6/20 mg C1D1/C1D8; 20 mg Day 1 subsequent cycles,0.4720,2125,-97.1487,% change from baseline,Digitized from the visible waterfall contour in Fig. 5. X-axis is normalized patient rank. Approximate patient rank assumes n=4500; Fig. 5 itself does not print n.
L,1.6/20 mg C1D1/C1D8; 20 mg Day 1 subsequent cycles,0.4740,2134,-97.1487,% change from baseline,Digitized from the visible waterfall contour in Fig. 5. X-axis is normalized patient rank. Approximate patient rank assumes n=4500; Fig. 5 itself does not print n.
L,1.6/20 mg C1D1/C1D8; 20 mg Day 1 subsequent cycles,0.4760,2143,-97.1487,% change from baseline,Digitized from the visible waterfall contour in Fig. 5. X-axis is normalized patient rank. Approximate patient rank assumes n=4500; Fig. 5 itself does not print n.
L,1.6/20 mg C1D1/C1D8; 20 mg Day 1 subsequent cycles,0.4780,2152,-97.1487,% change from baseline,Digitized from the visible waterfall contour in Fig. 5. X-axis is normalized patient rank. Approximate patient rank assumes n=4500; Fig. 5 itself does not print n.
L,1.6/20 mg C1D1/C1D8; 20 mg Day 1 subsequent cycles,0.4800,2161,-97.1487,% change from baseline,Digitized from the visible waterfall contour in Fig. 5. X-axis is normalized patient rank. Approximate patient rank assumes n=4500; Fig. 5 itself does not print n.
L,1.6/20 mg C1D1/C1D8; 20 mg Day 1 subsequent cycles,0.4820,2170,-97.1487,% change from baseline,Digitized from the visible waterfall contour in Fig. 5. X-axis is normalized patient rank. Approximate patient rank assumes n=4500; Fig. 5 itself does not print n.
L,1.6/20 mg C1D1/C1D8; 20 mg Day 1 subsequent cycles,0.4840,2179,-97.1487,% change from baseline,Digitized from the visible waterfall contour in Fig. 5. X-axis is normalized patient rank. Approximate patient rank assumes n=4500; Fig. 5 itself does not print n.
L,1.6/20 mg C1D1/C1D8; 20 mg Day 1 subsequent cycles,0.4860,2188,-97.1487,% change from baseline,Digitized from the visible waterfall contour in Fig. 5. X-axis is normalized patient rank. Approximate patient rank assumes n=4500; Fig. 5 itself does not print n.
L,1.6/20 mg C1D1/C1D8; 20 mg Day 1 subsequent cycles,0.4880,2197,-97.1487,% change from baseline,Digitized from the visible waterfall contour in Fig. 5. X-axis is normalized patient rank. Approximate patient rank assumes n=4500; Fig. 5 itself does not print n.
L,1.6/20 mg C1D1/C1D8; 20 mg Day 1 subsequent cycles,0.4900,2206,-97.1487,% change from baseline,Digitized from the visible waterfall contour in Fig. 5. X-axis is normalized patient rank. Approximate patient rank assumes n=4500; Fig. 5 itself does not print n.
L,1.6/20 mg C1D1/C1D8; 20 mg Day 1 subsequent cycles,0.4920,2215,-97.1487,% change from baseline,Digitized from the visible waterfall contour in Fig. 5. X-axis is normalized patient rank. Approximate patient rank assumes n=4500; Fig. 5 itself does not print n.
L,1.6/20 mg C1D1/C1D8; 20 mg Day 1 subsequent cycles,0.4940,2224,-97.1487,% change from baseline,Digitized from the visible waterfall contour in Fig. 5. X-axis is normalized patient rank. Approximate patient rank assumes n=4500; Fig. 5 itself does not print n.
L,1.6/20 mg C1D1/C1D8; 20 mg Day 1 subsequent cycles,0.4960,2233,-97.1487,% change from baseline,Digitized from the visible waterfall contour in Fig. 5. X-axis is normalized patient rank. Approximate patient rank assumes n=4500; Fig. 5 itself does not print n.
L,1.6/20 mg C1D1/C1D8; 20 mg Day 1 subsequent cycles,0.4980,2242,-97.1487,% change from baseline,Digitized from the visible waterfall contour in Fig. 5. X-axis is normalized patient rank. Approximate patient rank assumes n=4500; Fig. 5 itself does not print n.
L,1.6/20 mg C1D1/C1D8; 20 mg Day 1 subsequent cycles,0.5000,2250,-97.1487,% change from baseline,Digitized from the visible waterfall contour in Fig. 5. X-axis is normalized patient rank. Approximate patient rank assumes n=4500; Fig. 5 itself does not print n.
L,1.6/20 mg C1D1/C1D8; 20 mg Day 1 subsequent cycles,0.5020,2259,-97.1487,% change from baseline,Digitized from the visible waterfall contour in Fig. 5. X-axis is normalized patient rank. Approximate patient rank assumes n=4500; Fig. 5 itself does not print n.
L,1.6/20 mg C1D1/C1D8; 20 mg Day 1 subsequent cycles,0.5040,2268,-97.1487,% change from baseline,Digitized from the visible waterfall contour in Fig. 5. X-axis is normalized patient rank. Approximate patient rank assumes n=4500; Fig. 5 itself does not print n.
L,1.6/20 mg C1D1/C1D8; 20 mg Day 1 subsequent cycles,0.5060,2277,-97.1487,% change from baseline,Digitized from the visible waterfall contour in Fig. 5. X-axis is normalized patient rank. Approximate patient rank assumes n=4500; Fig. 5 itself does not print n.
L,1.6/20 mg C1D1/C1D8; 20 mg Day 1 subsequent cycles,0.5080,2286,-97.1487,% change from baseline,Digitized from the visible waterfall contour in Fig. 5. X-axis is normalized patient rank. Approximate patient rank assumes n=4500; Fig. 5 itself does not print n.
L,1.6/20 mg C1D1/C1D8; 20 mg Day 1 subsequent cycles,0.5100,2295,-97.1487,% change from baseline,Digitized from the visible waterfall contour in Fig. 5. X-axis is normalized patient rank. Approximate patient rank assumes n=4500; Fig. 5 itself does not print n.
L,1.6/20 mg C1D1/C1D8; 20 mg Day 1 subsequent cycles,0.5120,2304,-97.1487,% change from baseline,Digitized from the visible waterfall contour in Fig. 5. X-axis is normalized patient rank. Approximate patient rank assumes n=4500; Fig. 5 itself does not print n.
L,1.6/20 mg C1D1/C1D8; 20 mg Day 1 subsequent cycles,0.5140,2313,-97.1487,% change from baseline,Digitized from the visible waterfall contour in Fig. 5. X-axis is normalized patient rank. Approximate patient rank assumes n=4500; Fig. 5 itself does not print n.
L,1.6/20 mg C1D1/C1D8; 20 mg Day 1 subsequent cycles,0.5160,2322,-97.1487,% change from baseline,Digitized from the visible waterfall contour in Fig. 5. X-axis is normalized patient rank. Approximate patient rank assumes n=4500; Fig. 5 itself does not print n.
L,1.6/20 mg C1D1/C1D8; 20 mg Day 1 subsequent cycles,0.5180,2331,-97.1487,% change from baseline,Digitized from the visible waterfall contour in Fig. 5. X-axis is normalized patient rank. Approximate patient rank assumes n=4500; Fig. 5 itself does not print n.
L,1.6/20 mg C1D1/C1D8; 20 mg Day 1 subsequent cycles,0.5200,2340,-97.1487,% change from baseline,Digitized from the visible waterfall contour in Fig. 5. X-axis is normalized patient rank. Approximate patient rank assumes n=4500; Fig. 5 itself does not print n.
L,1.6/20 mg C1D1/C1D8; 20 mg Day 1 subsequent cycles,0.5220,2349,-97.1487,% change from baseline,Digitized from the visible waterfall contour in Fig. 5. X-axis is normalized patient rank. Approximate patient rank assumes n=4500; Fig. 5 itself does not print n.
L,1.6/20 mg C1D1/C1D8; 20 mg Day 1 subsequent cycles,0.5240,2358,-97.1487,% change from baseline,Digitized from the visible waterfall contour in Fig. 5. X-axis is normalized patient rank. Approximate patient rank assumes n=4500; Fig. 5 itself does not print n.
L,1.6/20 mg C1D1/C1D8; 20 mg Day 1 subsequent cycles,0.5260,2367,-97.1487,% change from baseline,Digitized from the visible waterfall contour in Fig. 5. X-axis is normalized patient rank. Approximate patient rank assumes n=4500; Fig. 5 itself does not print n.
L,1.6/20 mg C1D1/C1D8; 20 mg Day 1 subsequent cycles,0.5280,2376,-97.1487,% change from baseline,Digitized from the visible waterfall contour in Fig. 5. X-axis is normalized patient rank. Approximate patient rank assumes n=4500; Fig. 5 itself does not print n.
L,1.6/20 mg C1D1/C1D8; 20 mg Day 1 subsequent cycles,0.5300,2385,-97.1487,% change from baseline,Digitized from the visible waterfall contour in Fig. 5. X-axis is normalized patient rank. Approximate patient rank assumes n=4500; Fig. 5 itself does not print n.
L,1.6/20 mg C1D1/C1D8; 20 mg Day 1 subsequent cycles,0.5320,2394,-97.1487,% change from baseline,Digitized from the visible waterfall contour in Fig. 5. X-axis is normalized patient rank. Approximate patient rank assumes n=4500; Fig. 5 itself does not print n.
L,1.6/20 mg C1D1/C1D8; 20 mg Day 1 subsequent cycles,0.5340,2403,-97.1487,% change from baseline,Digitized from the visible waterfall contour in Fig. 5. X-axis is normalized patient rank. Approximate patient rank assumes n=4500; Fig. 5 itself does not print n.
L,1.6/20 mg C1D1/C1D8; 20 mg Day 1 subsequent cycles,0.5360,2412,-97.1487,% change from baseline,Digitized from the visible waterfall contour in Fig. 5. X-axis is normalized patient rank. Approximate patient rank assumes n=4500; Fig. 5 itself does not print n.
L,1.6/20 mg C1D1/C1D8; 20 mg Day 1 subsequent cycles,0.5380,2421,-97.1487,% change from baseline,Digitized from the visible waterfall contour in Fig. 5. X-axis is normalized patient rank. Approximate patient rank assumes n=4500; Fig. 5 itself does not print n.
L,1.6/20 mg C1D1/C1D8; 20 mg Day 1 subsequent cycles,0.5400,2430,-97.1487,% change from baseline,Digitized from the visible waterfall contour in Fig. 5. X-axis is normalized patient rank. Approximate patient rank assumes n=4500; Fig. 5 itself does not print n.
L,1.6/20 mg C1D1/C1D8; 20 mg Day 1 subsequent cycles,0.5420,2439,-97.1487,% change from baseline,Digitized from the visible waterfall contour in Fig. 5. X-axis is normalized patient rank. Approximate patient rank assumes n=4500; Fig. 5 itself does not print n.
L,1.6/20 mg C1D1/C1D8; 20 mg Day 1 subsequent cycles,0.5440,2448,-97.1487,% change from baseline,Digitized from the visible waterfall contour in Fig. 5. X-axis is normalized patient rank. Approximate patient rank assumes n=4500; Fig. 5 itself does not print n.
L,1.6/20 mg C1D1/C1D8; 20 mg Day 1 subsequent cycles,0.5460,2457,-97.1487,% change from baseline,Digitized from the visible waterfall contour in Fig. 5. X-axis is normalized patient rank. Approximate patient rank assumes n=4500; Fig. 5 itself does not print n.
L,1.6/20 mg C1D1/C1D8; 20 mg Day 1 subsequent cycles,0.5480,2466,-97.1487,% change from baseline,Digitized from the visible waterfall contour in Fig. 5. X-axis is normalized patient rank. Approximate patient rank assumes n=4500; Fig. 5 itself does not print n.
L,1.6/20 mg C1D1/C1D8; 20 mg Day 1 subsequent cycles,0.5500,2475,-97.1487,% change from baseline,Digitized from the visible waterfall contour in Fig. 5. X-axis is normalized patient rank. Approximate patient rank assumes n=4500; Fig. 5 itself does not print n.
L,1.6/20 mg C1D1/C1D8; 20 mg Day 1 subsequent cycles,0.5520,2484,-97.1487,% change from baseline,Digitized from the visible waterfall contour in Fig. 5. X-axis is normalized patient rank. Approximate patient rank assumes n=4500; Fig. 5 itself does not print n.
L,1.6/20 mg C1D1/C1D8; 20 mg Day 1 subsequent cycles,0.5540,2493,-97.1487,% change from baseline,Digitized from the visible waterfall contour in Fig. 5. X-axis is normalized patient rank. Approximate patient rank assumes n=4500; Fig. 5 itself does not print n.
L,1.6/20 mg C1D1/C1D8; 20 mg Day 1 subsequent cycles,0.5560,2502,-97.1487,% change from baseline,Digitized from the visible waterfall contour in Fig. 5. X-axis is normalized patient rank. Approximate patient rank assumes n=4500; Fig. 5 itself does not print n.
L,1.6/20 mg C1D1/C1D8; 20 mg Day 1 subsequent cycles,0.5580,2511,-97.1487,% change from baseline,Digitized from the visible waterfall contour in Fig. 5. X-axis is normalized patient rank. Approximate patient rank assumes n=4500; Fig. 5 itself does not print n.
L,1.6/20 mg C1D1/C1D8; 20 mg Day 1 subsequent cycles,0.5600,2520,-97.1487,% change from baseline,Digitized from the visible waterfall contour in Fig. 5. X-axis is normalized patient rank. Approximate patient rank assumes n=4500; Fig. 5 itself does not print n.
L,1.6/20 mg C1D1/C1D8; 20 mg Day 1 subsequent cycles,0.5620,2529,-97.1487,% change from baseline,Digitized from the visible waterfall contour in Fig. 5. X-axis is normalized patient rank. Approximate patient rank assumes n=4500; Fig. 5 itself does not print n.
L,1.6/20 mg C1D1/C1D8; 20 mg Day 1 subsequent cycles,0.5640,2538,-97.1487,% change from baseline,Digitized from the visible waterfall contour in Fig. 5. X-axis is normalized patient rank. Approximate patient rank assumes n=4500; Fig. 5 itself does not print n.
L,1.6/20 mg C1D1/C1D8; 20 mg Day 1 subsequent cycles,0.5660,2547,-97.1487,% change from baseline,Digitized from the visible waterfall contour in Fig. 5. X-axis is normalized patient rank. Approximate patient rank assumes n=4500; Fig. 5 itself does not print n.
L,1.6/20 mg C1D1/C1D8; 20 mg Day 1 subsequent cycles,0.5680,2556,-97.1487,% change from baseline,Digitized from the visible waterfall contour in Fig. 5. X-axis is normalized patient rank. Approximate patient rank assumes n=4500; Fig. 5 itself does not print n.
L,1.6/20 mg C1D1/C1D8; 20 mg Day 1 subsequent cycles,0.5700,2565,-97.1487,% change from baseline,Digitized from the visible waterfall contour in Fig. 5. X-axis is normalized patient rank. Approximate patient rank assumes n=4500; Fig. 5 itself does not print n.
L,1.6/20 mg C1D1/C1D8; 20 mg Day 1 subsequent cycles,0.5720,2574,-97.1487,% change from baseline,Digitized from the visible waterfall contour in Fig. 5. X-axis is normalized patient rank. Approximate patient rank assumes n=4500; Fig. 5 itself does not print n.
L,1.6/20 mg C1D1/C1D8; 20 mg Day 1 subsequent cycles,0.5740,2583,-97.1487,% change from baseline,Digitized from the visible waterfall contour in Fig. 5. X-axis is normalized patient rank. Approximate patient rank assumes n=4500; Fig. 5 itself does not print n.
L,1.6/20 mg C1D1/C1D8; 20 mg Day 1 subsequent cycles,0.5760,2592,-97.1487,% change from baseline,Digitized from the visible waterfall contour in Fig. 5. X-axis is normalized patient rank. Approximate patient rank assumes n=4500; Fig. 5 itself does not print n.
L,1.6/20 mg C1D1/C1D8; 20 mg Day 1 subsequent cycles,0.5780,2601,-97.1487,% change from baseline,Digitized from the visible waterfall contour in Fig. 5. X-axis is normalized patient rank. Approximate patient rank assumes n=4500; Fig. 5 itself does not print n.
L,1.6/20 mg C1D1/C1D8; 20 mg Day 1 subsequent cycles,0.5800,2610,-97.1487,% change from baseline,Digitized from the visible waterfall contour in Fig. 5. X-axis is normalized patient rank. Approximate patient rank assumes n=4500; Fig. 5 itself does not print n.
L,1.6/20 mg C1D1/C1D8; 20 mg Day 1 subsequent cycles,0.5820,2619,-97.1487,% change from baseline,Digitized from the visible waterfall contour in Fig. 5. X-axis is normalized patient rank. Approximate patient rank assumes n=4500; Fig. 5 itself does not print n.
L,1.6/20 mg C1D1/C1D8; 20 mg Day 1 subsequent cycles,0.5840,2628,-97.1487,% change from baseline,Digitized from the visible waterfall contour in Fig. 5. X-axis is normalized patient rank. Approximate patient rank assumes n=4500; Fig. 5 itself does not print n.
L,1.6/20 mg C1D1/C1D8; 20 mg Day 1 subsequent cycles,0.5860,2637,-97.1487,% change from baseline,Digitized from the visible waterfall contour in Fig. 5. X-axis is normalized patient rank. Approximate patient rank assumes n=4500; Fig. 5 itself does not print n.
L,1.6/20 mg C1D1/C1D8; 20 mg Day 1 subsequent cycles,0.5880,2646,-97.1487,% change from baseline,Digitized from the visible waterfall contour in Fig. 5. X-axis is normalized patient rank. Approximate patient rank assumes n=4500; Fig. 5 itself does not print n.
L,1.6/20 mg C1D1/C1D8; 20 mg Day 1 subsequent cycles,0.5900,2655,-97.1487,% change from baseline,Digitized from the visible waterfall contour in Fig. 5. X-axis is normalized patient rank. Approximate patient rank assumes n=4500; Fig. 5 itself does not print n.
L,1.6/20 mg C1D1/C1D8; 20 mg Day 1 subsequent cycles,0.5920,2664,-97.1487,% change from baseline,Digitized from the visible waterfall contour in Fig. 5. X-axis is normalized patient rank. Approximate patient rank assumes n=4500; Fig. 5 itself does not print n.
L,1.6/20 mg C1D1/C1D8; 20 mg Day 1 subsequent cycles,0.5940,2673,-97.1487,% change from baseline,Digitized from the visible waterfall contour in Fig. 5. X-axis is normalized patient rank. Approximate patient rank assumes n=4500; Fig. 5 itself does not print n.
L,1.6/20 mg C1D1/C1D8; 20 mg Day 1 subsequent cycles,0.5960,2682,-97.1487,% change from baseline,Digitized from the visible waterfall contour in Fig. 5. X-axis is normalized patient rank. Approximate patient rank assumes n=4500; Fig. 5 itself does not print n.
L,1.6/20 mg C1D1/C1D8; 20 mg Day 1 subsequent cycles,0.5980,2691,-97.1487,% change from baseline,Digitized from the visible waterfall contour in Fig. 5. X-axis is normalized patient rank. Approximate patient rank assumes n=4500; Fig. 5 itself does not print n.
L,1.6/20 mg C1D1/C1D8; 20 mg Day 1 subsequent cycles,0.6000,2700,-97.1487,% change from baseline,Digitized from the visible waterfall contour in Fig. 5. X-axis is normalized patient rank. Approximate patient rank assumes n=4500; Fig. 5 itself does not print n.
L,1.6/20 mg C1D1/C1D8; 20 mg Day 1 subsequent cycles,0.6020,2709,-97.1487,% change from baseline,Digitized from the visible waterfall contour in Fig. 5. X-axis is normalized patient rank. Approximate patient rank assumes n=4500; Fig. 5 itself does not print n.
L,1.6/20 mg C1D1/C1D8; 20 mg Day 1 subsequent cycles,0.6040,2718,-97.1487,% change from baseline,Digitized from the visible waterfall contour in Fig. 5. X-axis is normalized patient rank. Approximate patient rank assumes n=4500; Fig. 5 itself does not print n.
L,1.6/20 mg C1D1/C1D8; 20 mg Day 1 subsequent cycles,0.6060,2727,-97.1487,% change from baseline,Digitized from the visible waterfall contour in Fig. 5. X-axis is normalized patient rank. Approximate patient rank assumes n=4500; Fig. 5 itself does not print n.
L,1.6/20 mg C1D1/C1D8; 20 mg Day 1 subsequent cycles,0.6080,2736,-97.1487,% change from baseline,Digitized from the visible waterfall contour in Fig. 5. X-axis is normalized patient rank. Approximate patient rank assumes n=4500; Fig. 5 itself does not print n.
L,1.6/20 mg C1D1/C1D8; 20 mg Day 1 subsequent cycles,0.6100,2745,-97.1487,% change from baseline,Digitized from the visible waterfall contour in Fig. 5. X-axis is normalized patient rank. Approximate patient rank assumes n=4500; Fig. 5 itself does not print n.
L,1.6/20 mg C1D1/C1D8; 20 mg Day 1 subsequent cycles,0.6120,2754,-97.1487,% change from baseline,Digitized from the visible waterfall contour in Fig. 5. X-axis is normalized patient rank. Approximate patient rank assumes n=4500; Fig. 5 itself does not print n.
L,1.6/20 mg C1D1/C1D8; 20 mg Day 1 subsequent cycles,0.6140,2763,-97.1487,% change from baseline,Digitized from the visible waterfall contour in Fig. 5. X-axis is normalized patient rank. Approximate patient rank assumes n=4500; Fig. 5 itself does not print n.
L,1.6/20 mg C1D1/C1D8; 20 mg Day 1 subsequent cycles,0.6160,2772,-97.1487,% change from baseline,Digitized from the visible waterfall contour in Fig. 5. X-axis is normalized patient rank. Approximate patient rank assumes n=4500; Fig. 5 itself does not print n.
L,1.6/20 mg C1D1/C1D8; 20 mg Day 1 subsequent cycles,0.6180,2781,-97.1487,% change from baseline,Digitized from the visible waterfall contour in Fig. 5. X-axis is normalized patient rank. Approximate patient rank assumes n=4500; Fig. 5 itself does not print n.
L,1.6/20 mg C1D1/C1D8; 20 mg Day 1 subsequent cycles,0.6200,2790,-97.1487,% change from baseline,Digitized from the visible waterfall contour in Fig. 5. X-axis is normalized patient rank. Approximate patient rank assumes n=4500; Fig. 5 itself does not print n.
L,1.6/20 mg C1D1/C1D8; 20 mg Day 1 subsequent cycles,0.6220,2799,-97.1487,% change from baseline,Digitized from the visible waterfall contour in Fig. 5. X-axis is normalized patient rank. Approximate patient rank assumes n=4500; Fig. 5 itself does not print n.
L,1.6/20 mg C1D1/C1D8; 20 mg Day 1 subsequent cycles,0.6240,2808,-97.1487,% change from baseline,Digitized from the visible waterfall contour in Fig. 5. X-axis is normalized patient rank. Approximate patient rank assumes n=4500; Fig. 5 itself does not print n.
L,1.6/20 mg C1D1/C1D8; 20 mg Day 1 subsequent cycles,0.6260,2817,-97.1487,% change from baseline,Digitized from the visible waterfall contour in Fig. 5. X-axis is normalized patient rank. Approximate patient rank assumes n=4500; Fig. 5 itself does not print n.
L,1.6/20 mg C1D1/C1D8; 20 mg Day 1 subsequent cycles,0.6280,2826,-97.1487,% change from baseline,Digitized from the visible waterfall contour in Fig. 5. X-axis is normalized patient rank. Approximate patient rank assumes n=4500; Fig. 5 itself does not print n.
L,1.6/20 mg C1D1/C1D8; 20 mg Day 1 subsequent cycles,0.6300,2835,-97.1487,% change from baseline,Digitized from the visible waterfall contour in Fig. 5. X-axis is normalized patient rank. Approximate patient rank assumes n=4500; Fig. 5 itself does not print n.
L,1.6/20 mg C1D1/C1D8; 20 mg Day 1 subsequent cycles,0.6320,2844,-97.1487,% change from baseline,Digitized from the visible waterfall contour in Fig. 5. X-axis is normalized patient rank. Approximate patient rank assumes n=4500; Fig. 5 itself does not print n.
L,1.6/20 mg C1D1/C1D8; 20 mg Day 1 subsequent cycles,0.6340,2853,-97.1487,% change from baseline,Digitized from the visible waterfall contour in Fig. 5. X-axis is normalized patient rank. Approximate patient rank assumes n=4500; Fig. 5 itself does not print n.
L,1.6/20 mg C1D1/C1D8; 20 mg Day 1 subsequent cycles,0.6360,2862,-97.1487,% change from baseline,Digitized from the visible waterfall contour in Fig. 5. X-axis is normalized patient rank. Approximate patient rank assumes n=4500; Fig. 5 itself does not print n.
L,1.6/20 mg C1D1/C1D8; 20 mg Day 1 subsequent cycles,0.6380,2871,-97.1487,% change from baseline,Digitized from the visible waterfall contour in Fig. 5. X-axis is normalized patient rank. Approximate patient rank assumes n=4500; Fig. 5 itself does not print n.
L,1.6/20 mg C1D1/C1D8; 20 mg Day 1 subsequent cycles,0.6400,2880,-97.1487,% change from baseline,Digitized from the visible waterfall contour in Fig. 5. X-axis is normalized patient rank. Approximate patient rank assumes n=4500; Fig. 5 itself does not print n.
L,1.6/20 mg C1D1/C1D8; 20 mg Day 1 subsequent cycles,0.6420,2889,-97.1487,% change from baseline,Digitized from the visible waterfall contour in Fig. 5. X-axis is normalized patient rank. Approximate patient rank assumes n=4500; Fig. 5 itself does not print n.
L,1.6/20 mg C1D1/C1D8; 20 mg Day 1 subsequent cycles,0.6440,2898,-97.1487,% change from baseline,Digitized from the visible waterfall contour in Fig. 5. X-axis is normalized patient rank. Approximate patient rank assumes n=4500; Fig. 5 itself does not print n.
L,1.6/20 mg C1D1/C1D8; 20 mg Day 1 subsequent cycles,0.6460,2907,-97.1487,% change from baseline,Digitized from the visible waterfall contour in Fig. 5. X-axis is normalized patient rank. Approximate patient rank assumes n=4500; Fig. 5 itself does not print n.
L,1.6/20 mg C1D1/C1D8; 20 mg Day 1 subsequent cycles,0.6480,2916,-97.1487,% change from baseline,Digitized from the visible waterfall contour in Fig. 5. X-axis is normalized patient rank. Approximate patient rank assumes n=4500; Fig. 5 itself does not print n.
L,1.6/20 mg C1D1/C1D8; 20 mg Day 1 subsequent cycles,0.6500,2925,-97.1487,% change from baseline,Digitized from the visible waterfall contour in Fig. 5. X-axis is normalized patient rank. Approximate patient rank assumes n=4500; Fig. 5 itself does not print n.
L,1.6/20 mg C1D1/C1D8; 20 mg Day 1 subsequent cycles,0.6520,2934,-97.1487,% change from baseline,Digitized from the visible waterfall contour in Fig. 5. X-axis is normalized patient rank. Approximate patient rank assumes n=4500; Fig. 5 itself does not print n.
L,1.6/20 mg C1D1/C1D8; 20 mg Day 1 subsequent cycles,0.6540,2943,-97.1487,% change from baseline,Digitized from the visible waterfall contour in Fig. 5. X-axis is normalized patient rank. Approximate patient rank assumes n=4500; Fig. 5 itself does not print n.
L,1.6/20 mg C1D1/C1D8; 20 mg Day 1 subsequent cycles,0.6560,2952,-97.1487,% change from baseline,Digitized from the visible waterfall contour in Fig. 5. X-axis is normalized patient rank. Approximate patient rank assumes n=4500; Fig. 5 itself does not print n.
L,1.6/20 mg C1D1/C1D8; 20 mg Day 1 subsequent cycles,0.6580,2961,-97.1487,% change from baseline,Digitized from the visible waterfall contour in Fig. 5. X-axis is normalized patient rank. Approximate patient rank assumes n=4500; Fig. 5 itself does not print n.
L,1.6/20 mg C1D1/C1D8; 20 mg Day 1 subsequent cycles,0.6600,2970,-97.1487,% change from baseline,Digitized from the visible waterfall contour in Fig. 5. X-axis is normalized patient rank. Approximate patient rank assumes n=4500; Fig. 5 itself does not print n.
L,1.6/20 mg C1D1/C1D8; 20 mg Day 1 subsequent cycles,0.6620,2979,-97.1487,% change from baseline,Digitized from the visible waterfall contour in Fig. 5. X-axis is normalized patient rank. Approximate patient rank assumes n=4500; Fig. 5 itself does not print n.
L,1.6/20 mg C1D1/C1D8; 20 mg Day 1 subsequent cycles,0.6640,2988,-97.1487,% change from baseline,Digitized from the visible waterfall contour in Fig. 5. X-axis is normalized patient rank. Approximate patient rank assumes n=4500; Fig. 5 itself does not print n.
L,1.6/20 mg C1D1/C1D8; 20 mg Day 1 subsequent cycles,0.6660,2997,-97.1487,% change from baseline,Digitized from the visible waterfall contour in Fig. 5. X-axis is normalized patient rank. Approximate patient rank assumes n=4500; Fig. 5 itself does not print n.
L,1.6/20 mg C1D1/C1D8; 20 mg Day 1 subsequent cycles,0.6680,3006,-97.1487,% change from baseline,Digitized from the visible waterfall contour in Fig. 5. X-axis is normalized patient rank. Approximate patient rank assumes n=4500; Fig. 5 itself does not print n.
L,1.6/20 mg C1D1/C1D8; 20 mg Day 1 subsequent cycles,0.6700,3015,-97.1487,% change from baseline,Digitized from the visible waterfall contour in Fig. 5. X-axis is normalized patient rank. Approximate patient rank assumes n=4500; Fig. 5 itself does not print n.
L,1.6/20 mg C1D1/C1D8; 20 mg Day 1 subsequent cycles,0.6720,3024,-97.1487,% change from baseline,Digitized from the visible waterfall contour in Fig. 5. X-axis is normalized patient rank. Approximate patient rank assumes n=4500; Fig. 5 itself does not print n.
L,1.6/20 mg C1D1/C1D8; 20 mg Day 1 subsequent cycles,0.6740,3033,-97.1487,% change from baseline,Digitized from the visible waterfall contour in Fig. 5. X-axis is normalized patient rank. Approximate patient rank assumes n=4500; Fig. 5 itself does not print n.
L,1.6/20 mg C1D1/C1D8; 20 mg Day 1 subsequent cycles,0.6760,3042,-97.1487,% change from baseline,Digitized from the visible waterfall contour in Fig. 5. X-axis is normalized patient rank. Approximate patient rank assumes n=4500; Fig. 5 itself does not print n.
L,1.6/20 mg C1D1/C1D8; 20 mg Day 1 subsequent cycles,0.6780,3051,-97.1487,% change from baseline,Digitized from the visible waterfall contour in Fig. 5. X-axis is normalized patient rank. Approximate patient rank assumes n=4500; Fig. 5 itself does not print n.
L,1.6/20 mg C1D1/C1D8; 20 mg Day 1 subsequent cycles,0.6800,3060,-97.1487,% change from baseline,Digitized from the visible waterfall contour in Fig. 5. X-axis is normalized patient rank. Approximate patient rank assumes n=4500; Fig. 5 itself does not print n.
L,1.6/20 mg C1D1/C1D8; 20 mg Day 1 subsequent cycles,0.6820,3069,-97.1487,% change from baseline,Digitized from the visible waterfall contour in Fig. 5. X-axis is normalized patient rank. Approximate patient rank assumes n=4500; Fig. 5 itself does not print n.
L,1.6/20 mg C1D1/C1D8; 20 mg Day 1 subsequent cycles,0.6840,3078,-97.1487,% change from baseline,Digitized from the visible waterfall contour in Fig. 5. X-axis is normalized patient rank. Approximate patient rank assumes n=4500; Fig. 5 itself does not print n.
L,1.6/20 mg C1D1/C1D8; 20 mg Day 1 subsequent cycles,0.6860,3087,-97.1487,% change from baseline,Digitized from the visible waterfall contour in Fig. 5. X-axis is normalized patient rank. Approximate patient rank assumes n=4500; Fig. 5 itself does not print n.
L,1.6/20 mg C1D1/C1D8; 20 mg Day 1 subsequent cycles,0.6880,3096,-97.1487,% change from baseline,Digitized from the visible waterfall contour in Fig. 5. X-axis is normalized patient rank. Approximate patient rank assumes n=4500; Fig. 5 itself does not print n.
L,1.6/20 mg C1D1/C1D8; 20 mg Day 1 subsequent cycles,0.6900,3105,-97.1487,% change from baseline,Digitized from the visible waterfall contour in Fig. 5. X-axis is normalized patient rank. Approximate patient rank assumes n=4500; Fig. 5 itself does not print n.
L,1.6/20 mg C1D1/C1D8; 20 mg Day 1 subsequent cycles,0.6920,3114,-97.1487,% change from baseline,Digitized from the visible waterfall contour in Fig. 5. X-axis is normalized patient rank. Approximate patient rank assumes n=4500; Fig. 5 itself does not print n.
L,1.6/20 mg C1D1/C1D8; 20 mg Day 1 subsequent cycles,0.6940,3123,-97.1487,% change from baseline,Digitized from the visible waterfall contour in Fig. 5. X-axis is normalized patient rank. Approximate patient rank assumes n=4500; Fig. 5 itself does not print n.
L,1.6/20 mg C1D1/C1D8; 20 mg Day 1 subsequent cycles,0.6960,3132,-97.1487,% change from baseline,Digitized from the visible waterfall contour in Fig. 5. X-axis is normalized patient rank. Approximate patient rank assumes n=4500; Fig. 5 itself does not print n.
L,1.6/20 mg C1D1/C1D8; 20 mg Day 1 subsequent cycles,0.6980,3141,-97.1487,% change from baseline,Digitized from the visible waterfall contour in Fig. 5. X-axis is normalized patient rank. Approximate patient rank assumes n=4500; Fig. 5 itself does not print n.
L,1.6/20 mg C1D1/C1D8; 20 mg Day 1 subsequent cycles,0.7000,3150,-97.1487,% change from baseline,Digitized from the visible waterfall contour in Fig. 5. X-axis is normalized patient rank. Approximate patient rank assumes n=4500; Fig. 5 itself does not print n.
L,1.6/20 mg C1D1/C1D8; 20 mg Day 1 subsequent cycles,0.7020,3159,-97.1487,% change from baseline,Digitized from the visible waterfall contour in Fig. 5. X-axis is normalized patient rank. Approximate patient rank assumes n=4500; Fig. 5 itself does not print n.
L,1.6/20 mg C1D1/C1D8; 20 mg Day 1 subsequent cycles,0.7040,3168,-97.1487,% change from baseline,Digitized from the visible waterfall contour in Fig. 5. X-axis is normalized patient rank. Approximate patient rank assumes n=4500; Fig. 5 itself does not print n.
L,1.6/20 mg C1D1/C1D8; 20 mg Day 1 subsequent cycles,0.7060,3177,-97.1487,% change from baseline,Digitized from the visible waterfall contour in Fig. 5. X-axis is normalized patient rank. Approximate patient rank assumes n=4500; Fig. 5 itself does not print n.
L,1.6/20 mg C1D1/C1D8; 20 mg Day 1 subsequent cycles,0.7080,3186,-97.1487,% change from baseline,Digitized from the visible waterfall contour in Fig. 5. X-axis is normalized patient rank. Approximate patient rank assumes n=4500; Fig. 5 itself does not print n.
L,1.6/20 mg C1D1/C1D8; 20 mg Day 1 subsequent cycles,0.7100,3195,-97.1487,% change from baseline,Digitized from the visible waterfall contour in Fig. 5. X-axis is normalized patient rank. Approximate patient rank assumes n=4500; Fig. 5 itself does not print n.
L,1.6/20 mg C1D1/C1D8; 20 mg Day 1 subsequent cycles,0.7120,3204,-97.1487,% change from baseline,Digitized from the visible waterfall contour in Fig. 5. X-axis is normalized patient rank. Approximate patient rank assumes n=4500; Fig. 5 itself does not print n.
L,1.6/20 mg C1D1/C1D8; 20 mg Day 1 subsequent cycles,0.7140,3213,-97.1487,% change from baseline,Digitized from the visible waterfall contour in Fig. 5. X-axis is normalized patient rank. Approximate patient rank assumes n=4500; Fig. 5 itself does not print n.
L,1.6/20 mg C1D1/C1D8; 20 mg Day 1 subsequent cycles,0.7160,3222,-97.1487,% change from baseline,Digitized from the visible waterfall contour in Fig. 5. X-axis is normalized patient rank. Approximate patient rank assumes n=4500; Fig. 5 itself does not print n.
L,1.6/20 mg C1D1/C1D8; 20 mg Day 1 subsequent cycles,0.7180,3231,-97.1487,% change from baseline,Digitized from the visible waterfall contour in Fig. 5. X-axis is normalized patient rank. Approximate patient rank assumes n=4500; Fig. 5 itself does not print n.
L,1.6/20 mg C1D1/C1D8; 20 mg Day 1 subsequent cycles,0.7200,3240,-97.1487,% change from baseline,Digitized from the visible waterfall contour in Fig. 5. X-axis is normalized patient rank. Approximate patient rank assumes n=4500; Fig. 5 itself does not print n.
L,1.6/20 mg C1D1/C1D8; 20 mg Day 1 subsequent cycles,0.7220,3249,-97.1487,% change from baseline,Digitized from the visible waterfall contour in Fig. 5. X-axis is normalized patient rank. Approximate patient rank assumes n=4500; Fig. 5 itself does not print n.
L,1.6/20 mg C1D1/C1D8; 20 mg Day 1 subsequent cycles,0.7240,3258,-97.1487,% change from baseline,Digitized from the visible waterfall contour in Fig. 5. X-axis is normalized patient rank. Approximate patient rank assumes n=4500; Fig. 5 itself does not print n.
L,1.6/20 mg C1D1/C1D8; 20 mg Day 1 subsequent cycles,0.7260,3267,-97.1487,% change from baseline,Digitized from the visible waterfall contour in Fig. 5. X-axis is normalized patient rank. Approximate patient rank assumes n=4500; Fig. 5 itself does not print n.
L,1.6/20 mg C1D1/C1D8; 20 mg Day 1 subsequent cycles,0.7280,3276,-97.1487,% change from baseline,Digitized from the visible waterfall contour in Fig. 5. X-axis is normalized patient rank. Approximate patient rank assumes n=4500; Fig. 5 itself does not print n.
L,1.6/20 mg C1D1/C1D8; 20 mg Day 1 subsequent cycles,0.7300,3285,-97.1487,% change from baseline,Digitized from the visible waterfall contour in Fig. 5. X-axis is normalized patient rank. Approximate patient rank assumes n=4500; Fig. 5 itself does not print n.
L,1.6/20 mg C1D1/C1D8; 20 mg Day 1 subsequent cycles,0.7320,3294,-97.1487,% change from baseline,Digitized from the visible waterfall contour in Fig. 5. X-axis is normalized patient rank. Approximate patient rank assumes n=4500; Fig. 5 itself does not print n.
L,1.6/20 mg C1D1/C1D8; 20 mg Day 1 subsequent cycles,0.7340,3303,-97.1487,% change from baseline,Digitized from the visible waterfall contour in Fig. 5. X-axis is normalized patient rank. Approximate patient rank assumes n=4500; Fig. 5 itself does not print n.
L,1.6/20 mg C1D1/C1D8; 20 mg Day 1 subsequent cycles,0.7360,3312,-97.1487,% change from baseline,Digitized from the visible waterfall contour in Fig. 5. X-axis is normalized patient rank. Approximate patient rank assumes n=4500; Fig. 5 itself does not print n.
L,1.6/20 mg C1D1/C1D8; 20 mg Day 1 subsequent cycles,0.7380,3321,-97.1487,% change from baseline,Digitized from the visible waterfall contour in Fig. 5. X-axis is normalized patient rank. Approximate patient rank assumes n=4500; Fig. 5 itself does not print n.
L,1.6/20 mg C1D1/C1D8; 20 mg Day 1 subsequent cycles,0.7400,3330,-97.1487,% change from baseline,Digitized from the visible waterfall contour in Fig. 5. X-axis is normalized patient rank. Approximate patient rank assumes n=4500; Fig. 5 itself does not print n.
L,1.6/20 mg C1D1/C1D8; 20 mg Day 1 subsequent cycles,0.7420,3339,-97.1487,% change from baseline,Digitized from the visible waterfall contour in Fig. 5. X-axis is normalized patient rank. Approximate patient rank assumes n=4500; Fig. 5 itself does not print n.
L,1.6/20 mg C1D1/C1D8; 20 mg Day 1 subsequent cycles,0.7440,3348,-97.1487,% change from baseline,Digitized from the visible waterfall contour in Fig. 5. X-axis is normalized patient rank. Approximate patient rank assumes n=4500; Fig. 5 itself does not print n.
L,1.6/20 mg C1D1/C1D8; 20 mg Day 1 subsequent cycles,0.7460,3357,-97.1487,% change from baseline,Digitized from the visible waterfall contour in Fig. 5. X-axis is normalized patient rank. Approximate patient rank assumes n=4500; Fig. 5 itself does not print n.
L,1.6/20 mg C1D1/C1D8; 20 mg Day 1 subsequent cycles,0.7480,3366,-97.1487,% change from baseline,Digitized from the visible waterfall contour in Fig. 5. X-axis is normalized patient rank. Approximate patient rank assumes n=4500; Fig. 5 itself does not print n.
L,1.6/20 mg C1D1/C1D8; 20 mg Day 1 subsequent cycles,0.7500,3375,-97.1487,% change from baseline,Digitized from the visible waterfall contour in Fig. 5. X-axis is normalized patient rank. Approximate patient rank assumes n=4500; Fig. 5 itself does not print n.
L,1.6/20 mg C1D1/C1D8; 20 mg Day 1 subsequent cycles,0.7520,3384,-97.1487,% change from baseline,Digitized from the visible waterfall contour in Fig. 5. X-axis is normalized patient rank. Approximate patient rank assumes n=4500; Fig. 5 itself does not print n.
L,1.6/20 mg C1D1/C1D8; 20 mg Day 1 subsequent cycles,0.7540,3393,-97.1487,% change from baseline,Digitized from the visible waterfall contour in Fig. 5. X-axis is normalized patient rank. Approximate patient rank assumes n=4500; Fig. 5 itself does not print n.
L,1.6/20 mg C1D1/C1D8; 20 mg Day 1 subsequent cycles,0.7560,3402,-97.1487,% change from baseline,Digitized from the visible waterfall contour in Fig. 5. X-axis is normalized patient rank. Approximate patient rank assumes n=4500; Fig. 5 itself does not print n.
L,1.6/20 mg C1D1/C1D8; 20 mg Day 1 subsequent cycles,0.7580,3411,-97.1487,% change from baseline,Digitized from the visible waterfall contour in Fig. 5. X-axis is normalized patient rank. Approximate patient rank assumes n=4500; Fig. 5 itself does not print n.
L,1.6/20 mg C1D1/C1D8; 20 mg Day 1 subsequent cycles,0.7600,3420,-97.1487,% change from baseline,Digitized from the visible waterfall contour in Fig. 5. X-axis is normalized patient rank. Approximate patient rank assumes n=4500; Fig. 5 itself does not print n.
L,1.6/20 mg C1D1/C1D8; 20 mg Day 1 subsequent cycles,0.7620,3429,-97.1487,% change from baseline,Digitized from the visible waterfall contour in Fig. 5. X-axis is normalized patient rank. Approximate patient rank assumes n=4500; Fig. 5 itself does not print n.
L,1.6/20 mg C1D1/C1D8; 20 mg Day 1 subsequent cycles,0.7640,3438,-97.1487,% change from baseline,Digitized from the visible waterfall contour in Fig. 5. X-axis is normalized patient rank. Approximate patient rank assumes n=4500; Fig. 5 itself does not print n.
L,1.6/20 mg C1D1/C1D8; 20 mg Day 1 subsequent cycles,0.7660,3447,-97.1487,% change from baseline,Digitized from the visible waterfall contour in Fig. 5. X-axis is normalized patient rank. Approximate patient rank assumes n=4500; Fig. 5 itself does not print n.
L,1.6/20 mg C1D1/C1D8; 20 mg Day 1 subsequent cycles,0.7680,3456,-97.1487,% change from baseline,Digitized from the visible waterfall contour in Fig. 5. X-axis is normalized patient rank. Approximate patient rank assumes n=4500; Fig. 5 itself does not print n.
L,1.6/20 mg C1D1/C1D8; 20 mg Day 1 subsequent cycles,0.7700,3465,-97.1487,% change from baseline,Digitized from the visible waterfall contour in Fig. 5. X-axis is normalized patient rank. Approximate patient rank assumes n=4500; Fig. 5 itself does not print n.
L,1.6/20 mg C1D1/C1D8; 20 mg Day 1 subsequent cycles,0.7720,3474,-97.1487,% change from baseline,Digitized from the visible waterfall contour in Fig. 5. X-axis is normalized patient rank. Approximate patient rank assumes n=4500; Fig. 5 itself does not print n.
L,1.6/20 mg C1D1/C1D8; 20 mg Day 1 subsequent cycles,0.7740,3483,-97.1487,% change from baseline,Digitized from the visible waterfall contour in Fig. 5. X-axis is normalized patient rank. Approximate patient rank assumes n=4500; Fig. 5 itself does not print n.
L,1.6/20 mg C1D1/C1D8; 20 mg Day 1 subsequent cycles,0.7760,3492,-97.1487,% change from baseline,Digitized from the visible waterfall contour in Fig. 5. X-axis is normalized patient rank. Approximate patient rank assumes n=4500; Fig. 5 itself does not print n.
L,1.6/20 mg C1D1/C1D8; 20 mg Day 1 subsequent cycles,0.7780,3501,-97.1487,% change from baseline,Digitized from the visible waterfall contour in Fig. 5. X-axis is normalized patient rank. Approximate patient rank assumes n=4500; Fig. 5 itself does not print n.
L,1.6/20 mg C1D1/C1D8; 20 mg Day 1 subsequent cycles,0.7800,3510,-97.1487,% change from baseline,Digitized from the visible waterfall contour in Fig. 5. X-axis is normalized patient rank. Approximate patient rank assumes n=4500; Fig. 5 itself does not print n.
L,1.6/20 mg C1D1/C1D8; 20 mg Day 1 subsequent cycles,0.7820,3519,-97.1487,% change from baseline,Digitized from the visible waterfall contour in Fig. 5. X-axis is normalized patient rank. Approximate patient rank assumes n=4500; Fig. 5 itself does not print n.
L,1.6/20 mg C1D1/C1D8; 20 mg Day 1 subsequent cycles,0.7840,3528,-97.1487,% change from baseline,Digitized from the visible waterfall contour in Fig. 5. X-axis is normalized patient rank. Approximate patient rank assumes n=4500; Fig. 5 itself does not print n.
L,1.6/20 mg C1D1/C1D8; 20 mg Day 1 subsequent cycles,0.7860,3537,-97.1487,% change from baseline,Digitized from the visible waterfall contour in Fig. 5. X-axis is normalized patient rank. Approximate patient rank assumes n=4500; Fig. 5 itself does not print n.
L,1.6/20 mg C1D1/C1D8; 20 mg Day 1 subsequent cycles,0.7880,3546,-97.1487,% change from baseline,Digitized from the visible waterfall contour in Fig. 5. X-axis is normalized patient rank. Approximate patient rank assumes n=4500; Fig. 5 itself does not print n.
L,1.6/20 mg C1D1/C1D8; 20 mg Day 1 subsequent cycles,0.7900,3555,-97.1487,% change from baseline,Digitized from the visible waterfall contour in Fig. 5. X-axis is normalized patient rank. Approximate patient rank assumes n=4500; Fig. 5 itself does not print n.
L,1.6/20 mg C1D1/C1D8; 20 mg Day 1 subsequent cycles,0.7920,3564,-97.1487,% change from baseline,Digitized from the visible waterfall contour in Fig. 5. X-axis is normalized patient rank. Approximate patient rank assumes n=4500; Fig. 5 itself does not print n.
L,1.6/20 mg C1D1/C1D8; 20 mg Day 1 subsequent cycles,0.7940,3573,-97.1487,% change from baseline,Digitized from the visible waterfall contour in Fig. 5. X-axis is normalized patient rank. Approximate patient rank assumes n=4500; Fig. 5 itself does not print n.
L,1.6/20 mg C1D1/C1D8; 20 mg Day 1 subsequent cycles,0.7960,3582,-97.1487,% change from baseline,Digitized from the visible waterfall contour in Fig. 5. X-axis is normalized patient rank. Approximate patient rank assumes n=4500; Fig. 5 itself does not print n.
L,1.6/20 mg C1D1/C1D8; 20 mg Day 1 subsequent cycles,0.7980,3591,-97.1487,% change from baseline,Digitized from the visible waterfall contour in Fig. 5. X-axis is normalized patient rank. Approximate patient rank assumes n=4500; Fig. 5 itself does not print n.
L,1.6/20 mg C1D1/C1D8; 20 mg Day 1 subsequent cycles,0.8000,3600,-97.1487,% change from baseline,Digitized from the visible waterfall contour in Fig. 5. X-axis is normalized patient rank. Approximate patient rank assumes n=4500; Fig. 5 itself does not print n.
L,1.6/20 mg C1D1/C1D8; 20 mg Day 1 subsequent cycles,0.8020,3609,-97.1487,% change from baseline,Digitized from the visible waterfall contour in Fig. 5. X-axis is normalized patient rank. Approximate patient rank assumes n=4500; Fig. 5 itself does not print n.
L,1.6/20 mg C1D1/C1D8; 20 mg Day 1 subsequent cycles,0.8040,3618,-97.1487,% change from baseline,Digitized from the visible waterfall contour in Fig. 5. X-axis is normalized patient rank. Approximate patient rank assumes n=4500; Fig. 5 itself does not print n.
L,1.6/20 mg C1D1/C1D8; 20 mg Day 1 subsequent cycles,0.8060,3627,-97.1487,% change from baseline,Digitized from the visible waterfall contour in Fig. 5. X-axis is normalized patient rank. Approximate patient rank assumes n=4500; Fig. 5 itself does not print n.
L,1.6/20 mg C1D1/C1D8; 20 mg Day 1 subsequent cycles,0.8080,3636,-97.1487,% change from baseline,Digitized from the visible waterfall contour in Fig. 5. X-axis is normalized patient rank. Approximate patient rank assumes n=4500; Fig. 5 itself does not print n.
L,1.6/20 mg C1D1/C1D8; 20 mg Day 1 subsequent cycles,0.8100,3645,-97.1487,% change from baseline,Digitized from the visible waterfall contour in Fig. 5. X-axis is normalized patient rank. Approximate patient rank assumes n=4500; Fig. 5 itself does not print n.
L,1.6/20 mg C1D1/C1D8; 20 mg Day 1 subsequent cycles,0.8120,3654,-97.1487,% change from baseline,Digitized from the visible waterfall contour in Fig. 5. X-axis is normalized patient rank. Approximate patient rank assumes n=4500; Fig. 5 itself does not print n.
L,1.6/20 mg C1D1/C1D8; 20 mg Day 1 subsequent cycles,0.8140,3663,-97.1487,% change from baseline,Digitized from the visible waterfall contour in Fig. 5. X-axis is normalized patient rank. Approximate patient rank assumes n=4500; Fig. 5 itself does not print n.
L,1.6/20 mg C1D1/C1D8; 20 mg Day 1 subsequent cycles,0.8160,3672,-97.1487,% change from baseline,Digitized from the visible waterfall contour in Fig. 5. X-axis is normalized patient rank. Approximate patient rank assumes n=4500; Fig. 5 itself does not print n.
L,1.6/20 mg C1D1/C1D8; 20 mg Day 1 subsequent cycles,0.8180,3681,-97.1487,% change from baseline,Digitized from the visible waterfall contour in Fig. 5. X-axis is normalized patient rank. Approximate patient rank assumes n=4500; Fig. 5 itself does not print n.
L,1.6/20 mg C1D1/C1D8; 20 mg Day 1 subsequent cycles,0.8200,3690,-97.1487,% change from baseline,Digitized from the visible waterfall contour in Fig. 5. X-axis is normalized patient rank. Approximate patient rank assumes n=4500; Fig. 5 itself does not print n.
L,1.6/20 mg C1D1/C1D8; 20 mg Day 1 subsequent cycles,0.8220,3699,-97.1487,% change from baseline,Digitized from the visible waterfall contour in Fig. 5. X-axis is normalized patient rank. Approximate patient rank assumes n=4500; Fig. 5 itself does not print n.
L,1.6/20 mg C1D1/C1D8; 20 mg Day 1 subsequent cycles,0.8240,3708,-97.1487,% change from baseline,Digitized from the visible waterfall contour in Fig. 5. X-axis is normalized patient rank. Approximate patient rank assumes n=4500; Fig. 5 itself does not print n.
L,1.6/20 mg C1D1/C1D8; 20 mg Day 1 subsequent cycles,0.8260,3717,-97.1487,% change from baseline,Digitized from the visible waterfall contour in Fig. 5. X-axis is normalized patient rank. Approximate patient rank assumes n=4500; Fig. 5 itself does not print n.
L,1.6/20 mg C1D1/C1D8; 20 mg Day 1 subsequent cycles,0.8280,3726,-97.1487,% change from baseline,Digitized from the visible waterfall contour in Fig. 5. X-axis is normalized patient rank. Approximate patient rank assumes n=4500; Fig. 5 itself does not print n.
L,1.6/20 mg C1D1/C1D8; 20 mg Day 1 subsequent cycles,0.8300,3735,-97.1487,% change from baseline,Digitized from the visible waterfall contour in Fig. 5. X-axis is normalized patient rank. Approximate patient rank assumes n=4500; Fig. 5 itself does not print n.
L,1.6/20 mg C1D1/C1D8; 20 mg Day 1 subsequent cycles,0.8320,3744,-97.1487,% change from baseline,Digitized from the visible waterfall contour in Fig. 5. X-axis is normalized patient rank. Approximate patient rank assumes n=4500; Fig. 5 itself does not print n.
L,1.6/20 mg C1D1/C1D8; 20 mg Day 1 subsequent cycles,0.8340,3753,-97.1487,% change from baseline,Digitized from the visible waterfall contour in Fig. 5. X-axis is normalized patient rank. Approximate patient rank assumes n=4500; Fig. 5 itself does not print n.
L,1.6/20 mg C1D1/C1D8; 20 mg Day 1 subsequent cycles,0.8360,3762,-97.1487,% change from baseline,Digitized from the visible waterfall contour in Fig. 5. X-axis is normalized patient rank. Approximate patient rank assumes n=4500; Fig. 5 itself does not print n.
L,1.6/20 mg C1D1/C1D8; 20 mg Day 1 subsequent cycles,0.8380,3771,-97.1487,% change from baseline,Digitized from the visible waterfall contour in Fig. 5. X-axis is normalized patient rank. Approximate patient rank assumes n=4500; Fig. 5 itself does not print n.
L,1.6/20 mg C1D1/C1D8; 20 mg Day 1 subsequent cycles,0.8400,3780,-97.1487,% change from baseline,Digitized from the visible waterfall contour in Fig. 5. X-axis is normalized patient rank. Approximate patient rank assumes n=4500; Fig. 5 itself does not print n.
L,1.6/20 mg C1D1/C1D8; 20 mg Day 1 subsequent cycles,0.8420,3789,-97.1487,% change from baseline,Digitized from the visible waterfall contour in Fig. 5. X-axis is normalized patient rank. Approximate patient rank assumes n=4500; Fig. 5 itself does not print n.
L,1.6/20 mg C1D1/C1D8; 20 mg Day 1 subsequent cycles,0.8440,3798,-97.1487,% change from baseline,Digitized from the visible waterfall contour in Fig. 5. X-axis is normalized patient rank. Approximate patient rank assumes n=4500; Fig. 5 itself does not print n.
L,1.6/20 mg C1D1/C1D8; 20 mg Day 1 subsequent cycles,0.8460,3807,-97.1487,% change from baseline,Digitized from the visible waterfall contour in Fig. 5. X-axis is normalized patient rank. Approximate patient rank assumes n=4500; Fig. 5 itself does not print n.
L,1.6/20 mg C1D1/C1D8; 20 mg Day 1 subsequent cycles,0.8480,3816,-97.1487,% change from baseline,Digitized from the visible waterfall contour in Fig. 5. X-axis is normalized patient rank. Approximate patient rank assumes n=4500; Fig. 5 itself does not print n.
L,1.6/20 mg C1D1/C1D8; 20 mg Day 1 subsequent cycles,0.8500,3825,-97.1487,% change from baseline,Digitized from the visible waterfall contour in Fig. 5. X-axis is normalized patient rank. Approximate patient rank assumes n=4500; Fig. 5 itself does not print n.
L,1.6/20 mg C1D1/C1D8; 20 mg Day 1 subsequent cycles,0.8520,3834,-97.1487,% change from baseline,Digitized from the visible waterfall contour in Fig. 5. X-axis is normalized patient rank. Approximate patient rank assumes n=4500; Fig. 5 itself does not print n.
L,1.6/20 mg C1D1/C1D8; 20 mg Day 1 subsequent cycles,0.8540,3843,-97.1487,% change from baseline,Digitized from the visible waterfall contour in Fig. 5. X-axis is normalized patient rank. Approximate patient rank assumes n=4500; Fig. 5 itself does not print n.
L,1.6/20 mg C1D1/C1D8; 20 mg Day 1 subsequent cycles,0.8560,3852,-97.1487,% change from baseline,Digitized from the visible waterfall contour in Fig. 5. X-axis is normalized patient rank. Approximate patient rank assumes n=4500; Fig. 5 itself does not print n.
L,1.6/20 mg C1D1/C1D8; 20 mg Day 1 subsequent cycles,0.8580,3861,-97.1487,% change from baseline,Digitized from the visible waterfall contour in Fig. 5. X-axis is normalized patient rank. Approximate patient rank assumes n=4500; Fig. 5 itself does not print n.
L,1.6/20 mg C1D1/C1D8; 20 mg Day 1 subsequent cycles,0.8600,3870,-97.1487,% change from baseline,Digitized from the visible waterfall contour in Fig. 5. X-axis is normalized patient rank. Approximate patient rank assumes n=4500; Fig. 5 itself does not print n.
L,1.6/20 mg C1D1/C1D8; 20 mg Day 1 subsequent cycles,0.8620,3879,-97.1487,% change from baseline,Digitized from the visible waterfall contour in Fig. 5. X-axis is normalized patient rank. Approximate patient rank assumes n=4500; Fig. 5 itself does not print n.
L,1.6/20 mg C1D1/C1D8; 20 mg Day 1 subsequent cycles,0.8640,3888,-97.1487,% change from baseline,Digitized from the visible waterfall contour in Fig. 5. X-axis is normalized patient rank. Approximate patient rank assumes n=4500; Fig. 5 itself does not print n.
L,1.6/20 mg C1D1/C1D8; 20 mg Day 1 subsequent cycles,0.8660,3897,-97.1487,% change from baseline,Digitized from the visible waterfall contour in Fig. 5. X-axis is normalized patient rank. Approximate patient rank assumes n=4500; Fig. 5 itself does not print n.
L,1.6/20 mg C1D1/C1D8; 20 mg Day 1 subsequent cycles,0.8680,3906,-97.1487,% change from baseline,Digitized from the visible waterfall contour in Fig. 5. X-axis is normalized patient rank. Approximate patient rank assumes n=4500; Fig. 5 itself does not print n.
L,1.6/20 mg C1D1/C1D8; 20 mg Day 1 subsequent cycles,0.8700,3915,-97.1487,% change from baseline,Digitized from the visible waterfall contour in Fig. 5. X-axis is normalized patient rank. Approximate patient rank assumes n=4500; Fig. 5 itself does not print n.
L,1.6/20 mg C1D1/C1D8; 20 mg Day 1 subsequent cycles,0.8720,3924,-97.1487,% change from baseline,Digitized from the visible waterfall contour in Fig. 5. X-axis is normalized patient rank. Approximate patient rank assumes n=4500; Fig. 5 itself does not print n.
L,1.6/20 mg C1D1/C1D8; 20 mg Day 1 subsequent cycles,0.8740,3933,-97.1487,% change from baseline,Digitized from the visible waterfall contour in Fig. 5. X-axis is normalized patient rank. Approximate patient rank assumes n=4500; Fig. 5 itself does not print n.
L,1.6/20 mg C1D1/C1D8; 20 mg Day 1 subsequent cycles,0.8760,3942,-97.1487,% change from baseline,Digitized from the visible waterfall contour in Fig. 5. X-axis is normalized patient rank. Approximate patient rank assumes n=4500; Fig. 5 itself does not print n.
L,1.6/20 mg C1D1/C1D8; 20 mg Day 1 subsequent cycles,0.8780,3951,-97.1487,% change from baseline,Digitized from the visible waterfall contour in Fig. 5. X-axis is normalized patient rank. Approximate patient rank assumes n=4500; Fig. 5 itself does not print n.
L,1.6/20 mg C1D1/C1D8; 20 mg Day 1 subsequent cycles,0.8800,3960,-97.1487,% change from baseline,Digitized from the visible waterfall contour in Fig. 5. X-axis is normalized patient rank. Approximate patient rank assumes n=4500; Fig. 5 itself does not print n.
L,1.6/20 mg C1D1/C1D8; 20 mg Day 1 subsequent cycles,0.8820,3969,-97.1487,% change from baseline,Digitized from the visible waterfall contour in Fig. 5. X-axis is normalized patient rank. Approximate patient rank assumes n=4500; Fig. 5 itself does not print n.
L,1.6/20 mg C1D1/C1D8; 20 mg Day 1 subsequent cycles,0.8840,3978,-97.1487,% change from baseline,Digitized from the visible waterfall contour in Fig. 5. X-axis is normalized patient rank. Approximate patient rank assumes n=4500; Fig. 5 itself does not print n.
L,1.6/20 mg C1D1/C1D8; 20 mg Day 1 subsequent cycles,0.8860,3987,-97.1487,% change from baseline,Digitized from the visible waterfall contour in Fig. 5. X-axis is normalized patient rank. Approximate patient rank assumes n=4500; Fig. 5 itself does not print n.
L,1.6/20 mg C1D1/C1D8; 20 mg Day 1 subsequent cycles,0.8880,3996,-97.1487,% change from baseline,Digitized from the visible waterfall contour in Fig. 5. X-axis is normalized patient rank. Approximate patient rank assumes n=4500; Fig. 5 itself does not print n.
L,1.6/20 mg C1D1/C1D8; 20 mg Day 1 subsequent cycles,0.8900,4005,-97.1487,% change from baseline,Digitized from the visible waterfall contour in Fig. 5. X-axis is normalized patient rank. Approximate patient rank assumes n=4500; Fig. 5 itself does not print n.
L,1.6/20 mg C1D1/C1D8; 20 mg Day 1 subsequent cycles,0.8920,4014,-97.1487,% change from baseline,Digitized from the visible waterfall contour in Fig. 5. X-axis is normalized patient rank. Approximate patient rank assumes n=4500; Fig. 5 itself does not print n.
L,1.6/20 mg C1D1/C1D8; 20 mg Day 1 subsequent cycles,0.8940,4023,-97.1487,% change from baseline,Digitized from the visible waterfall contour in Fig. 5. X-axis is normalized patient rank. Approximate patient rank assumes n=4500; Fig. 5 itself does not print n.
L,1.6/20 mg C1D1/C1D8; 20 mg Day 1 subsequent cycles,0.8960,4032,-97.1487,% change from baseline,Digitized from the visible waterfall contour in Fig. 5. X-axis is normalized patient rank. Approximate patient rank assumes n=4500; Fig. 5 itself does not print n.
L,1.6/20 mg C1D1/C1D8; 20 mg Day 1 subsequent cycles,0.8980,4041,-97.1487,% change from baseline,Digitized from the visible waterfall contour in Fig. 5. X-axis is normalized patient rank. Approximate patient rank assumes n=4500; Fig. 5 itself does not print n.
L,1.6/20 mg C1D1/C1D8; 20 mg Day 1 subsequent cycles,0.9000,4050,-97.1487,% change from baseline,Digitized from the visible waterfall contour in Fig. 5. X-axis is normalized patient rank. Approximate patient rank assumes n=4500; Fig. 5 itself does not print n.
L,1.6/20 mg C1D1/C1D8; 20 mg Day 1 subsequent cycles,0.9020,4059,-97.1487,% change from baseline,Digitized from the visible waterfall contour in Fig. 5. X-axis is normalized patient rank. Approximate patient rank assumes n=4500; Fig. 5 itself does not print n.
L,1.6/20 mg C1D1/C1D8; 20 mg Day 1 subsequent cycles,0.9040,4068,-97.1487,% change from baseline,Digitized from the visible waterfall contour in Fig. 5. X-axis is normalized patient rank. Approximate patient rank assumes n=4500; Fig. 5 itself does not print n.
L,1.6/20 mg C1D1/C1D8; 20 mg Day 1 subsequent cycles,0.9060,4077,-97.1487,% change from baseline,Digitized from the visible waterfall contour in Fig. 5. X-axis is normalized patient rank. Approximate patient rank assumes n=4500; Fig. 5 itself does not print n.
L,1.6/20 mg C1D1/C1D8; 20 mg Day 1 subsequent cycles,0.9080,4086,-97.1487,% change from baseline,Digitized from the visible waterfall contour in Fig. 5. X-axis is normalized patient rank. Approximate patient rank assumes n=4500; Fig. 5 itself does not print n.
L,1.6/20 mg C1D1/C1D8; 20 mg Day 1 subsequent cycles,0.9100,4095,-97.1487,% change from baseline,Digitized from the visible waterfall contour in Fig. 5. X-axis is normalized patient rank. Approximate patient rank assumes n=4500; Fig. 5 itself does not print n.
L,1.6/20 mg C1D1/C1D8; 20 mg Day 1 subsequent cycles,0.9120,4104,-97.1487,% change from baseline,Digitized from the visible waterfall contour in Fig. 5. X-axis is normalized patient rank. Approximate patient rank assumes n=4500; Fig. 5 itself does not print n.
L,1.6/20 mg C1D1/C1D8; 20 mg Day 1 subsequent cycles,0.9140,4113,-97.1487,% change from baseline,Digitized from the visible waterfall contour in Fig. 5. X-axis is normalized patient rank. Approximate patient rank assumes n=4500; Fig. 5 itself does not print n.
L,1.6/20 mg C1D1/C1D8; 20 mg Day 1 subsequent cycles,0.9160,4122,-97.1487,% change from baseline,Digitized from the visible waterfall contour in Fig. 5. X-axis is normalized patient rank. Approximate patient rank assumes n=4500; Fig. 5 itself does not print n.
L,1.6/20 mg C1D1/C1D8; 20 mg Day 1 subsequent cycles,0.9180,4131,-97.1487,% change from baseline,Digitized from the visible waterfall contour in Fig. 5. X-axis is normalized patient rank. Approximate patient rank assumes n=4500; Fig. 5 itself does not print n.
L,1.6/20 mg C1D1/C1D8; 20 mg Day 1 subsequent cycles,0.9200,4140,-97.1487,% change from baseline,Digitized from the visible waterfall contour in Fig. 5. X-axis is normalized patient rank. Approximate patient rank assumes n=4500; Fig. 5 itself does not print n.
L,1.6/20 mg C1D1/C1D8; 20 mg Day 1 subsequent cycles,0.9220,4149,-97.1487,% change from baseline,Digitized from the visible waterfall contour in Fig. 5. X-axis is normalized patient rank. Approximate patient rank assumes n=4500; Fig. 5 itself does not print n.
L,1.6/20 mg C1D1/C1D8; 20 mg Day 1 subsequent cycles,0.9240,4158,-97.1487,% change from baseline,Digitized from the visible waterfall contour in Fig. 5. X-axis is normalized patient rank. Approximate patient rank assumes n=4500; Fig. 5 itself does not print n.
L,1.6/20 mg C1D1/C1D8; 20 mg Day 1 subsequent cycles,0.9260,4167,-97.1487,% change from baseline,Digitized from the visible waterfall contour in Fig. 5. X-axis is normalized patient rank. Approximate patient rank assumes n=4500; Fig. 5 itself does not print n.
L,1.6/20 mg C1D1/C1D8; 20 mg Day 1 subsequent cycles,0.9280,4176,-97.1487,% change from baseline,Digitized from the visible waterfall contour in Fig. 5. X-axis is normalized patient rank. Approximate patient rank assumes n=4500; Fig. 5 itself does not print n.
L,1.6/20 mg C1D1/C1D8; 20 mg Day 1 subsequent cycles,0.9300,4185,-97.1487,% change from baseline,Digitized from the visible waterfall contour in Fig. 5. X-axis is normalized patient rank. Approximate patient rank assumes n=4500; Fig. 5 itself does not print n.
L,1.6/20 mg C1D1/C1D8; 20 mg Day 1 subsequent cycles,0.9320,4194,-97.1487,% change from baseline,Digitized from the visible waterfall contour in Fig. 5. X-axis is normalized patient rank. Approximate patient rank assumes n=4500; Fig. 5 itself does not print n.
L,1.6/20 mg C1D1/C1D8; 20 mg Day 1 subsequent cycles,0.9340,4203,-97.1487,% change from baseline,Digitized from the visible waterfall contour in Fig. 5. X-axis is normalized patient rank. Approximate patient rank assumes n=4500; Fig. 5 itself does not print n.
L,1.6/20 mg C1D1/C1D8; 20 mg Day 1 subsequent cycles,0.9360,4212,-97.1487,% change from baseline,Digitized from the visible waterfall contour in Fig. 5. X-axis is normalized patient rank. Approximate patient rank assumes n=4500; Fig. 5 itself does not print n.
L,1.6/20 mg C1D1/C1D8; 20 mg Day 1 subsequent cycles,0.9380,4221,-97.1487,% change from baseline,Digitized from the visible waterfall contour in Fig. 5. X-axis is normalized patient rank. Approximate patient rank assumes n=4500; Fig. 5 itself does not print n.
L,1.6/20 mg C1D1/C1D8; 20 mg Day 1 subsequent cycles,0.9400,4230,-97.1487,% change from baseline,Digitized from the visible waterfall contour in Fig. 5. X-axis is normalized patient rank. Approximate patient rank assumes n=4500; Fig. 5 itself does not print n.
L,1.6/20 mg C1D1/C1D8; 20 mg Day 1 subsequent cycles,0.9420,4239,-97.1487,% change from baseline,Digitized from the visible waterfall contour in Fig. 5. X-axis is normalized patient rank. Approximate patient rank assumes n=4500; Fig. 5 itself does not print n.
L,1.6/20 mg C1D1/C1D8; 20 mg Day 1 subsequent cycles,0.9440,4248,-97.1487,% change from baseline,Digitized from the visible waterfall contour in Fig. 5. X-axis is normalized patient rank. Approximate patient rank assumes n=4500; Fig. 5 itself does not print n.
L,1.6/20 mg C1D1/C1D8; 20 mg Day 1 subsequent cycles,0.9460,4257,-97.1487,% change from baseline,Digitized from the visible waterfall contour in Fig. 5. X-axis is normalized patient rank. Approximate patient rank assumes n=4500; Fig. 5 itself does not print n.
L,1.6/20 mg C1D1/C1D8; 20 mg Day 1 subsequent cycles,0.9480,4266,-97.1487,% change from baseline,Digitized from the visible waterfall contour in Fig. 5. X-axis is normalized patient rank. Approximate patient rank assumes n=4500; Fig. 5 itself does not print n.
L,1.6/20 mg C1D1/C1D8; 20 mg Day 1 subsequent cycles,0.9500,4275,-97.1487,% change from baseline,Digitized from the visible waterfall contour in Fig. 5. X-axis is normalized patient rank. Approximate patient rank assumes n=4500; Fig. 5 itself does not print n.
L,1.6/20 mg C1D1/C1D8; 20 mg Day 1 subsequent cycles,0.9520,4284,-97.1487,% change from baseline,Digitized from the visible waterfall contour in Fig. 5. X-axis is normalized patient rank. Approximate patient rank assumes n=4500; Fig. 5 itself does not print n.
L,1.6/20 mg C1D1/C1D8; 20 mg Day 1 subsequent cycles,0.9540,4293,-97.1487,% change from baseline,Digitized from the visible waterfall contour in Fig. 5. X-axis is normalized patient rank. Approximate patient rank assumes n=4500; Fig. 5 itself does not print n.
L,1.6/20 mg C1D1/C1D8; 20 mg Day 1 subsequent cycles,0.9560,4302,-97.1487,% change from baseline,Digitized from the visible waterfall contour in Fig. 5. X-axis is normalized patient rank. Approximate patient rank assumes n=4500; Fig. 5 itself does not print n.
L,1.6/20 mg C1D1/C1D8; 20 mg Day 1 subsequent cycles,0.9580,4311,-97.1487,% change from baseline,Digitized from the visible waterfall contour in Fig. 5. X-axis is normalized patient rank. Approximate patient rank assumes n=4500; Fig. 5 itself does not print n.
L,1.6/20 mg C1D1/C1D8; 20 mg Day 1 subsequent cycles,0.9600,4320,-97.1487,% change from baseline,Digitized from the visible waterfall contour in Fig. 5. X-axis is normalized patient rank. Approximate patient rank assumes n=4500; Fig. 5 itself does not print n.
L,1.6/20 mg C1D1/C1D8; 20 mg Day 1 subsequent cycles,0.9620,4329,-97.1487,% change from baseline,Digitized from the visible waterfall contour in Fig. 5. X-axis is normalized patient rank. Approximate patient rank assumes n=4500; Fig. 5 itself does not print n.
L,1.6/20 mg C1D1/C1D8; 20 mg Day 1 subsequent cycles,0.9640,4338,-97.1487,% change from baseline,Digitized from the visible waterfall contour in Fig. 5. X-axis is normalized patient rank. Approximate patient rank assumes n=4500; Fig. 5 itself does not print n.
L,1.6/20 mg C1D1/C1D8; 20 mg Day 1 subsequent cycles,0.9660,4347,-97.1487,% change from baseline,Digitized from the visible waterfall contour in Fig. 5. X-axis is normalized patient rank. Approximate patient rank assumes n=4500; Fig. 5 itself does not print n.
L,1.6/20 mg C1D1/C1D8; 20 mg Day 1 subsequent cycles,0.9680,4356,-97.1487,% change from baseline,Digitized from the visible waterfall contour in Fig. 5. X-axis is normalized patient rank. Approximate patient rank assumes n=4500; Fig. 5 itself does not print n.
L,1.6/20 mg C1D1/C1D8; 20 mg Day 1 subsequent cycles,0.9700,4365,-97.1487,% change from baseline,Digitized from the visible waterfall contour in Fig. 5. X-axis is normalized patient rank. Approximate patient rank assumes n=4500; Fig. 5 itself does not print n.
L,1.6/20 mg C1D1/C1D8; 20 mg Day 1 subsequent cycles,0.9720,4374,-97.1487,% change from baseline,Digitized from the visible waterfall contour in Fig. 5. X-axis is normalized patient rank. Approximate patient rank assumes n=4500; Fig. 5 itself does not print n.
L,1.6/20 mg C1D1/C1D8; 20 mg Day 1 subsequent cycles,0.9740,4383,-97.1487,% change from baseline,Digitized from the visible waterfall contour in Fig. 5. X-axis is normalized patient rank. Approximate patient rank assumes n=4500; Fig. 5 itself does not print n.
L,1.6/20 mg C1D1/C1D8; 20 mg Day 1 subsequent cycles,0.9760,4392,-97.1487,% change from baseline,Digitized from the visible waterfall contour in Fig. 5. X-axis is normalized patient rank. Approximate patient rank assumes n=4500; Fig. 5 itself does not print n.
L,1.6/20 mg C1D1/C1D8; 20 mg Day 1 subsequent cycles,0.9780,4401,-97.1487,% change from baseline,Digitized from the visible waterfall contour in Fig. 5. X-axis is normalized patient rank. Approximate patient rank assumes n=4500; Fig. 5 itself does not print n.
L,1.6/20 mg C1D1/C1D8; 20 mg Day 1 subsequent cycles,0.9800,4410,-97.1487,% change from baseline,Digitized from the visible waterfall contour in Fig. 5. X-axis is normalized patient rank. Approximate patient rank assumes n=4500; Fig. 5 itself does not print n.
L,1.6/20 mg C1D1/C1D8; 20 mg Day 1 subsequent cycles,0.9820,4419,-97.1487,% change from baseline,Digitized from the visible waterfall contour in Fig. 5. X-axis is normalized patient rank. Approximate patient rank assumes n=4500; Fig. 5 itself does not print n.
L,1.6/20 mg C1D1/C1D8; 20 mg Day 1 subsequent cycles,0.9840,4428,-97.1487,% change from baseline,Digitized from the visible waterfall contour in Fig. 5. X-axis is normalized patient rank. Approximate patient rank assumes n=4500; Fig. 5 itself does not print n.
L,1.6/20 mg C1D1/C1D8; 20 mg Day 1 subsequent cycles,0.9860,4437,-97.1487,% change from baseline,Digitized from the visible waterfall contour in Fig. 5. X-axis is normalized patient rank. Approximate patient rank assumes n=4500; Fig. 5 itself does not print n.
L,1.6/20 mg C1D1/C1D8; 20 mg Day 1 subsequent cycles,0.9880,4446,-97.1487,% change from baseline,Digitized from the visible waterfall contour in Fig. 5. X-axis is normalized patient rank. Approximate patient rank assumes n=4500; Fig. 5 itself does not print n.
L,1.6/20 mg C1D1/C1D8; 20 mg Day 1 subsequent cycles,0.9900,4455,-97.1487,% change from baseline,Digitized from the visible waterfall contour in Fig. 5. X-axis is normalized patient rank. Approximate patient rank assumes n=4500; Fig. 5 itself does not print n.
L,1.6/20 mg C1D1/C1D8; 20 mg Day 1 subsequent cycles,0.9920,4464,-97.1487,% change from baseline,Digitized from the visible waterfall contour in Fig. 5. X-axis is normalized patient rank. Approximate patient rank assumes n=4500; Fig. 5 itself does not print n.
L,1.6/20 mg C1D1/C1D8; 20 mg Day 1 subsequent cycles,0.9940,4473,-97.1487,% change from baseline,Digitized from the visible waterfall contour in Fig. 5. X-axis is normalized patient rank. Approximate patient rank assumes n=4500; Fig. 5 itself does not print n.
L,1.6/20 mg C1D1/C1D8; 20 mg Day 1 subsequent cycles,0.9960,4482,-97.1487,% change from baseline,Digitized from the visible waterfall contour in Fig. 5. X-axis is normalized patient rank. Approximate patient rank assumes n=4500; Fig. 5 itself does not print n.
L,1.6/20 mg C1D1/C1D8; 20 mg Day 1 subsequent cycles,0.9980,4491,-97.1487,% change from baseline,Digitized from the visible waterfall contour in Fig. 5. X-axis is normalized patient rank. Approximate patient rank assumes n=4500; Fig. 5 itself does not print n.
L,1.6/20 mg C1D1/C1D8; 20 mg Day 1 subsequent cycles,1.0000,4500,-97.1487,% change from baseline,Digitized from the visible waterfall contour in Fig. 5. X-axis is normalized patient rank. Approximate patient rank assumes n=4500; Fig. 5 itself does not print n.
